Model,DPO2014B
Firmware Version,1.52

Point Format,Y,,,,,,,
Horizontal Units,S,,,,,,,
Horizontal Scale,0.04,,,,,,,
Sample Interval,7.68049e-05,,,,,,,
Filter Frequency,1e+08,,,,,,,
Record Length,5208,,,,,,,
Gating,0.0% to 100.0%,,0.0% to 100.0%,,0.0% to 100.0%,,0.0% to 100.0%,
Probe Attenuation,100,,50,,10,,10,
Vertical Units,V,,V,,A,,A,
Vertical Offset,0,,0,,0,,0,
Vertical Scale,50,,50,,20,,10,
Label,,,,,,,,
TIME,CH1,CH1 Peak Detect,CH2,CH2 Peak Detect,CH3,CH3 Peak Detect,CH4,CH4 Peak Detect
-2.0000e-01,-4,-6,71,69,2.4,1.6,1.8,1.4
-1.9992e-01,-4,2,71,75,2.4,4,1.8,2.2
-1.9985e-01,-4,-6,75,71,3.2,1.6,1.8,1.4
-1.9977e-01,-2,2,75,79,3.2,4,1.8,2.2
-1.9969e-01,-2,-6,77,75,3.2,1.6,2.2,1.4
-1.9962e-01,-4,2,77,81,3.2,4,2.2,2.6
-1.9954e-01,-2,-6,81,77,3.2,1.6,2.2,1.8
-1.9946e-01,-2,2,81,83,3.2,4,2.2,2.6
-1.9939e-01,-2,-6,81,79,3.2,2.4,2.2,1.8
-1.9931e-01,-2,2,83,85,3.2,4,2.6,3
-1.9923e-01,-2,-6,85,81,3.2,2.4,2.6,1.8
-1.9916e-01,-4,2,85,87,3.2,4,2.2,3
-1.9908e-01,-2,-6,85,83,3.2,2.4,2.6,2.2
-1.9900e-01,-2,2,85,89,3.2,4,2.6,3
-1.9892e-01,-4,-6,85,85,3.2,2.4,2.6,2.2
-1.9885e-01,-4,-1.3411e-07,87,91,4,4,2.6,3
-1.9877e-01,-4,-6,89,87,4,2.4,2.6,2.2
-1.9869e-01,-2,2,89,93,3.2,4.8,3,3.4
-1.9862e-01,-1.3411e-07,-6,91,87,3.2,2.4,3,2.6
-1.9854e-01,-4,2,91,93,4,4.8,3,3.4
-1.9846e-01,-2,-6,91,89,4,2.4,2.6,2.6
-1.9839e-01,-2,2,93,95,3.2,4.8,3,3.4
-1.9831e-01,-2,-6,93,91,4,2.4,3,2.6
-1.9823e-01,-4,2,93,95,4,4.8,3,3.4
-1.9816e-01,-2,-6,93,91,4,3.2,3,2.6
-1.9808e-01,-1.3411e-07,2,93,97,4,4.8,3.4,3.8
-1.9800e-01,-2,-6,95,93,4,2.4,3,2.6
-1.9793e-01,-4,2,95,97,4,4.8,3,3.8
-1.9785e-01,-2,-6,95,93,4,2.4,3,2.6
-1.9777e-01,-4,2,95,97,4,4.8,3.4,3.8
-1.9770e-01,-2,-6,95,93,4,2.4,3.4,3
-1.9762e-01,-2,2,95,97,4,4.8,3.4,3.8
-1.9754e-01,-2,-6,95,91,4,2.4,3.4,3
-1.9747e-01,-2,2,95,97,4,4.8,3.4,3.8
-1.9739e-01,-2,-6,93,91,4,3.2,3.4,3
-1.9731e-01,-2,2,93,97,4,4.8,3.4,4.2
-1.9724e-01,-2,-6,93,89,4,3.2,3.4,3
-1.9716e-01,-2,2,91,95,4,4.8,3.4,4.2
-1.9708e-01,-2,-6,91,87,4,2.4,3.4,3
-1.9700e-01,-2,2,91,93,4,4.8,3.4,4.2
-1.9693e-01,-1.3411e-07,-6,89,87,4,3.2,3.4,3
-1.9685e-01,-2,2,89,93,4,4.8,3.4,4.2
-1.9677e-01,-2,-6,89,85,4,2.4,3.4,3
-1.9670e-01,-2,2,87,91,4,4.8,3.4,4.2
-1.9662e-01,-1.3411e-07,-6,87,83,4,3.2,3.4,3
-1.9654e-01,-2,2,85,89,4,4.8,3.4,4.2
-1.9647e-01,-2,-6,85,79,4,3.2,3.4,3
-1.9639e-01,-2,2,83,87,4,4.8,3.4,4.2
-1.9631e-01,-4,-6,83,79,4,3.2,3.8,3
-1.9624e-01,-2,2,81,85,4,4.8,3.4,4.2
-1.9616e-01,-2,-6,81,77,4,3.2,3.4,3
-1.9608e-01,-2,2,81,83,4,4.8,3.4,4.2
-1.9601e-01,-4,-6,77,75,4,3.2,3.4,3
-1.9593e-01,-2,2,77,81,4,4.8,3.4,4.2
-1.9585e-01,-4,-6,77,73,4,3.2,3.4,3
-1.9578e-01,-2,2,77,79,4,4.8,3.4,4.2
-1.9570e-01,-4,-6,73,71,4,3.2,3.8,3
-1.9562e-01,-2,2,73,77,4,4.8,3.4,4.2
-1.9555e-01,-2,-6,73,67,4.8,2.4,3.4,3
-1.9547e-01,-2,2,71,75,4,4.8,3.4,3.8
-1.9539e-01,-2,-6,71,65,4,2.4,3.4,3
-1.9531e-01,-2,2,67,71,4,4.8,3.4,4.2
-1.9524e-01,-2,-6,67,63,4,2.4,3.4,3
-1.9516e-01,-2,2,65,69,4,4.8,3.4,3.8
-1.9508e-01,-4,-6,65,59,4,2.4,3,3
-1.9501e-01,-2,2,63,67,4,4.8,3.4,3.8
-1.9493e-01,-4,-6,61,55,4,2.4,3,2.6
-1.9485e-01,-2,2,57,63,3.2,4.8,3,3.8
-1.9478e-01,-4,-6,57,51,4,2.4,3.4,2.6
-1.9470e-01,-4,2,55,59,4,4,3.4,3.8
-1.9462e-01,-2,-6,53,47,3.2,2.4,3.4,2.6
-1.9455e-01,-4,2,51,57,4,4,3,3.8
-1.9447e-01,-2,-6,49,43,3.2,1.6,3,2.6
-1.9439e-01,-4,2,47,51,3.2,4,3,3.4
-1.9432e-01,-4,-6,45,39,3.2,2.4,3,2.2
-1.9424e-01,-4,2,43,47,3.2,4,3,3.4
-1.9416e-01,-4,-6,39,33,3.2,1.6,3,2.2
-1.9409e-01,-2,2,37,43,2.4,4,2.6,3.4
-1.9401e-01,-6,-6,35,29,2.4,1.6,2.6,2.2
-1.9393e-01,-2,2,31,37,2.4,4,2.6,3
-1.9386e-01,-2,-6,29,23,3.2,1.6,2.6,1.8
-1.9378e-01,-2,2,27,33,2.4,4,2.6,3
-1.9370e-01,-4,-6,25,19,2.4,1.6,2.6,1.8
-1.9363e-01,-2,2,23,27,2.4,3.2,2.6,3
-1.9355e-01,-2,-6,19,13,2.4,1.6,2.2,1.8
-1.9347e-01,-2,2,17,23,2.4,3.2,2.2,2.6
-1.9339e-01,-2,-6,15,9,2.4,0.8,2.2,1.4
-1.9332e-01,-2,2,13,17,2.4,3.2,1.8,2.6
-1.9324e-01,-4,-6,11,5,2.4,0.8,1.8,1.4
-1.9316e-01,-4,2,9,13,2.4,3.2,1.8,2.6
-1.9309e-01,-2,-6,5,1,1.6,0.8,1.8,1.4
-1.9301e-01,-4,2,3,9,2.4,3.2,1.8,2.2
-1.9293e-01,-2,-6,3,-3,2.4,0.8,1.8,1
-1.9286e-01,-2,2,-1,5,1.6,3.2,1.8,2.2
-1.9278e-01,-4,-6,-3,-7,1.6,0.8,1.4,1
-1.9270e-01,-4,2,-3,1,1.6,2.4,1.4,2.2
-1.9263e-01,-4,-8,-7,-11,1.6,0.8,1.4,1
-1.9255e-01,-4,2,-7,-3,1.6,2.4,1.4,1.8
-1.9247e-01,-4,-6,-9,-15,1.6,-7.15256e-08,1.4,0.6
-1.9240e-01,-4,2,-11,-7,1.6,2.4,1,1.8
-1.9232e-01,-2,-6,-13,-19,1.6,-7.15256e-08,1.4,0.6
-1.9224e-01,-2,2,-15,-11,1.6,2.4,1,1.4
-1.9217e-01,-4,-6,-17,-23,1.6,-7.15256e-08,1,0.2
-1.9209e-01,-2,2,-19,-15,1.6,2.4,1,1.4
-1.9201e-01,-2,-6,-19,-27,1.6,-7.15256e-08,0.6,0.2
-1.9194e-01,-2,2,-23,-19,1.6,1.6,1,1.4
-1.9186e-01,-4,-6,-25,-31,0.8,-7.15256e-08,1,0.2
-1.9178e-01,-2,2,-27,-23,0.8,1.6,0.6,1
-1.9171e-01,-2,-6,-29,-35,0.8,-0.8,0.6,-0.2
-1.9163e-01,-2,2,-31,-27,0.8,1.6,0.2,1
-1.9155e-01,-2,-6,-33,-39,-7.15256e-08,-0.8,0.2,-0.2
-1.9147e-01,-2,2,-35,-31,0.8,1.6,0.2,0.6
-1.9140e-01,-2,-6,-37,-43,-7.15256e-08,-0.8,0.2,-0.6
-1.9132e-01,-2,2,-39,-35,-7.15256e-08,1.6,0.2,0.6
-1.9124e-01,-2,-6,-41,-49,-7.15256e-08,-0.8,-0.2,-0.6
-1.9117e-01,-4,2,-45,-39,0.8,1.6,-0.2,0.2
-1.9109e-01,-2,-6,-47,-53,-7.15256e-08,-0.8,-0.2,-1
-1.9101e-01,-1.3411e-07,2,-49,-45,-7.15256e-08,0.8,-0.6,0.2
-1.9094e-01,-2,-6,-51,-57,-7.15256e-08,-1.6,-0.2,-1
-1.9086e-01,-2,2,-53,-49,-7.15256e-08,0.8,-0.2,0.2
-1.9078e-01,-2,-6,-55,-61,-7.15256e-08,-1.6,-0.6,-1
-1.9071e-01,-2,2,-57,-53,-0.8,0.8,-0.6,-0.2
-1.9063e-01,-2,-6,-59,-65,-7.15256e-08,-1.6,-1,-1.4
-1.9055e-01,-2,2,-61,-57,-0.8,0.8,-0.6,-0.2
-1.9048e-01,-2,-6,-63,-69,-0.8,-1.6,-1,-1.8
-1.9040e-01,-2,2,-65,-61,-0.8,-7.15256e-08,-1,-0.6
-1.9032e-01,-2,-6,-67,-73,-0.8,-2.4,-1,-1.8
-1.9025e-01,-1.3411e-07,2,-69,-65,-0.8,-7.15256e-08,-1.4,-0.6
-1.9017e-01,-4,-6,-69,-77,-0.8,-2.4,-1,-1.8
-1.9009e-01,-2,2,-73,-69,-0.8,-7.15256e-08,-1.4,-1
-1.9002e-01,-4,-6,-75,-79,-0.8,-2.4,-1.4,-2.2
-1.8994e-01,-2,-1.3411e-07,-77,-73,-1.6,-7.15256e-08,-1.8,-1
-1.8986e-01,-2,-6,-77,-81,-0.8,-2.4,-1.4,-2.2
-1.8978e-01,-2,2,-79,-75,-0.8,-7.15256e-08,-1.8,-1
-1.8971e-01,-4,-6,-79,-85,-1.6,-2.4,-1.8,-2.6
-1.8963e-01,-2,2,-81,-77,-1.6,-7.15256e-08,-1.8,-1.4
-1.8955e-01,-2,-6,-83,-87,-0.8,-2.4,-1.8,-2.6
-1.8948e-01,-4,2,-83,-81,-1.6,-0.8,-1.8,-1.4
-1.8940e-01,-4,-6,-85,-89,-1.6,-2.4,-2.2,-2.6
-1.8932e-01,-4,2,-85,-83,-1.6,-0.8,-2.2,-1.8
-1.8925e-01,-2,-6,-87,-91,-1.6,-2.4,-2.2,-2.6
-1.8917e-01,-4,2,-87,-85,-1.6,-0.8,-2.2,-1.8
-1.8909e-01,-4,-6,-89,-93,-1.6,-3.2,-2.2,-3
-1.8902e-01,-2,-1.3411e-07,-89,-87,-1.6,-0.8,-2.2,-1.8
-1.8894e-01,-2,-6,-89,-93,-2.4,-3.2,-2.6,-3
-1.8886e-01,-2,2,-91,-87,-1.6,-0.8,-2.2,-1.8
-1.8879e-01,-4,-6,-93,-95,-1.6,-3.2,-2.6,-3
-1.8871e-01,-2,2,-93,-89,-1.6,-0.8,-2.6,-2.2
-1.8863e-01,-2,-6,-93,-97,-1.6,-3.2,-2.6,-3.4
-1.8856e-01,-2,2,-95,-91,-2.4,-0.8,-3,-2.2
-1.8848e-01,-2,-6,-93,-97,-2.4,-3.2,-2.6,-3.4
-1.8840e-01,-4,2,-95,-91,-2.4,-1.6,-2.6,-2.2
-1.8833e-01,-2,-6,-97,-99,-1.6,-3.2,-2.6,-3.4
-1.8825e-01,-2,2,-97,-93,-2.4,-1.6,-3,-2.6
-1.8817e-01,-2,-6,-97,-99,-2.4,-3.2,-3,-3.4
-1.8810e-01,-2,2,-97,-95,-2.4,-1.6,-3,-2.6
-1.8802e-01,-4,-6,-97,-101,-2.4,-3.2,-3,-3.8
-1.8794e-01,-4,2,-97,-95,-1.6,-1.6,-3,-2.6
-1.8786e-01,-2,-6,-99,-101,-2.4,-3.2,-3.4,-3.8
-1.8779e-01,-2,2,-99,-95,-2.4,-1.6,-3,-2.6
-1.8771e-01,-2,-6,-97,-101,-2.4,-3.2,-3.4,-3.8
-1.8763e-01,-4,2,-97,-95,-2.4,-1.6,-3,-2.6
-1.8756e-01,-2,-6,-99,-101,-2.4,-3.2,-3.4,-3.8
-1.8748e-01,-4,2,-99,-95,-2.4,-1.6,-3.4,-3
-1.8740e-01,-2,-6,-97,-99,-2.4,-3.2,-3.4,-3.8
-1.8733e-01,-2,2,-97,-93,-2.4,-1.6,-3.8,-3
-1.8725e-01,-4,-6,-95,-97,-1.6,-3.2,-3,-3.8
-1.8717e-01,-4,2,-95,-93,-2.4,-1.6,-3.4,-3
-1.8710e-01,-2,-6,-95,-97,-2.4,-3.2,-3.4,-3.8
-1.8702e-01,-2,2,-95,-91,-2.4,-0.8,-3.4,-3
-1.8694e-01,-2,-6,-93,-95,-2.4,-3.2,-3.4,-3.8
-1.8687e-01,-2,2,-93,-89,-2.4,-1.6,-3.4,-3
-1.8679e-01,-2,-6,-91,-93,-2.4,-3.2,-3.4,-3.8
-1.8671e-01,-4,2,-91,-87,-2.4,-1.6,-3.4,-3
-1.8664e-01,-4,-6,-89,-91,-2.4,-3.2,-3.4,-3.8
-1.8656e-01,-4,2,-89,-85,-2.4,-1.6,-3.8,-3
-1.8648e-01,-2,-6,-87,-89,-2.4,-3.2,-3.8,-3.8
-1.8641e-01,-4,2,-87,-83,-1.6,-1.6,-3.4,-3
-1.8633e-01,-2,-6,-87,-89,-2.4,-3.2,-3.4,-3.8
-1.8625e-01,-2,2,-85,-83,-2.4,-1.6,-3.4,-3
-1.8618e-01,-2,-6,-85,-87,-2.4,-3.2,-3.4,-3.8
-1.8610e-01,-2,2,-83,-79,-2.4,-1.6,-3.4,-3
-1.8602e-01,-4,-6,-83,-85,-2.4,-3.2,-3.4,-3.8
-1.8594e-01,-4,2,-81,-79,-2.4,-1.6,-3.4,-3
-1.8587e-01,-4,-6,-81,-83,-2.4,-3.2,-3.4,-3.8
-1.8579e-01,-4,2,-79,-77,-2.4,-1.6,-3,-3
-1.8571e-01,-2,-6,-79,-81,-2.4,-3.2,-3.4,-3.8
-1.8564e-01,-2,2,-77,-73,-2.4,-1.6,-3.4,-3
-1.8556e-01,-1.3411e-07,-6,-77,-77,-2.4,-3.2,-3.4,-3.8
-1.8548e-01,-2,2,-75,-71,-2.4,-0.8,-3.4,-3
-1.8541e-01,-2,-8,-73,-75,-2.4,-3.2,-3.4,-3.8
-1.8533e-01,-2,2,-73,-69,-2.4,-1.6,-3.4,-2.6
-1.8525e-01,-2,-6,-71,-73,-2.4,-3.2,-3.4,-3.8
-1.8518e-01,-2,2,-69,-67,-2.4,-1.6,-3.4,-2.6
-1.8510e-01,-2,-6,-67,-71,-2.4,-3.2,-3,-3.8
-1.8502e-01,-2,2,-67,-63,-2.4,-0.8,-3,-2.6
-1.8495e-01,-2,-6,-65,-67,-2.4,-3.2,-3,-3.8
-1.8487e-01,-2,2,-63,-59,-2.4,-0.8,-3.4,-2.6
-1.8479e-01,-2,-6,-63,-63,-1.6,-3.2,-3.4,-3.8
-1.8472e-01,-4,2,-61,-55,-1.6,-0.8,-3.4,-2.6
-1.8464e-01,-2,-8,-57,-59,-1.6,-3.2,-3,-3.4
-1.8456e-01,-2,2,-55,-51,-1.6,-0.8,-3,-2.6
-1.8449e-01,-4,-6,-53,-55,-1.6,-2.4,-3,-3.4
-1.8441e-01,-2,2,-51,-47,-1.6,-0.8,-2.6,-2.6
-1.8433e-01,-2,-6,-49,-51,-1.6,-2.4,-3,-3.4
-1.8425e-01,-2,2,-47,-41,-0.8,-7.15256e-08,-2.6,-2.2
-1.8418e-01,-2,-6,-43,-47,-0.8,-2.4,-3,-3
-1.8410e-01,-4,2,-43,-37,-1.6,-0.8,-2.6,-2.2
-1.8402e-01,-2,-6,-39,-41,-1.6,-2.4,-2.6,-3
-1.8395e-01,-2,2,-37,-31,-0.8,-7.15256e-08,-2.6,-2.2
-1.8387e-01,-2,-6,-33,-37,-0.8,-2.4,-2.6,-3
-1.8379e-01,-2,2,-33,-27,-0.8,-7.15256e-08,-2.2,-1.8
-1.8372e-01,-6,-6,-29,-31,-0.8,-2.4,-2.2,-2.6
-1.8364e-01,-2,2,-27,-21,-1.6,-7.15256e-08,-2.2,-1.8
-1.8356e-01,-4,-6,-23,-25,-0.8,-1.6,-2.2,-2.6
-1.8349e-01,-2,2,-21,-17,-0.8,-7.15256e-08,-1.8,-1.4
-1.8341e-01,-2,-6,-19,-21,-0.8,-1.6,-1.8,-2.6
-1.8333e-01,-4,2,-17,-13,-0.8,-7.15256e-08,-1.8,-1.4
-1.8326e-01,-2,-6,-13,-17,-0.8,-2.4,-1.8,-2.2
-1.8318e-01,-6,2,-11,-7,-0.8,-7.15256e-08,-1.4,-1.4
-1.8310e-01,-4,-6,-11,-11,-0.8,-1.6,-1.4,-2.2
-1.8303e-01,-2,2,-7,-3,-7.15256e-08,0.8,-1.4,-1
-1.8295e-01,-2,-6,-5,-7,-7.15256e-08,-1.6,-1.4,-1.8
-1.8287e-01,-2,2,-3,1,-7.15256e-08,0.8,-1.4,-1
-1.8280e-01,-4,-6,-1,-3,-7.15256e-08,-1.6,-1.4,-1.8
-1.8272e-01,-2,2,1,5,-7.15256e-08,0.8,-1.4,-0.6
-1.8264e-01,-2,-6,1,1,-7.15256e-08,-1.6,-1.4,-1.8
-1.8257e-01,-4,2,5,9,-7.15256e-08,0.8,-1,-0.6
-1.8249e-01,-4,-6,5,3,-7.15256e-08,-0.8,-1,-1.8
-1.8241e-01,-2,2,7,11,-7.15256e-08,0.8,-1,-0.6
-1.8233e-01,-2,-6,9,7,-7.15256e-08,-0.8,-1,-1.4
-1.8226e-01,-2,2,11,15,-7.15256e-08,1.6,-0.6,-0.2
-1.8218e-01,-4,-6,13,11,-7.15256e-08,-0.8,-1,-1.4
-1.8210e-01,-2,2,15,19,0.8,1.6,-0.6,-0.2
-1.8203e-01,-2,-6,17,15,-7.15256e-08,-0.8,-0.2,-1
-1.8195e-01,-4,-1.3411e-07,19,23,0.8,1.6,-0.6,-0.2
-1.8187e-01,-2,-6,21,19,0.8,-0.8,-0.6,-1
-1.8180e-01,-4,2,23,27,0.8,1.6,-0.6,0.2
-1.8172e-01,-2,-6,25,23,0.8,-7.15256e-08,-0.6,-1
-1.8164e-01,-2,2,25,31,0.8,1.6,-0.2,0.2
-1.8157e-01,-4,-6,29,27,0.8,-7.15256e-08,-0.2,-0.6
-1.8149e-01,-4,2,33,35,0.8,2.4,-0.2,0.6
-1.8141e-01,-2,-6,33,31,1.6,-7.15256e-08,0.2,-0.6
-1.8134e-01,-4,2,35,39,1.6,2.4,0.2,0.6
-1.8126e-01,-2,-6,39,35,0.8,-7.15256e-08,0.2,-0.2
-1.8118e-01,-2,2,41,45,0.8,2.4,0.2,0.6
-1.8111e-01,-2,-6,43,41,0.8,-7.15256e-08,0.2,-0.2
-1.8103e-01,-4,2,45,49,1.6,2.4,0.6,1
-1.8095e-01,-2,-6,47,45,2.4,0.8,0.6,0.2
-1.8088e-01,-4,2,49,53,1.6,2.4,1,1.4
-1.8080e-01,-2,-6,51,49,1.6,0.8,0.6,0.2
-1.8072e-01,-2,-1.3411e-07,53,57,2.4,3.2,1,1.4
-1.8065e-01,-4,-6,55,53,1.6,0.8,1,0.6
-1.8057e-01,-4,2,57,61,2.4,3.2,1,1.4
-1.8049e-01,-2,-6,61,57,2.4,0.8,1,0.6
-1.8041e-01,-4,2,63,65,2.4,3.2,1,1.8
-1.8034e-01,-2,-6,63,61,2.4,1.6,1.4,1
-1.8026e-01,-2,2,65,69,2.4,3.2,1.4,1.8
-1.8018e-01,-2,-6,67,65,2.4,1.6,1.4,1
-1.8011e-01,-2,2,69,73,2.4,4,1.4,2.2
-1.8003e-01,-2,-6,71,69,2.4,1.6,1.4,1
-1.7995e-01,-4,2,71,75,2.4,4,1.8,2.2
-1.7988e-01,-4,-6,73,71,2.4,1.6,1.8,1.4
-1.7980e-01,-2,2,75,79,3.2,4,1.8,2.2
-1.7972e-01,-2,-6,75,73,2.4,1.6,1.8,1.4
-1.7965e-01,-2,2,79,81,2.4,4,2.2,2.6
-1.7957e-01,-4,-6,79,77,3.2,1.6,2.2,1.8
-1.7949e-01,-2,2,79,83,2.4,4,2.2,2.6
-1.7942e-01,-4,-6,81,79,3.2,1.6,2.2,1.8
-1.7934e-01,-4,2,83,85,3.2,4,2.2,2.6
-1.7926e-01,-4,-6,83,81,3.2,2.4,2.2,1.8
-1.7919e-01,-1.3411e-07,2,85,87,3.2,4,2.6,3
-1.7911e-01,-4,-6,85,83,3.2,2.4,2.2,2.2
-1.7903e-01,-2,2,85,89,4,4,2.6,3
-1.7896e-01,-4,-6,87,85,3.2,2.4,2.6,2.2
-1.7888e-01,-4,2,87,91,4,4,2.6,3
-1.7880e-01,-6,-6,89,87,4,2.4,2.6,2.2
-1.7873e-01,-2,2,89,91,4,4.8,2.6,3.4
-1.7865e-01,-2,-6,89,87,4,2.4,3,2.2
-1.7857e-01,-2,2,89,93,4,4.8,3,3.4
-1.7849e-01,-4,-6,89,89,4,2.4,3,2.6
-1.7842e-01,-2,2,91,95,4,4.8,3,3.4
-1.7834e-01,-4,-6,91,91,3.2,2.4,3,2.6
-1.7826e-01,-2,2,93,95,4,4.8,3,3.4
-1.7819e-01,-2,-6,93,91,4,2.4,3,2.6
-1.7811e-01,-2,2,93,97,4,4.8,3.4,3.8
-1.7803e-01,-4,-6,95,91,4,2.4,3,2.6
-1.7796e-01,-2,2,95,97,4,4.8,3.4,3.8
-1.7788e-01,-4,-6,95,93,4,3.2,3.4,3
-1.7780e-01,-2,2,95,97,4,4.8,3.4,3.8
-1.7773e-01,-2,-6,93,91,4,3.2,3.4,3
-1.7765e-01,-4,2,95,97,4,4.8,3.4,3.8
-1.7757e-01,-2,-6,93,91,4,2.4,3.4,3
-1.7750e-01,-4,2,95,97,4,4.8,3.4,3.8
-1.7742e-01,-4,-6,95,91,4,2.4,3.4,3
-1.7734e-01,-4,2,95,97,4,4.8,3.4,4.2
-1.7727e-01,-2,-6,93,89,4,2.4,3.8,3
-1.7719e-01,-2,2,93,95,4,4.8,3.8,4.2
-1.7711e-01,-2,-6,93,87,4,3.2,3.8,3
-1.7704e-01,-2,2,89,95,4,4.8,3.4,4.2
-1.7696e-01,-2,-6,91,87,4,2.4,3.8,3
-1.7688e-01,-4,2,89,93,4.8,4.8,3.4,4.2
-1.7680e-01,-4,-6,87,85,4,3.2,3.4,3
-1.7673e-01,-2,2,87,91,4,4.8,3.8,4.2
-1.7665e-01,-2,-6,87,83,4,3.2,3.4,3
-1.7657e-01,-2,2,85,89,4,4.8,3.4,4.2
-1.7650e-01,-4,-6,85,81,4,3.2,3.4,3
-1.7642e-01,-4,2,83,87,4,4.8,3.4,4.2
-1.7634e-01,-2,-6,83,79,4,3.2,3.8,3
-1.7627e-01,-2,2,81,85,4.8,4.8,3.4,4.2
-1.7619e-01,-2,-6,81,77,4,3.2,3.4,3
-1.7611e-01,-4,2,81,83,4,4.8,3.4,4.2
-1.7604e-01,-4,-6,79,75,4,3.2,3.4,3
-1.7596e-01,-4,2,79,81,4,4.8,3.4,4.2
-1.7588e-01,-2,-6,77,73,4,2.4,3.8,3
-1.7581e-01,-2,2,75,79,4,4.8,3.4,4.2
-1.7573e-01,-2,-6,75,71,4,2.4,3.8,3
-1.7565e-01,-2,2,73,77,4,4.8,3.4,4.2
-1.7558e-01,-2,-6,73,67,4,2.4,3.4,3
-1.7550e-01,-2,2,71,75,4,4.8,3.4,4.2
-1.7542e-01,-2,-6,71,65,4,2.4,3.4,3
-1.7535e-01,-2,2,69,73,4,4.8,3.4,4.2
-1.7527e-01,-2,-8,69,63,4,2.4,3.4,3
-1.7519e-01,-4,2,65,71,4,4.8,3.4,3.8
-1.7512e-01,-4,-6,65,59,4,2.4,3.4,3
-1.7504e-01,-2,2,63,67,4,4.8,3.4,3.8
-1.7496e-01,-4,-6,61,55,4,2.4,3.4,3
-1.7488e-01,-2,2,61,63,4,4.8,3.4,3.8
-1.7481e-01,-2,-6,57,53,4,2.4,3,2.6
-1.7473e-01,-2,2,55,61,4,4.8,3,3.8
-1.7465e-01,-2,-6,53,49,3.2,2.4,3.4,2.6
-1.7458e-01,-1.3411e-07,2,51,57,4,4,3,3.8
-1.7450e-01,-4,-6,51,43,3.2,2.4,3,2.6
-1.7442e-01,-2,2,47,53,3.2,4,3,3.8
-1.7435e-01,-2,-6,45,39,3.2,1.6,3,2.2
-1.7427e-01,-4,2,43,47,3.2,4,3,3.4
-1.7419e-01,-4,-6,41,35,3.2,1.6,2.6,2.2
-1.7412e-01,-4,2,39,43,3.2,4,2.6,3.4
-1.7404e-01,-2,-6,35,29,2.4,1.6,2.6,2.2
-1.7396e-01,-2,2,33,39,2.4,4,3,3
-1.7389e-01,-2,-6,31,25,3.2,1.6,2.6,2.2
-1.7381e-01,-4,2,29,33,2.4,4,2.6,3
-1.7373e-01,-2,-6,27,19,2.4,1.6,2.6,1.8
-1.7366e-01,-2,2,23,29,2.4,4,2.2,3
-1.7358e-01,-4,-6,21,13,2.4,1.6,2.2,1.8
-1.7350e-01,-2,2,19,23,2.4,3.2,2.2,2.6
-1.7343e-01,-2,-6,15,9,2.4,0.8,2.2,1.4
-1.7335e-01,-2,2,15,19,2.4,3.2,1.8,2.6
-1.7327e-01,-2,-6,11,5,1.6,0.8,2.2,1.4
-1.7320e-01,-2,2,9,13,1.6,3.2,2.2,2.6
-1.7312e-01,-2,-6,7,1,2.4,0.8,1.8,1.4
-1.7304e-01,-2,2,5,9,2.4,3.2,1.4,2.2
-1.7296e-01,-4,-6,3,-3,2.4,0.8,1.8,1
-1.7289e-01,-2,2,1,5,1.6,3.2,1.8,2.2
-1.7281e-01,-2,-6,-1,-7,1.6,0.8,1.8,1
-1.7273e-01,-4,2,-5,1,1.6,2.4,1.4,2.2
-1.7266e-01,-2,-6,-5,-11,1.6,0.8,1.4,1
-1.7258e-01,-2,2,-7,-3,1.6,2.4,1.4,1.8
-1.7250e-01,-2,-6,-9,-13,1.6,0.8,1.4,0.6
-1.7243e-01,-4,2,-11,-7,1.6,2.4,1.4,1.8
-1.7235e-01,-2,-6,-13,-19,1.6,-7.15256e-08,1.4,0.6
-1.7227e-01,-2,2,-15,-11,1.6,2.4,1.4,1.4
-1.7220e-01,-2,-6,-17,-21,1.6,-7.15256e-08,1,0.6
-1.7212e-01,-2,2,-19,-13,0.8,2.4,1,1.4
-1.7204e-01,-2,-6,-21,-27,0.8,-7.15256e-08,1,0.2
-1.7197e-01,-4,2,-23,-19,0.8,2.4,0.6,1.4
-1.7189e-01,-2,-6,-25,-31,0.8,-7.15256e-08,1,0.2
-1.7181e-01,-2,2,-25,-21,0.8,1.6,0.6,1
-1.7174e-01,-2,-6,-27,-35,0.8,-0.8,0.6,-0.2
-1.7166e-01,-2,2,-31,-25,0.8,1.6,0.6,1
-1.7158e-01,-2,-6,-33,-39,0.8,-0.8,0.6,-0.2
-1.7151e-01,-4,2,-35,-31,0.8,1.6,0.2,1
-1.7143e-01,-4,-6,-37,-43,0.8,-0.8,0.2,-0.6
-1.7135e-01,-2,2,-39,-35,-7.15256e-08,1.6,0.2,0.6
-1.7127e-01,-4,-6,-41,-47,-7.15256e-08,-0.8,-0.2,-0.6
-1.7120e-01,-2,2,-43,-39,0.8,1.6,0.2,0.6
-1.7112e-01,-2,-6,-45,-53,-7.15256e-08,-0.8,-0.2,-1
-1.7104e-01,-2,2,-47,-43,-7.15256e-08,0.8,-0.2,0.2
-1.7097e-01,-2,-6,-51,-57,-7.15256e-08,-0.8,-0.2,-1
-1.7089e-01,-4,2,-53,-49,-7.15256e-08,0.8,-0.2,0.2
-1.7081e-01,-2,-6,-57,-61,-7.15256e-08,-1.6,-0.6,-1
-1.7074e-01,-2,2,-57,-53,-0.8,0.8,-0.6,-0.2
-1.7066e-01,-2,-6,-59,-65,-0.8,-1.6,-0.2,-1.4
-1.7058e-01,-2,2,-63,-57,-7.15256e-08,0.8,-0.6,-0.2
-1.7051e-01,-2,-6,-63,-69,-0.8,-1.6,-1,-1.4
-1.7043e-01,-1.3411e-07,2,-65,-61,-0.8,0.8,-0.6,-0.6
-1.7035e-01,-4,-6,-67,-73,-0.8,-2.4,-1,-1.8
-1.7028e-01,-4,2,-69,-65,-0.8,-7.15256e-08,-1.4,-0.6
-1.7020e-01,-4,-6,-71,-75,-0.8,-2.4,-1,-1.8
-1.7012e-01,-4,2,-73,-69,-0.8,-7.15256e-08,-1.4,-1
-1.7005e-01,-4,-6,-73,-79,-1.6,-2.4,-1.4,-2.2
-1.6997e-01,-2,2,-75,-71,-0.8,-7.15256e-08,-1.4,-1
-1.6989e-01,-2,-6,-77,-81,-0.8,-2.4,-1.8,-2.2
-1.6982e-01,-2,2,-79,-75,-0.8,-7.15256e-08,-1.8,-1
-1.6974e-01,-4,-6,-79,-85,-1.6,-2.4,-1.8,-2.2
-1.6966e-01,-2,2,-81,-77,-1.6,-7.15256e-08,-1.8,-1.4
-1.6959e-01,-2,-8,-81,-87,-1.6,-2.4,-2.2,-2.6
-1.6951e-01,-4,2,-83,-79,-0.8,-0.8,-1.8,-1.4
-1.6943e-01,-2,-6,-85,-89,-0.8,-2.4,-2.2,-2.6
-1.6935e-01,-4,2,-85,-81,-0.8,-0.8,-2.2,-1.4
-1.6928e-01,-2,-6,-87,-91,-1.6,-2.4,-2.2,-2.6
-1.6920e-01,-2,2,-89,-85,-1.6,-0.8,-2.2,-1.8
-1.6912e-01,-2,-6,-89,-91,-1.6,-3.2,-2.2,-3
-1.6905e-01,-2,2,-89,-85,-1.6,-0.8,-2.2,-1.8
-1.6897e-01,-2,-6,-91,-93,-1.6,-3.2,-2.2,-3
-1.6889e-01,-2,2,-93,-87,-1.6,-0.8,-2.6,-1.8
-1.6882e-01,-2,-6,-91,-95,-1.6,-3.2,-2.2,-3
-1.6874e-01,-2,2,-93,-89,-2.4,-0.8,-2.6,-2.2
-1.6866e-01,-2,-6,-93,-97,-1.6,-3.2,-2.6,-3
-1.6859e-01,-4,2,-95,-91,-2.4,-0.8,-2.6,-2.2
-1.6851e-01,-4,-6,-95,-97,-2.4,-3.2,-3,-3.4
-1.6843e-01,-2,2,-95,-91,-2.4,-0.8,-3,-2.2
-1.6836e-01,-2,-6,-95,-99,-2.4,-3.2,-3,-3.4
-1.6828e-01,-4,2,-95,-93,-2.4,-0.8,-3,-2.6
-1.6820e-01,-2,-6,-97,-99,-1.6,-3.2,-3,-3.4
-1.6813e-01,-4,2,-97,-93,-2.4,-1.6,-3,-2.6
-1.6805e-01,-4,-6,-99,-101,-2.4,-3.2,-3,-3.8
-1.6797e-01,-2,2,-97,-95,-1.6,-1.6,-3,-2.6
-1.6790e-01,-4,-6,-97,-101,-1.6,-3.2,-3,-3.8
-1.6782e-01,-2,2,-99,-95,-2.4,-1.6,-3.4,-2.6
-1.6774e-01,-1.3411e-07,-6,-99,-101,-2.4,-3.2,-3,-3.8
-1.6767e-01,-4,2,-99,-95,-2.4,-1.6,-3.4,-2.6
-1.6759e-01,-2,-6,-99,-99,-2.4,-3.2,-3.4,-3.8
-1.6751e-01,-4,2,-97,-95,-2.4,-1.6,-3.4,-3
-1.6743e-01,-4,-6,-97,-99,-2.4,-3.2,-3.4,-3.8
-1.6736e-01,-1.3411e-07,2,-97,-93,-2.4,-1.6,-3.4,-3
-1.6728e-01,-2,-6,-97,-99,-2.4,-3.2,-3.4,-3.8
-1.6720e-01,-2,2,-95,-93,-2.4,-1.6,-3.4,-3
-1.6713e-01,-2,-8,-95,-97,-2.4,-3.2,-3.4,-3.8
-1.6705e-01,-4,2,-95,-91,-2.4,-1.6,-3.4,-3
-1.6697e-01,-2,-6,-93,-95,-2.4,-3.2,-3,-3.8
-1.6690e-01,-4,2,-93,-89,-2.4,-1.6,-3.4,-3
-1.6682e-01,-4,-6,-93,-95,-1.6,-3.2,-3.4,-3.8
-1.6674e-01,-4,2,-91,-87,-2.4,-1.6,-3.4,-3
-1.6667e-01,-4,-6,-91,-93,-2.4,-4,-3.4,-3.8
-1.6659e-01,-4,2,-89,-85,-2.4,-1.6,-3.4,-3
-1.6651e-01,-1.3411e-07,-6,-87,-91,-2.4,-3.2,-3.4,-3.8
-1.6644e-01,-2,2,-87,-83,-2.4,-1.6,-3.4,-3
-1.6636e-01,-4,-6,-87,-89,-2.4,-3.2,-3.4,-3.8
-1.6628e-01,-4,2,-85,-81,-2.4,-1.6,-3.4,-3
-1.6621e-01,-4,-6,-83,-87,-2.4,-3.2,-3.4,-3.8
-1.6613e-01,-4,2,-83,-79,-2.4,-1.6,-3.4,-3
-1.6605e-01,-2,-6,-81,-85,-2.4,-3.2,-3.4,-3.8
-1.6598e-01,-2,2,-81,-79,-2.4,-1.6,-3.4,-3
-1.6590e-01,-2,-6,-81,-83,-2.4,-3.2,-3.4,-3.8
-1.6582e-01,-2,2,-79,-77,-2.4,-1.6,-3.4,-3
-1.6575e-01,-2,-8,-79,-81,-2.4,-3.2,-3.4,-3.8
-1.6567e-01,-4,2,-77,-75,-2.4,-1.6,-3.4,-3
-1.6559e-01,-4,-6,-77,-79,-2.4,-3.2,-3.4,-3.8
-1.6551e-01,-4,2,-75,-71,-2.4,-1.6,-3.4,-3
-1.6544e-01,-4,-6,-73,-75,-2.4,-3.2,-3.4,-3.8
-1.6536e-01,-2,2,-73,-69,-1.6,-1.6,-3,-3
-1.6528e-01,-2,-6,-71,-73,-2.4,-3.2,-3,-3.8
-1.6521e-01,-4,2,-71,-67,-1.6,-1.6,-3.4,-3
-1.6513e-01,-2,-6,-67,-71,-2.4,-3.2,-3.4,-3.8
-1.6505e-01,-4,2,-67,-63,-2.4,-0.8,-3.4,-2.6
-1.6498e-01,-1.3411e-07,-6,-65,-67,-1.6,-3.2,-3.4,-3.8
-1.6490e-01,-2,2,-63,-59,-2.4,-0.8,-3,-2.6
-1.6482e-01,-2,-6,-63,-65,-1.6,-3.2,-3,-3.4
-1.6475e-01,-2,2,-61,-55,-1.6,-0.8,-3,-2.6
-1.6467e-01,-4,-6,-59,-61,-1.6,-3.2,-3,-3.4
-1.6459e-01,-4,2,-57,-51,-1.6,-0.8,-3,-2.6
-1.6452e-01,-2,-6,-55,-55,-1.6,-2.4,-3,-3.4
-1.6444e-01,-2,2,-51,-47,-1.6,-0.8,-3,-2.2
-1.6436e-01,-2,-6,-51,-51,-1.6,-2.4,-2.6,-3.4
-1.6429e-01,-4,2,-47,-43,-1.6,-0.8,-3,-2.2
-1.6421e-01,-2,-6,-45,-47,-1.6,-2.4,-2.6,-3
-1.6413e-01,-2,2,-43,-37,-1.6,-7.15256e-08,-2.6,-2.2
-1.6406e-01,-2,-6,-39,-41,-1.6,-2.4,-2.6,-3
-1.6398e-01,-2,2,-39,-33,-0.8,-7.15256e-08,-2.6,-2.2
-1.6390e-01,-4,-6,-35,-37,-0.8,-2.4,-2.6,-3
-1.6382e-01,-4,2,-31,-27,-1.6,-7.15256e-08,-2.6,-1.8
-1.6375e-01,-2,-8,-29,-31,-0.8,-2.4,-2.2,-2.6
-1.6367e-01,-4,2,-27,-21,-0.8,-7.15256e-08,-2.2,-1.8
-1.6359e-01,-4,-6,-25,-27,-0.8,-1.6,-2.2,-2.6
-1.6352e-01,-4,2,-21,-17,-0.8,-7.15256e-08,-2.2,-1.4
-1.6344e-01,-4,-6,-19,-21,-0.8,-2.4,-1.8,-2.6
-1.6336e-01,-4,2,-19,-13,-0.8,-7.15256e-08,-1.8,-1.4
-1.6329e-01,-2,-6,-13,-17,-0.8,-1.6,-1.8,-2.2
-1.6321e-01,-2,2,-13,-9,-0.8,-7.15256e-08,-1.8,-1.4
-1.6313e-01,-2,-6,-11,-13,-0.8,-1.6,-1.8,-2.2
-1.6306e-01,-2,2,-7,-3,-7.15256e-08,0.8,-1.8,-1
-1.6298e-01,-2,-6,-5,-7,-7.15256e-08,-1.6,-1.4,-2.2
-1.6290e-01,-2,2,-5,-1,-0.8,0.8,-1.4,-1
-1.6283e-01,-4,-6,-3,-3,-7.15256e-08,-1.6,-1.4,-1.8
-1.6275e-01,-2,2,1,3,-7.15256e-08,0.8,-1.4,-0.6
-1.6267e-01,-2,-6,1,-1,-7.15256e-08,-1.6,-1,-1.8
-1.6260e-01,-4,2,3,7,-7.15256e-08,0.8,-1,-0.6
-1.6252e-01,-2,-6,5,3,-7.15256e-08,-0.8,-1,-1.8
-1.6244e-01,-2,2,7,11,-7.15256e-08,0.8,-1,-0.6
-1.6237e-01,-4,-6,9,7,-7.15256e-08,-0.8,-1,-1.4
-1.6229e-01,-4,2,11,15,-7.15256e-08,0.8,-1,-0.6
-1.6221e-01,-2,-6,11,11,-7.15256e-08,-0.8,-1,-1.4
-1.6214e-01,-4,2,15,19,-7.15256e-08,1.6,-1,-0.2
-1.6206e-01,-4,-6,17,15,-7.15256e-08,-0.8,-0.6,-1
-1.6198e-01,-2,2,19,23,-7.15256e-08,1.6,-0.6,-0.2
-1.6190e-01,-4,-6,21,19,-7.15256e-08,-0.8,-0.2,-1
-1.6183e-01,-4,2,23,27,0.8,1.6,-0.2,0.2
-1.6175e-01,-2,-6,25,23,0.8,-7.15256e-08,-0.2,-1
-1.6167e-01,-2,2,27,31,0.8,1.6,-0.2,0.2
-1.6160e-01,-2,-6,29,27,1.6,-7.15256e-08,-0.2,-0.6
-1.6152e-01,-2,2,31,35,0.8,2.4,-0.2,0.2
-1.6144e-01,-4,-6,33,31,0.8,-7.15256e-08,-0.2,-0.6
-1.6137e-01,-2,2,35,39,0.8,2.4,0.2,0.6
-1.6129e-01,-2,-6,37,35,1.6,-7.15256e-08,0.2,-0.2
-1.6121e-01,-4,2,39,43,1.6,2.4,0.2,0.6
-1.6114e-01,-4,-6,41,39,1.6,-7.15256e-08,0.2,-0.2
-1.6106e-01,-2,2,45,49,1.6,2.4,0.6,1
-1.6098e-01,-2,-6,47,45,2.4,0.8,0.6,0.2
-1.6091e-01,-2,2,49,53,1.6,2.4,0.6,1
-1.6083e-01,-4,-6,49,49,1.6,0.8,0.6,0.2
-1.6075e-01,-4,2,53,57,1.6,3.2,1,1.4
-1.6068e-01,-2,-6,55,53,2.4,0.8,1,0.6
-1.6060e-01,-4,2,57,61,2.4,3.2,1,1.4
-1.6052e-01,-2,-6,59,57,2.4,0.8,1,0.6
-1.6045e-01,-2,2,61,65,2.4,3.2,1,1.8
-1.6037e-01,-2,-6,63,61,2.4,1.6,1.4,1
-1.6029e-01,-4,2,65,69,2.4,3.2,1.4,1.8
-1.6022e-01,-2,-8,67,65,2.4,1.6,1.8,1
-1.6014e-01,-2,2,67,71,2.4,4,1.4,2.2
-1.6006e-01,-2,-6,69,67,2.4,1.6,1.8,1.4
-1.5998e-01,-2,2,71,75,2.4,4,1.8,2.2
-1.5991e-01,-1.3411e-07,-6,73,71,2.4,1.6,1.8,1.4
-1.5983e-01,-4,2,75,79,2.4,4,1.8,2.2
-1.5975e-01,-2,-6,77,73,2.4,1.6,1.8,1.4
-1.5968e-01,-4,2,77,81,2.4,4,1.8,2.6
-1.5960e-01,-4,-6,77,77,3.2,1.6,1.8,1.8
-1.5952e-01,-4,2,79,83,3.2,4,2.2,2.6
-1.5945e-01,-4,-6,81,79,3.2,1.6,2.6,1.8
-1.5937e-01,-2,2,83,85,3.2,4,2.2,2.6
-1.5929e-01,-4,-6,83,81,3.2,2.4,2.2,1.8
-1.5922e-01,-2,2,83,87,3.2,4,2.2,3
-1.5914e-01,-2,-6,85,83,2.4,2.4,2.6,2.2
-1.5906e-01,-4,2,85,89,3.2,4,2.6,3
-1.5899e-01,-4,-6,87,85,3.2,2.4,2.6,2.2
-1.5891e-01,-4,2,87,91,3.2,4,2.6,3.4
-1.5883e-01,-2,-6,89,85,3.2,2.4,2.6,2.2
-1.5876e-01,-2,2,89,91,3.2,4.8,2.6,3.4
-1.5868e-01,-2,-6,91,87,4,2.4,3,2.2
-1.5860e-01,-4,2,91,93,3.2,4.8,3,3.4
-1.5853e-01,-2,-6,91,89,4,2.4,3,2.6
-1.5845e-01,-4,2,93,95,4,4.8,3,3.4
-1.5837e-01,-2,-6,91,89,4,2.4,3,2.6
-1.5829e-01,-1.3411e-07,2,93,95,4,4.8,3,3.4
-1.5822e-01,-2,-6,93,91,3.2,2.4,3,2.6
-1.5814e-01,-2,2,93,97,4,4.8,3,3.8
-1.5806e-01,-2,-6,95,91,4,3.2,3,2.6
-1.5799e-01,-2,2,95,97,4,4.8,3.4,3.8
-1.5791e-01,-2,-6,95,93,4,3.2,3.4,3
-1.5783e-01,-2,2,95,97,4,4.8,3.4,3.8
-1.5776e-01,-4,-6,95,93,4,2.4,3.4,3
-1.5768e-01,-4,2,95,97,4,4.8,3.4,3.8
-1.5760e-01,-2,-6,95,91,4,3.2,3.4,3
-1.5753e-01,-2,2,93,97,4,4.8,3.4,3.8
-1.5745e-01,-2,-6,93,91,4,3.2,3.4,3
-1.5737e-01,-4,2,93,97,4,4.8,3.4,3.8
-1.5730e-01,-1.3411e-07,-6,93,89,3.2,3.2,3.4,3
-1.5722e-01,-2,2,91,95,4,4.8,3.4,4.2
-1.5714e-01,-4,-6,93,89,4,3.2,3.4,3
-1.5707e-01,-2,2,91,95,4,4.8,3.4,4.2
-1.5699e-01,-1.3411e-07,-6,91,87,4,3.2,3.8,3
-1.5691e-01,-2,2,89,93,4,4.8,3.4,4.2
-1.5684e-01,-2,-6,89,85,4.8,3.2,3.4,3
-1.5676e-01,-4,2,87,91,4,4.8,3.4,4.2
-1.5668e-01,-2,-6,87,83,4,3.2,3.4,3
-1.5661e-01,-2,2,85,89,4,4.8,3.4,4.2
-1.5653e-01,-2,-8,85,81,4,3.2,3.4,3
-1.5645e-01,-4,2,83,87,4,4.8,3.4,4.2
-1.5637e-01,-2,-6,83,79,4,3.2,3.8,3
-1.5630e-01,-4,2,81,85,4,4.8,3.4,4.2
-1.5622e-01,-1.3411e-07,-6,81,77,4,2.4,3.4,3
-1.5614e-01,-2,2,81,83,4,4.8,3.8,4.2
-1.5607e-01,-4,-6,79,75,4,3.2,3.4,3
-1.5599e-01,-2,2,79,81,4,4.8,3.4,4.2
-1.5591e-01,-2,-6,77,73,4,2.4,3.4,3
-1.5584e-01,-4,2,75,79,4,4.8,3.4,4.2
-1.5576e-01,-2,-6,75,71,4,2.4,3.4,3
-1.5568e-01,-2,2,73,77,4,4.8,3.4,4.2
-1.5561e-01,-4,-6,73,69,3.2,2.4,3.4,3
-1.5553e-01,-4,2,71,75,4,4.8,3.4,4.2
-1.5545e-01,-2,-6,71,65,4,2.4,3.4,3
-1.5538e-01,-4,2,69,73,4,4.8,3.4,3.8
-1.5530e-01,-2,-6,67,63,4,2.4,3,3
-1.5522e-01,-4,2,65,69,4,4.8,3.4,3.8
-1.5515e-01,-2,-6,65,59,4,2.4,3.4,3
-1.5507e-01,-2,2,63,67,3.2,4.8,3.4,3.8
-1.5499e-01,-2,-6,63,57,3.2,2.4,3.4,3
-1.5492e-01,-2,2,61,65,4,4.8,3.4,3.8
-1.5484e-01,-4,-6,59,53,3.2,2.4,3.4,2.6
-1.5476e-01,-2,2,57,61,4,4.8,3,3.8
-1.5469e-01,-4,-6,55,49,4,2.4,3.4,2.6
-1.5461e-01,-2,2,53,57,3.2,4,3.4,3.8
-1.5453e-01,-4,-6,51,45,3.2,2.4,3,2.6
-1.5445e-01,-2,2,49,53,3.2,4,3,3.4
-1.5438e-01,-4,-6,47,39,3.2,2.4,3,2.6
-1.5430e-01,-2,2,43,49,3.2,4,3,3.4
-1.5422e-01,-2,-6,41,35,2.4,1.6,3,2.2
-1.5415e-01,-4,2,39,43,3.2,4,3,3.4
-1.5407e-01,-4,-6,37,29,3.2,1.6,2.6,2.2
-1.5399e-01,-2,2,33,39,3.2,4,2.6,3.4
-1.5392e-01,-2,-6,31,25,2.4,1.6,2.6,2.2
-1.5384e-01,-2,2,29,33,3.2,4,2.6,3
-1.5376e-01,-4,-6,27,19,2.4,1.6,2.2,1.8
-1.5369e-01,-2,2,23,29,2.4,4,2.6,3
-1.5361e-01,-4,-6,21,15,1.6,1.6,2.2,1.8
-1.5353e-01,-2,2,19,23,3.2,3.2,2.2,2.6
-1.5346e-01,-2,-6,17,9,2.4,0.8,2.2,1.4
-1.5338e-01,-4,2,15,19,2.4,3.2,2.2,2.6
-1.5330e-01,-2,-6,11,5,2.4,0.8,2.2,1.4
-1.5323e-01,-2,2,11,13,1.6,3.2,1.8,2.6
-1.5315e-01,-1.3411e-07,-6,7,1,1.6,0.8,1.8,1.4
-1.5307e-01,-2,2,5,9,2.4,3.2,1.8,2.2
-1.5300e-01,-2,-6,5,-3,2.4,0.8,1.8,1.4
-1.5292e-01,-2,2,1,5,2.4,3.2,1.8,2.2
-1.5284e-01,-2,-6,-1,-7,1.6,0.8,1.8,1
-1.5276e-01,-2,2,-3,1,1.6,3.2,1.4,2.2
-1.5269e-01,-2,-6,-5,-11,1.6,0.8,1.4,1
-1.5261e-01,-2,2,-7,-3,1.6,2.4,1.4,1.8
-1.5253e-01,-4,-6,-9,-13,1.6,0.8,1.4,0.6
-1.5246e-01,-2,2,-11,-7,0.8,2.4,1.4,1.8
-1.5238e-01,-2,-6,-13,-17,1.6,-7.15256e-08,1.4,0.6
-1.5230e-01,-2,2,-13,-9,0.8,2.4,1,1.8
-1.5223e-01,-2,-6,-15,-21,1.6,-7.15256e-08,1,0.6
-1.5215e-01,-2,2,-17,-13,1.6,2.4,1,1.4
-1.5207e-01,-4,-6,-19,-25,0.8,-7.15256e-08,0.6,0.2
-1.5200e-01,-2,2,-21,-17,0.8,2.4,1,1.4
-1.5192e-01,-2,-6,-23,-29,0.8,-7.15256e-08,1,0.2
-1.5184e-01,-2,2,-25,-21,0.8,1.6,0.6,1
-1.5177e-01,-2,-6,-29,-33,1.6,-7.15256e-08,0.6,0.2
-1.5169e-01,-4,2,-29,-25,-7.15256e-08,1.6,0.6,1
-1.5161e-01,-4,-6,-33,-39,0.8,-0.8,0.2,-0.2
-1.5154e-01,-2,2,-33,-29,0.8,1.6,0.2,0.6
-1.5146e-01,-2,-6,-37,-43,0.8,-0.8,0.2,-0.6
-1.5138e-01,-2,2,-39,-35,0.8,1.6,0.2,0.6
-1.5131e-01,-2,-6,-41,-47,0.8,-0.8,0.2,-0.6
-1.5123e-01,-2,2,-43,-39,-7.15256e-08,1.6,-0.2,0.6
-1.5115e-01,-4,-6,-45,-53,0.8,-0.8,-0.2,-1
-1.5108e-01,-2,2,-47,-43,-7.15256e-08,0.8,-0.2,0.2
-1.5100e-01,-2,-6,-51,-57,-7.15256e-08,-1.6,-0.2,-1
-1.5092e-01,-4,2,-53,-47,-7.15256e-08,0.8,-0.6,0.2
-1.5084e-01,-2,-6,-55,-61,-0.8,-1.6,-0.6,-1
-1.5077e-01,-4,2,-55,-51,-0.8,0.8,-0.6,-0.2
-1.5069e-01,-2,-6,-59,-65,-7.15256e-08,-1.6,-0.6,-1.4
-1.5061e-01,-2,2,-61,-55,-7.15256e-08,0.8,-0.6,-0.2
-1.5054e-01,-4,-6,-63,-69,-0.8,-1.6,-0.6,-1.4
-1.5046e-01,-2,2,-65,-61,-7.15256e-08,0.8,-1,-0.6
-1.5038e-01,-2,-6,-65,-73,-0.8,-1.6,-1,-1.8
-1.5031e-01,-4,2,-69,-65,-0.8,-7.15256e-08,-1,-0.6
-1.5023e-01,-2,-6,-71,-75,-7.15256e-08,-1.6,-1.4,-1.8
-1.5015e-01,-2,2,-73,-69,-0.8,-7.15256e-08,-1.4,-1
-1.5008e-01,-2,-6,-73,-79,-0.8,-2.4,-1.4,-2.2
-1.5000e-01,-4,2,-75,-71,-0.8,-7.15256e-08,-1.4,-1
-1.4992e-01,-4,-6,-77,-81,-1.6,-2.4,-1.4,-2.2
-1.4985e-01,-2,2,-77,-75,-0.8,-7.15256e-08,-1.8,-1
-1.4977e-01,-2,-6,-79,-83,-1.6,-2.4,-1.4,-2.2
-1.4969e-01,-2,2,-79,-77,-0.8,-7.15256e-08,-1.8,-1.4
-1.4962e-01,-2,-6,-83,-87,-1.6,-2.4,-1.8,-2.6
-1.4954e-01,-2,2,-83,-79,-1.6,-0.8,-1.8,-1.4
-1.4946e-01,-2,-6,-83,-89,-1.6,-2.4,-2.2,-2.6
-1.4939e-01,-2,2,-85,-81,-1.6,-0.8,-2.2,-1.8
-1.4931e-01,-2,-6,-87,-89,-0.8,-2.4,-2.2,-2.6
-1.4923e-01,-4,2,-87,-85,-1.6,-0.8,-2.2,-1.8
-1.4916e-01,-2,-6,-89,-91,-1.6,-2.4,-2.2,-3
-1.4908e-01,-4,2,-89,-85,-1.6,-0.8,-2.6,-1.8
-1.4900e-01,-4,-6,-91,-93,-1.6,-3.2,-2.6,-3
-1.4892e-01,-2,2,-91,-87,-1.6,-0.8,-2.2,-1.8
-1.4885e-01,-4,-6,-91,-95,-1.6,-3.2,-2.6,-3
-1.4877e-01,-2,2,-93,-89,-1.6,-0.8,-2.6,-2.2
-1.4869e-01,-4,-6,-93,-97,-1.6,-3.2,-2.6,-3.4
-1.4862e-01,-4,2,-95,-91,-1.6,-0.8,-2.6,-2.2
-1.4854e-01,-2,-6,-95,-97,-1.6,-3.2,-2.6,-3.4
-1.4846e-01,-2,2,-95,-91,-2.4,-0.8,-2.6,-2.2
-1.4839e-01,-2,-6,-97,-99,-2.4,-3.2,-3,-3.4
-1.4831e-01,-2,2,-95,-93,-2.4,-1.6,-3,-2.2
-1.4823e-01,-2,-6,-97,-99,-2.4,-3.2,-3,-3.4
-1.4816e-01,-2,2,-97,-95,-1.6,-0.8,-3,-2.6
-1.4808e-01,-2,-6,-99,-99,-2.4,-3.2,-3.4,-3.8
-1.4800e-01,-4,2,-97,-95,-2.4,-0.8,-3,-2.6
-1.4793e-01,-2,-6,-99,-101,-2.4,-3.2,-3,-3.8
-1.4785e-01,-2,2,-97,-95,-2.4,-1.6,-3.4,-2.6
-1.4777e-01,-4,-6,-99,-101,-2.4,-3.2,-3,-3.8
-1.4770e-01,-4,-1.3411e-07,-97,-95,-2.4,-1.6,-3.4,-2.6
-1.4762e-01,-2,-6,-97,-99,-2.4,-3.2,-3.4,-3.8
-1.4754e-01,-2,2,-97,-95,-2.4,-1.6,-3.4,-3
-1.4747e-01,-4,-6,-97,-99,-2.4,-3.2,-3.4,-3.8
-1.4739e-01,-2,2,-97,-93,-2.4,-1.6,-3.4,-3
-1.4731e-01,-4,-6,-97,-99,-2.4,-4,-3.4,-3.8
-1.4724e-01,-2,2,-95,-93,-2.4,-1.6,-3.4,-3
-1.4716e-01,-4,-6,-95,-97,-2.4,-3.2,-3.4,-3.8
-1.4708e-01,-2,2,-95,-91,-2.4,-1.6,-3.4,-3
-1.4700e-01,-4,-8,-93,-95,-2.4,-3.2,-3.4,-3.8
-1.4693e-01,-2,2,-93,-89,-2.4,-1.6,-3.4,-3
-1.4685e-01,-2,-6,-91,-95,-2.4,-4,-3.4,-3.8
-1.4677e-01,-2,2,-91,-87,-2.4,-1.6,-3.4,-3
-1.4670e-01,-4,-6,-91,-93,-2.4,-3.2,-3.4,-3.8
-1.4662e-01,-4,2,-89,-87,-2.4,-1.6,-3.4,-3
-1.4654e-01,-4,-6,-87,-91,-2.4,-4,-3.4,-3.8
-1.4647e-01,-4,2,-89,-85,-2.4,-1.6,-3.8,-3
-1.4639e-01,-2,-6,-87,-89,-2.4,-4,-3.4,-3.8
-1.4631e-01,-2,2,-85,-83,-2.4,-1.6,-3.4,-3
-1.4624e-01,-2,-6,-85,-87,-2.4,-3.2,-3.4,-3.8
-1.4616e-01,-2,2,-83,-81,-2.4,-1.6,-3.4,-3
-1.4608e-01,-2,-6,-83,-85,-2.4,-3.2,-3.4,-3.8
-1.4601e-01,-4,2,-81,-79,-2.4,-1.6,-3.4,-3
-1.4593e-01,-1.3411e-07,-6,-81,-83,-2.4,-3.2,-3.4,-3.8
-1.4585e-01,-4,2,-79,-77,-2.4,-1.6,-3.4,-3
-1.4578e-01,-2,-6,-79,-81,-2.4,-3.2,-3.4,-3.8
-1.4570e-01,-4,2,-77,-75,-2.4,-1.6,-3.4,-3
-1.4562e-01,-2,-6,-77,-79,-2.4,-4,-3.4,-3.8
-1.4555e-01,-4,2,-75,-73,-2.4,-1.6,-3.4,-3
-1.4547e-01,-2,-6,-75,-77,-2.4,-3.2,-3.4,-3.8
-1.4539e-01,-2,2,-73,-69,-1.6,-1.6,-3.4,-2.6
-1.4531e-01,-2,-6,-71,-73,-1.6,-3.2,-3.4,-3.8
-1.4524e-01,-4,2,-71,-67,-2.4,-1.6,-3.4,-3
-1.4516e-01,-2,-6,-67,-71,-2.4,-3.2,-3.4,-3.8
-1.4508e-01,-2,2,-67,-63,-1.6,-0.8,-3,-2.6
-1.4501e-01,-4,-6,-67,-67,-1.6,-3.2,-3,-3.8
-1.4493e-01,-4,2,-65,-61,-1.6,-0.8,-3.4,-2.6
-1.4485e-01,-2,-6,-63,-65,-2.4,-3.2,-3,-3.8
-1.4478e-01,-4,2,-61,-57,-1.6,-0.8,-3,-2.6
-1.4470e-01,-2,-6,-59,-61,-1.6,-3.2,-3.4,-3.8
-1.4462e-01,-4,2,-57,-53,-1.6,-0.8,-3,-2.6
-1.4455e-01,-2,-6,-55,-57,-1.6,-2.4,-3,-3.4
-1.4447e-01,-4,2,-53,-47,-1.6,-0.8,-3,-2.6
-1.4439e-01,-4,-6,-51,-53,-1.6,-2.4,-3,-3.4
-1.4432e-01,-2,2,-47,-43,-1.6,-0.8,-2.6,-2.2
-1.4424e-01,-2,-6,-45,-47,-1.6,-2.4,-3,-3.4
-1.4416e-01,-2,2,-43,-39,-0.8,-0.8,-2.6,-2.2
-1.4409e-01,-2,-8,-39,-43,-1.6,-2.4,-2.6,-3
-1.4401e-01,-2,2,-37,-33,-0.8,-7.15256e-08,-2.6,-2.2
-1.4393e-01,-2,-6,-35,-37,-0.8,-2.4,-2.2,-3
-1.4386e-01,-2,2,-33,-27,-1.6,-7.15256e-08,-2.2,-1.8
-1.4378e-01,-4,-6,-31,-31,-0.8,-2.4,-2.2,-2.6
-1.4370e-01,-4,2,-29,-23,-0.8,-7.15256e-08,-2.2,-1.8
-1.4363e-01,-4,-6,-25,-27,-0.8,-1.6,-2.2,-2.6
-1.4355e-01,-2,2,-23,-19,-0.8,-7.15256e-08,-2.2,-1.4
-1.4347e-01,-2,-6,-21,-23,-0.8,-1.6,-1.8,-2.6
-1.4339e-01,-2,-1.3411e-07,-17,-13,-0.8,-7.15256e-08,-1.8,-1.4
-1.4332e-01,-4,-6,-15,-17,-0.8,-1.6,-1.8,-2.2
-1.4324e-01,-2,2,-13,-9,-0.8,-7.15256e-08,-1.8,-1.4
-1.4316e-01,-2,-6,-11,-13,-0.8,-1.6,-1.8,-2.2
-1.4309e-01,-4,2,-9,-5,-0.8,0.8,-1.8,-1
-1.4301e-01,-2,-6,-7,-9,-7.15256e-08,-1.6,-1.4,-2.2
-1.4293e-01,-2,2,-3,-1,-7.15256e-08,0.8,-1.4,-1
-1.4286e-01,-2,-6,-3,-5,-7.15256e-08,-1.6,-1.4,-1.8
-1.4278e-01,-4,2,1,3,-7.15256e-08,0.8,-1.4,-1
-1.4270e-01,-4,-8,1,-1,-7.15256e-08,-1.6,-1.4,-1.8
-1.4263e-01,-4,2,3,7,-7.15256e-08,0.8,-1,-0.6
-1.4255e-01,-2,-6,5,3,-7.15256e-08,-0.8,-1.4,-1.8
-1.4247e-01,-4,2,7,11,-7.15256e-08,0.8,-1,-0.6
-1.4240e-01,-4,-6,9,7,-7.15256e-08,-0.8,-1,-1.4
-1.4232e-01,-2,2,9,15,0.8,0.8,-1,-0.2
-1.4224e-01,-2,-6,11,11,0.8,-0.8,-1,-1.4
-1.4217e-01,-2,-1.3411e-07,13,17,-7.15256e-08,1.6,-0.6,-0.2
-1.4209e-01,-4,-6,15,15,0.8,-0.8,-0.6,-1
-1.4201e-01,-2,2,17,23,-7.15256e-08,1.6,-0.6,-0.2
-1.4194e-01,-2,-8,21,19,0.8,-0.8,-0.6,-1
-1.4186e-01,-4,2,21,27,0.8,1.6,-0.2,0.2
-1.4178e-01,-2,-6,23,23,0.8,-7.15256e-08,-0.2,-1
-1.4171e-01,-4,2,27,31,0.8,1.6,-0.2,0.2
-1.4163e-01,-4,-6,27,27,0.8,-7.15256e-08,-0.2,-0.6
-1.4155e-01,-4,2,31,35,0.8,1.6,-0.2,0.2
-1.4147e-01,-2,-8,33,31,1.6,-7.15256e-08,-0.2,-0.6
-1.4140e-01,-4,2,35,39,0.8,2.4,0.2,0.6
-1.4132e-01,-2,-6,37,35,0.8,-7.15256e-08,0.2,-0.2
-1.4124e-01,-2,2,39,43,1.6,2.4,0.2,0.6
-1.4117e-01,-4,-6,41,39,1.6,-7.15256e-08,0.2,-0.2
-1.4109e-01,-4,2,43,47,1.6,2.4,0.2,1
-1.4101e-01,-2,-6,47,43,1.6,0.8,0.6,0.2
-1.4094e-01,-2,2,49,51,2.4,2.4,0.6,1
-1.4086e-01,-4,-6,51,47,2.4,0.8,0.6,0.2
-1.4078e-01,-4,2,51,57,1.6,2.4,1,1.4
-1.4071e-01,-4,-6,55,53,1.6,0.8,1,0.6
-1.4063e-01,-2,2,57,61,1.6,3.2,1,1.4
-1.4055e-01,-4,-6,59,57,1.6,0.8,1,0.6
-1.4048e-01,-2,-1.3411e-07,61,63,2.4,3.2,1,1.8
-1.4040e-01,-2,-6,63,61,2.4,0.8,1.4,1
-1.4032e-01,-2,2,65,67,2.4,3.2,1.4,1.8
-1.4025e-01,-2,-6,67,63,2.4,1.6,1.4,1
-1.4017e-01,-4,2,69,71,2.4,4,1.4,2.2
-1.4009e-01,-2,-6,69,67,2.4,1.6,1.4,1.4
-1.4002e-01,-2,2,71,75,2.4,4,1.8,2.2
-1.3994e-01,-2,-6,73,71,2.4,1.6,1.8,1.4
-1.3986e-01,-4,2,75,77,2.4,4,1.8,2.2
-1.3978e-01,-4,-6,75,73,3.2,1.6,1.8,1.4
-1.3971e-01,-4,2,75,81,2.4,4,1.8,2.6
-1.3963e-01,-2,-6,77,75,3.2,1.6,2.2,1.4
-1.3955e-01,-2,2,79,83,3.2,4,2.2,2.6
-1.3948e-01,-4,-6,81,79,3.2,1.6,1.8,1.8
-1.3940e-01,-4,2,81,85,3.2,4,2.2,2.6
-1.3932e-01,-2,-6,83,81,3.2,2.4,2.2,1.8
-1.3925e-01,-4,2,83,87,3.2,4,2.2,3
-1.3917e-01,-4,-6,85,83,3.2,2.4,2.2,1.8
-1.3909e-01,-2,-1.3411e-07,85,89,3.2,4,2.6,3
-1.3902e-01,-4,-6,87,83,3.2,2.4,2.6,2.2
-1.3894e-01,-4,2,87,91,3.2,4,2.6,3
-1.3886e-01,-2,-6,89,85,3.2,2.4,2.6,2.2
-1.3879e-01,-4,2,89,91,3.2,4.8,2.6,3.4
-1.3871e-01,-2,-6,89,87,3.2,2.4,2.6,2.2
-1.3863e-01,-2,2,91,93,3.2,4.8,3,3.4
-1.3856e-01,-2,-6,91,89,4,2.4,3,2.6
-1.3848e-01,-2,2,91,95,4,4.8,3,3.4
-1.3840e-01,-2,-6,91,89,4,2.4,3,2.6
-1.3833e-01,-4,2,93,95,4,4.8,3,3.8
-1.3825e-01,-4,-6,93,91,4,2.4,3.4,2.6
-1.3817e-01,-2,2,95,97,4,4.8,3,3.8
-1.3810e-01,-2,-6,93,91,4,2.4,3.4,2.6
-1.3802e-01,-2,2,95,97,4,4.8,3,3.8
-1.3794e-01,-2,-6,95,93,4,3.2,3,2.6
-1.3786e-01,-2,2,95,97,4,4.8,3.4,3.8
-1.3779e-01,-4,-6,95,93,4,3.2,3.4,3
-1.3771e-01,-2,2,95,97,4,4.8,3.4,3.8
-1.3763e-01,-2,-6,95,91,4,3.2,3.4,3
-1.3756e-01,-2,2,95,97,4,4.8,3.4,3.8
-1.3748e-01,-2,-6,95,91,4,3.2,3.4,3
-1.3740e-01,-2,2,93,97,4,4.8,3.4,4.2
-1.3733e-01,-2,-6,93,89,4,3.2,3.4,3
-1.3725e-01,-2,2,93,95,4,4.8,3.8,4.2
-1.3717e-01,-2,-6,91,89,4.8,3.2,3.4,3
-1.3710e-01,-4,2,91,93,4,4.8,3.4,4.2
-1.3702e-01,-2,-6,91,87,4,3.2,3.8,3
-1.3694e-01,-2,2,89,93,4,4.8,3.4,4.2
-1.3687e-01,-2,-6,89,85,4,3.2,3.4,3
-1.3679e-01,-2,2,87,91,4,4.8,3.4,4.2
-1.3671e-01,-2,-6,87,83,4,3.2,3.8,3
-1.3664e-01,-2,2,85,89,4,4.8,3.4,4.2
-1.3656e-01,-2,-6,83,81,4.8,2.4,3.4,3
-1.3648e-01,-2,2,83,87,4,4.8,3.4,4.2
-1.3641e-01,-2,-6,83,79,4,3.2,3.4,3
-1.3633e-01,-4,2,83,85,4,4.8,3.8,4.2
-1.3625e-01,-2,-6,81,77,4,3.2,3.4,3
-1.3618e-01,-2,2,79,83,4,4.8,3.4,4.2
-1.3610e-01,-2,-6,79,75,4,2.4,3.8,3
-1.3602e-01,-2,2,79,81,4,4.8,3.4,4.2
-1.3594e-01,-4,-6,77,73,4,3.2,3.4,3
-1.3587e-01,-4,2,77,79,4,4.8,3.8,4.2
-1.3579e-01,-2,-6,75,71,4,2.4,3,3
-1.3571e-01,-4,2,73,77,4,4.8,3.4,4.2
-1.3564e-01,-4,-6,73,69,4,2.4,3.8,3
-1.3556e-01,-2,2,71,75,4,4.8,3.4,4.2
-1.3548e-01,-2,-6,69,67,4,2.4,3.4,3
-1.3541e-01,-2,2,69,73,4,4.8,3.4,3.8
-1.3533e-01,-2,-6,67,63,4,2.4,3.4,3
-1.3525e-01,-4,2,67,71,4,4.8,3.4,3.8
-1.3518e-01,-4,-6,65,61,4,2.4,3.4,3
-1.3510e-01,-4,2,65,67,4,4.8,3.4,3.8
-1.3502e-01,-2,-6,63,57,4,2.4,3.4,2.6
-1.3495e-01,-2,2,61,65,4,4.8,3.4,3.8
-1.3487e-01,-2,-6,59,53,3.2,2.4,3.4,3
-1.3479e-01,-1.3411e-07,2,57,61,4,4.8,3,3.8
-1.3472e-01,-2,-6,55,49,3.2,2.4,3,2.6
-1.3464e-01,-4,2,53,57,3.2,4.8,3.4,3.8
-1.3456e-01,-2,-6,51,45,3.2,2.4,3,2.6
-1.3449e-01,-2,2,49,53,4,4,3,3.4
-1.3441e-01,-2,-6,45,41,4,2.4,3,2.6
-1.3433e-01,-2,2,45,49,3.2,4,3,3.4
-1.3425e-01,-4,-6,43,35,3.2,1.6,2.6,2.2
-1.3418e-01,-2,2,41,45,3.2,4,3,3.4
-1.3410e-01,-2,-6,37,31,2.4,1.6,2.6,2.2
-1.3402e-01,-2,2,35,39,2.4,4,2.6,3.4
-1.3395e-01,-4,-6,31,25,3.2,1.6,2.6,2.2
-1.3387e-01,-2,2,29,35,2.4,4,2.6,3
-1.3379e-01,-2,-6,27,19,2.4,1.6,2.6,1.8
-1.3372e-01,-4,2,25,29,2.4,4,2.6,3
-1.3364e-01,-2,-6,21,15,2.4,1.6,2.2,1.8
-1.3356e-01,-2,2,19,23,3.2,3.2,2.2,2.6
-1.3349e-01,-2,-6,17,11,2.4,0.8,2.2,1.8
-1.3341e-01,-4,2,13,19,1.6,3.2,1.8,2.6
-1.3333e-01,-2,-6,13,7,2.4,0.8,2.2,1.4
-1.3326e-01,-2,2,11,15,1.6,3.2,1.8,2.6
-1.3318e-01,-2,-6,9,1,2.4,0.8,1.8,1.4
-1.3310e-01,-4,2,5,9,2.4,3.2,1.4,2.2
-1.3303e-01,-4,-6,3,-1,1.6,0.8,1.8,1
-1.3295e-01,-4,2,3,5,2.4,3.2,1.8,2.2
-1.3287e-01,-2,-6,-1,-7,1.6,0.8,1.8,1
-1.3280e-01,-4,2,-1,1,1.6,3.2,1.4,2.2
-1.3272e-01,-4,-6,-5,-9,2.4,0.8,1.4,1
-1.3264e-01,-2,2,-5,-1,1.6,2.4,1,1.8
-1.3257e-01,-4,-6,-9,-13,1.6,0.8,1.4,0.6
-1.3249e-01,-2,2,-11,-7,0.8,2.4,1,1.8
-1.3241e-01,-2,-6,-11,-17,1.6,-7.15256e-08,1,0.6
-1.3233e-01,-2,2,-13,-9,0.8,2.4,1,1.8
-1.3226e-01,-4,-6,-15,-21,1.6,-7.15256e-08,1,0.6
-1.3218e-01,-1.3411e-07,2,-17,-13,1.6,2.4,1,1.4
-1.3210e-01,-2,-6,-19,-25,0.8,-7.15256e-08,1,0.2
-1.3203e-01,-4,2,-21,-17,1.6,2.4,1,1.4
-1.3195e-01,-2,-6,-23,-29,1.6,-7.15256e-08,0.6,0.2
-1.3187e-01,-2,2,-25,-21,0.8,1.6,0.6,1.4
-1.3180e-01,-2,-6,-27,-33,0.8,-7.15256e-08,0.6,-0.2
-1.3172e-01,-2,2,-29,-25,0.8,1.6,0.6,1
-1.3164e-01,-4,-6,-31,-37,0.8,-0.8,0.2,-0.2
-1.3157e-01,-2,2,-33,-29,0.8,1.6,0.6,0.6
-1.3149e-01,-2,-6,-35,-43,0.8,-0.8,0.2,-0.2
-1.3141e-01,-2,2,-39,-33,0.8,1.6,0.2,0.6
-1.3134e-01,-2,-6,-41,-47,0.8,-0.8,-0.2,-0.6
-1.3126e-01,-4,2,-43,-39,-7.15256e-08,1.6,-0.2,0.6
-1.3118e-01,-2,-6,-45,-51,-7.15256e-08,-0.8,-0.2,-0.6
-1.3111e-01,-2,2,-47,-43,-7.15256e-08,1.6,-0.2,0.2
-1.3103e-01,-2,-6,-49,-55,-7.15256e-08,-1.6,-0.2,-1
-1.3095e-01,-4,2,-53,-47,-0.8,0.8,-0.6,0.2
-1.3088e-01,-2,-6,-53,-59,-7.15256e-08,-1.6,-0.6,-1
-1.3080e-01,-4,2,-55,-51,-7.15256e-08,0.8,-0.6,-0.2
-1.3072e-01,-2,-6,-59,-63,-7.15256e-08,-1.6,-0.6,-1.4
-1.3065e-01,-4,2,-59,-55,-7.15256e-08,0.8,-0.6,-0.2
-1.3057e-01,-4,-6,-63,-67,-0.8,-1.6,-1,-1.4
-1.3049e-01,-2,2,-63,-59,-0.8,-7.15256e-08,-1,-0.6
-1.3041e-01,-4,-6,-65,-71,-7.15256e-08,-1.6,-1.4,-1.8
-1.3034e-01,-2,2,-69,-63,-0.8,-7.15256e-08,-1.4,-0.6
-1.3026e-01,-4,-6,-69,-75,-0.8,-2.4,-1.4,-1.8
-1.3018e-01,-2,2,-71,-67,-0.8,-7.15256e-08,-1.4,-0.6
-1.3011e-01,-2,-6,-73,-77,-0.8,-2.4,-1.4,-2.2
-1.3003e-01,-2,2,-75,-71,-0.8,-7.15256e-08,-1.4,-1
-1.2995e-01,-2,-6,-77,-81,-0.8,-2.4,-1.4,-2.2
-1.2988e-01,-4,2,-77,-73,-0.8,-7.15256e-08,-1.4,-1
-1.2980e-01,-2,-6,-79,-83,-0.8,-2.4,-1.8,-2.2
-1.2972e-01,-2,2,-79,-77,-1.6,-7.15256e-08,-1.8,-1.4
-1.2965e-01,-2,-6,-81,-85,-1.6,-2.4,-1.8,-2.6
-1.2957e-01,-2,2,-81,-79,-1.6,-7.15256e-08,-1.8,-1.4
-1.2949e-01,-2,-6,-85,-89,-1.6,-2.4,-1.8,-2.6
-1.2942e-01,-2,2,-85,-81,-1.6,-7.15256e-08,-2.2,-1.4
-1.2934e-01,-4,-6,-85,-89,-1.6,-2.4,-2.2,-2.6
-1.2926e-01,-2,2,-87,-83,-1.6,-0.8,-2.2,-1.8
-1.2919e-01,-4,-6,-87,-91,-1.6,-3.2,-2.2,-3
-1.2911e-01,-2,2,-89,-85,-1.6,-0.8,-2.2,-1.8
-1.2903e-01,-2,-6,-89,-93,-1.6,-3.2,-2.2,-3
-1.2896e-01,-2,2,-91,-87,-1.6,-0.8,-2.6,-1.8
-1.2888e-01,-2,-6,-91,-95,-1.6,-3.2,-2.6,-3
-1.2880e-01,-2,2,-93,-89,-2.4,-0.8,-2.6,-2.2
-1.2873e-01,-2,-6,-93,-97,-1.6,-3.2,-2.6,-3.4
-1.2865e-01,-2,2,-95,-89,-2.4,-0.8,-2.6,-2.2
-1.2857e-01,-2,-6,-95,-97,-2.4,-3.2,-2.6,-3.4
-1.2849e-01,-2,2,-95,-91,-2.4,-0.8,-3,-2.2
-1.2842e-01,-4,-6,-97,-99,-1.6,-3.2,-3,-3.4
-1.2834e-01,-2,2,-97,-93,-2.4,-0.8,-3,-2.6
-1.2826e-01,-2,-6,-95,-99,-1.6,-3.2,-3,-3.4
-1.2819e-01,-2,2,-97,-93,-1.6,-1.6,-3,-2.6
-1.2811e-01,-4,-6,-97,-101,-2.4,-3.2,-3,-3.8
-1.2803e-01,-4,2,-97,-95,-2.4,-1.6,-3,-2.6
-1.2796e-01,-4,-6,-97,-101,-2.4,-3.2,-3,-3.8
-1.2788e-01,-2,2,-99,-95,-2.4,-0.8,-3,-2.6
-1.2780e-01,-2,-6,-99,-101,-2.4,-3.2,-3.4,-3.8
-1.2773e-01,-2,2,-99,-95,-2.4,-1.6,-3,-2.6
-1.2765e-01,-4,-6,-99,-99,-2.4,-3.2,-3.4,-3.8
-1.2757e-01,-4,2,-97,-95,-2.4,-1.6,-3.4,-3
-1.2750e-01,-2,-6,-97,-99,-2.4,-3.2,-3.4,-3.8
-1.2742e-01,-2,2,-97,-93,-2.4,-1.6,-3.4,-3
-1.2734e-01,-2,-6,-97,-99,-2.4,-3.2,-3.4,-3.8
-1.2727e-01,-4,2,-97,-93,-2.4,-1.6,-3.4,-3
-1.2719e-01,-4,-6,-95,-97,-2.4,-3.2,-3.4,-3.8
-1.2711e-01,-2,2,-95,-91,-2.4,-1.6,-3.4,-3
-1.2704e-01,-4,-6,-95,-95,-2.4,-3.2,-3.4,-3.8
-1.2696e-01,-2,2,-93,-89,-2.4,-1.6,-3.4,-3
-1.2688e-01,-4,-6,-93,-95,-2.4,-3.2,-3.4,-3.8
-1.2680e-01,-4,2,-91,-87,-2.4,-1.6,-3.4,-3
-1.2673e-01,-2,-6,-91,-93,-2.4,-3.2,-3.4,-3.8
-1.2665e-01,-2,2,-89,-87,-2.4,-1.6,-3.4,-3
-1.2657e-01,-2,-6,-89,-91,-2.4,-3.2,-3.4,-3.8
-1.2650e-01,-2,2,-87,-85,-2.4,-1.6,-3.4,-3
-1.2642e-01,-2,-6,-87,-89,-2.4,-3.2,-3.4,-3.8
-1.2634e-01,-4,2,-85,-83,-2.4,-1.6,-3.4,-3
-1.2627e-01,-4,-6,-85,-87,-2.4,-4,-3.4,-3.8
-1.2619e-01,-2,2,-85,-81,-2.4,-1.6,-3.4,-3
-1.2611e-01,-2,-6,-83,-85,-2.4,-3.2,-3.4,-3.8
-1.2604e-01,-2,2,-83,-79,-2.4,-1.6,-3.4,-3
-1.2596e-01,-4,-6,-81,-83,-2.4,-3.2,-3.4,-3.8
-1.2588e-01,-2,2,-81,-77,-2.4,-1.6,-3.4,-3
-1.2581e-01,-2,-6,-77,-81,-2.4,-3.2,-3.4,-3.8
-1.2573e-01,-2,2,-79,-75,-2.4,-1.6,-3.4,-3
-1.2565e-01,-2,-6,-77,-79,-2.4,-3.2,-3.4,-3.8
-1.2558e-01,-4,2,-75,-73,-2.4,-1.6,-3.4,-3
-1.2550e-01,-4,-6,-73,-77,-2.4,-3.2,-3.4,-3.8
-1.2542e-01,-4,2,-73,-71,-2.4,-0.8,-3.4,-2.6
-1.2535e-01,-1.3411e-07,-6,-71,-73,-2.4,-3.2,-3.4,-3.8
-1.2527e-01,-2,2,-71,-67,-2.4,-1.6,-3.4,-3
-1.2519e-01,-2,-6,-69,-71,-2.4,-3.2,-3.4,-3.8
-1.2512e-01,-2,2,-67,-65,-1.6,-1.6,-3.4,-2.6
-1.2504e-01,-4,-6,-65,-69,-1.6,-3.2,-3.4,-3.8
-1.2496e-01,-4,2,-65,-61,-2.4,-0.8,-3.4,-2.6
-1.2488e-01,-2,-6,-63,-65,-2.4,-3.2,-3,-3.8
-1.2481e-01,-4,2,-61,-57,-1.6,-0.8,-3,-2.6
-1.2473e-01,-2,-6,-59,-61,-1.6,-3.2,-3.4,-3.4
-1.2465e-01,-2,2,-57,-53,-1.6,-0.8,-3,-2.6
-1.2458e-01,-2,-6,-55,-57,-1.6,-2.4,-3,-3.4
-1.2450e-01,-4,2,-53,-49,-1.6,-0.8,-2.6,-2.6
-1.2442e-01,-2,-8,-51,-53,-1.6,-2.4,-2.6,-3.4
-1.2435e-01,-2,2,-47,-43,-1.6,-0.8,-2.6,-2.2
-1.2427e-01,-4,-6,-47,-47,-1.6,-2.4,-3,-3.4
-1.2419e-01,-4,2,-43,-39,-1.6,-7.15256e-08,-2.6,-2.2
-1.2412e-01,-2,-6,-41,-43,-1.6,-2.4,-2.6,-3
-1.2404e-01,-4,2,-37,-33,-0.8,-7.15256e-08,-2.2,-2.2
-1.2396e-01,-2,-6,-37,-37,-0.8,-2.4,-2.6,-3
-1.2389e-01,-2,2,-35,-29,-0.8,-7.15256e-08,-2.2,-1.8
-1.2381e-01,-2,-6,-31,-33,-0.8,-2.4,-2.2,-2.6
-1.2373e-01,-4,2,-29,-23,-0.8,-7.15256e-08,-2.2,-1.8
-1.2366e-01,-2,-6,-25,-27,-0.8,-2.4,-2.2,-2.6
-1.2358e-01,-2,2,-23,-19,-0.8,-7.15256e-08,-2.2,-1.8
-1.2350e-01,-4,-6,-21,-23,-0.8,-1.6,-2.2,-2.6
-1.2343e-01,-2,2,-19,-13,-0.8,-7.15256e-08,-1.8,-1.4
-1.2335e-01,-2,-6,-15,-17,-0.8,-1.6,-1.8,-2.2
-1.2327e-01,-2,2,-13,-9,-0.8,0.8,-1.8,-1.4
-1.2320e-01,-4,-6,-11,-13,-7.15256e-08,-1.6,-1.8,-2.2
-1.2312e-01,-2,2,-9,-5,-7.15256e-08,0.8,-1.8,-1
-1.2304e-01,-2,-6,-7,-9,-7.15256e-08,-1.6,-1.8,-2.2
-1.2296e-01,-2,2,-5,-1,-7.15256e-08,0.8,-1.4,-1
-1.2289e-01,-2,-6,-3,-5,-0.8,-1.6,-1.4,-1.8
-1.2281e-01,-2,2,-1,3,-7.15256e-08,0.8,-1.4,-1
-1.2273e-01,-2,-6,1,-1,-7.15256e-08,-1.6,-1.4,-1.8
-1.2266e-01,-2,2,3,7,-7.15256e-08,0.8,-1.4,-0.6
-1.2258e-01,-4,-6,5,3,-7.15256e-08,-0.8,-1.4,-1.8
-1.2250e-01,-4,2,7,9,-7.15256e-08,0.8,-1,-0.6
-1.2243e-01,-4,-6,9,7,-7.15256e-08,-0.8,-1,-1.4
-1.2235e-01,-4,2,9,13,-7.15256e-08,0.8,-1,-0.2
-1.2227e-01,-2,-6,11,9,-7.15256e-08,-0.8,-0.6,-1.4
-1.2220e-01,-4,2,13,17,0.8,1.6,-0.6,-0.2
-1.2212e-01,-2,-6,15,13,0.8,-0.8,-0.6,-1
-1.2204e-01,-2,2,17,21,0.8,1.6,-0.6,-0.2
-1.2197e-01,-2,-6,21,17,-7.15256e-08,-0.8,-0.6,-1
-1.2189e-01,-4,2,19,27,0.8,1.6,-0.6,0.2
-1.2181e-01,-4,-6,23,21,0.8,-7.15256e-08,-0.6,-1
-1.2174e-01,-4,2,25,29,0.8,1.6,-0.2,0.2
-1.2166e-01,-2,-6,27,25,0.8,-7.15256e-08,-0.2,-0.6
-1.2158e-01,-4,2,29,33,0.8,2.4,-0.2,0.2
-1.2151e-01,-2,-6,31,31,0.8,-7.15256e-08,-0.2,-0.6
-1.2143e-01,-4,2,35,39,1.6,2.4,0.2,0.6
-1.2135e-01,-2,-6,37,35,0.8,-7.15256e-08,0.2,-0.6
-1.2127e-01,-4,2,39,43,0.8,2.4,0.2,0.6
-1.2120e-01,-2,-6,41,39,0.8,-7.15256e-08,0.2,-0.2
-1.2112e-01,-2,2,43,47,1.6,2.4,0.6,1
-1.2104e-01,-2,-6,45,43,1.6,0.8,0.6,0.2
-1.2097e-01,-4,2,47,51,1.6,2.4,0.6,1
-1.2089e-01,-4,-6,49,47,1.6,0.8,0.6,0.2
-1.2081e-01,-2,-1.3411e-07,51,55,1.6,2.4,0.6,1.4
-1.2074e-01,-2,-6,53,51,2.4,0.8,1,0.6
-1.2066e-01,-4,2,55,59,1.6,3.2,1,1.4
-1.2058e-01,-4,-6,57,57,2.4,0.8,1,0.6
-1.2051e-01,-2,2,59,63,2.4,3.2,1,1.8
-1.2043e-01,-2,-6,61,59,1.6,0.8,1.4,0.6
-1.2035e-01,-4,2,63,67,2.4,3.2,1.4,1.8
-1.2028e-01,-2,-6,67,63,2.4,1.6,1.4,1
-1.2020e-01,-2,2,67,71,2.4,3.2,1.4,2.2
-1.2012e-01,-2,-6,69,67,2.4,1.6,1.8,1
-1.2005e-01,-2,2,71,75,2.4,4,1.8,2.2
-1.1997e-01,-4,-6,73,71,3.2,1.6,1.8,1.4
-1.1989e-01,-2,2,73,77,3.2,4,1.8,2.2
-1.1982e-01,-2,-6,75,73,3.2,1.6,2.2,1.4
-1.1974e-01,-2,2,77,81,3.2,4,1.8,2.6
-1.1966e-01,-4,-6,77,75,3.2,1.6,1.8,1.4
-1.1959e-01,-4,2,79,83,3.2,4,2.2,2.6
-1.1951e-01,-2,-6,79,77,3.2,1.6,2.2,1.8
-1.1943e-01,-2,2,81,85,3.2,4,1.8,2.6
-1.1935e-01,-4,-6,83,81,3.2,2.4,2.2,1.8
-1.1928e-01,-4,2,85,87,3.2,4,2.2,3
-1.1920e-01,-4,-6,85,83,3.2,2.4,2.2,2.2
-1.1912e-01,-4,2,85,89,3.2,4,2.6,3
-1.1905e-01,-2,-6,85,83,3.2,2.4,2.6,2.2
-1.1897e-01,-4,2,87,89,4,4,2.6,3
-1.1889e-01,-2,-6,87,85,3.2,2.4,2.6,2.2
-1.1882e-01,-2,2,87,91,3.2,4,3,3.4
-1.1874e-01,-2,-6,89,87,3.2,2.4,2.6,2.2
-1.1866e-01,-2,2,89,93,3.2,4.8,3,3.4
-1.1859e-01,-2,-6,89,87,3.2,2.4,2.6,2.6
-1.1851e-01,-1.3411e-07,2,91,93,4,4.8,3,3.4
-1.1843e-01,-2,-6,91,89,3.2,2.4,3,2.6
-1.1836e-01,-2,2,91,95,3.2,4.8,3,3.4
-1.1828e-01,-2,-6,93,91,3.2,2.4,3,2.6
-1.1820e-01,-2,2,93,97,4,4.8,3,3.8
-1.1813e-01,-2,-6,93,91,4,2.4,3,2.6
-1.1805e-01,-4,2,93,97,4,4.8,3,3.8
-1.1797e-01,-4,-6,95,93,4,3.2,3.4,2.6
-1.1790e-01,-2,2,95,97,4,4.8,3.4,3.8
-1.1782e-01,-2,-6,95,93,4,3.2,3.4,3
-1.1774e-01,-4,2,95,97,4,4.8,3.4,3.8
-1.1767e-01,-2,-6,95,91,4,2.4,3.4,3
-1.1759e-01,-2,2,93,97,4,4.8,3.4,3.8
-1.1751e-01,-2,-6,93,91,4,3.2,3.4,3
-1.1743e-01,-2,2,95,97,4,4.8,3.4,3.8
-1.1736e-01,-4,-6,93,89,4,3.2,3.4,3
-1.1728e-01,-2,2,93,95,4,4.8,3.8,4.2
-1.1720e-01,-2,-6,91,89,4,3.2,3.4,3
-1.1713e-01,-2,2,91,93,4,4.8,3.4,4.2
-1.1705e-01,-2,-6,91,87,4,3.2,3.4,3
-1.1697e-01,-2,2,91,93,4,4.8,3.8,4.2
-1.1690e-01,-2,-6,89,85,4,3.2,3.4,3
-1.1682e-01,-2,2,87,91,4,4.8,3.8,4.2
-1.1674e-01,-2,-6,87,83,4,3.2,3.4,3
-1.1667e-01,-4,2,87,89,4,4.8,3.4,4.2
-1.1659e-01,-4,-6,85,81,4,3.2,3.4,3
-1.1651e-01,-4,2,83,87,4,4.8,3.4,4.2
-1.1644e-01,-2,-6,83,79,4,2.4,3.4,3
-1.1636e-01,-2,2,81,85,4,4.8,3.4,4.2
-1.1628e-01,-4,-6,81,77,4,3.2,3.4,3
-1.1621e-01,-2,2,81,83,4,4.8,3.4,4.2
-1.1613e-01,-4,-6,79,75,4,3.2,3.4,3
-1.1605e-01,-2,2,79,81,4,4.8,3.4,4.2
-1.1598e-01,-2,-6,77,73,4,3.2,3.4,3
-1.1590e-01,-2,2,75,79,4,4.8,3.4,4.2
-1.1582e-01,-2,-6,75,71,4,2.4,3.4,3
-1.1575e-01,-2,2,73,77,4,4.8,3.8,4.2
-1.1567e-01,-2,-6,73,69,4,2.4,3.4,3
-1.1559e-01,-4,2,71,75,4,4.8,3.8,4.2
-1.1551e-01,-4,-6,71,65,4,2.4,3.4,3
-1.1544e-01,-2,2,71,73,4,4.8,3.4,3.8
-1.1536e-01,-4,-6,69,63,4,2.4,3.4,3
-1.1528e-01,-4,2,67,71,4,4.8,3.4,3.8
-1.1521e-01,-2,-6,65,61,4,2.4,3.4,3
-1.1513e-01,-2,2,63,67,4,4.8,3.4,3.8
-1.1505e-01,-2,-6,63,57,4,2.4,3.4,3
-1.1498e-01,-2,2,63,65,3.2,4.8,3.4,3.8
-1.1490e-01,-2,-6,59,53,3.2,2.4,3,2.6
-1.1482e-01,-2,2,57,61,3.2,4.8,3,3.8
-1.1475e-01,-2,-6,55,49,3.2,2.4,3,2.6
-1.1467e-01,-4,2,55,57,4,4.8,3,3.8
-1.1459e-01,-2,-6,51,45,3.2,2.4,3,2.6
-1.1452e-01,-2,2,51,53,2.4,4,3,3.4
-1.1444e-01,-2,-6,47,41,3.2,2.4,3,2.6
-1.1436e-01,-2,2,45,49,2.4,4,3,3.4
-1.1429e-01,-4,-6,43,37,3.2,1.6,3,2.2
-1.1421e-01,-2,2,41,45,3.2,4,3,3.4
-1.1413e-01,-2,-6,37,31,3.2,1.6,2.6,2.2
-1.1406e-01,-2,2,35,39,3.2,4,3,3.4
-1.1398e-01,-2,-6,33,25,2.4,1.6,2.6,2.2
-1.1390e-01,-2,2,29,35,2.4,4,2.2,3
-1.1382e-01,-4,-6,27,21,2.4,1.6,2.6,1.8
-1.1375e-01,-4,2,25,29,2.4,4,2.6,3
-1.1367e-01,-2,-6,23,15,2.4,1.6,2.2,1.8
-1.1359e-01,-4,2,19,25,2.4,3.2,2.2,2.6
-1.1352e-01,-2,-6,17,11,2.4,1.6,2.2,1.8
-1.1344e-01,-2,2,15,19,2.4,3.2,2.6,2.6
-1.1336e-01,-2,-6,11,7,2.4,0.8,2.2,1.4
-1.1329e-01,-4,2,11,15,2.4,3.2,2.2,2.6
-1.1321e-01,-4,-6,9,3,2.4,0.8,1.8,1.4
-1.1313e-01,-4,2,5,11,2.4,3.2,1.8,2.2
-1.1306e-01,-2,-6,3,-1,1.6,0.8,1.8,1.4
-1.1298e-01,-2,2,1,5,2.4,3.2,1.8,2.2
-1.1290e-01,-2,-6,-1,-7,1.6,0.8,1.8,1
-1.1283e-01,-2,2,-3,3,1.6,3.2,1.8,2.2
-1.1275e-01,-2,-6,-3,-9,1.6,0.8,1.4,1
-1.1267e-01,-4,2,-7,-1,1.6,2.4,1.4,1.8
-1.1260e-01,-2,-6,-7,-13,1.6,0.8,1.4,1
-1.1252e-01,-2,2,-9,-5,1.6,2.4,1.4,1.8
-1.1244e-01,-2,-6,-11,-17,1.6,-7.15256e-08,1.4,0.6
-1.1237e-01,-2,2,-13,-9,1.6,2.4,1,1.8
-1.1229e-01,-2,-6,-15,-21,1.6,-7.15256e-08,1,0.6
-1.1221e-01,-4,2,-17,-13,1.6,2.4,1,1.4
-1.1214e-01,-2,-6,-19,-25,1.6,-7.15256e-08,1,0.2
-1.1206e-01,-2,2,-21,-17,0.8,2.4,1,1.4
-1.1198e-01,-1.3411e-07,-6,-23,-29,1.6,-7.15256e-08,1,0.2
-1.1190e-01,-2,2,-25,-21,1.6,1.6,0.6,1
-1.1183e-01,-2,-6,-27,-33,0.8,-7.15256e-08,0.6,-0.2
-1.1175e-01,-2,2,-29,-25,0.8,1.6,0.6,1
-1.1167e-01,-2,-6,-29,-37,0.8,-0.8,0.2,-0.2
-1.1160e-01,-4,2,-35,-29,0.8,1.6,0.6,1
-1.1152e-01,-2,-6,-35,-41,0.8,-0.8,0.2,-0.6
-1.1144e-01,-2,2,-39,-33,0.8,1.6,0.2,0.6
-1.1137e-01,-4,-6,-41,-47,-7.15256e-08,-0.8,0.2,-0.6
-1.1129e-01,-2,2,-41,-37,-7.15256e-08,1.6,-0.2,0.6
-1.1121e-01,-4,-6,-43,-51,-7.15256e-08,-0.8,-0.2,-0.6
-1.1114e-01,-4,2,-47,-41,-7.15256e-08,1.6,-0.2,0.2
-1.1106e-01,-2,-6,-49,-55,-7.15256e-08,-0.8,-0.2,-1
-1.1098e-01,-2,2,-51,-47,-7.15256e-08,0.8,-0.2,0.2
-1.1091e-01,-2,-6,-53,-59,-7.15256e-08,-1.6,-0.6,-1
-1.1083e-01,-4,2,-55,-51,-7.15256e-08,0.8,-0.6,-0.2
-1.1075e-01,-2,-6,-57,-63,-7.15256e-08,-1.6,-0.6,-1.4
-1.1068e-01,-2,2,-61,-55,-7.15256e-08,0.8,-0.6,-0.2
-1.1060e-01,-4,-6,-63,-67,-0.8,-1.6,-1,-1.4
-1.1052e-01,-2,2,-63,-59,-0.8,0.8,-1,-0.6
-1.1045e-01,-2,-6,-65,-71,-0.8,-1.6,-1,-1.8
-1.1037e-01,-2,2,-67,-63,-0.8,-7.15256e-08,-1,-0.6
-1.1029e-01,-2,-6,-69,-75,-0.8,-2.4,-1,-1.8
-1.1022e-01,-2,2,-71,-67,-0.8,-7.15256e-08,-1.4,-1
-1.1014e-01,-2,-6,-73,-77,-1.6,-2.4,-1.4,-2.2
-1.1006e-01,-2,2,-73,-71,-0.8,-7.15256e-08,-1.4,-1
-1.0998e-01,-2,-6,-75,-81,-0.8,-2.4,-1.4,-2.2
-1.0991e-01,-4,2,-79,-73,-0.8,-7.15256e-08,-1.4,-1
-1.0983e-01,-2,-6,-79,-83,-1.6,-2.4,-1.8,-2.6
-1.0975e-01,-2,2,-81,-77,-0.8,-7.15256e-08,-1.8,-1.4
-1.0968e-01,-4,-6,-81,-85,-1.6,-2.4,-1.8,-2.6
-1.0960e-01,-2,2,-81,-79,-1.6,-7.15256e-08,-1.8,-1.4
-1.0952e-01,-2,-6,-85,-87,-1.6,-2.4,-2.2,-2.6
-1.0945e-01,-1.3411e-07,2,-85,-81,-0.8,-7.15256e-08,-1.8,-1.4
-1.0937e-01,-2,-6,-87,-89,-1.6,-2.4,-2.2,-2.6
-1.0929e-01,-4,2,-87,-83,-1.6,-0.8,-2.2,-1.8
-1.0922e-01,-4,-6,-87,-91,-1.6,-2.4,-2.2,-3
-1.0914e-01,-4,2,-89,-85,-1.6,-0.8,-2.6,-1.8
-1.0906e-01,-2,-6,-89,-93,-1.6,-3.2,-2.6,-3
-1.0899e-01,-2,2,-91,-87,-1.6,-0.8,-2.6,-1.8
-1.0891e-01,-2,-6,-91,-95,-1.6,-3.2,-2.6,-3
-1.0883e-01,-2,2,-91,-89,-1.6,-0.8,-2.6,-2.2
-1.0876e-01,-2,-6,-93,-95,-2.4,-3.2,-2.6,-3.4
-1.0868e-01,-4,2,-93,-89,-1.6,-0.8,-3,-2.2
-1.0860e-01,-4,-6,-95,-97,-2.4,-3.2,-2.6,-3.4
-1.0853e-01,-2,2,-95,-91,-1.6,-0.8,-3,-2.2
-1.0845e-01,-2,-6,-95,-99,-2.4,-3.2,-3,-3.4
-1.0837e-01,-2,2,-95,-93,-2.4,-0.8,-3,-2.6
-1.0829e-01,-2,-6,-97,-99,-1.6,-3.2,-3,-3.4
-1.0822e-01,-2,2,-97,-93,-2.4,-0.8,-3,-2.6
-1.0814e-01,-4,-6,-97,-101,-2.4,-3.2,-3,-3.8
-1.0806e-01,-2,2,-97,-95,-2.4,-1.6,-3.4,-2.6
-1.0799e-01,-2,-6,-99,-101,-2.4,-3.2,-3,-3.8
-1.0791e-01,-2,2,-97,-95,-2.4,-1.6,-3,-2.6
-1.0783e-01,-2,-6,-99,-101,-2.4,-3.2,-3,-3.8
-1.0776e-01,-1.3411e-07,2,-97,-95,-2.4,-1.6,-3.4,-2.6
-1.0768e-01,-4,-6,-97,-101,-2.4,-3.2,-3.4,-3.8
-1.0760e-01,-2,2,-99,-95,-2.4,-1.6,-3.4,-2.6
-1.0753e-01,-4,-6,-97,-99,-2.4,-4,-3.4,-3.8
-1.0745e-01,-2,2,-97,-95,-2.4,-1.6,-3,-3
-1.0737e-01,-4,-6,-97,-99,-2.4,-3.2,-3.4,-3.8
-1.0730e-01,-2,2,-97,-93,-2.4,-1.6,-3.4,-3
-1.0722e-01,-2,-6,-97,-97,-2.4,-4,-3.4,-3.8
-1.0714e-01,-2,2,-93,-91,-2.4,-1.6,-3.4,-3
-1.0707e-01,-4,-6,-93,-97,-2.4,-3.2,-3.4,-3.8
-1.0699e-01,-2,2,-93,-89,-2.4,-1.6,-3,-3
-1.0691e-01,-4,-6,-93,-95,-2.4,-3.2,-3.4,-3.8
-1.0684e-01,-2,2,-93,-89,-2.4,-1.6,-3.4,-3
-1.0676e-01,-1.3411e-07,-6,-91,-93,-2.4,-3.2,-3.4,-3.8
-1.0668e-01,-4,2,-89,-87,-2.4,-1.6,-3.4,-3
-1.0661e-01,-2,-6,-89,-91,-2.4,-3.2,-3.4,-3.8
-1.0653e-01,-2,2,-87,-85,-2.4,-1.6,-3.4,-3
-1.0645e-01,-2,-6,-87,-89,-2.4,-3.2,-3.4,-3.8
-1.0637e-01,-2,2,-87,-83,-2.4,-1.6,-3.4,-3
-1.0630e-01,-2,-6,-85,-87,-2.4,-3.2,-3.4,-3.8
-1.0622e-01,-2,2,-85,-81,-2.4,-1.6,-3.4,-3
-1.0614e-01,-2,-6,-83,-85,-2.4,-3.2,-3.4,-3.8
-1.0607e-01,-1.3411e-07,2,-81,-79,-2.4,-1.6,-3,-3
-1.0599e-01,-4,-6,-81,-83,-2.4,-3.2,-3.4,-3.8
-1.0591e-01,-2,2,-81,-77,-2.4,-1.6,-3.4,-3
-1.0584e-01,-4,-6,-79,-81,-1.6,-3.2,-3.4,-3.8
-1.0576e-01,-2,2,-77,-75,-2.4,-1.6,-3.4,-3
-1.0568e-01,-2,-6,-79,-79,-2.4,-3.2,-3.4,-3.8
-1.0561e-01,-2,2,-75,-73,-1.6,-1.6,-3.4,-3
-1.0553e-01,-2,-6,-73,-77,-1.6,-3.2,-3.8,-3.8
-1.0545e-01,-2,2,-73,-71,-2.4,-1.6,-3.4,-2.6
-1.0538e-01,-2,-6,-73,-75,-2.4,-3.2,-3.4,-3.8
-1.0530e-01,-4,2,-71,-67,-2.4,-0.8,-3.4,-3
-1.0522e-01,-2,-6,-71,-71,-2.4,-3.2,-3.4,-3.8
-1.0515e-01,-4,2,-69,-65,-2.4,-0.8,-3.4,-2.6
-1.0507e-01,-4,-6,-67,-69,-2.4,-3.2,-3.4,-3.8
-1.0499e-01,-2,2,-65,-61,-2.4,-0.8,-3.4,-2.6
-1.0492e-01,-2,-6,-63,-65,-1.6,-3.2,-3,-3.8
-1.0484e-01,-4,2,-63,-57,-1.6,-0.8,-3,-2.6
-1.0476e-01,-2,-6,-61,-61,-1.6,-3.2,-3,-3.4
-1.0469e-01,-2,2,-57,-53,-1.6,-0.8,-3,-2.6
-1.0461e-01,-4,-6,-57,-57,-1.6,-3.2,-3,-3.4
-1.0453e-01,-4,2,-55,-49,-1.6,-0.8,-3,-2.6
-1.0445e-01,-2,-6,-51,-53,-1.6,-2.4,-3,-3.4
-1.0438e-01,-2,2,-49,-43,-1.6,-0.8,-2.6,-2.2
-1.0430e-01,-2,-6,-47,-49,-1.6,-2.4,-2.6,-3.4
-1.0422e-01,-2,2,-43,-39,-0.8,-0.8,-3,-2.2
-1.0415e-01,-2,-6,-41,-43,-1.6,-2.4,-2.6,-3
-1.0407e-01,-2,2,-39,-35,-1.6,-7.15256e-08,-2.6,-1.8
-1.0399e-01,-4,-6,-37,-39,-1.6,-2.4,-2.6,-3
-1.0392e-01,-2,2,-35,-29,-1.6,-7.15256e-08,-2.6,-1.8
-1.0384e-01,-2,-6,-31,-33,-0.8,-2.4,-2.6,-3
-1.0376e-01,-2,2,-29,-23,-0.8,-7.15256e-08,-2.2,-1.8
-1.0369e-01,-2,-6,-27,-29,-0.8,-2.4,-2.2,-2.6
-1.0361e-01,-4,2,-25,-19,-0.8,-7.15256e-08,-2.2,-1.8
-1.0353e-01,-2,-6,-21,-23,-0.8,-1.6,-1.8,-2.6
-1.0346e-01,-4,2,-19,-15,-1.6,-7.15256e-08,-2.2,-1.4
-1.0338e-01,-4,-6,-17,-19,-0.8,-1.6,-1.8,-2.2
-1.0330e-01,-2,2,-15,-9,-0.8,0.8,-1.8,-1.4
-1.0323e-01,-4,-6,-11,-13,-0.8,-1.6,-1.8,-2.2
-1.0315e-01,-4,2,-9,-5,-0.8,0.8,-1.4,-1
-1.0307e-01,-4,-6,-7,-9,-0.8,-1.6,-1.8,-2.2
-1.0300e-01,-4,-1.3411e-07,-7,-1,-7.15256e-08,0.8,-1.4,-1
-1.0292e-01,-2,-6,-3,-5,-7.15256e-08,-1.6,-1.4,-1.8
-1.0284e-01,-2,2,-1,3,-7.15256e-08,0.8,-1.4,-1
-1.0276e-01,-2,-6,1,-1,-7.15256e-08,-1.6,-1.4,-1.8
-1.0269e-01,-4,2,3,5,-7.15256e-08,0.8,-1.4,-0.6
-1.0261e-01,-4,-6,3,1,-7.15256e-08,-0.8,-1.4,-1.8
-1.0253e-01,-4,2,5,9,-7.15256e-08,0.8,-1,-0.6
-1.0246e-01,-2,-6,7,5,-7.15256e-08,-0.8,-1.4,-1.4
-1.0238e-01,-2,2,9,13,-7.15256e-08,0.8,-1,-0.6
-1.0230e-01,-2,-6,11,9,0.8,-0.8,-1,-1.4
-1.0223e-01,-2,2,13,17,-7.15256e-08,1.6,-1,-0.2
-1.0215e-01,-2,-6,13,13,-7.15256e-08,-0.8,-0.6,-1
-1.0207e-01,-4,2,17,21,0.8,1.6,-0.6,-0.2
-1.0200e-01,-4,-6,19,17,0.8,-0.8,-0.6,-1
-1.0192e-01,-2,2,21,25,-7.15256e-08,1.6,-0.6,-0.2
-1.0184e-01,-2,-6,23,21,0.8,-0.8,-0.6,-1
-1.0177e-01,-2,2,25,29,0.8,1.6,-0.2,0.2
-1.0169e-01,-4,-6,27,25,0.8,-7.15256e-08,-0.2,-0.6
-1.0161e-01,-4,2,29,33,0.8,1.6,-0.2,0.2
-1.0154e-01,-2,-6,31,29,0.8,-7.15256e-08,-0.2,-0.6
-1.0146e-01,-4,2,33,39,0.8,2.4,-0.2,0.6
-1.0138e-01,-2,-6,35,33,1.6,-7.15256e-08,0.2,-0.2
-1.0131e-01,-2,2,37,41,1.6,2.4,0.2,0.6
-1.0123e-01,-2,-6,41,39,0.8,0.8,0.2,-0.2
-1.0115e-01,-2,2,43,47,1.6,2.4,0.6,1
-1.0108e-01,-2,-6,45,43,1.6,0.8,0.2,-0.2
-1.0100e-01,-2,2,47,51,1.6,2.4,0.6,1
-1.0092e-01,-2,-6,49,47,1.6,0.8,0.6,0.2
-1.0084e-01,-4,2,51,55,1.6,3.2,1,1.4
-1.0077e-01,-2,-6,53,51,1.6,0.8,1,0.2
-1.0069e-01,-4,2,55,59,1.6,3.2,1,1.4
-1.0061e-01,-4,-6,57,55,2.4,0.8,1,0.6
-1.0054e-01,-2,2,59,63,2.4,3.2,1,1.8
-1.0046e-01,-4,-6,63,59,2.4,0.8,1.4,0.6
-1.0038e-01,-2,2,63,67,2.4,3.2,1,1.8
-1.0031e-01,-2,-6,65,63,2.4,1.6,1.4,1
-1.0023e-01,-4,2,67,71,2.4,3.2,1.4,1.8
-1.0015e-01,-2,-6,69,67,2.4,1.6,1.4,1
-1.0008e-01,-4,2,69,73,2.4,3.2,1.4,2.2
-1.0000e-01,-2,-6,71,69,2.4,1.6,1.8,1.4
-9.9923e-02,-2,2,73,77,2.4,4,1.8,2.2
-9.9846e-02,-2,-6,75,73,2.4,1.6,1.8,1.4
-9.9770e-02,-4,2,77,79,2.4,4,1.8,2.6
-9.9693e-02,-4,-6,77,75,3.2,1.6,1.8,1.4
-9.9616e-02,-2,2,77,83,3.2,4,2.2,2.6
-9.9539e-02,-2,-6,79,77,3.2,1.6,1.8,1.8
-9.9462e-02,-4,2,81,85,2.4,4,2.2,2.6
-9.9386e-02,-2,-6,83,81,3.2,2.4,2.2,1.8
-9.9309e-02,-2,2,83,87,3.2,4,2.6,3
-9.9232e-02,-2,-6,85,81,3.2,2.4,2.6,1.8
-9.9155e-02,-4,2,85,89,3.2,4,2.6,3
-9.9078e-02,-2,-6,85,83,3.2,2.4,2.6,2.2
-9.9002e-02,-2,2,87,89,4,4,2.6,3
-9.8925e-02,-2,-6,87,85,3.2,2.4,2.6,2.2
-9.8848e-02,-2,2,89,91,3.2,4,2.6,3.4
-9.8771e-02,-2,-6,89,87,4,2.4,2.6,2.2
-9.8694e-02,-2,2,89,93,4,4.8,3,3.4
-9.8618e-02,-4,-6,91,89,3.2,2.4,3,2.2
-9.8541e-02,-2,2,91,95,4,4.8,3,3.4
-9.8464e-02,-2,-6,91,89,4,2.4,3,2.6
-9.8387e-02,-2,2,93,95,4,4.8,3,3.4
-9.8310e-02,-2,-6,93,91,4,2.4,3,2.6
-9.8233e-02,-4,2,93,97,4,4.8,3.4,3.8
-9.8157e-02,-2,-6,93,91,4,2.4,3,2.6
-9.8080e-02,-2,2,93,97,4,4.8,3.4,3.8
-9.8003e-02,-4,-6,93,91,4,2.4,3,2.6
-9.7926e-02,-2,2,95,97,4,4.8,3,3.8
-9.7849e-02,-4,-6,93,93,4,3.2,3.4,3
-9.7773e-02,-1.3411e-07,2,95,97,4,4.8,3.4,3.8
-9.7696e-02,-2,-6,95,91,4,2.4,3.4,3
-9.7619e-02,-4,2,95,97,4,4.8,3.4,3.8
-9.7542e-02,-4,-6,95,91,4,2.4,3.4,3
-9.7465e-02,-2,2,93,97,3.2,4.8,3.4,4.2
-9.7389e-02,-4,-6,93,89,4,3.2,3.4,3
-9.7312e-02,-4,2,93,95,4,4.8,3.4,4.2
-9.7235e-02,-2,-6,91,89,4,3.2,3.4,3
-9.7158e-02,-2,2,91,95,4,4.8,3.4,4.2
-9.7081e-02,-2,-6,91,87,4,3.2,3.4,3
-9.7005e-02,-4,2,89,93,4,4.8,3.4,4.2
-9.6928e-02,-2,-6,89,85,4,3.2,3.4,3
-9.6851e-02,-2,2,87,91,4,4.8,3.4,4.2
-9.6774e-02,-4,-6,85,83,4,2.4,3.4,3
-9.6697e-02,-4,2,87,89,4,4.8,3.4,4.2
-9.6621e-02,-4,-6,85,81,4,3.2,3.4,3
-9.6544e-02,-2,2,85,87,4,4.8,3.8,4.2
-9.6467e-02,-2,-6,83,79,4,3.2,3.4,3
-9.6390e-02,-2,2,81,85,4,4.8,3.4,4.2
-9.6313e-02,-4,-6,81,77,4,3.2,3.4,3
-9.6237e-02,-2,2,81,83,4,4.8,3.4,4.2
-9.6160e-02,-4,-6,79,75,4,2.4,3.4,3
-9.6083e-02,-2,2,79,81,4,4.8,3.4,4.2
-9.6006e-02,-2,-6,77,73,4,3.2,3.4,3
-9.5929e-02,-4,2,77,79,4,4.8,3.4,4.2
-9.5853e-02,-4,-6,75,71,4,2.4,3.4,3
-9.5776e-02,-2,2,75,77,4,4.8,3.8,3.8
-9.5699e-02,-2,-6,73,69,4,3.2,3.4,3
-9.5622e-02,-2,2,73,75,4,4.8,3.4,4.2
-9.5545e-02,-2,-6,71,67,4,2.4,3.4,3
-9.5469e-02,-2,2,71,73,4,4.8,3.4,3.8
-9.5392e-02,-2,-6,69,65,4,2.4,3.4,3
-9.5315e-02,-2,2,67,71,3.2,4.8,3.4,3.8
-9.5238e-02,-2,-6,65,61,4,2.4,3.4,3
-9.5161e-02,-2,2,65,69,4,4.8,3.4,3.8
-9.5084e-02,-4,-6,63,57,4,2.4,3,3
-9.5008e-02,-2,2,61,65,4,4.8,3,3.8
-9.4931e-02,-2,-6,61,55,4,2.4,3.4,2.6
-9.4854e-02,-2,2,57,61,3.2,4.8,3.4,3.8
-9.4777e-02,-4,-6,55,51,4,2.4,3.4,2.6
-9.4700e-02,-2,2,55,57,3.2,4.8,3.4,3.8
-9.4624e-02,-4,-6,53,45,3.2,1.6,3,2.6
-9.4547e-02,-2,2,49,55,3.2,4,3,3.4
-9.4470e-02,-4,-6,47,41,3.2,1.6,3,2.6
-9.4393e-02,-2,2,45,49,3.2,4,2.6,3.4
-9.4316e-02,-4,-6,43,37,3.2,1.6,3,2.2
-9.4240e-02,-2,2,41,45,3.2,4,2.6,3.4
-9.4163e-02,-4,-6,39,33,3.2,1.6,3,2.2
-9.4086e-02,-1.3411e-07,2,35,41,2.4,4,2.6,3.4
-9.4009e-02,-4,-6,35,27,2.4,1.6,2.2,2.2
-9.3932e-02,-2,2,31,35,2.4,4,2.6,3
-9.3856e-02,-2,-6,29,21,2.4,1.6,2.2,1.8
-9.3779e-02,-2,2,25,31,3.2,4,2.2,3
-9.3702e-02,-2,-6,23,17,2.4,1.6,2.2,1.8
-9.3625e-02,-2,2,21,25,2.4,3.2,2.2,2.6
-9.3548e-02,-4,-6,19,11,2.4,0.8,2.2,1.8
-9.3472e-02,-4,2,15,21,2.4,3.2,2.2,2.6
-9.3395e-02,-4,-6,13,7,2.4,0.8,2.2,1.4
-9.3318e-02,-2,2,11,17,2.4,3.2,2.2,2.6
-9.3241e-02,-4,-6,7,3,2.4,0.8,1.8,1.4
-9.3164e-02,-2,2,7,11,1.6,3.2,1.8,2.2
-9.3088e-02,-4,-6,3,-1,1.6,0.8,1.8,1.4
-9.3011e-02,-4,2,3,7,2.4,3.2,1.8,2.2
-9.2934e-02,-2,-6,1,-5,2.4,0.8,1.8,1
-9.2857e-02,-2,2,-1,3,1.6,3.2,1.4,2.2
-9.2780e-02,-2,-6,-5,-9,1.6,0.8,1.8,0.6
-9.2704e-02,-1.3411e-07,2,-5,-1,1.6,2.4,1.8,1.8
-9.2627e-02,-4,-6,-7,-13,1.6,0.8,1.4,0.6
-9.2550e-02,-2,2,-9,-5,1.6,2.4,1.4,1.8
-9.2473e-02,-2,-6,-11,-17,1.6,-7.15256e-08,1,0.6
-9.2396e-02,-1.3411e-07,2,-11,-9,1.6,2.4,1,1.8
-9.2320e-02,-4,-6,-15,-21,0.8,-7.15256e-08,1,0.6
-9.2243e-02,-2,2,-17,-13,1.6,2.4,1,1.4
-9.2166e-02,-2,-6,-17,-25,0.8,-7.15256e-08,1,0.2
-9.2089e-02,-2,2,-21,-15,0.8,2.4,1,1.4
-9.2012e-02,-2,-6,-23,-29,1.6,-7.15256e-08,1,0.2
-9.1935e-02,-2,2,-23,-21,0.8,1.6,0.6,1.4
-9.1859e-02,-2,-6,-27,-33,0.8,-7.15256e-08,0.6,-0.2
-9.1782e-02,-2,2,-29,-23,0.8,1.6,0.6,1
-9.1705e-02,-4,-6,-31,-37,0.8,-7.15256e-08,0.6,-0.2
-9.1628e-02,-2,2,-33,-27,0.8,1.6,0.6,1
-9.1551e-02,-2,-6,-35,-41,-7.15256e-08,-0.8,0.6,-0.2
-9.1475e-02,-2,2,-37,-33,0.8,1.6,0.2,0.6
-9.1398e-02,-2,-6,-39,-45,0.8,-0.8,0.2,-0.6
-9.1321e-02,-2,2,-41,-37,0.8,1.6,-0.2,0.6
-9.1244e-02,-2,-6,-43,-51,-7.15256e-08,-0.8,0.2,-1
-9.1167e-02,-2,2,-47,-41,-7.15256e-08,0.8,-0.2,0.2
-9.1091e-02,-6,-6,-49,-55,-7.15256e-08,-0.8,-0.2,-1
-9.1014e-02,-2,2,-51,-45,-7.15256e-08,0.8,-0.2,0.2
-9.0937e-02,-2,-6,-53,-59,-0.8,-1.6,-0.6,-1
-9.0860e-02,-2,2,-55,-51,-7.15256e-08,0.8,-0.2,-0.2
-9.0783e-02,-2,-6,-57,-63,-7.15256e-08,-1.6,-0.6,-1.4
-9.0707e-02,-2,2,-61,-55,-0.8,0.8,-1,-0.2
-9.0630e-02,-2,-6,-61,-67,-0.8,-1.6,-1,-1.4
-9.0553e-02,-4,2,-63,-59,-7.15256e-08,-7.15256e-08,-1,-0.2
-9.0476e-02,-2,-6,-65,-71,-0.8,-1.6,-1,-1.8
-9.0399e-02,-2,2,-67,-63,-0.8,-7.15256e-08,-1,-0.6
-9.0323e-02,-2,-6,-69,-75,-0.8,-1.6,-1,-1.8
-9.0246e-02,-4,2,-71,-67,-1.6,-7.15256e-08,-1.4,-0.6
-9.0169e-02,-2,-6,-73,-77,-0.8,-2.4,-1.4,-2.2
-9.0092e-02,-4,2,-75,-71,-0.8,-7.15256e-08,-1.4,-1
-9.0015e-02,-4,-6,-77,-81,-0.8,-2.4,-1.4,-2.2
-8.9939e-02,-4,2,-77,-73,-1.6,-7.15256e-08,-1.4,-1
-8.9862e-02,-2,-6,-79,-83,-1.6,-2.4,-1.4,-2.2
-8.9785e-02,-4,2,-79,-77,-1.6,-7.15256e-08,-1.8,-1.4
-8.9708e-02,-4,-8,-81,-85,-1.6,-2.4,-1.8,-2.6
-8.9631e-02,-1.3411e-07,2,-83,-79,-1.6,-0.8,-1.8,-1.4
-8.9555e-02,-2,-6,-83,-87,-0.8,-2.4,-2.2,-2.6
-8.9478e-02,-2,2,-85,-81,-1.6,-0.8,-2.2,-1.4
-8.9401e-02,-4,-6,-85,-89,-0.8,-2.4,-2.2,-2.6
-8.9324e-02,-2,2,-87,-83,-2.4,-0.8,-2.2,-1.8
-8.9247e-02,-2,-6,-87,-91,-1.6,-3.2,-2.6,-3
-8.9171e-02,-2,2,-89,-85,-1.6,-0.8,-2.6,-1.8
-8.9094e-02,-2,-6,-89,-93,-1.6,-3.2,-2.6,-3
-8.9017e-02,-2,2,-91,-87,-1.6,-0.8,-2.6,-1.8
-8.8940e-02,-2,-6,-91,-95,-1.6,-3.2,-2.6,-3
-8.8863e-02,-2,2,-91,-89,-1.6,-0.8,-2.6,-2.2
-8.8786e-02,-4,-6,-93,-95,-2.4,-3.2,-2.6,-3
-8.8710e-02,-4,2,-93,-89,-2.4,-0.8,-2.6,-2.2
-8.8633e-02,-2,-6,-93,-97,-1.6,-3.2,-2.6,-3.4
-8.8556e-02,-2,2,-95,-91,-2.4,-0.8,-2.6,-2.2
-8.8479e-02,-2,-6,-95,-99,-1.6,-3.2,-2.6,-3.4
-8.8402e-02,-4,2,-95,-93,-1.6,-1.6,-3,-2.2
-8.8326e-02,-4,-6,-97,-99,-2.4,-3.2,-3,-3.4
-8.8249e-02,-4,2,-97,-93,-1.6,-0.8,-3,-2.6
-8.8172e-02,-2,-6,-97,-99,-2.4,-3.2,-3.4,-3.8
-8.8095e-02,-2,2,-97,-95,-2.4,-1.6,-3,-2.6
-8.8018e-02,-2,-6,-97,-101,-2.4,-3.2,-3,-3.8
-8.7942e-02,-2,2,-99,-95,-2.4,-1.6,-3.4,-2.6
-8.7865e-02,-4,-6,-99,-101,-2.4,-4,-3,-3.8
-8.7788e-02,-4,2,-99,-95,-2.4,-1.6,-3.4,-2.6
-8.7711e-02,-4,-6,-97,-101,-2.4,-3.2,-3.4,-3.8
-8.7634e-02,-4,2,-97,-95,-2.4,-1.6,-3.4,-2.6
-8.7558e-02,-2,-6,-97,-99,-2.4,-3.2,-3.4,-3.8
-8.7481e-02,-2,2,-97,-93,-2.4,-1.6,-3.4,-3
-8.7404e-02,-2,-6,-97,-99,-2.4,-3.2,-3.4,-3.8
-8.7327e-02,-4,2,-97,-93,-1.6,-1.6,-3.4,-3
-8.7250e-02,-2,-6,-95,-97,-2.4,-3.2,-3.4,-3.8
-8.7174e-02,-2,2,-95,-91,-2.4,-1.6,-3.4,-3
-8.7097e-02,-4,-8,-95,-97,-2.4,-3.2,-3.4,-3.8
-8.7020e-02,-2,2,-93,-89,-1.6,-1.6,-3.4,-3
-8.6943e-02,-2,-6,-93,-95,-2.4,-3.2,-3.4,-3.8
-8.6866e-02,-4,2,-91,-89,-2.4,-1.6,-3.4,-3
-8.6790e-02,-4,-8,-91,-93,-2.4,-3.2,-3.4,-3.8
-8.6713e-02,-2,2,-91,-87,-1.6,-1.6,-3.4,-3
-8.6636e-02,-2,-6,-89,-91,-2.4,-3.2,-3.4,-3.8
-8.6559e-02,-2,2,-87,-85,-2.4,-1.6,-3.4,-3
-8.6482e-02,-2,-6,-87,-89,-2.4,-3.2,-3.4,-3.8
-8.6406e-02,-4,2,-85,-83,-2.4,-1.6,-3.4,-3
-8.6329e-02,-2,-6,-85,-87,-2.4,-3.2,-3.4,-3.8
-8.6252e-02,-4,2,-85,-81,-2.4,-1.6,-3.4,-3
-8.6175e-02,-2,-6,-83,-85,-2.4,-3.2,-3.4,-3.8
-8.6098e-02,-1.3411e-07,2,-83,-79,-2.4,-1.6,-3.4,-3
-8.6022e-02,-2,-6,-81,-83,-2.4,-3.2,-3.4,-3.8
-8.5945e-02,-4,2,-79,-77,-2.4,-1.6,-3.4,-3
-8.5868e-02,-2,-6,-79,-81,-2.4,-3.2,-3.4,-3.8
-8.5791e-02,-1.3411e-07,2,-79,-75,-2.4,-1.6,-3.4,-3
-8.5714e-02,-4,-6,-77,-79,-1.6,-3.2,-3.4,-3.8
-8.5637e-02,-2,2,-75,-73,-2.4,-1.6,-3.4,-3
-8.5561e-02,-2,-6,-75,-77,-2.4,-3.2,-3.4,-3.8
-8.5484e-02,-4,2,-73,-71,-2.4,-1.6,-3.4,-3
-8.5407e-02,-4,-6,-73,-75,-2.4,-3.2,-3,-3.8
-8.5330e-02,-4,2,-71,-67,-2.4,-1.6,-3,-3
-8.5253e-02,-2,-6,-71,-71,-2.4,-3.2,-3.4,-3.8
-8.5177e-02,-4,2,-69,-65,-2.4,-1.6,-3,-2.6
-8.5100e-02,-2,-6,-67,-69,-2.4,-3.2,-3.4,-3.8
-8.5023e-02,-2,2,-67,-61,-2.4,-0.8,-3.4,-2.6
-8.4946e-02,-2,-6,-63,-65,-2.4,-3.2,-3,-3.8
-8.4869e-02,-4,2,-63,-57,-1.6,-0.8,-3,-2.6
-8.4793e-02,-2,-6,-61,-63,-1.6,-3.2,-3.4,-3.4
-8.4716e-02,-4,2,-59,-53,-1.6,-0.8,-3,-2.6
-8.4639e-02,-4,-6,-57,-59,-1.6,-3.2,-3,-3.4
-8.4562e-02,-2,2,-55,-49,-1.6,-0.8,-3,-2.6
-8.4485e-02,-4,-6,-53,-53,-1.6,-2.4,-2.6,-3.4
-8.4409e-02,-2,2,-49,-45,-1.6,-0.8,-3,-2.2
-8.4332e-02,-2,-6,-47,-49,-1.6,-2.4,-2.6,-3.4
-8.4255e-02,-4,2,-45,-39,-1.6,-0.8,-2.6,-2.2
-8.4178e-02,-2,-6,-41,-45,-1.6,-2.4,-2.6,-3
-8.4101e-02,-2,2,-39,-35,-1.6,-7.15256e-08,-2.6,-2.2
-8.4025e-02,-2,-6,-37,-39,-1.6,-2.4,-2.6,-3
-8.3948e-02,-2,2,-35,-29,-0.8,-7.15256e-08,-2.6,-1.8
-8.3871e-02,-4,-6,-31,-33,-0.8,-2.4,-2.6,-3
-8.3794e-02,-2,2,-29,-25,-0.8,-7.15256e-08,-2.2,-1.8
-8.3717e-02,-2,-8,-27,-29,-0.8,-2.4,-2.2,-2.6
-8.3641e-02,-2,2,-25,-19,-0.8,-7.15256e-08,-2.2,-1.8
-8.3564e-02,-2,-6,-23,-25,-0.8,-2.4,-2.2,-2.6
-8.3487e-02,-2,2,-21,-15,-0.8,-7.15256e-08,-2.2,-1.4
-8.3410e-02,-2,-6,-17,-19,-0.8,-1.6,-2.2,-2.2
-8.3333e-02,-4,2,-15,-11,-0.8,-7.15256e-08,-1.8,-1.4
-8.3257e-02,-2,-6,-13,-15,-7.15256e-08,-1.6,-1.8,-2.2
-8.3180e-02,-2,2,-11,-7,-0.8,-7.15256e-08,-1.8,-1
-8.3103e-02,-2,-6,-9,-11,-0.8,-1.6,-1.8,-2.2
-8.3026e-02,-4,2,-5,-3,-0.8,0.8,-1.8,-1
-8.2949e-02,-2,-6,-3,-7,-0.8,-1.6,-1.4,-1.8
-8.2873e-02,-4,2,-1,1,-7.15256e-08,0.8,-1.4,-1
-8.2796e-02,-4,-6,-1,-3,-0.8,-1.6,-1.4,-1.8
-8.2719e-02,-2,2,3,5,-7.15256e-08,0.8,-1.4,-0.6
-8.2642e-02,-2,-6,5,1,-7.15256e-08,-0.8,-1.4,-1.8
-8.2565e-02,-2,2,5,9,-7.15256e-08,0.8,-1,-0.6
-8.2488e-02,-2,-6,7,5,-7.15256e-08,-0.8,-1,-1.4
-8.2412e-02,-2,2,9,13,-7.15256e-08,0.8,-1,-0.6
-8.2335e-02,-2,-6,11,9,-7.15256e-08,-0.8,-1,-1.4
-8.2258e-02,-2,2,13,17,-7.15256e-08,1.6,-0.6,-0.2
-8.2181e-02,-4,-6,15,13,-7.15256e-08,-0.8,-1,-1
-8.2104e-02,-2,2,17,21,-7.15256e-08,1.6,-0.6,-0.2
-8.2028e-02,-2,-6,19,17,-7.15256e-08,-0.8,-0.6,-1
-8.1951e-02,-2,2,21,25,-7.15256e-08,1.6,-0.6,0.2
-8.1874e-02,-2,-6,23,21,0.8,-7.15256e-08,-0.2,-1
-8.1797e-02,-2,2,25,29,0.8,1.6,-0.2,0.2
-8.1720e-02,-2,-6,27,25,0.8,-7.15256e-08,-0.2,-0.6
-8.1644e-02,-2,2,29,33,0.8,1.6,-0.2,0.2
-8.1567e-02,-4,-6,31,29,1.6,-7.15256e-08,-0.2,-0.6
-8.1490e-02,-2,2,33,37,1.6,1.6,0.2,0.6
-8.1413e-02,-2,-6,35,33,1.6,-7.15256e-08,0.2,-0.2
-8.1336e-02,-2,2,37,41,0.8,2.4,0.2,0.6
-8.1260e-02,-2,-6,41,37,0.8,-7.15256e-08,0.2,-0.2
-8.1183e-02,-2,2,41,47,1.6,2.4,0.2,1
-8.1106e-02,-4,-6,45,43,1.6,0.8,0.6,-0.2
-8.1029e-02,-2,2,47,51,1.6,2.4,0.6,1
-8.0952e-02,-2,-6,47,47,1.6,0.8,0.6,0.2
-8.0876e-02,-2,2,51,55,1.6,2.4,0.6,1.4
-8.0799e-02,-2,-6,53,51,2.4,0.8,0.6,0.6
-8.0722e-02,-4,2,55,59,2.4,3.2,1,1.4
-8.0645e-02,-4,-6,57,55,1.6,0.8,1,0.6
-8.0568e-02,-4,2,59,63,1.6,3.2,1,1.4
-8.0492e-02,-4,-6,61,59,2.4,1.6,1,0.6
-8.0415e-02,-2,2,63,67,2.4,3.2,1.4,1.8
-8.0338e-02,-4,-6,65,63,2.4,1.6,1.4,1
-8.0261e-02,-4,2,67,71,2.4,3.2,1.4,1.8
-8.0184e-02,-2,-6,67,67,2.4,1.6,1.4,1
-8.0108e-02,-2,2,71,73,2.4,3.2,1.4,2.2
-8.0031e-02,-4,-6,71,69,2.4,1.6,1.4,1.4
-7.9954e-02,-2,2,73,77,3.2,4,1.8,2.2
-7.9877e-02,-2,-6,75,73,2.4,1.6,1.8,1.4
-7.9800e-02,-2,2,75,79,3.2,4,1.8,2.6
-7.9724e-02,-4,-6,77,75,2.4,1.6,1.8,1.4
-7.9647e-02,-2,2,79,81,3.2,4,2.2,2.6
-7.9570e-02,-2,-6,81,77,3.2,1.6,2.2,1.8
-7.9493e-02,-2,2,81,83,3.2,4,2.2,2.6
-7.9416e-02,-2,-6,81,79,2.4,2.4,2.2,1.8
-7.9339e-02,-4,2,83,85,3.2,4,2.2,2.6
-7.9263e-02,-1.3411e-07,-6,85,81,3.2,2.4,2.6,2.2
-7.9186e-02,-2,2,85,87,3.2,4,2.2,3
-7.9109e-02,-2,-6,85,83,3.2,2.4,2.6,2.2
-7.9032e-02,-2,2,85,89,3.2,4,2.6,3
-7.8955e-02,-2,-6,87,85,4,2.4,2.6,2.2
-7.8879e-02,-2,2,89,91,3.2,4,2.6,3.4
-7.8802e-02,-4,-6,89,87,3.2,2.4,2.6,2.2
-7.8725e-02,-2,2,89,93,4,4.8,2.6,3.4
-7.8648e-02,-4,-6,91,89,4,2.4,3,2.2
-7.8571e-02,-2,2,91,93,4,4.8,3,3.4
-7.8495e-02,-4,-6,91,89,4,2.4,3,2.6
-7.8418e-02,-2,2,91,95,4,4.8,3,3.4
-7.8341e-02,-2,-6,93,91,4,2.4,3,2.6
-7.8264e-02,-4,2,95,97,4,4.8,3.4,3.8
-7.8187e-02,-2,-6,93,91,4,2.4,3,2.6
-7.8111e-02,-2,2,95,97,4,4.8,3.4,3.8
-7.8034e-02,-2,-6,95,91,4,2.4,3,3
-7.7957e-02,-4,2,95,97,4,4.8,3.4,3.8
-7.7880e-02,-2,-6,97,93,4,3.2,3.4,3
-7.7803e-02,-2,2,93,97,4,4.8,3.4,3.8
-7.7727e-02,-4,-6,95,91,4,3.2,3.4,3
-7.7650e-02,-2,2,93,97,4,4.8,3.4,3.8
-7.7573e-02,-2,-6,93,91,4,2.4,3.4,3
-7.7496e-02,-2,2,95,97,4,4.8,3.4,3.8
-7.7419e-02,-2,-6,93,91,4,3.2,3.4,3
-7.7343e-02,-2,2,93,97,4,4.8,3.4,4.2
-7.7266e-02,-2,-6,91,89,4,3.2,3.4,3
-7.7189e-02,-2,2,93,95,4,4.8,3.4,4.2
-7.7112e-02,-2,-6,91,87,4,3.2,3.4,3
-7.7035e-02,-4,2,91,93,4,4.8,3.4,4.2
-7.6959e-02,-4,-6,89,85,4,2.4,3.8,3
-7.6882e-02,-2,2,89,91,4,4.8,3.4,4.2
-7.6805e-02,-2,-6,87,83,4,3.2,3.4,3
-7.6728e-02,-2,2,87,89,4,4.8,3.8,4.2
-7.6651e-02,-4,-6,85,81,4,3.2,3.4,3
-7.6575e-02,-2,2,83,87,4,4.8,3.4,4.2
-7.6498e-02,-2,-6,85,79,4.8,3.2,3.4,3
-7.6421e-02,-4,2,83,87,4,4.8,3.8,4.2
-7.6344e-02,-2,-6,81,77,4,3.2,3.8,3
-7.6267e-02,-4,2,81,85,4,4.8,3.8,4.2
-7.6190e-02,-2,-6,79,75,4,3.2,3.8,3
-7.6114e-02,-4,2,79,83,4,4.8,3.4,4.2
-7.6037e-02,-2,-6,79,73,4,2.4,3.4,3
-7.5960e-02,-2,2,77,81,4,4.8,3.8,4.2
-7.5883e-02,-2,-6,75,71,4,3.2,3.4,3
-7.5806e-02,-2,2,75,79,4,4.8,3.4,3.8
-7.5730e-02,-2,-6,73,69,4,2.4,3.4,3
-7.5653e-02,-4,2,73,75,4,4.8,3.4,3.8
-7.5576e-02,-2,-6,71,67,4,2.4,3.8,3
-7.5499e-02,-2,2,71,73,4,4.8,3.4,3.8
-7.5422e-02,-2,-6,69,65,3.2,2.4,3.4,3
-7.5346e-02,-4,2,69,71,4,4.8,3.4,3.8
-7.5269e-02,-2,-6,67,61,4,2.4,3.4,3
-7.5192e-02,-2,2,65,69,4,4.8,3.4,3.8
-7.5115e-02,-2,-6,63,59,4,2.4,3.4,3
-7.5038e-02,-2,2,61,65,4,4.8,3.4,3.8
-7.4962e-02,-2,-6,59,55,3.2,2.4,3.4,3
-7.4885e-02,-2,2,57,63,3.2,4.8,3.4,3.8
-7.4808e-02,-2,-6,57,51,3.2,2.4,3,2.6
-7.4731e-02,-2,2,55,59,3.2,4.8,3,3.8
-7.4654e-02,-4,-6,51,47,4,2.4,3.4,2.6
-7.4578e-02,-2,2,49,55,3.2,4,3,3.8
-7.4501e-02,-4,-6,47,43,3.2,2.4,3,2.6
-7.4424e-02,-2,2,47,51,3.2,4,3,3.4
-7.4347e-02,-2,-6,43,37,3.2,1.6,3,2.2
-7.4270e-02,-2,2,41,45,3.2,4,2.6,3.4
-7.4194e-02,-2,-6,39,33,2.4,1.6,2.6,2.2
-7.4117e-02,-2,2,35,41,2.4,4,2.6,3.4
-7.4040e-02,-2,-6,35,27,3.2,1.6,2.6,2.2
-7.3963e-02,-2,2,31,37,3.2,4,3,3.4
-7.3886e-02,-2,-6,29,21,2.4,1.6,2.6,1.8
-7.3810e-02,-2,2,27,31,3.2,4,2.6,3
-7.3733e-02,-2,-6,23,17,2.4,1.6,2.6,1.8
-7.3656e-02,-2,2,21,25,2.4,3.2,2.6,3
-7.3579e-02,-2,-6,19,11,2.4,1.6,2.2,1.8
-7.3502e-02,-2,2,17,21,2.4,3.2,2.2,2.6
-7.3425e-02,-2,-6,13,7,2.4,0.8,2.2,1.4
-7.3349e-02,-4,2,11,15,1.6,3.2,2.2,2.6
-7.3272e-02,-2,-6,11,3,2.4,0.8,1.8,1.4
-7.3195e-02,-2,2,7,11,1.6,3.2,1.8,2.2
-7.3118e-02,-4,-6,5,-1,2.4,0.8,1.8,1
-7.3041e-02,-2,2,3,7,1.6,3.2,1.4,2.2
-7.2965e-02,-2,-6,1,-5,1.6,0.8,1.8,1
-7.2888e-02,-2,2,-1,3,1.6,3.2,1.4,2.2
-7.2811e-02,-4,-6,-3,-9,2.4,0.8,1.4,1
-7.2734e-02,-2,2,-3,-1,1.6,3.2,1.4,1.8
-7.2657e-02,-2,-6,-9,-13,1.6,0.8,1.4,0.6
-7.2581e-02,-4,2,-9,-5,1.6,2.4,1.4,1.8
-7.2504e-02,-2,-6,-9,-15,1.6,-7.15256e-08,1.4,0.6
-7.2427e-02,-2,2,-13,-7,0.8,2.4,1,1.8
-7.2350e-02,-2,-6,-15,-19,1.6,-7.15256e-08,1,0.6
-7.2273e-02,-4,2,-15,-11,1.6,2.4,1,1.4
-7.2197e-02,-2,-6,-17,-23,0.8,-7.15256e-08,1,0.2
-7.2120e-02,-4,2,-19,-15,0.8,2.4,1,1.4
-7.2043e-02,-4,-6,-23,-27,1.6,-7.15256e-08,1,0.2
-7.1966e-02,-2,2,-23,-19,0.8,1.6,0.6,1.4
-7.1889e-02,-2,-6,-27,-31,0.8,-7.15256e-08,0.6,0.2
-7.1813e-02,-2,2,-29,-23,0.8,1.6,0.6,1
-7.1736e-02,-2,-6,-31,-37,0.8,-0.8,0.6,-0.2
-7.1659e-02,-2,2,-31,-27,0.8,1.6,0.2,1
-7.1582e-02,-2,-6,-35,-41,0.8,-0.8,0.2,-0.2
-7.1505e-02,-2,2,-37,-31,-7.15256e-08,1.6,0.2,0.6
-7.1429e-02,-2,-6,-39,-45,0.8,-0.8,0.2,-0.6
-7.1352e-02,-2,2,-41,-37,-7.15256e-08,1.6,0.2,0.6
-7.1275e-02,-4,-6,-43,-49,-7.15256e-08,-0.8,0.2,-0.6
-7.1198e-02,-4,2,-45,-41,-7.15256e-08,0.8,-0.2,0.2
-7.1121e-02,-2,-6,-47,-55,-7.15256e-08,-0.8,0.2,-1
-7.1045e-02,-2,2,-51,-45,-7.15256e-08,0.8,-0.2,0.2
-7.0968e-02,-2,-6,-53,-59,-7.15256e-08,-1.6,-0.2,-1
-7.0891e-02,-2,2,-55,-49,-7.15256e-08,0.8,-0.6,-0.2
-7.0814e-02,-4,-6,-57,-63,-0.8,-1.6,-0.6,-1.4
-7.0737e-02,-2,2,-59,-55,-0.8,0.8,-0.6,-0.2
-7.0661e-02,-2,-6,-61,-67,-7.15256e-08,-1.6,-1,-1.4
-7.0584e-02,-2,2,-63,-59,-0.8,0.8,-1,-0.2
-7.0507e-02,-2,-6,-65,-71,-0.8,-1.6,-1,-1.8
-7.0430e-02,-2,2,-67,-63,-0.8,-7.15256e-08,-1,-0.6
-7.0353e-02,-4,-6,-69,-73,-0.8,-2.4,-1,-1.8
-7.0276e-02,-2,2,-71,-65,-0.8,-7.15256e-08,-1,-0.6
-7.0200e-02,-2,-6,-73,-77,-0.8,-2.4,-1.4,-1.8
-7.0123e-02,-2,2,-73,-69,-0.8,-7.15256e-08,-1.4,-1
-7.0046e-02,-2,-6,-75,-79,-0.8,-2.4,-1.8,-2.2
-6.9969e-02,-4,2,-77,-73,-0.8,-7.15256e-08,-1.4,-1
-6.9892e-02,-2,-6,-79,-83,-1.6,-2.4,-1.8,-2.2
-6.9816e-02,-2,2,-79,-77,-1.6,-7.15256e-08,-1.8,-1.4
-6.9739e-02,-4,-6,-81,-85,-1.6,-2.4,-1.8,-2.6
-6.9662e-02,-2,2,-81,-79,-1.6,-0.8,-1.8,-1.4
-6.9585e-02,-4,-6,-83,-87,-1.6,-2.4,-1.8,-2.6
-6.9508e-02,-2,2,-85,-81,-1.6,-0.8,-2.2,-1.4
-6.9432e-02,-4,-6,-85,-89,-1.6,-2.4,-2.2,-2.6
-6.9355e-02,-2,2,-87,-83,-1.6,-0.8,-2.2,-1.4
-6.9278e-02,-2,-6,-87,-91,-1.6,-3.2,-2.2,-3
-6.9201e-02,-4,2,-89,-85,-1.6,-0.8,-2.2,-1.8
-6.9124e-02,-2,-6,-89,-93,-1.6,-3.2,-2.2,-3
-6.9048e-02,-2,2,-91,-87,-1.6,-0.8,-2.6,-1.8
-6.8971e-02,-2,-6,-91,-95,-1.6,-3.2,-2.6,-3
-6.8894e-02,-2,2,-91,-89,-1.6,-0.8,-2.2,-2.2
-6.8817e-02,-4,-6,-91,-95,-2.4,-3.2,-2.6,-3
-6.8740e-02,-2,2,-91,-89,-2.4,-0.8,-2.6,-2.2
-6.8664e-02,-4,-6,-95,-97,-1.6,-3.2,-2.6,-3.4
-6.8587e-02,-4,2,-93,-91,-2.4,-0.8,-2.6,-2.2
-6.8510e-02,-2,-6,-95,-99,-2.4,-3.2,-3,-3.4
-6.8433e-02,-2,2,-95,-93,-2.4,-0.8,-3,-2.2
-6.8356e-02,-2,-6,-97,-99,-2.4,-3.2,-3,-3.4
-6.8280e-02,-4,2,-97,-93,-1.6,-1.6,-3,-2.6
-6.8203e-02,-2,-6,-97,-99,-2.4,-3.2,-3,-3.4
-6.8126e-02,-2,2,-97,-95,-1.6,-1.6,-3,-2.6
-6.8049e-02,-2,-6,-97,-101,-2.4,-3.2,-3,-3.8
-6.7972e-02,-2,2,-99,-95,-2.4,-1.6,-3,-2.6
-6.7896e-02,-2,-6,-97,-101,-2.4,-3.2,-3,-3.8
-6.7819e-02,-1.3411e-07,2,-97,-95,-2.4,-1.6,-3,-2.6
-6.7742e-02,-2,-6,-99,-101,-2.4,-3.2,-3.4,-3.8
-6.7665e-02,-2,2,-97,-95,-1.6,-1.6,-3.4,-2.6
-6.7588e-02,-4,-6,-97,-99,-2.4,-3.2,-3.4,-3.8
-6.7512e-02,-4,2,-97,-95,-2.4,-1.6,-3.4,-3
-6.7435e-02,-4,-6,-99,-99,-2.4,-3.2,-3.4,-3.8
-6.7358e-02,-2,2,-97,-93,-2.4,-1.6,-3.4,-3
-6.7281e-02,-2,-6,-97,-97,-2.4,-3.2,-3.4,-3.8
-6.7204e-02,-4,2,-95,-91,-2.4,-1.6,-3.4,-3
-6.7127e-02,-4,-6,-95,-97,-2.4,-3.2,-3.4,-3.8
-6.7051e-02,-4,2,-93,-91,-2.4,-1.6,-3.4,-3
-6.6974e-02,-2,-6,-91,-95,-2.4,-3.2,-3.4,-3.8
-6.6897e-02,-2,2,-93,-89,-2.4,-1.6,-3.4,-3
-6.6820e-02,-2,-6,-91,-93,-2.4,-4,-3.4,-3.8
-6.6743e-02,-2,2,-91,-87,-1.6,-1.6,-3.4,-3
-6.6667e-02,-2,-6,-89,-91,-2.4,-4,-3.4,-3.8
-6.6590e-02,-2,2,-89,-85,-1.6,-1.6,-3.4,-3
-6.6513e-02,-2,-6,-87,-89,-2.4,-3.2,-3.4,-3.8
-6.6436e-02,-2,2,-87,-83,-2.4,-1.6,-3.4,-3
-6.6359e-02,-2,-6,-85,-87,-2.4,-3.2,-3.4,-3.8
-6.6283e-02,-2,2,-85,-81,-2.4,-1.6,-3.4,-3
-6.6206e-02,-4,-6,-83,-85,-2.4,-4,-3.4,-3.8
-6.6129e-02,-2,2,-83,-79,-2.4,-1.6,-3.4,-3
-6.6052e-02,-2,-6,-81,-83,-2.4,-4,-3.4,-3.8
-6.5975e-02,-2,2,-81,-77,-2.4,-1.6,-3.4,-3
-6.5899e-02,-2,-6,-81,-81,-2.4,-3.2,-3.4,-3.8
-6.5822e-02,-2,2,-79,-75,-2.4,-1.6,-3.4,-3
-6.5745e-02,-2,-6,-77,-79,-2.4,-3.2,-3.4,-3.8
-6.5668e-02,-2,2,-77,-73,-2.4,-1.6,-3.4,-3
-6.5591e-02,-2,-6,-75,-77,-2.4,-3.2,-3.4,-3.8
-6.5515e-02,-2,2,-75,-71,-2.4,-1.6,-3.4,-3
-6.5438e-02,-4,-6,-73,-75,-2.4,-3.2,-3.4,-3.8
-6.5361e-02,-2,2,-73,-69,-2.4,-1.6,-3.4,-3
-6.5284e-02,-4,-6,-71,-73,-2.4,-3.2,-3.4,-3.8
-6.5207e-02,-4,2,-69,-65,-2.4,-0.8,-3.4,-2.6
-6.5131e-02,-2,-6,-69,-69,-1.6,-3.2,-3.4,-3.8
-6.5054e-02,-2,2,-67,-63,-2.4,-0.8,-3,-2.6
-6.4977e-02,-2,-6,-63,-67,-2.4,-3.2,-3,-3.8
-6.4900e-02,-2,2,-63,-59,-1.6,-0.8,-3,-2.6
-6.4823e-02,-2,-6,-61,-63,-1.6,-3.2,-3,-3.4
-6.4747e-02,-2,2,-59,-55,-1.6,-0.8,-3,-2.6
-6.4670e-02,-4,-6,-57,-59,-1.6,-3.2,-3,-3.4
-6.4593e-02,-1.3411e-07,2,-55,-51,-1.6,-0.8,-3,-2.6
-6.4516e-02,-2,-6,-53,-55,-1.6,-2.4,-3,-3.4
-6.4439e-02,-2,2,-51,-45,-1.6,-0.8,-3,-2.2
-6.4363e-02,-4,-6,-47,-51,-1.6,-2.4,-3,-3
-6.4286e-02,-2,2,-45,-41,-0.8,-0.8,-3,-2.2
-6.4209e-02,-2,-6,-41,-45,-1.6,-2.4,-2.6,-3
-6.4132e-02,-2,2,-41,-35,-0.8,-7.15256e-08,-2.6,-2.2
-6.4055e-02,-2,-6,-37,-39,-0.8,-2.4,-2.6,-3
-6.3978e-02,-2,2,-35,-31,-1.6,-7.15256e-08,-2.2,-1.8
-6.3902e-02,-2,-6,-33,-35,-0.8,-2.4,-2.6,-3
-6.3825e-02,-2,2,-31,-25,-1.6,-7.15256e-08,-2.6,-1.8
-6.3748e-02,-2,-6,-27,-29,-0.8,-2.4,-2.2,-2.6
-6.3671e-02,-2,2,-23,-21,-0.8,-7.15256e-08,-2.2,-1.8
-6.3594e-02,-2,-6,-21,-25,-0.8,-2.4,-2.2,-2.6
-6.3518e-02,-4,2,-19,-15,-0.8,-7.15256e-08,-2.2,-1.4
-6.3441e-02,-2,-6,-19,-21,-0.8,-1.6,-1.8,-2.2
-6.3364e-02,-2,2,-15,-11,-0.8,0.8,-1.8,-1.4
-6.3287e-02,-2,-6,-13,-15,-0.8,-1.6,-1.8,-2.2
-6.3210e-02,-4,2,-11,-7,-0.8,0.8,-1.4,-1
-6.3134e-02,-4,-6,-7,-11,-0.8,-1.6,-1.8,-2.2
-6.3057e-02,-2,2,-7,-3,-0.8,0.8,-1.4,-1
-6.2980e-02,-4,-6,-5,-7,-7.15256e-08,-1.6,-1.4,-1.8
-6.2903e-02,-4,2,-3,1,-7.15256e-08,0.8,-1.4,-1
-6.2826e-02,-2,-6,-1,-3,-7.15256e-08,-1.6,-1.4,-1.8
-6.2750e-02,-2,2,1,5,-7.15256e-08,0.8,-1.4,-0.6
-6.2673e-02,-4,-6,3,1,-7.15256e-08,-1.6,-1,-1.8
-6.2596e-02,-4,2,5,9,-7.15256e-08,0.8,-1,-0.6
-6.2519e-02,-2,-6,7,5,-7.15256e-08,-0.8,-1,-1.4
-6.2442e-02,-2,2,9,13,-7.15256e-08,0.8,-1,-0.6
-6.2366e-02,-2,-6,11,9,-7.15256e-08,-0.8,-1,-1.4
-6.2289e-02,-4,2,11,17,-7.15256e-08,1.6,-0.6,-0.2
-6.2212e-02,-4,-6,15,13,-7.15256e-08,-0.8,-1,-1.4
-6.2135e-02,-2,2,15,21,-7.15256e-08,1.6,-0.6,-0.2
-6.2058e-02,-2,-6,19,15,0.8,-0.8,-0.6,-1
-6.1982e-02,-2,2,21,23,0.8,1.6,-0.6,-0.2
-6.1905e-02,-2,-6,21,21,0.8,-0.8,-0.2,-1
-6.1828e-02,-4,2,25,27,0.8,1.6,-0.2,0.2
-6.1751e-02,-2,-6,25,25,0.8,-7.15256e-08,-0.2,-1
-6.1674e-02,-2,2,27,33,0.8,1.6,-0.2,0.2
-6.1598e-02,-1.3411e-07,-6,29,29,1.6,-7.15256e-08,0.2,-0.6
-6.1521e-02,-2,2,33,37,1.6,2.4,0.2,0.6
-6.1444e-02,-4,-6,35,33,0.8,-7.15256e-08,0.2,-0.6
-6.1367e-02,-4,2,37,41,1.6,2.4,0.2,0.6
-6.1290e-02,-4,-6,37,37,1.6,-7.15256e-08,0.2,-0.2
-6.1214e-02,-2,2,41,45,1.6,2.4,0.2,1
-6.1137e-02,-2,-6,43,41,0.8,0.8,0.6,0.2
-6.1060e-02,-2,2,47,49,1.6,2.4,0.6,1
-6.0983e-02,-2,-6,47,47,1.6,0.8,0.6,0.2
-6.0906e-02,-4,2,51,55,1.6,2.4,0.6,1.4
-6.0829e-02,-2,-6,51,49,2.4,0.8,1,0.2
-6.0753e-02,-2,2,55,59,1.6,3.2,1,1.4
-6.0676e-02,-2,-6,57,55,2.4,0.8,1,0.6
-6.0599e-02,-4,2,59,63,2.4,3.2,1,1.4
-6.0522e-02,-2,-6,61,59,1.6,0.8,1.4,0.6
-6.0445e-02,-4,2,63,67,2.4,3.2,1.4,1.8
-6.0369e-02,-2,-6,65,63,2.4,0.8,1.4,1
-6.0292e-02,-2,2,67,69,2.4,3.2,1.4,1.8
-6.0215e-02,-2,-6,67,65,2.4,1.6,1.8,1
-6.0138e-02,-2,2,69,73,2.4,3.2,1.4,2.2
-6.0061e-02,-2,-6,71,69,2.4,1.6,1.8,1.4
-5.9985e-02,-2,2,73,77,2.4,4,1.8,2.2
-5.9908e-02,-2,-6,75,71,2.4,1.6,1.8,1.4
-5.9831e-02,-4,2,75,79,3.2,4,1.8,2.6
-5.9754e-02,-2,-6,77,75,3.2,1.6,1.8,1.4
-5.9677e-02,-2,2,79,81,3.2,4,2.2,2.6
-5.9601e-02,-2,-6,79,77,3.2,1.6,2.2,1.8
-5.9524e-02,-2,2,81,83,2.4,4,2.2,2.6
-5.9447e-02,-4,-6,81,79,3.2,1.6,2.2,1.8
-5.9370e-02,-4,2,83,85,3.2,4,2.2,2.6
-5.9293e-02,-4,-6,83,81,4,2.4,2.2,1.8
-5.9217e-02,-4,2,85,87,3.2,4,2.6,3
-5.9140e-02,-2,-6,85,83,3.2,2.4,2.6,2.2
-5.9063e-02,-4,2,87,89,3.2,4,2.6,3
-5.8986e-02,-2,-6,87,85,3.2,2.4,2.6,2.2
-5.8909e-02,-2,2,87,91,3.2,4.8,2.6,3.4
-5.8833e-02,-2,-6,87,87,3.2,2.4,2.6,2.2
-5.8756e-02,-4,2,89,93,4,4.8,3,3.4
-5.8679e-02,-2,-6,89,89,4,2.4,3,2.6
-5.8602e-02,-2,2,91,93,3.2,4.8,2.6,3.4
-5.8525e-02,-2,-6,91,89,4,2.4,3,2.6
-5.8449e-02,-4,2,91,95,4,4.8,3,3.4
-5.8372e-02,-2,-6,93,91,4,2.4,3,2.6
-5.8295e-02,-2,2,93,95,4,4.8,3,3.4
-5.8218e-02,-2,-6,93,91,4,2.4,3,2.6
-5.8141e-02,-2,2,95,97,4,4.8,3.4,3.8
-5.8065e-02,-2,-6,93,91,4,3.2,3.4,2.6
-5.7988e-02,-2,2,93,97,4,4.8,3.4,3.8
-5.7911e-02,-2,-6,95,93,4,3.2,3.4,3
-5.7834e-02,-4,2,95,97,4,4.8,3.4,3.8
-5.7757e-02,-2,-6,95,91,4,3.2,3.4,3
-5.7680e-02,-2,2,95,97,4,4.8,3.4,3.8
-5.7604e-02,-2,-6,95,91,4,2.4,3.4,3
-5.7527e-02,-2,2,93,97,4,4.8,3.4,3.8
-5.7450e-02,-2,-6,93,91,4,3.2,3.4,3
-5.7373e-02,-2,2,91,95,4,4.8,3.4,3.8
-5.7296e-02,-1.3411e-07,-6,91,89,4,3.2,3.8,3
-5.7220e-02,-4,2,91,95,4,4.8,3.4,4.2
-5.7143e-02,-2,-6,91,87,4,3.2,3.4,3
-5.7066e-02,-2,2,89,93,4,4.8,3.8,4.2
-5.6989e-02,-2,-6,89,85,4,3.2,3.4,3
-5.6912e-02,-2,2,89,91,4,4.8,3.4,4.2
-5.6836e-02,-2,-6,87,83,4,3.2,3.4,3
-5.6759e-02,-2,2,87,91,4,4.8,3.4,4.2
-5.6682e-02,-2,-6,85,83,4,3.2,3.4,3
-5.6605e-02,-2,2,85,89,4,4.8,3.4,4.2
-5.6528e-02,-2,-6,83,79,4,3.2,3.4,3
-5.6452e-02,-2,2,83,87,4,4.8,3.4,4.2
-5.6375e-02,-2,-6,81,77,4,3.2,3.4,3
-5.6298e-02,-4,2,81,85,4,4.8,3.8,4.2
-5.6221e-02,-2,-6,79,77,4,2.4,3.4,3
-5.6144e-02,-4,2,79,83,4,4.8,3.4,4.2
-5.6068e-02,-2,-6,79,73,4,2.4,3.4,3
-5.5991e-02,-4,2,77,81,4,4.8,3.4,4.2
-5.5914e-02,-4,-6,77,73,4,2.4,3.4,3
-5.5837e-02,-2,2,75,79,4,4.8,3.4,4.2
-5.5760e-02,-4,-6,73,69,4,2.4,3.4,3
-5.5684e-02,-2,2,73,77,4,4.8,3.4,4.2
-5.5607e-02,-4,-6,71,67,4,2.4,3.4,3
-5.5530e-02,-2,2,71,73,4,4.8,3.4,3.8
-5.5453e-02,-4,-6,71,65,4,2.4,3.4,3
-5.5376e-02,-2,2,69,71,4,4.8,3.4,3.8
-5.5300e-02,-4,-6,67,61,4,2.4,3.4,3
-5.5223e-02,-2,2,67,69,4,4.8,3.4,3.8
-5.5146e-02,-4,-6,63,59,4,2.4,3.4,3
-5.5069e-02,-2,2,61,65,4,4.8,3.4,3.8
-5.4992e-02,-2,-6,61,55,4,2.4,3.4,2.6
-5.4916e-02,-2,2,59,63,4,4.8,3.4,3.8
-5.4839e-02,-2,-6,57,51,3.2,2.4,3.4,2.6
-5.4762e-02,-2,2,55,59,4,4.8,3.4,3.8
-5.4685e-02,-2,-6,53,47,3.2,2.4,3.4,2.6
-5.4608e-02,-2,2,51,55,3.2,4.8,3,3.8
-5.4531e-02,-2,-6,49,43,3.2,2.4,3,2.6
-5.4455e-02,-2,2,47,51,3.2,4,3,3.4
-5.4378e-02,-2,-6,45,37,4,1.6,3,2.2
-5.4301e-02,-2,2,43,47,2.4,4,3,3.4
-5.4224e-02,-4,-6,41,33,3.2,1.6,2.6,2.2
-5.4147e-02,-2,2,37,41,3.2,4,3,3.4
-5.4071e-02,-2,-6,35,27,3.2,1.6,3,2.2
-5.3994e-02,-2,2,33,37,2.4,4,2.6,3
-5.3917e-02,-2,-6,29,23,3.2,1.6,2.6,1.8
-5.3840e-02,-4,2,27,31,2.4,4,2.6,3
-5.3763e-02,-2,-6,25,17,2.4,1.6,2.2,1.8
-5.3687e-02,-4,2,21,27,2.4,3.2,2.2,3
-5.3610e-02,-2,-6,19,13,2.4,1.6,2.2,1.8
-5.3533e-02,-4,2,15,21,2.4,3.2,2.2,2.6
-5.3456e-02,-2,-6,15,9,1.6,1.6,2.2,1.4
-5.3379e-02,-2,2,11,17,2.4,3.2,1.8,2.6
-5.3303e-02,-2,-6,9,3,2.4,0.8,1.8,1.4
-5.3226e-02,-4,2,7,13,2.4,3.2,1.8,2.2
-5.3149e-02,-2,-6,5,-1,2.4,0.8,1.4,1.4
-5.3072e-02,-4,2,3,7,2.4,3.2,1.8,2.2
-5.2995e-02,-2,-6,1,-5,1.6,0.8,1.4,1
-5.2919e-02,-4,2,-1,3,1.6,3.2,1.4,2.2
-5.2842e-02,-2,-6,-3,-7,1.6,0.8,1.4,1
-5.2765e-02,-2,2,-5,-1,1.6,3.2,1.8,1.8
-5.2688e-02,-4,-6,-7,-11,1.6,0.8,1.4,0.6
-5.2611e-02,-4,2,-9,-3,2.4,2.4,1,1.8
-5.2535e-02,-2,-6,-9,-15,1.6,0.8,1,0.6
-5.2458e-02,-4,2,-13,-7,1.6,2.4,1,1.8
-5.2381e-02,-2,-6,-13,-19,1.6,-7.15256e-08,1,0.6
-5.2304e-02,-1.3411e-07,2,-15,-11,1.6,2.4,1,1.4
-5.2227e-02,-2,-6,-19,-23,1.6,-7.15256e-08,1,0.2
-5.2151e-02,-2,2,-19,-15,1.6,2.4,1,1.4
-5.2074e-02,-2,-6,-21,-27,1.6,-7.15256e-08,0.6,0.2
-5.1997e-02,-2,2,-21,-19,1.6,2.4,0.6,1.4
-5.1920e-02,-2,-6,-25,-31,1.6,-7.15256e-08,0.6,0.2
-5.1843e-02,-2,2,-29,-23,0.8,1.6,0.6,1
-5.1767e-02,-4,-6,-31,-35,0.8,-7.15256e-08,0.6,-0.2
-5.1690e-02,-4,2,-31,-27,0.8,1.6,0.6,1
-5.1613e-02,-2,-6,-35,-39,0.8,-0.8,0.2,-0.2
-5.1536e-02,-2,2,-37,-31,-7.15256e-08,1.6,0.2,0.6
-5.1459e-02,-2,-6,-37,-45,0.8,-0.8,0.2,-0.6
-5.1382e-02,-1.3411e-07,2,-41,-35,0.8,1.6,0.2,0.6
-5.1306e-02,-2,-6,-43,-49,-7.15256e-08,-0.8,-0.2,-0.6
-5.1229e-02,-2,2,-45,-41,-7.15256e-08,1.6,-0.2,0.2
-5.1152e-02,-2,-6,-47,-53,0.8,-0.8,-0.2,-1
-5.1075e-02,-4,2,-51,-45,-7.15256e-08,0.8,-0.2,0.2
-5.0998e-02,-2,-6,-51,-59,-7.15256e-08,-1.6,-0.6,-1
-5.0922e-02,-2,2,-53,-49,-7.15256e-08,0.8,-0.6,-0.2
-5.0845e-02,-4,-6,-57,-63,-7.15256e-08,-1.6,-0.6,-1.4
-5.0768e-02,-2,2,-57,-53,-7.15256e-08,0.8,-1,-0.2
-5.0691e-02,-2,-6,-61,-67,-0.8,-1.6,-0.6,-1.4
-5.0614e-02,-2,2,-63,-57,-0.8,0.8,-1,-0.2
-5.0538e-02,-2,-6,-65,-69,-0.8,-1.6,-1,-1.8
-5.0461e-02,-2,2,-65,-61,-0.8,0.8,-1.4,-0.6
-5.0384e-02,-2,-6,-67,-73,-0.8,-1.6,-1,-1.8
-5.0307e-02,-4,2,-69,-65,-0.8,-7.15256e-08,-1,-0.6
-5.0230e-02,-4,-6,-71,-77,-0.8,-2.4,-1.4,-1.8
-5.0154e-02,-2,2,-73,-69,-0.8,-7.15256e-08,-1.4,-1
-5.0077e-02,-4,-6,-75,-79,-0.8,-2.4,-1.4,-2.2
-5.0000e-02,-2,2,-77,-73,-0.8,-7.15256e-08,-1.8,-1
-4.9923e-02,-2,-6,-77,-83,-0.8,-2.4,-1.4,-2.2
-4.9846e-02,-4,2,-77,-75,-0.8,-7.15256e-08,-1.8,-1.4
-4.9770e-02,-2,-6,-81,-85,-1.6,-2.4,-1.8,-2.2
-4.9693e-02,-2,2,-81,-79,-1.6,-7.15256e-08,-1.8,-1.4
-4.9616e-02,-2,-6,-81,-87,-1.6,-2.4,-2.2,-2.6
-4.9539e-02,-2,2,-83,-81,-1.6,-7.15256e-08,-1.8,-1.4
-4.9462e-02,-4,-6,-85,-89,-1.6,-2.4,-1.8,-2.6
-4.9386e-02,-4,2,-87,-83,-1.6,-0.8,-2.2,-1.8
-4.9309e-02,-4,-6,-87,-91,-1.6,-2.4,-2.2,-2.6
-4.9232e-02,-2,2,-87,-85,-1.6,-0.8,-2.6,-1.8
-4.9155e-02,-2,-6,-87,-93,-1.6,-3.2,-2.2,-3
-4.9078e-02,-4,2,-89,-87,-1.6,-0.8,-2.6,-1.8
-4.9002e-02,-4,-6,-91,-93,-1.6,-3.2,-2.6,-3
-4.8925e-02,-2,2,-91,-87,-1.6,-0.8,-2.6,-2.2
-4.8848e-02,-2,-6,-93,-95,-1.6,-3.2,-2.6,-3
-4.8771e-02,-2,2,-93,-89,-1.6,-0.8,-2.6,-2.2
-4.8694e-02,-2,-6,-93,-97,-1.6,-3.2,-2.6,-3.4
-4.8618e-02,-2,2,-95,-91,-2.4,-0.8,-3,-2.2
-4.8541e-02,-2,-6,-97,-97,-2.4,-3.2,-2.6,-3.4
-4.8464e-02,-2,2,-95,-93,-2.4,-0.8,-3,-2.2
-4.8387e-02,-2,-6,-95,-99,-2.4,-3.2,-3,-3.4
-4.8310e-02,-2,2,-95,-93,-2.4,-1.6,-3,-2.6
-4.8233e-02,-2,-6,-97,-99,-2.4,-3.2,-3,-3.4
-4.8157e-02,-2,2,-97,-95,-2.4,-1.6,-3,-2.6
-4.8080e-02,-2,-6,-97,-101,-2.4,-3.2,-3,-3.8
-4.8003e-02,-4,2,-99,-95,-2.4,-1.6,-3,-2.6
-4.7926e-02,-2,-6,-97,-101,-2.4,-3.2,-3.4,-3.8
-4.7849e-02,-4,2,-97,-95,-2.4,-1.6,-3,-2.6
-4.7773e-02,-4,-6,-97,-101,-2.4,-3.2,-3,-3.8
-4.7696e-02,-2,2,-97,-95,-1.6,-1.6,-3,-2.6
-4.7619e-02,-4,-6,-97,-99,-2.4,-3.2,-3.4,-3.8
-4.7542e-02,-2,2,-97,-95,-2.4,-1.6,-3,-3
-4.7465e-02,-2,-6,-97,-99,-2.4,-3.2,-3,-3.8
-4.7389e-02,-2,2,-97,-93,-2.4,-1.6,-3.4,-3
-4.7312e-02,-4,-6,-97,-97,-2.4,-3.2,-3.4,-3.8
-4.7235e-02,-2,2,-95,-91,-2.4,-1.6,-3.4,-3
-4.7158e-02,-2,-6,-95,-97,-2.4,-3.2,-3.4,-3.8
-4.7081e-02,-2,2,-95,-91,-2.4,-1.6,-3.4,-3
-4.7005e-02,-4,-6,-93,-95,-2.4,-3.2,-3.4,-3.8
-4.6928e-02,-2,2,-93,-89,-2.4,-1.6,-3.4,-3
-4.6851e-02,-2,-6,-91,-93,-2.4,-3.2,-3.4,-3.8
-4.6774e-02,-2,2,-89,-87,-2.4,-1.6,-3.4,-3
-4.6697e-02,-2,-6,-89,-91,-2.4,-3.2,-3.4,-3.8
-4.6621e-02,-2,2,-89,-85,-2.4,-1.6,-3.4,-3
-4.6544e-02,-2,-6,-87,-89,-2.4,-3.2,-3.4,-3.8
-4.6467e-02,-4,2,-87,-83,-2.4,-1.6,-3.4,-3
-4.6390e-02,-4,-6,-85,-87,-2.4,-4,-3.4,-3.8
-4.6313e-02,-2,2,-85,-81,-2.4,-1.6,-3.4,-3
-4.6237e-02,-2,-6,-83,-85,-2.4,-3.2,-3.4,-3.8
-4.6160e-02,-2,2,-83,-79,-2.4,-1.6,-3.4,-3
-4.6083e-02,-2,-6,-81,-85,-2.4,-4,-3.4,-3.8
-4.6006e-02,-2,2,-81,-77,-1.6,-1.6,-3.4,-3
-4.5929e-02,-2,-6,-79,-81,-2.4,-3.2,-3.4,-3.8
-4.5853e-02,-2,-1.3411e-07,-79,-75,-2.4,-1.6,-3.4,-3
-4.5776e-02,-4,-6,-79,-79,-2.4,-3.2,-3.4,-3.8
-4.5699e-02,-2,2,-77,-73,-2.4,-1.6,-3.4,-3
-4.5622e-02,-4,-6,-75,-77,-2.4,-3.2,-3.4,-3.8
-4.5545e-02,-2,2,-75,-71,-2.4,-1.6,-3.4,-3
-4.5469e-02,-2,-6,-73,-75,-2.4,-3.2,-3.4,-3.8
-4.5392e-02,-4,2,-71,-69,-2.4,-1.6,-3.4,-3
-4.5315e-02,-2,-6,-69,-73,-2.4,-3.2,-3.4,-3.8
-4.5238e-02,-4,-1.3411e-07,-69,-65,-1.6,-1.6,-3.4,-3
-4.5161e-02,-2,-6,-67,-69,-2.4,-3.2,-3,-3.8
-4.5084e-02,-2,2,-67,-63,-1.6,-1.6,-3.4,-2.6
-4.5008e-02,-2,-6,-63,-67,-1.6,-3.2,-3,-3.8
-4.4931e-02,-2,2,-63,-59,-1.6,-0.8,-3.4,-2.6
-4.4854e-02,-2,-6,-61,-63,-1.6,-3.2,-3.4,-3.8
-4.4777e-02,-2,2,-59,-55,-1.6,-0.8,-3,-2.6
-4.4700e-02,-4,-6,-57,-59,-1.6,-3.2,-3.4,-3.4
-4.4624e-02,-2,2,-55,-51,-1.6,-0.8,-3,-2.6
-4.4547e-02,-4,-6,-53,-55,-1.6,-2.4,-3,-3.4
-4.4470e-02,-2,2,-51,-47,-1.6,-0.8,-3,-2.2
-4.4393e-02,-2,-6,-49,-51,-1.6,-2.4,-2.6,-3.4
-4.4316e-02,-4,2,-47,-41,-1.6,-0.8,-2.6,-2.2
-4.4240e-02,-2,-6,-45,-45,-0.8,-2.4,-2.6,-3
-4.4163e-02,-4,2,-41,-35,-1.6,-7.15256e-08,-3,-2.2
-4.4086e-02,-4,-6,-39,-41,-1.6,-2.4,-2.6,-3
-4.4009e-02,-4,2,-35,-31,-1.6,-7.15256e-08,-2.6,-1.8
-4.3932e-02,-4,-6,-33,-35,-0.8,-2.4,-2.6,-3
-4.3856e-02,-4,2,-31,-25,-0.8,-7.15256e-08,-2.2,-1.8
-4.3779e-02,-2,-6,-29,-31,-0.8,-2.4,-2.6,-2.6
-4.3702e-02,-4,2,-25,-21,-7.15256e-08,-7.15256e-08,-2.2,-1.8
-4.3625e-02,-6,-6,-23,-25,-0.8,-1.6,-2.2,-2.6
-4.3548e-02,-2,2,-21,-15,-0.8,-7.15256e-08,-1.8,-1.4
-4.3472e-02,-2,-6,-19,-19,-0.8,-1.6,-1.8,-2.6
-4.3395e-02,-4,-1.3411e-07,-15,-11,-0.8,-7.15256e-08,-1.8,-1.4
-4.3318e-02,-2,-6,-13,-15,-0.8,-1.6,-1.8,-2.2
-4.3241e-02,-2,2,-11,-7,-0.8,0.8,-1.4,-1.4
-4.3164e-02,-4,-6,-9,-11,-0.8,-1.6,-1.8,-2.2
-4.3088e-02,-2,2,-7,-3,-0.8,0.8,-1.8,-1
-4.3011e-02,-2,-6,-5,-7,-0.8,-1.6,-1.4,-1.8
-4.2934e-02,-4,2,-3,1,-7.15256e-08,0.8,-1.4,-1
-4.2857e-02,-4,-6,-1,-3,-7.15256e-08,-1.6,-1.4,-1.8
-4.2780e-02,-4,2,1,5,-0.8,0.8,-1.4,-0.6
-4.2704e-02,-2,-6,3,1,-7.15256e-08,-0.8,-1,-1.8
-4.2627e-02,-2,2,5,9,-7.15256e-08,0.8,-1.4,-0.6
-4.2550e-02,-2,-6,7,5,-7.15256e-08,-0.8,-1,-1.4
-4.2473e-02,-2,2,7,13,-7.15256e-08,0.8,-1,-0.6
-4.2396e-02,-2,-6,9,7,-7.15256e-08,-0.8,-1,-1.4
-4.2320e-02,-2,2,13,15,-7.15256e-08,1.6,-1,-0.2
-4.2243e-02,-4,-6,13,11,-7.15256e-08,-0.8,-0.6,-1.4
-4.2166e-02,-2,2,15,19,-7.15256e-08,1.6,-0.6,-0.2
-4.2089e-02,-2,-6,17,15,0.8,-0.8,-0.6,-1
-4.2012e-02,-2,2,19,23,0.8,1.6,-0.6,-0.2
-4.1935e-02,-2,-6,23,19,0.8,-0.8,-0.6,-1
-4.1859e-02,-2,2,23,27,-7.15256e-08,1.6,-0.2,0.2
-4.1782e-02,-2,-6,25,23,1.6,-7.15256e-08,-0.6,-0.6
-4.1705e-02,-4,2,29,33,0.8,1.6,-0.2,0.2
-4.1628e-02,-4,-6,31,29,0.8,-7.15256e-08,-0.2,-0.6
-4.1551e-02,-2,2,33,37,0.8,2.4,-0.2,0.6
-4.1475e-02,-4,-6,35,33,0.8,-7.15256e-08,0.2,-0.6
-4.1398e-02,-4,2,35,41,0.8,2.4,0.2,0.6
-4.1321e-02,-2,-6,39,37,1.6,-7.15256e-08,0.2,-0.2
-4.1244e-02,-2,2,41,45,1.6,2.4,0.2,1
-4.1167e-02,-2,-6,43,41,1.6,-7.15256e-08,0.2,-0.2
-4.1091e-02,-2,2,45,49,1.6,2.4,0.6,1
-4.1014e-02,-2,-6,47,45,1.6,0.8,0.6,0.2
-4.0937e-02,-2,2,49,53,0.8,2.4,0.6,1.4
-4.0860e-02,-4,-6,51,49,1.6,0.8,0.6,0.2
-4.0783e-02,-2,2,53,59,1.6,3.2,1,1.4
-4.0707e-02,-2,-6,55,55,1.6,0.8,1,0.6
-4.0630e-02,-2,2,59,61,2.4,3.2,1,1.4
-4.0553e-02,-1.3411e-07,-6,59,57,2.4,0.8,1,0.6
-4.0476e-02,-4,2,61,65,1.6,3.2,1,1.8
-4.0399e-02,-4,-6,63,63,2.4,1.6,1.4,1
-4.0323e-02,-4,2,65,69,2.4,3.2,1,1.8
-4.0246e-02,-2,-6,67,65,2.4,1.6,1.4,1
-4.0169e-02,-2,2,69,73,2.4,3.2,1.4,2.2
-4.0092e-02,-2,-6,71,69,2.4,1.6,1.4,1.4
-4.0015e-02,-4,2,73,75,2.4,4,1.8,2.2
-3.9939e-02,-4,-6,73,71,2.4,1.6,1.8,1.4
-3.9862e-02,-2,2,75,79,2.4,4,1.8,2.6
-3.9785e-02,-2,-6,77,75,3.2,1.6,2.2,1.4
-3.9708e-02,-2,2,79,81,2.4,4,2.2,2.6
-3.9631e-02,-2,-6,79,77,2.4,1.6,2.2,1.8
-3.9555e-02,-2,2,81,83,3.2,4,2.2,2.6
-3.9478e-02,-2,-6,81,79,3.2,1.6,2.2,1.8
-3.9401e-02,-4,2,83,85,3.2,4,2.2,2.6
-3.9324e-02,-4,-6,83,81,2.4,2.4,2.6,1.8
-3.9247e-02,-2,2,85,87,3.2,4,2.6,3
-3.9171e-02,-2,-6,85,83,3.2,2.4,2.6,2.2
-3.9094e-02,-2,2,87,89,3.2,4,2.6,3
-3.9017e-02,-2,-6,87,85,4,2.4,2.6,2.2
-3.8940e-02,-2,2,87,91,3.2,4,2.6,3.4
-3.8863e-02,-2,-6,89,87,3.2,2.4,2.6,2.2
-3.8786e-02,-2,2,91,93,3.2,4.8,2.6,3.4
-3.8710e-02,-4,-6,91,89,3.2,2.4,3,2.2
-3.8633e-02,-4,2,91,93,4,4.8,3,3.4
-3.8556e-02,-4,-6,91,89,4,2.4,3,2.6
-3.8479e-02,-4,2,93,95,4,4.8,3,3.4
-3.8402e-02,-4,-6,93,89,3.2,2.4,3,2.6
-3.8326e-02,-1.3411e-07,2,93,95,4,4.8,3,3.8
-3.8249e-02,-2,-6,95,91,3.2,2.4,3.4,2.6
-3.8172e-02,-4,2,93,97,4,4.8,3,3.8
-3.8095e-02,-2,-6,95,91,4,2.4,3.4,2.6
-3.8018e-02,-2,2,95,97,4,4.8,3,3.8
-3.7942e-02,-4,-6,95,93,4,3.2,3,3
-3.7865e-02,-4,2,95,97,4,4.8,3.4,3.8
-3.7788e-02,-2,-6,95,93,4,3.2,3.4,3
-3.7711e-02,-2,2,95,97,4,4.8,3.4,3.8
-3.7634e-02,-2,-6,93,91,4,3.2,3.4,3
-3.7558e-02,-2,2,95,97,3.2,4.8,3.4,3.8
-3.7481e-02,-2,-6,95,91,4,3.2,3.4,3
-3.7404e-02,-4,2,93,97,3.2,4.8,3.4,3.8
-3.7327e-02,-2,-6,93,89,4,2.4,3.4,3
-3.7250e-02,-2,2,91,95,4,4.8,3.4,4.2
-3.7174e-02,-4,-6,89,87,4,3.2,3.4,3
-3.7097e-02,-2,2,89,93,4,4.8,3.4,4.2
-3.7020e-02,-2,-6,89,87,4,3.2,3.4,3
-3.6943e-02,-4,2,89,91,4,4.8,3.8,4.2
-3.6866e-02,-2,-6,87,85,4,3.2,3.4,3
-3.6790e-02,-2,2,87,91,4,4.8,3.4,4.2
-3.6713e-02,-2,-6,87,83,4,3.2,3.4,3
-3.6636e-02,-4,2,85,89,4,4.8,3.8,4.2
-3.6559e-02,-4,-6,85,81,4,2.4,3.8,3
-3.6482e-02,-2,2,85,87,4.8,4.8,3.4,4.2
-3.6406e-02,-2,-6,83,79,4,3.2,3.8,3
-3.6329e-02,-2,2,81,85,4,4.8,3.4,4.2
-3.6252e-02,-4,-6,81,77,4,3.2,3.4,3
-3.6175e-02,-2,2,81,83,4,4.8,3.4,4.2
-3.6098e-02,-1.3411e-07,-6,79,75,4,3.2,3.4,3
-3.6022e-02,-4,2,77,81,4,4.8,3.4,4.2
-3.5945e-02,-2,-6,77,73,4,3.2,3.4,3
-3.5868e-02,-2,2,75,79,4,4.8,3.8,3.8
-3.5791e-02,-2,-6,73,71,3.2,2.4,3.4,3
-3.5714e-02,-2,2,73,77,4,4.8,3.4,4.2
-3.5637e-02,-2,-6,71,67,4,2.4,3.4,3
-3.5561e-02,-2,2,71,73,4,4.8,3.4,4.2
-3.5484e-02,-2,-6,71,65,4,2.4,3.4,3
-3.5407e-02,-4,2,67,71,4,4.8,3.4,3.8
-3.5330e-02,-4,-6,67,63,3.2,2.4,3.4,3
-3.5253e-02,-2,2,65,69,4,4.8,3.4,3.8
-3.5177e-02,-2,-6,65,59,4,2.4,3,3
-3.5100e-02,-4,2,61,67,3.2,4.8,3.4,3.8
-3.5023e-02,-2,-6,61,55,3.2,2.4,3.4,3
-3.4946e-02,-1.3411e-07,2,59,63,3.2,4.8,3.4,3.8
-3.4869e-02,-2,-6,57,51,3.2,2.4,3,2.6
-3.4793e-02,-2,2,55,59,4,4.8,3.4,3.8
-3.4716e-02,-2,-6,53,47,3.2,2.4,3,2.6
-3.4639e-02,-4,2,51,55,4,4,3,3.8
-3.4562e-02,-2,-6,49,43,3.2,2.4,3,2.6
-3.4485e-02,-2,2,47,51,3.2,4,3,3.4
-3.4409e-02,-2,-6,45,39,3.2,1.6,3,2.2
-3.4332e-02,-2,2,43,47,3.2,4,3,3.4
-3.4255e-02,-2,-6,41,33,3.2,1.6,3,2.2
-3.4178e-02,-4,2,37,43,2.4,4,2.6,3.4
-3.4101e-02,-2,-6,35,29,2.4,1.6,3,2.2
-3.4025e-02,-4,2,33,37,2.4,4,2.6,3
-3.3948e-02,-2,-6,31,23,2.4,1.6,2.6,2.2
-3.3871e-02,-2,2,29,33,1.6,4,2.6,3
-3.3794e-02,-4,-6,25,19,2.4,1.6,2.6,1.8
-3.3717e-02,-2,2,23,27,2.4,3.2,2.2,3
-3.3641e-02,-2,-6,19,13,2.4,1.6,2.2,1.8
-3.3564e-02,-4,2,17,21,2.4,3.2,2.2,2.6
-3.3487e-02,-4,-6,15,9,2.4,0.8,2.2,1.4
-3.3410e-02,-2,2,11,17,1.6,3.2,2.2,2.6
-3.3333e-02,-4,-6,11,5,2.4,0.8,1.8,1.4
-3.3257e-02,-2,2,9,13,1.6,3.2,2.2,2.2
-3.3180e-02,-2,-6,5,1,2.4,0.8,2.2,1.4
-3.3103e-02,-2,2,5,9,1.6,3.2,1.8,2.2
-3.3026e-02,-2,-6,3,-3,1.6,0.8,1.8,1
-3.2949e-02,-2,2,-1,5,1.6,2.4,1.8,2.2
-3.2873e-02,-4,-6,-3,-7,1.6,0.8,1.4,1
-3.2796e-02,-4,2,-3,-1,1.6,2.4,1.4,1.8
-3.2719e-02,-2,-6,-5,-11,2.4,0.8,1.4,1
-3.2642e-02,-4,2,-7,-3,1.6,2.4,1.4,1.8
-3.2565e-02,-2,-6,-9,-15,1.6,0.8,1.4,0.6
-3.2488e-02,-2,2,-11,-7,1.6,2.4,1.4,1.8
-3.2412e-02,-2,-6,-11,-19,1.6,-7.15256e-08,1.4,0.6
-3.2335e-02,-1.3411e-07,2,-15,-11,1.6,2.4,1,1.8
-3.2258e-02,-2,-6,-17,-23,1.6,-7.15256e-08,1,0.6
-3.2181e-02,-4,2,-19,-15,1.6,2.4,1,1.4
-3.2104e-02,-2,-6,-21,-27,0.8,-7.15256e-08,0.6,0.2
-3.2028e-02,-2,2,-23,-19,1.6,1.6,0.6,1.4
-3.1951e-02,-4,-6,-25,-31,0.8,-7.15256e-08,0.6,0.2
-3.1874e-02,-2,2,-27,-23,0.8,1.6,0.6,1
-3.1797e-02,-2,-6,-29,-35,0.8,-0.8,0.6,-0.2
-3.1720e-02,-2,2,-31,-27,-7.15256e-08,1.6,0.6,1
-3.1644e-02,-2,-6,-35,-39,0.8,-0.8,0.2,-0.2
-3.1567e-02,-4,2,-35,-31,0.8,1.6,0.2,0.6
-3.1490e-02,-2,-6,-37,-45,0.8,-0.8,0.2,-0.6
-3.1413e-02,-2,2,-41,-35,-7.15256e-08,1.6,0.2,0.6
-3.1336e-02,-2,-6,-43,-49,-7.15256e-08,-0.8,0.2,-0.6
-3.1260e-02,-2,2,-45,-39,-7.15256e-08,0.8,-0.2,0.2
-3.1183e-02,-2,-6,-47,-53,-7.15256e-08,-0.8,-0.2,-1
-3.1106e-02,-2,2,-51,-45,-7.15256e-08,0.8,-0.2,0.2
-3.1029e-02,-2,-6,-51,-57,-7.15256e-08,-1.6,-0.6,-1
-3.0952e-02,-2,2,-53,-49,-7.15256e-08,0.8,-0.2,0.2
-3.0876e-02,-4,-6,-57,-61,-7.15256e-08,-1.6,-0.2,-1.4
-3.0799e-02,-4,2,-59,-53,-0.8,0.8,-1,-0.2
-3.0722e-02,-2,-6,-59,-65,-7.15256e-08,-1.6,-0.6,-1.4
-3.0645e-02,-2,2,-63,-57,-7.15256e-08,0.8,-1,-0.2
-3.0568e-02,-4,-6,-63,-69,-0.8,-1.6,-1,-1.8
-3.0492e-02,-2,2,-65,-61,-0.8,-7.15256e-08,-1,-0.6
-3.0415e-02,-4,-6,-67,-73,-7.15256e-08,-1.6,-1,-1.8
-3.0338e-02,-2,2,-71,-65,-0.8,-7.15256e-08,-1,-0.6
-3.0261e-02,-2,-6,-71,-77,-0.8,-2.4,-1.4,-2.2
-3.0184e-02,-4,2,-73,-69,-0.8,-7.15256e-08,-1.4,-1
-3.0108e-02,-2,-6,-75,-79,-0.8,-2.4,-1.4,-2.2
-3.0031e-02,-2,2,-77,-73,-1.6,-7.15256e-08,-1.8,-1
-2.9954e-02,-4,-6,-75,-83,-1.6,-2.4,-1.4,-2.2
-2.9877e-02,-1.3411e-07,2,-79,-75,-1.6,-7.15256e-08,-1.8,-1.4
-2.9800e-02,-2,-6,-79,-85,-1.6,-2.4,-1.8,-2.2
-2.9724e-02,-2,2,-81,-77,-0.8,-7.15256e-08,-1.8,-1.4
-2.9647e-02,-2,-6,-83,-87,-0.8,-2.4,-1.8,-2.6
-2.9570e-02,-4,2,-85,-81,-0.8,-0.8,-2.2,-1.4
-2.9493e-02,-4,-6,-85,-89,-1.6,-2.4,-2.2,-2.6
-2.9416e-02,-2,2,-87,-83,-1.6,-0.8,-1.8,-1.8
-2.9339e-02,-2,-6,-87,-91,-1.6,-3.2,-2.2,-3
-2.9263e-02,-2,2,-87,-85,-1.6,-0.8,-2.2,-1.8
-2.9186e-02,-4,-6,-87,-93,-1.6,-3.2,-2.2,-3
-2.9109e-02,-2,2,-89,-87,-1.6,-0.8,-2.2,-1.8
-2.9032e-02,-4,-6,-91,-93,-1.6,-3.2,-2.6,-3
-2.8955e-02,-2,2,-91,-87,-1.6,-0.8,-2.6,-1.8
-2.8879e-02,-6,-6,-91,-95,-2.4,-3.2,-2.6,-3
-2.8802e-02,-2,2,-91,-89,-1.6,-0.8,-2.6,-2.2
-2.8725e-02,-2,-6,-93,-97,-2.4,-3.2,-2.6,-3.4
-2.8648e-02,-2,2,-95,-91,-1.6,-0.8,-3,-2.2
-2.8571e-02,-4,-6,-95,-97,-2.4,-3.2,-3,-3.4
-2.8495e-02,-4,2,-95,-93,-2.4,-0.8,-3,-2.2
-2.8418e-02,-2,-6,-95,-99,-2.4,-3.2,-3,-3.4
-2.8341e-02,-2,2,-97,-93,-1.6,-1.6,-3,-2.6
-2.8264e-02,-4,-6,-97,-99,-2.4,-3.2,-3,-3.4
-2.8187e-02,-4,2,-97,-95,-2.4,-1.6,-3,-2.6
-2.8111e-02,-2,-6,-97,-99,-1.6,-3.2,-3,-3.8
-2.8034e-02,-4,2,-99,-95,-2.4,-1.6,-3,-2.6
-2.7957e-02,-2,-6,-97,-101,-2.4,-3.2,-3,-3.8
-2.7880e-02,-1.3411e-07,2,-97,-95,-2.4,-1.6,-3,-2.6
-2.7803e-02,-2,-6,-99,-101,-2.4,-3.2,-3,-3.8
-2.7727e-02,-4,2,-99,-95,-2.4,-1.6,-3.4,-2.6
-2.7650e-02,-2,-6,-97,-99,-2.4,-3.2,-3.4,-3.8
-2.7573e-02,-2,2,-97,-95,-2.4,-1.6,-3,-2.6
-2.7496e-02,-2,-6,-99,-99,-2.4,-3.2,-3.4,-3.8
-2.7419e-02,-2,2,-97,-93,-1.6,-1.6,-3.4,-3
-2.7343e-02,-2,-6,-97,-97,-2.4,-3.2,-3.4,-3.8
-2.7266e-02,-2,2,-95,-93,-2.4,-1.6,-3.4,-3
-2.7189e-02,-4,-6,-95,-97,-2.4,-3.2,-3.4,-3.8
-2.7112e-02,-4,2,-93,-91,-2.4,-1.6,-3.4,-3
-2.7035e-02,-4,-6,-93,-95,-2.4,-3.2,-3.4,-3.8
-2.6959e-02,-4,2,-91,-89,-2.4,-1.6,-3.4,-3
-2.6882e-02,-2,-6,-91,-93,-2.4,-3.2,-3.4,-3.8
-2.6805e-02,-2,2,-89,-87,-2.4,-1.6,-3.4,-3
-2.6728e-02,-2,-6,-89,-91,-3.2,-3.2,-3.4,-3.8
-2.6651e-02,-4,2,-89,-85,-2.4,-1.6,-3.4,-3
-2.6575e-02,-4,-6,-87,-89,-2.4,-3.2,-3.4,-3.8
-2.6498e-02,-2,2,-87,-83,-2.4,-1.6,-3.4,-3
-2.6421e-02,-4,-6,-87,-87,-2.4,-3.2,-3.4,-3.8
-2.6344e-02,-2,2,-85,-81,-2.4,-1.6,-3.4,-3
-2.6267e-02,-2,-6,-83,-87,-2.4,-4,-3.4,-3.8
-2.6190e-02,-4,2,-83,-81,-2.4,-1.6,-3.4,-3
-2.6114e-02,-2,-6,-83,-85,-2.4,-3.2,-3.4,-3.8
-2.6037e-02,-2,2,-81,-79,-2.4,-1.6,-3.4,-3
-2.5960e-02,-4,-6,-81,-81,-2.4,-3.2,-3.4,-3.8
-2.5883e-02,-2,2,-79,-77,-2.4,-1.6,-3.4,-3
-2.5806e-02,-2,-6,-77,-79,-2.4,-3.2,-3.4,-3.8
-2.5730e-02,-4,2,-77,-73,-2.4,-1.6,-3.4,-3
-2.5653e-02,-2,-6,-77,-77,-2.4,-3.2,-3.4,-3.8
-2.5576e-02,-2,2,-73,-71,-2.4,-1.6,-3.4,-3
-2.5499e-02,-4,-6,-73,-75,-2.4,-3.2,-3.4,-3.8
-2.5422e-02,-4,2,-73,-69,-2.4,-1.6,-3.4,-3
-2.5346e-02,-2,-6,-71,-73,-2.4,-3.2,-3.4,-3.8
-2.5269e-02,-2,2,-69,-65,-2.4,-1.6,-3.4,-3
-2.5192e-02,-4,-6,-67,-69,-1.6,-3.2,-3.4,-3.8
-2.5115e-02,-2,2,-67,-63,-2.4,-0.8,-3,-2.6
-2.5038e-02,-4,-6,-65,-67,-1.6,-3.2,-3,-3.8
-2.4962e-02,-4,2,-63,-59,-2.4,-0.8,-3,-2.6
-2.4885e-02,-4,-6,-61,-63,-2.4,-3.2,-3,-3.8
-2.4808e-02,-2,2,-61,-55,-2.4,-0.8,-3,-2.6
-2.4731e-02,-2,-6,-59,-59,-1.6,-3.2,-3.4,-3.4
-2.4654e-02,-2,2,-55,-51,-2.4,-0.8,-3,-2.6
-2.4578e-02,-2,-6,-53,-55,-1.6,-2.4,-3,-3.4
-2.4501e-02,-4,2,-51,-47,-1.6,-0.8,-3,-2.2
-2.4424e-02,-2,-6,-47,-51,-1.6,-2.4,-3,-3.4
-2.4347e-02,-4,2,-47,-41,-1.6,-0.8,-2.6,-2.2
-2.4270e-02,-2,-6,-43,-45,-1.6,-2.4,-2.6,-3
-2.4194e-02,-2,2,-41,-37,-1.6,-7.15256e-08,-2.6,-2.2
-2.4117e-02,-2,-6,-39,-41,-0.8,-2.4,-2.6,-3
-2.4040e-02,-2,2,-37,-31,-0.8,-7.15256e-08,-2.6,-2.2
-2.3963e-02,-2,-6,-35,-35,-0.8,-2.4,-2.2,-3
-2.3886e-02,-2,2,-31,-27,-0.8,-7.15256e-08,-2.2,-1.8
-2.3810e-02,-4,-6,-29,-31,-0.8,-2.4,-2.2,-2.6
-2.3733e-02,-4,2,-27,-21,-0.8,-7.15256e-08,-2.2,-1.8
-2.3656e-02,-2,-6,-25,-25,-0.8,-1.6,-2.2,-2.6
-2.3579e-02,-4,2,-21,-17,-0.8,-7.15256e-08,-2.2,-1.4
-2.3502e-02,-1.3411e-07,-6,-19,-21,-7.15256e-08,-1.6,-1.8,-2.2
-2.3425e-02,-2,2,-17,-11,-0.8,-7.15256e-08,-1.8,-1.4
-2.3349e-02,-2,-6,-15,-15,-0.8,-1.6,-1.8,-2.2
-2.3272e-02,-2,2,-11,-7,-7.15256e-08,-7.15256e-08,-1.8,-1
-2.3195e-02,-1.3411e-07,-6,-9,-11,-0.8,-1.6,-1.8,-2.2
-2.3118e-02,-2,2,-9,-3,-0.8,0.8,-1.8,-1
-2.3041e-02,-4,-6,-5,-7,-7.15256e-08,-1.6,-1.4,-1.8
-2.2965e-02,-4,2,-5,1,-7.15256e-08,0.8,-1.4,-1
-2.2888e-02,-2,-6,-1,-3,-7.15256e-08,-1.6,-1.4,-1.8
-2.2811e-02,-2,2,1,5,-7.15256e-08,0.8,-1.4,-0.6
-2.2734e-02,-2,-6,1,1,-7.15256e-08,-0.8,-1.4,-1.8
-2.2657e-02,-4,2,5,9,-7.15256e-08,0.8,-1.4,-0.6
-2.2581e-02,-4,-6,7,5,-7.15256e-08,-0.8,-1,-1.8
-2.2504e-02,-4,2,7,11,-7.15256e-08,0.8,-1,-0.6
-2.2427e-02,-2,-6,9,7,-7.15256e-08,-0.8,-0.6,-1.4
-2.2350e-02,-4,2,11,15,-7.15256e-08,0.8,-0.6,-0.2
-2.2273e-02,-2,-6,11,11,0.8,-0.8,-0.6,-1.4
-2.2197e-02,-4,2,15,19,0.8,1.6,-1,-0.2
-2.2120e-02,-2,-6,17,15,-7.15256e-08,-0.8,-1,-1
-2.2043e-02,-2,2,19,23,-7.15256e-08,1.6,-0.6,-0.2
-2.1966e-02,-4,-6,21,19,0.8,-7.15256e-08,-0.6,-1
-2.1889e-02,-4,2,23,27,-7.15256e-08,1.6,-0.2,0.2
-2.1813e-02,-2,-6,25,23,0.8,-7.15256e-08,-0.2,-0.6
-2.1736e-02,-2,2,27,31,0.8,1.6,-0.2,0.2
-2.1659e-02,-4,-6,29,27,0.8,-7.15256e-08,-0.2,-0.6
-2.1582e-02,-2,2,31,35,0.8,1.6,0.2,0.6
-2.1505e-02,-2,-6,33,33,1.6,-7.15256e-08,0.2,-0.6
-2.1429e-02,-2,2,37,41,0.8,2.4,-0.2,0.6
-2.1352e-02,-2,-6,39,37,1.6,-7.15256e-08,0.2,-0.2
-2.1275e-02,-2,2,41,45,1.6,2.4,0.6,1
-2.1198e-02,-2,-6,43,41,1.6,0.8,0.2,-0.2
-2.1121e-02,-2,2,45,49,1.6,2.4,0.6,1
-2.1045e-02,-4,-6,47,45,1.6,0.8,0.6,0.2
-2.0968e-02,-4,2,49,53,1.6,2.4,0.6,1.4
-2.0891e-02,-2,-6,51,49,2.4,0.8,0.6,0.2
-2.0814e-02,-2,2,55,57,1.6,3.2,1,1.4
-2.0737e-02,-4,-6,55,53,2.4,0.8,1,0.6
-2.0661e-02,-4,2,57,61,2.4,3.2,1,1.4
-2.0584e-02,-2,-6,59,57,1.6,0.8,1.4,0.6
-2.0507e-02,-2,2,61,65,2.4,3.2,1,1.8
-2.0430e-02,-2,-6,63,61,2.4,1.6,1.4,1
-2.0353e-02,-2,2,65,69,2.4,3.2,1.8,1.8
-2.0276e-02,-2,-6,67,65,2.4,1.6,1.4,1
-2.0200e-02,-4,2,69,73,2.4,3.2,1.8,2.2
-2.0123e-02,-4,-6,71,69,2.4,1.6,1.4,1.4
-2.0046e-02,-2,2,71,75,2.4,4,1.8,2.2
-1.9969e-02,-2,-6,75,71,3.2,1.6,1.8,1.4
-1.9892e-02,-2,2,75,79,2.4,4,1.8,2.2
-1.9816e-02,-2,-6,77,73,2.4,1.6,1.8,1.4
-1.9739e-02,-2,2,77,81,3.2,4,1.8,2.6
-1.9662e-02,-2,-6,77,77,2.4,1.6,2.2,1.8
-1.9585e-02,-2,2,79,83,3.2,4,2.2,2.6
-1.9508e-02,-2,-6,81,79,3.2,2.4,2.2,1.8
-1.9432e-02,-4,2,81,85,3.2,4,2.2,2.6
-1.9355e-02,-2,-6,83,81,3.2,2.4,2.6,1.8
-1.9278e-02,-2,2,85,87,4,4,2.2,3
-1.9201e-02,-2,-6,85,83,3.2,2.4,2.6,2.2
-1.9124e-02,-4,2,87,89,3.2,4,2.6,3
-1.9048e-02,-2,-6,87,85,3.2,2.4,2.6,2.2
-1.8971e-02,-2,2,87,91,3.2,4,2.6,3
-1.8894e-02,-4,-6,89,87,3.2,2.4,2.6,2.2
-1.8817e-02,-2,2,91,91,4,4.8,2.6,3.4
-1.8740e-02,-2,-6,91,87,4,2.4,2.6,2.2
-1.8664e-02,-2,2,91,93,4,4.8,3,3.4
-1.8587e-02,-4,-6,91,89,3.2,2.4,3,2.6
-1.8510e-02,-2,2,91,95,4,4.8,3,3.4
-1.8433e-02,-2,-6,93,89,4,2.4,3,2.6
-1.8356e-02,-4,2,93,95,4,4.8,3,3.8
-1.8280e-02,-2,-8,93,91,4,2.4,3.4,2.6
-1.8203e-02,-4,2,93,97,4,4.8,3,3.8
-1.8126e-02,-2,-6,95,91,4,2.4,3.4,3
-1.8049e-02,-4,2,95,97,4,4.8,3.4,3.8
-1.7972e-02,-2,-6,93,91,4,2.4,3,3
-1.7896e-02,-4,2,95,97,4,4.8,3.4,3.8
-1.7819e-02,-4,-6,95,91,4,3.2,3.4,3
-1.7742e-02,-2,2,95,97,4,4.8,3.4,3.8
-1.7665e-02,-4,-6,93,91,4,3.2,3.4,3
-1.7588e-02,-2,2,95,97,4,4.8,3.4,4.2
-1.7512e-02,-2,-6,93,91,4,2.4,3.4,3
-1.7435e-02,-1.3411e-07,2,93,97,4,4.8,3.4,4.2
-1.7358e-02,-2,-6,93,89,4,3.2,3.4,3
-1.7281e-02,-2,2,91,95,4,4.8,3.4,4.2
-1.7204e-02,-2,-6,91,87,4,3.2,3.4,3
-1.7127e-02,-4,2,89,93,4,4.8,3.4,4.2
-1.7051e-02,-2,-6,89,87,4,3.2,3.4,3
-1.6974e-02,-2,2,89,93,4,4.8,3.8,4.2
-1.6897e-02,-2,-6,89,85,4,3.2,3.4,3
-1.6820e-02,-2,2,87,91,4,4.8,3.4,4.2
-1.6743e-02,-2,-6,87,83,4,2.4,3.4,3
-1.6667e-02,-2,2,85,89,4,4.8,3.4,4.2
-1.6590e-02,-4,-6,85,81,4,2.4,3.4,3
-1.6513e-02,-2,2,83,87,4,4.8,3.4,4.2
-1.6436e-02,-2,-6,83,79,4,3.2,3.4,3
-1.6359e-02,-2,2,81,85,4,4.8,3.4,4.2
-1.6283e-02,-2,-6,81,77,4,3.2,3.4,3
-1.6206e-02,-2,2,81,83,4,4.8,3.4,4.2
-1.6129e-02,-4,-6,79,75,4,2.4,3.8,3
-1.6052e-02,-4,2,77,81,4,4.8,3.4,4.2
-1.5975e-02,-2,-6,77,73,4,3.2,3.4,3
-1.5899e-02,-2,2,75,79,4,4.8,3.4,4.2
-1.5822e-02,-4,-6,75,71,4,3.2,3.8,3
-1.5745e-02,-2,2,73,77,4,4.8,3.4,4.2
-1.5668e-02,-4,-6,71,67,4,3.2,3.4,3
-1.5591e-02,-2,2,71,75,3.2,4.8,3.4,3.8
-1.5515e-02,-4,-6,69,65,4,2.4,3.4,3
-1.5438e-02,-4,2,69,71,4,4.8,3.4,4.2
-1.5361e-02,-2,-6,67,63,4,2.4,3.8,3
-1.5284e-02,-4,2,65,69,4,4.8,3.4,3.8
-1.5207e-02,-4,-6,65,59,4,2.4,3.4,3
-1.5131e-02,-2,2,63,67,4,4.8,3.4,3.8
-1.5054e-02,-2,-8,61,57,4,2.4,3.4,3
-1.4977e-02,-2,2,59,63,3.2,4.8,3.4,3.8
-1.4900e-02,-2,-6,59,51,3.2,2.4,3.4,2.6
-1.4823e-02,-1.3411e-07,2,57,59,3.2,4.8,3,3.8
-1.4747e-02,-2,-6,53,49,4,2.4,3,2.6
-1.4670e-02,-2,2,51,57,3.2,4,3.4,3.8
-1.4593e-02,-2,-6,49,43,3.2,2.4,3,2.6
-1.4516e-02,-4,2,49,51,3.2,4,3,3.4
-1.4439e-02,-2,-6,45,39,3.2,1.6,3,2.2
-1.4363e-02,-2,2,43,47,3.2,4,3,3.4
-1.4286e-02,-2,-6,41,35,3.2,1.6,3,2.2
-1.4209e-02,-2,2,39,43,3.2,4,2.6,3.4
-1.4132e-02,-2,-6,37,29,3.2,1.6,2.6,2.2
-1.4055e-02,-2,2,33,37,2.4,4,2.6,3.4
-1.3978e-02,-4,-6,31,23,2.4,1.6,2.6,1.8
-1.3902e-02,-2,2,29,33,2.4,4,2.6,3
-1.3825e-02,-2,-6,25,19,2.4,1.6,2.6,1.8
-1.3748e-02,-2,2,23,27,2.4,4,2.6,3
-1.3671e-02,-2,-6,21,13,2.4,1.6,2.2,1.8
-1.3594e-02,-4,2,19,23,2.4,3.2,2.2,2.6
-1.3518e-02,-2,-6,15,9,2.4,0.8,1.8,1.4
-1.3441e-02,-2,2,13,19,2.4,3.2,2.2,2.6
-1.3364e-02,-2,-6,11,5,2.4,0.8,2.2,1.4
-1.3287e-02,-2,2,9,13,2.4,3.2,1.8,2.2
-1.3210e-02,-4,-6,7,1,2.4,0.8,1.8,1.4
-1.3134e-02,-2,2,5,9,1.6,3.2,1.8,2.2
-1.3057e-02,-4,-6,3,-3,1.6,0.8,1.8,1
-1.2980e-02,-2,2,-1,5,1.6,3.2,1.4,2.2
-1.2903e-02,-4,-6,-3,-7,1.6,0.8,1.4,1
-1.2826e-02,-4,2,-3,1,1.6,3.2,1.4,2.2
-1.2750e-02,-4,-6,-5,-11,1.6,0.8,1.4,1
-1.2673e-02,-4,2,-7,-3,1.6,2.4,1.4,1.8
-1.2596e-02,-2,-6,-9,-15,1.6,-7.15256e-08,1.4,0.6
-1.2519e-02,-2,2,-13,-7,1.6,2.4,1,1.8
-1.2442e-02,-4,-6,-13,-19,1.6,-7.15256e-08,1.4,0.6
-1.2366e-02,-2,2,-13,-11,1.6,2.4,1,1.4
-1.2289e-02,-2,-6,-17,-23,1.6,-7.15256e-08,1,0.2
-1.2212e-02,-2,2,-19,-15,1.6,2.4,1,1.4
-1.2135e-02,-2,-6,-21,-27,0.8,-7.15256e-08,1,0.2
-1.2058e-02,-4,2,-23,-19,0.8,2.4,0.6,1.4
-1.1982e-02,-4,-6,-23,-31,0.8,-7.15256e-08,0.6,0.2
-1.1905e-02,-4,2,-27,-23,0.8,1.6,0.6,1
-1.1828e-02,-2,-6,-29,-35,0.8,-7.15256e-08,0.6,-0.2
-1.1751e-02,-4,2,-31,-25,0.8,1.6,0.6,1
-1.1674e-02,-4,-6,-33,-39,0.8,-0.8,0.6,-0.2
-1.1598e-02,-4,2,-35,-31,0.8,1.6,0.6,1
-1.1521e-02,-4,-6,-37,-43,0.8,-0.8,0.2,-0.6
-1.1444e-02,-2,2,-39,-35,-7.15256e-08,1.6,0.2,0.6
-1.1367e-02,-2,-6,-41,-49,-7.15256e-08,-0.8,-0.2,-0.6
-1.1290e-02,-2,2,-45,-39,0.8,0.8,-0.2,0.6
-1.1214e-02,-2,-6,-47,-53,-7.15256e-08,-0.8,-0.2,-1
-1.1137e-02,-2,2,-47,-43,-7.15256e-08,0.8,-0.2,0.2
-1.1060e-02,-2,-6,-51,-57,-7.15256e-08,-1.6,-0.2,-1
-1.0983e-02,-4,2,-53,-49,-7.15256e-08,0.8,-0.2,0.2
-1.0906e-02,-2,-6,-55,-61,-7.15256e-08,-1.6,-0.6,-1.4
-1.0829e-02,-4,2,-57,-53,-7.15256e-08,0.8,-0.6,-0.2
-1.0753e-02,-4,-6,-59,-65,-0.8,-1.6,-1,-1.4
-1.0676e-02,-2,2,-63,-57,-7.15256e-08,0.8,-0.6,-0.2
-1.0599e-02,-2,-6,-63,-69,-0.8,-1.6,-0.6,-1.4
-1.0522e-02,-4,2,-65,-61,-0.8,-7.15256e-08,-1,-0.6
-1.0445e-02,-2,-6,-67,-73,-7.15256e-08,-1.6,-1,-1.8
-1.0369e-02,-2,2,-69,-65,-0.8,-7.15256e-08,-1,-0.6
-1.0292e-02,-2,-6,-71,-75,-0.8,-2.4,-1.4,-1.8
-1.0215e-02,-2,2,-73,-69,-0.8,-7.15256e-08,-1.4,-1
-1.0138e-02,-2,-6,-75,-79,-1.6,-2.4,-1.4,-2.2
-1.0061e-02,-4,2,-75,-73,-0.8,-7.15256e-08,-1.4,-1
-9.9846e-03,-2,-6,-77,-81,-0.8,-2.4,-1.4,-2.2
-9.9078e-03,-2,2,-77,-75,-1.6,-7.15256e-08,-1.8,-1
-9.8310e-03,-2,-6,-79,-85,-0.8,-2.4,-1.8,-2.2
-9.7542e-03,-4,2,-81,-77,-0.8,-7.15256e-08,-1.8,-1.4
-9.6774e-03,-4,-6,-83,-87,-1.6,-2.4,-1.8,-2.6
-9.6006e-03,-2,2,-83,-79,-1.6,-7.15256e-08,-2.2,-1.4
-9.5238e-03,-2,-6,-85,-89,-1.6,-2.4,-2.2,-2.6
-9.4470e-03,-2,2,-87,-83,-1.6,-0.8,-2.2,-1.4
-9.3702e-03,-4,-6,-87,-91,-1.6,-2.4,-2.2,-3
-9.2934e-03,-2,2,-87,-85,-1.6,-0.8,-2.2,-1.8
-9.2166e-03,-4,-6,-89,-93,-1.6,-3.2,-2.2,-3
-9.1398e-03,-4,2,-89,-85,-1.6,-0.8,-2.2,-1.8
-9.0630e-03,-4,-6,-89,-95,-1.6,-3.2,-2.6,-3
-8.9862e-03,-2,2,-93,-87,-1.6,-0.8,-2.6,-1.8
-8.9094e-03,-2,-6,-93,-95,-2.4,-3.2,-2.6,-3
-8.8326e-03,-2,2,-93,-89,-1.6,-0.8,-2.6,-2.2
-8.7558e-03,-4,-6,-93,-97,-2.4,-3.2,-3,-3.4
-8.6790e-03,-4,2,-93,-91,-2.4,-0.8,-2.6,-2.2
-8.6022e-03,-2,-6,-95,-97,-2.4,-3.2,-3,-3.4
-8.5253e-03,-2,2,-95,-91,-1.6,-0.8,-2.6,-2.2
-8.4485e-03,-4,-8,-97,-99,-1.6,-3.2,-3,-3.4
-8.3717e-03,-2,2,-97,-93,-2.4,-0.8,-3,-2.6
-8.2949e-03,-2,-6,-97,-99,-2.4,-3.2,-3,-3.4
-8.2181e-03,-2,2,-97,-95,-2.4,-1.6,-3,-2.6
-8.1413e-03,-4,-6,-99,-101,-2.4,-3.2,-3.4,-3.8
-8.0645e-03,-6,2,-97,-95,-1.6,-1.6,-3,-2.6
-7.9877e-03,-2,-6,-97,-101,-2.4,-3.2,-3,-3.8
-7.9109e-03,-2,2,-97,-95,-2.4,-1.6,-3,-2.6
-7.8341e-03,-2,-6,-99,-101,-2.4,-3.2,-3,-3.8
-7.7573e-03,-2,2,-99,-95,-2.4,-1.6,-3,-2.6
-7.6805e-03,-2,-6,-97,-101,-2.4,-3.2,-3,-3.8
-7.6037e-03,-2,2,-97,-95,-2.4,-1.6,-3.4,-2.6
-7.5269e-03,-4,-6,-97,-99,-1.6,-3.2,-3.4,-3.8
-7.4501e-03,-2,2,-95,-93,-2.4,-1.6,-3.4,-3
-7.3733e-03,-4,-6,-95,-99,-2.4,-3.2,-3.4,-3.8
-7.2965e-03,-4,2,-97,-93,-2.4,-1.6,-3.4,-3
-7.2197e-03,-2,-6,-95,-97,-2.4,-3.2,-3.4,-3.8
-7.1429e-03,-4,2,-95,-91,-2.4,-1.6,-3.4,-3
-7.0661e-03,-2,-6,-93,-95,-2.4,-3.2,-3.4,-3.8
-6.9892e-03,-2,2,-93,-89,-2.4,-1.6,-3.4,-3
-6.9124e-03,-4,-8,-91,-95,-2.4,-3.2,-3.4,-3.8
-6.8356e-03,-2,2,-91,-87,-2.4,-1.6,-3.4,-3
-6.7588e-03,-2,-6,-91,-91,-2.4,-3.2,-3.4,-3.8
-6.6820e-03,-2,2,-89,-85,-2.4,-1.6,-3.4,-3
-6.6052e-03,-2,-6,-89,-91,-2.4,-3.2,-3.4,-3.8
-6.5284e-03,-2,2,-87,-83,-1.6,-1.6,-3.4,-3
-6.4516e-03,-4,-6,-85,-89,-2.4,-3.2,-3.4,-3.8
-6.3748e-03,-2,2,-85,-81,-2.4,-1.6,-3.4,-3
-6.2980e-03,-2,-6,-85,-87,-2.4,-3.2,-3.4,-3.8
-6.2212e-03,-4,2,-83,-79,-2.4,-1.6,-3.4,-3
-6.1444e-03,-4,-6,-83,-85,-2.4,-3.2,-3.4,-3.8
-6.0676e-03,-4,2,-83,-79,-2.4,-1.6,-3.4,-3
-5.9908e-03,-2,-6,-79,-83,-2.4,-3.2,-3.4,-3.8
-5.9140e-03,-2,2,-79,-77,-1.6,-1.6,-3.4,-3
-5.8372e-03,-2,-6,-77,-81,-2.4,-3.2,-3,-3.8
-5.7604e-03,-2,-1.3411e-07,-77,-73,-2.4,-1.6,-3.4,-3
-5.6836e-03,-4,-6,-77,-79,-2.4,-3.2,-3.4,-3.8
-5.6068e-03,-4,2,-75,-71,-2.4,-1.6,-3.4,-3
-5.5300e-03,-1.3411e-07,-6,-73,-75,-2.4,-3.2,-3.4,-3.8
-5.4531e-03,-4,2,-71,-69,-2.4,-1.6,-3,-3
-5.3763e-03,-2,-6,-71,-73,-2.4,-3.2,-3.4,-3.8
-5.2995e-03,-2,2,-71,-67,-2.4,-1.6,-3.4,-2.6
-5.2227e-03,-4,-6,-69,-71,-2.4,-3.2,-3.4,-3.8
-5.1459e-03,-2,2,-67,-63,-2.4,-0.8,-3.4,-2.6
-5.0691e-03,-4,-6,-65,-67,-1.6,-3.2,-3,-3.8
-4.9923e-03,-4,-1.3411e-07,-63,-59,-1.6,-0.8,-3.4,-2.6
-4.9155e-03,-2,-6,-61,-63,-1.6,-3.2,-3,-3.4
-4.8387e-03,-4,2,-61,-55,-1.6,-0.8,-3.4,-2.6
-4.7619e-03,-2,-6,-59,-61,-1.6,-3.2,-3,-3.4
-4.6851e-03,-4,2,-55,-51,-1.6,-0.8,-3,-2.6
-4.6083e-03,-2,-6,-55,-55,-2.4,-2.4,-3,-3.4
-4.5315e-03,-1.3411e-07,2,-53,-47,-1.6,-0.8,-2.6,-2.6
-4.4547e-03,-2,-6,-49,-51,-1.6,-2.4,-2.6,-3.4
-4.3779e-03,-4,2,-47,-43,-1.6,-0.8,-3,-2.2
-4.3011e-03,-4,-6,-43,-47,-1.6,-2.4,-2.6,-3
-4.2243e-03,-4,2,-43,-37,-1.6,-0.8,-2.6,-2.2
-4.1475e-03,-4,-6,-41,-41,-1.6,-2.4,-2.6,-3
-4.0707e-03,-2,-1.3411e-07,-37,-33,-1.6,-7.15256e-08,-2.6,-2.2
-3.9939e-03,-2,-6,-35,-37,-1.6,-2.4,-2.6,-3
-3.9171e-03,-4,2,-31,-27,-1.6,-7.15256e-08,-2.2,-1.8
-3.8402e-03,-2,-6,-29,-31,-0.8,-2.4,-2.2,-2.6
-3.7634e-03,-2,2,-27,-23,-0.8,-7.15256e-08,-2.2,-1.4
-3.6866e-03,-2,-6,-25,-27,-0.8,-2.4,-1.8,-2.6
-3.6098e-03,-2,2,-21,-17,-0.8,-7.15256e-08,-2.2,-1.4
-3.5330e-03,-4,-6,-19,-21,-0.8,-1.6,-2.2,-2.6
-3.4562e-03,-4,2,-17,-13,-0.8,-7.15256e-08,-1.8,-1.4
-3.3794e-03,-2,-6,-15,-17,-0.8,-1.6,-1.8,-2.2
-3.3026e-03,-4,2,-13,-7,-0.8,0.8,-1.8,-1.4
-3.2258e-03,-2,-6,-11,-13,-0.8,-1.6,-1.8,-2.2
-3.1490e-03,-2,2,-7,-3,-0.8,0.8,-1.4,-1
-3.0722e-03,-2,-6,-5,-7,-0.8,-1.6,-1.4,-2.2
-2.9954e-03,-4,2,-3,1,-0.8,0.8,-1.4,-1
-2.9186e-03,-4,-6,-1,-3,-7.15256e-08,-1.6,-1.4,-1.8
-2.8418e-03,-2,2,1,3,-0.8,0.8,-1.4,-0.6
-2.7650e-03,-4,-6,3,-1,-7.15256e-08,-1.6,-1,-1.8
-2.6882e-03,-4,2,3,7,-7.15256e-08,0.8,-1,-0.6
-2.6114e-03,-4,-6,5,3,-7.15256e-08,-0.8,-1,-1.8
-2.5346e-03,-4,2,7,11,-7.15256e-08,0.8,-1.4,-0.6
-2.4578e-03,-2,-6,9,7,-7.15256e-08,-0.8,-0.6,-1.4
-2.3810e-03,-2,2,11,15,-7.15256e-08,0.8,-1,-0.2
-2.3041e-03,-2,-6,13,11,-7.15256e-08,-0.8,-0.6,-1.4
-2.2273e-03,-2,2,15,19,-7.15256e-08,1.6,-0.6,-0.2
-2.1505e-03,-2,-6,15,15,0.8,-0.8,-0.6,-1
-2.0737e-03,-2,2,19,23,-7.15256e-08,1.6,-0.6,-0.2
-1.9969e-03,-2,-6,19,19,0.8,-0.8,-0.6,-1
-1.9201e-03,-2,2,23,27,0.8,1.6,-0.6,0.2
-1.8433e-03,-2,-6,25,23,0.8,-7.15256e-08,-0.2,-1
-1.7665e-03,-2,2,27,31,0.8,1.6,-0.2,0.2
-1.6897e-03,-2,-6,29,27,0.8,-7.15256e-08,-0.2,-0.6
-1.6129e-03,-2,2,31,35,0.8,1.6,-0.2,0.2
-1.5361e-03,-4,-6,33,31,1.6,-7.15256e-08,0.2,-0.6
-1.4593e-03,-4,2,35,39,1.6,2.4,0.2,0.6
-1.3825e-03,-2,-6,37,35,1.6,-7.15256e-08,0.2,-0.6
-1.3057e-03,-2,2,39,43,1.6,2.4,0.2,0.6
-1.2289e-03,-2,-6,41,41,1.6,-7.15256e-08,0.6,-0.2
-1.1521e-03,-4,2,45,49,1.6,2.4,0.6,1
-1.0753e-03,-4,-6,45,45,1.6,0.8,0.6,0.2
-9.9846e-04,-4,2,49,53,1.6,2.4,0.6,1
-9.2166e-04,-2,-6,51,49,1.6,0.8,0.6,0.2
-8.4485e-04,-2,2,53,57,1.6,3.2,0.6,1.4
-7.6805e-04,-2,-6,55,53,1.6,0.8,1,0.6
-6.9124e-04,-2,2,59,61,2.4,3.2,1,1.4
-6.1444e-04,-2,-6,59,23,2.4,0.8,1,-0.2
-5.3763e-04,-2,2,59,67,1.6,4,1,1.8
-4.6083e-04,-2,-6,23,13,3.2,1.6,0.2,-0.6
-3.8402e-04,-4,2,23,35,4,5.6,0.2,0.6
-3.0722e-04,-4,-6,31,11,4,4,0.2,-0.6
-2.3041e-04,-4,2,13,33,5.6,7.2,-0.2,0.6
-1.5361e-04,-2,-6,17,15,5.6,5.6,-0.2,-0.6
-7.6805e-05,-4,2,19,23,6.4,8,0.2,0.2
3.5930e-15,-4,-6,17,11,6.4,5.6,-0.2,-0.6
7.6805e-05,-2,2,15,19,7.2,9.6,-0.2,0.2
1.5361e-04,-2,-6,13,-3,8,7.2,-0.6,-1
2.3041e-04,-2,2,7,15,8.8,10.4,-0.2,0.2
3.0722e-04,-4,-6,-1,-3,9.6,8.8,-0.6,-1
3.8402e-04,-1.3411e-07,2,1,5,10.4,12,-0.6,-0.2
4.6083e-04,-2,-6,-1,-9,11.2,9.6,-0.6,-1.4
5.3763e-04,-2,2,-3,5,12,13.6,-0.6,-0.2
6.1444e-04,-4,-6,5,3,12.8,12,-0.2,-1
6.9124e-04,-2,2,9,15,13.6,14.4,-0.2,0.2
7.6805e-04,-2,-6,13,9,13.6,12.8,-0.2,-0.6
8.4485e-04,-2,2,13,17,14.4,16,-0.2,0.6
9.2166e-04,-4,-6,15,9,15.2,14.4,-0.2,-0.6
9.9846e-04,-2,2,23,25,16,17.6,-0.2,0.6
1.0753e-03,-2,-6,9,-3,16,15.2,-0.2,-0.6
1.1521e-03,-2,2,-1,11,16.8,19.2,0.2,0.6
1.2289e-03,-2,-6,7,5,18.4,17.6,0.2,-0.2
1.3057e-03,-4,2,15,19,18.4,20,0.2,0.6
1.3825e-03,-4,-6,11,3,19.2,18.4,0.2,-0.6
1.4593e-03,-4,2,5,13,20,22.4,-0.2,0.6
1.5361e-03,-2,-6,7,-5,21.6,20,-0.2,-0.6
1.6129e-03,-4,2,7,11,22.4,23.2,-0.2,0.6
1.6897e-03,-2,-6,-3,-13,22.4,21.6,0.2,-0.6
1.7665e-03,-2,2,-11,-3,23.2,24.8,-0.2,0.6
1.8433e-03,-2,-6,-7,-9,24,23.2,-0.2,-0.6
1.9201e-03,-2,2,5,5,24.8,26.4,-0.2,0.6
1.9969e-03,-2,-6,-1,-11,24.8,24,-0.2,-0.6
2.0737e-03,-2,2,-9,1,26.4,28,0.2,0.6
2.1505e-03,-4,-6,-7,-9,26.4,25.6,0.2,-0.6
2.2273e-03,-2,2,-3,-1,27.2,28.8,0.2,0.6
2.3041e-03,-4,-6,-3,-7,28,26.4,0.2,-0.2
2.3810e-03,-4,2,-5,1,28.8,29.6,0.2,0.6
2.4578e-03,-4,-6,-1,-3,28.8,28,0.2,-0.2
2.5346e-03,-2,2,3,7,29.6,31.2,0.6,1
2.6114e-03,-2,-6,5,3,30.4,28.8,0.6,-0.2
2.6882e-03,-2,2,5,7,30.4,32,0.6,1
2.7650e-03,-2,-8,5,3,31.2,29.6,0.6,0.2
2.8418e-03,-4,2,7,11,32,32.8,0.6,1
2.9186e-03,-4,-6,9,3,32,30.4,0.6,0.2
2.9954e-03,-4,2,7,9,32.8,33.6,0.6,1
3.0722e-03,-4,-6,5,3,32.8,32,1,0.2
3.1490e-03,-2,2,5,7,33.6,34.4,0.6,1.4
3.2258e-03,-2,-6,3,-1,33.6,32,0.6,0.2
3.3026e-03,-2,2,3,7,33.6,35.2,1,1
3.3794e-03,-2,-6,1,-1,34.4,32.8,1,0.2
3.4562e-03,-2,2,1,3,35.2,36,0.6,1
3.5330e-03,-4,-6,1,-3,35.2,33.6,0.6,0.2
3.6098e-03,-2,2,-1,3,35.2,36,0.6,1
3.6866e-03,-4,-6,1,-3,35.2,33.6,1,0.2
3.7634e-03,-2,2,-1,3,35.2,36,1,1.4
3.8402e-03,-2,-6,1,-1,35.2,33.6,0.6,0.2
3.9171e-03,-4,2,1,3,35.2,36,1,1.4
3.9939e-03,-2,-6,1,-1,35.2,33.6,1,0.6
4.0707e-03,-4,2,1,3,35.2,36,1,1.4
4.1475e-03,-4,-6,1,-1,35.2,33.6,0.6,0.6
4.2243e-03,-2,2,3,5,34.4,36,1,1.4
4.3011e-03,-2,-6,3,1,35.2,32.8,1.4,0.6
4.3779e-03,-4,2,3,5,35.2,36,1,1.4
4.4547e-03,-4,-6,3,1,34.4,32.8,1.4,0.6
4.5315e-03,-2,2,5,7,34.4,35.2,1.4,1.8
4.6083e-03,-4,-6,3,1,34.4,32.8,1.4,0.6
4.6851e-03,-2,2,3,7,34.4,35.2,1.4,1.8
4.7619e-03,-2,-6,3,1,34.4,32.8,1,0.6
4.8387e-03,-2,2,3,5,34.4,35.2,1,1.8
4.9155e-03,-2,-6,3,-1,33.6,32.8,1,0.6
4.9923e-03,-2,2,1,5,34.4,35.2,1.4,1.8
5.0691e-03,-4,-6,1,-1,32.8,32,1,1
5.1459e-03,-2,2,1,5,33.6,35.2,1.4,1.8
5.2227e-03,-2,-6,1,-1,33.6,32,1.4,1
5.2995e-03,-4,2,1,5,33.6,34.4,1.4,1.8
5.3763e-03,-2,-6,1,1,32.8,32,1.4,0.6
5.4531e-03,-2,2,1,5,33.6,34.4,1.4,1.8
5.5300e-03,-4,-6,3,1,33.6,32,1.4,1
5.6068e-03,-6,2,3,5,33.6,34.4,1,1.8
5.6836e-03,-4,-6,3,1,32.8,31.2,1.4,1
5.7604e-03,-2,2,3,7,32.8,34.4,1.4,1.8
5.8372e-03,-4,-6,3,1,32.8,31.2,1.4,1
5.9140e-03,-2,2,3,7,32.8,33.6,1.4,1.8
5.9908e-03,-4,-6,5,1,32,29.6,1.4,1
6.0676e-03,-2,2,3,7,32,32.8,1.4,1.8
6.1444e-03,-2,-6,3,1,31.2,28.8,1.4,1
6.2212e-03,-2,2,5,5,31.2,32,1.8,1.8
6.2980e-03,-2,-6,3,1,29.6,28,1.8,1
6.3748e-03,-4,2,3,5,29.6,31.2,1.4,1.8
6.4516e-03,-4,-6,3,1,28.8,26.4,1.4,1
6.5284e-03,-4,-1.3411e-07,3,5,28,29.6,1.4,1.8
6.6052e-03,-2,-6,3,-1,27.2,25.6,1.4,1
6.6820e-03,-2,2,1,5,27.2,28.8,1.4,1.8
6.7588e-03,-4,-6,1,-1,26.4,24,1.4,1
6.8356e-03,-2,2,1,5,25.6,27.2,1.4,1.8
6.9124e-03,-2,-6,3,-1,24.8,22.4,1.4,1
6.9892e-03,-4,2,1,5,24,25.6,1.4,1.8
7.0661e-03,-4,-6,1,-1,24,21.6,1.4,1
7.1429e-03,-4,2,3,5,22.4,24.8,1.4,1.8
7.2197e-03,-4,-6,3,1,22.4,19.2,1.4,1
7.2965e-03,-4,2,3,5,21.6,23.2,1.4,1.8
7.3733e-03,-4,-6,3,1,20.8,18.4,1.4,1
7.4501e-03,-2,2,3,5,19.2,21.6,1.4,1.8
7.5269e-03,-4,-6,3,1,19.2,16.8,1.8,1
7.6037e-03,-4,2,3,5,18.4,20,1.4,1.8
7.6805e-03,-2,-6,3,1,17.6,15.2,1.4,1
7.7573e-03,-2,2,3,5,16.8,18.4,1.4,1.8
7.8341e-03,-2,-6,3,-1,16,13.6,1.4,1
7.9109e-03,-4,2,3,5,15.2,16.8,1.4,1.8
7.9877e-03,-2,-6,3,-1,14.4,12,1.4,0.6
8.0645e-03,-4,2,3,5,13.6,15.2,1.4,1.8
8.1413e-03,-2,-6,1,-1,12.8,10.4,1.4,1
8.2181e-03,-2,2,3,5,11.2,13.6,1.4,1.8
8.2949e-03,-2,-6,1,-1,11.2,8,1.4,1
8.3717e-03,-4,2,1,3,9.6,12,1.4,1.8
8.4485e-03,-2,-6,1,-1,9.6,6.4,1,0.6
8.5253e-03,-2,2,1,3,8,10.4,1.4,1.8
8.6022e-03,-2,-6,3,-1,7.2,4.8,1.4,0.6
8.6790e-03,-2,2,1,3,6.4,8,1.4,1.8
8.7558e-03,-2,-6,1,-1,4.8,3.2,1.4,0.6
8.8326e-03,-2,2,1,3,4.8,6.4,1,1.4
8.9094e-03,-4,-6,1,-1,4,1.6,1.4,0.6
8.9862e-03,-2,2,1,3,3.2,4.8,1,1.8
9.0630e-03,-2,-6,1,-1,2.4,-0.8,1,0.6
9.1398e-03,-4,2,1,5,1.6,3.2,1,1.8
9.2166e-03,-2,-6,1,-1,0.8,-2.4,1,0.6
9.2934e-03,-2,2,3,3,-7.15256e-08,1.6,1,1.4
9.3702e-03,-4,-6,1,-1,-1.6,-4,1,0.6
9.4470e-03,-2,2,1,3,-2.4,-0.8,1,1.4
9.5238e-03,-2,-6,1,-1,-2.4,-5.6,1,0.2
9.6006e-03,-4,2,1,3,-4,-2.4,0.6,1.4
9.6774e-03,-4,-6,1,-1,-4.8,-8,1,0.2
9.7542e-03,-2,2,1,3,-5.6,-4,0.6,1.4
9.8310e-03,-2,-6,1,-1,-7.2,-9.6,0.6,0.2
9.9078e-03,-2,2,1,3,-7.2,-5.6,0.6,1.4
9.9846e-03,-2,-6,-1,-1,-8.8,-11.2,0.6,0.2
1.0061e-02,-2,2,1,3,-8.8,-7.2,1,1
1.0138e-02,-4,-6,1,-1,-9.6,-12.8,0.6,0.2
1.0215e-02,-2,2,1,3,-11.2,-8.8,0.6,1
1.0292e-02,-4,-6,1,-1,-11.2,-14.4,0.6,0.2
1.0369e-02,-4,2,-1,3,-12.8,-10.4,0.6,1
1.0445e-02,-2,-6,-1,-3,-13.6,-16,0.6,0.2
1.0522e-02,-4,2,-1,3,-14.4,-12.8,0.6,1
1.0599e-02,-2,-6,1,-3,-14.4,-17.6,0.6,-0.2
1.0676e-02,-4,2,-1,3,-15.2,-14.4,0.6,1
1.0753e-02,-2,-6,-1,-3,-16.8,-19.2,0.6,-0.2
1.0829e-02,-2,2,-1,3,-17.6,-16,0.6,1
1.0906e-02,-2,-6,-1,-3,-17.6,-20.8,0.6,-0.2
1.0983e-02,-2,2,1,1,-18.4,-17.6,0.6,1
1.1060e-02,-4,-6,-1,-3,-20,-22.4,0.2,-0.2
1.1137e-02,-2,2,-1,1,-20.8,-19.2,0.2,0.6
1.1214e-02,-2,-6,-1,-3,-20.8,-24,0.2,-0.2
1.1290e-02,-4,2,-1,1,-22.4,-20.8,0.2,0.6
1.1367e-02,-4,-6,-1,-5,-23.2,-25.6,0.2,-0.2
1.1444e-02,-4,2,-1,1,-24,-22.4,0.2,0.6
1.1521e-02,-4,-6,-1,-5,-24.8,-27.2,0.2,-0.6
1.1598e-02,-2,2,-3,1,-24.8,-24,0.2,0.6
1.1674e-02,-4,-6,-3,-5,-26.4,-28,-0.2,-0.6
1.1751e-02,-2,2,-3,1,-26.4,-24.8,0.2,0.6
1.1828e-02,-2,-6,-3,-5,-27.2,-29.6,0.2,-0.6
1.1905e-02,-4,2,-3,1,-28,-26.4,-0.2,0.6
1.1982e-02,-2,-8,-1,-5,-28.8,-31.2,-0.2,-0.6
1.2058e-02,-2,2,-3,1,-28.8,-28,-0.2,0.2
1.2135e-02,-2,-6,-1,-5,-30.4,-32,0.2,-0.6
1.2212e-02,-2,2,-1,1,-31.2,-29.6,-0.2,0.2
1.2289e-02,-4,-6,-3,-5,-31.2,-33.6,-0.2,-0.6
1.2366e-02,-2,2,-3,1,-32,-30.4,-0.2,0.2
1.2442e-02,-2,-8,-3,-5,-32,-34.4,-0.6,-1
1.2519e-02,-2,2,-1,1,-32.8,-31.2,-0.6,0.2
1.2596e-02,-2,-6,-1,-5,-33.6,-35.2,-0.6,-1
1.2673e-02,-2,2,-1,1,-34.4,-32.8,-0.2,0.2
1.2750e-02,-2,-6,-1,-5,-35.2,-36,-0.6,-1
1.2826e-02,-2,2,-3,1,-34.4,-33.6,-0.2,-0.2
1.2903e-02,-4,-6,-3,-5,-35.2,-37.6,-0.6,-1
1.2980e-02,-2,2,-3,1,-36,-34.4,-0.6,-0.2
1.3057e-02,-2,-6,-3,-5,-36,-37.6,-0.6,-1
1.3134e-02,-4,2,-3,-1,-36.8,-35.2,-0.6,-0.2
1.3210e-02,-2,-6,-3,-5,-36.8,-38.4,-0.6,-1.4
1.3287e-02,-2,2,-3,-1,-37.6,-36,-0.6,-0.2
1.3364e-02,-2,-6,-5,-5,-37.6,-39.2,-0.6,-1.4
1.3441e-02,-2,2,-3,-1,-37.6,-36.8,-0.6,-0.2
1.3518e-02,-2,-6,-5,-7,-37.6,-39.2,-1,-1.4
1.3594e-02,-2,2,-5,-1,-37.6,-36.8,-0.6,-0.2
1.3671e-02,-2,-6,-3,-7,-37.6,-39.2,-1,-1.4
1.3748e-02,-2,2,-3,-1,-37.6,-36.8,-1,-0.2
1.3825e-02,-1.3411e-07,-6,-3,-7,-37.6,-38.4,-0.6,-1.4
1.3902e-02,-2,2,-3,-1,-37.6,-36,-1,-0.2
1.3978e-02,-2,-6,-5,-7,-37.6,-38.4,-1,-1.4
1.4055e-02,-2,2,-5,-1,-36.8,-36,-0.6,-0.2
1.4132e-02,-4,-6,-5,-7,-37.6,-38.4,-1,-1.4
1.4209e-02,-4,2,-5,-1,-36.8,-36,-1,-0.6
1.4286e-02,-2,-6,-5,-7,-37.6,-38.4,-1,-1.4
1.4363e-02,-2,2,-5,-3,-36.8,-36,-1,-0.6
1.4439e-02,-4,-6,-3,-7,-36.8,-38.4,-1,-1.4
1.4516e-02,-4,2,-5,-3,-36.8,-36,-1,-0.6
1.4593e-02,-2,-6,-5,-7,-36.8,-37.6,-1,-1.8
1.4670e-02,-2,2,-5,-3,-36.8,-35.2,-1,-0.6
1.4747e-02,-4,-8,-5,-7,-36,-37.6,-1,-1.8
1.4823e-02,-2,2,-5,-3,-36.8,-35.2,-1,-0.6
1.4900e-02,-2,-6,-5,-7,-36,-37.6,-1,-1.8
1.4977e-02,-2,2,-5,-3,-36,-35.2,-1.4,-0.6
1.5054e-02,-2,-6,-5,-7,-36,-37.6,-1,-1.8
1.5131e-02,-2,2,-5,-3,-36,-35.2,-1,-0.6
1.5207e-02,-4,-6,-5,-7,-36,-36.8,-1,-1.8
1.5284e-02,-2,2,-5,-3,-36,-35.2,-1.4,-1
1.5361e-02,-2,-6,-5,-7,-36,-36.8,-1.4,-1.8
1.5438e-02,-4,2,-5,-3,-36,-34.4,-1.4,-1
1.5515e-02,-2,-6,-5,-7,-35.2,-36.8,-1.4,-1.8
1.5591e-02,-2,2,-5,-3,-35.2,-34.4,-1,-1
1.5668e-02,-2,-6,-5,-7,-35.2,-36.8,-1,-1.8
1.5745e-02,-2,2,-5,-3,-35.2,-34.4,-1.4,-1
1.5822e-02,-2,-6,-5,-7,-35.2,-36,-1.4,-1.8
1.5899e-02,-1.3411e-07,2,-5,-3,-35.2,-34.4,-1.4,-1
1.5975e-02,-4,-6,-5,-7,-35.2,-36,-1,-1.8
1.6052e-02,-4,2,-5,-3,-35.2,-33.6,-1.4,-1
1.6129e-02,-4,-6,-5,-7,-34.4,-35.2,-1,-1.8
1.6206e-02,-2,2,-5,-3,-33.6,-32.8,-1.4,-1
1.6283e-02,-4,-6,-5,-7,-33.6,-34.4,-1.4,-1.8
1.6359e-02,-2,2,-5,-3,-32.8,-31.2,-1.4,-1
1.6436e-02,-4,-6,-7,-7,-32,-32.8,-1,-1.8
1.6513e-02,-4,2,-5,-3,-31.2,-29.6,-1.4,-1
1.6590e-02,-4,-6,-5,-7,-31.2,-32,-1.4,-1.8
1.6667e-02,-2,2,-5,-3,-30.4,-28.8,-1.4,-1
1.6743e-02,-2,-6,-5,-9,-29.6,-30.4,-1.4,-1.8
1.6820e-02,-2,2,-7,-3,-28.8,-27.2,-1.4,-1
1.6897e-02,-2,-6,-7,-7,-28,-28.8,-1.4,-1.8
1.6974e-02,-2,-1.3411e-07,-5,-3,-28,-26.4,-1.4,-1
1.7051e-02,-2,-6,-5,-7,-26.4,-27.2,-1.4,-1.8
1.7127e-02,-2,2,-5,-3,-26.4,-24,-1.4,-1
1.7204e-02,-2,-6,-5,-7,-25.6,-26.4,-1.8,-1.8
1.7281e-02,-4,-1.3411e-07,-7,-3,-24.8,-23.2,-1.4,-1
1.7358e-02,-4,-6,-5,-7,-24,-24.8,-1.4,-1.8
1.7435e-02,-4,2,-5,-3,-22.4,-21.6,-1.4,-0.6
1.7512e-02,-2,-6,-5,-7,-22.4,-23.2,-1.4,-1.8
1.7588e-02,-1.3411e-07,2,-5,-1,-21.6,-20,-1.4,-1
1.7665e-02,-2,-6,-5,-7,-20.8,-21.6,-1.4,-1.8
1.7742e-02,-4,2,-5,-3,-20,-17.6,-1.4,-1
1.7819e-02,-2,-6,-5,-7,-18.4,-20,-1,-1.8
1.7896e-02,-4,2,-5,-3,-17.6,-16,-1.4,-0.6
1.7972e-02,-2,-8,-5,-7,-17.6,-18.4,-1.4,-1.8
1.8049e-02,-2,2,-3,-1,-16,-14.4,-1.4,-0.6
1.8126e-02,-2,-6,-5,-7,-16,-16,-1.4,-1.8
1.8203e-02,-2,2,-5,-1,-14.4,-12.8,-1.4,-0.6
1.8280e-02,-4,-6,-5,-7,-13.6,-14.4,-1.4,-1.8
1.8356e-02,-4,2,-5,-1,-12.8,-11.2,-1.4,-0.6
1.8433e-02,-4,-6,-3,-7,-12,-12.8,-1,-1.8
1.8510e-02,-2,2,-5,-1,-11.2,-8.8,-1.4,-0.6
1.8587e-02,-2,-6,-3,-7,-10.4,-11.2,-1,-1.8
1.8664e-02,-2,2,-3,-1,-8.8,-7.2,-1,-0.6
1.8740e-02,-2,-6,-3,-7,-8,-9.6,-1,-1.8
1.8817e-02,-4,2,-5,-1,-7.2,-5.6,-1,-0.6
1.8894e-02,-2,-6,-5,-7,-6.4,-8,-1,-1.4
1.8971e-02,-2,2,-3,-1,-5.6,-4,-1,-0.6
1.9048e-02,-2,-6,-3,-7,-4.8,-5.6,-1,-1.4
1.9124e-02,-2,2,-3,-1,-3.2,-2.4,-1,-0.6
1.9201e-02,-4,-6,-5,-7,-3.2,-4,-0.6,-1.4
1.9278e-02,-2,2,-3,-1,-1.6,-7.15256e-08,-1,-0.6
1.9355e-02,-2,-6,-5,-7,-1.6,-2.4,-0.6,-1.4
1.9432e-02,-2,2,-3,-1,-7.15256e-08,1.6,-1,-0.2
1.9508e-02,-2,-6,-5,-7,0.8,-7.15256e-08,-1,-1.4
1.9585e-02,-2,2,-3,-1,1.6,3.2,-0.6,-0.2
1.9662e-02,-1.3411e-07,-6,-5,-7,2.4,1.6,-0.6,-1.4
1.9739e-02,-4,2,-5,-1,3.2,4.8,-0.6,-0.2
1.9816e-02,-4,-6,-3,-7,4,3.2,-0.6,-1
1.9892e-02,-2,2,-3,-1,4.8,6.4,-0.6,-0.2
1.9969e-02,-2,-6,-3,-5,5.6,4.8,-0.6,-1
2.0046e-02,-4,2,-3,-1,6.4,8,-0.6,-0.2
2.0123e-02,-4,-6,-3,-5,7.2,6.4,-0.6,-1
2.0200e-02,-1.3411e-07,2,-3,-1,8.8,10.4,-0.6,-0.2
2.0276e-02,-4,-6,-3,-5,9.6,8.8,-0.6,-1
2.0353e-02,-4,2,-3,-1,9.6,12,-0.6,-0.2
2.0430e-02,-2,-6,-1,-5,11.2,10.4,-0.6,-1
2.0507e-02,-2,2,-3,-1,12,13.6,-0.6,0.2
2.0584e-02,-2,-8,-3,-5,12.8,12,-0.6,-1
2.0661e-02,-2,2,-3,1,12.8,15.2,-0.6,0.2
2.0737e-02,-2,-6,-3,-5,14.4,13.6,-0.2,-1
2.0814e-02,-4,2,-3,1,15.2,16.8,-0.2,0.2
2.0891e-02,-2,-6,-3,-5,16,14.4,-0.2,-0.6
2.0968e-02,-2,2,-3,1,16,17.6,-0.2,0.2
2.1045e-02,-4,-6,-1,-5,17.6,16,-0.2,-0.6
2.1121e-02,-4,2,-3,1,17.6,20,-0.2,0.2
2.1198e-02,-2,-6,-1,-3,19.2,17.6,-0.2,-0.6
2.1275e-02,-2,2,-1,1,20,21.6,-0.2,0.2
2.1352e-02,-2,-6,-1,-3,20.8,19.2,-0.2,-0.6
2.1429e-02,-2,2,-1,1,20.8,23.2,-0.2,0.6
2.1505e-02,-4,-6,-1,-3,21.6,20.8,-0.2,-0.6
2.1582e-02,-2,2,-1,1,23.2,24.8,0.2,0.6
2.1659e-02,-2,-6,-1,-3,24,22.4,-0.2,-0.6
2.1736e-02,-2,2,-1,1,24,25.6,0.2,0.6
2.1813e-02,-4,-6,-1,-3,24.8,24,-0.2,-0.2
2.1889e-02,-4,2,-1,1,25.6,27.2,0.2,0.6
2.1966e-02,-2,-6,-1,-3,27.2,25.6,0.2,-0.2
2.2043e-02,-2,2,1,1,27.2,28.8,0.2,0.6
2.2120e-02,-4,-6,1,-3,28,26.4,-0.2,-0.2
2.2197e-02,-2,2,-1,1,28,29.6,0.2,0.6
2.2273e-02,-4,-6,-1,-3,28.8,28,0.2,-0.2
2.2350e-02,-2,2,-1,1,29.6,31.2,0.2,1
2.2427e-02,-2,-6,-1,-3,30.4,28.8,0.6,-0.2
2.2504e-02,-4,2,-1,1,30.4,32,0.2,1
2.2581e-02,-1.3411e-07,-6,-1,-3,31.2,30.4,0.2,0.2
2.2657e-02,-4,2,-1,3,32,32.8,0.2,1
2.2734e-02,-2,-8,-1,-3,32,31.2,0.6,0.2
2.2811e-02,-2,2,-1,3,32.8,33.6,0.6,1
2.2888e-02,-2,-6,-1,-3,33.6,32,0.6,0.2
2.2965e-02,-2,2,-1,3,33.6,35.2,1,1
2.3041e-02,-2,-6,1,-3,34.4,32.8,0.6,0.2
2.3118e-02,-2,2,-1,3,34.4,36,0.6,1.4
2.3195e-02,-2,-6,1,-3,35.2,33.6,0.6,0.2
2.3272e-02,-2,2,-1,3,35.2,36.8,1,1.4
2.3349e-02,-2,-6,1,-1,36,34.4,0.6,0.2
2.3425e-02,-2,2,1,3,36,36.8,1,1.4
2.3502e-02,-4,-6,1,-1,36,35.2,0.6,0.6
2.3579e-02,-4,2,1,3,36.8,37.6,1,1.4
2.3656e-02,-4,-6,1,-1,36.8,34.4,1,0.6
2.3733e-02,-4,2,1,3,36,37.6,1,1.4
2.3810e-02,-4,-6,1,-1,36,34.4,1,0.6
2.3886e-02,-4,2,1,3,36.8,37.6,1,1.4
2.3963e-02,-2,-6,1,-1,36,34.4,1,0.6
2.4040e-02,-2,2,1,5,36,36.8,1.4,1.4
2.4117e-02,-4,-6,1,-1,36,34.4,1,0.6
2.4194e-02,-2,2,1,5,35.2,36.8,1,1.8
2.4270e-02,-4,-6,1,-1,36,33.6,1,0.6
2.4347e-02,-4,2,3,5,35.2,36.8,1,1.8
2.4424e-02,-4,-6,3,-1,36,33.6,1.4,0.6
2.4501e-02,-2,2,3,5,35.2,36.8,1.4,1.8
2.4578e-02,-2,-6,1,-1,35.2,33.6,1,0.6
2.4654e-02,-1.3411e-07,2,1,5,35.2,36,1,1.8
2.4731e-02,-2,-6,1,-1,35.2,33.6,1.4,1
2.4808e-02,-4,2,1,5,35.2,36,1.4,1.8
2.4885e-02,-4,-6,1,-1,34.4,33.6,1.4,1
2.4962e-02,-2,2,1,5,35.2,36,1.4,1.8
2.5038e-02,-2,-6,3,-1,34.4,32.8,1.4,1
2.5115e-02,-2,2,1,5,34.4,36,1.4,1.8
2.5192e-02,-2,-6,3,-1,34.4,32.8,1.4,1
2.5269e-02,-4,2,3,5,34.4,35.2,1.4,1.8
2.5346e-02,-4,-6,1,-1,34.4,32.8,1.4,1
2.5422e-02,-2,2,3,5,34.4,35.2,1.4,1.8
2.5499e-02,-4,-6,1,-1,34.4,32.8,1.8,1
2.5576e-02,-4,2,1,5,33.6,35.2,1.4,1.8
2.5653e-02,-4,-6,1,-1,33.6,32.8,1.4,1
2.5730e-02,-2,2,3,5,33.6,35.2,1.4,1.8
2.5806e-02,-2,-6,3,-1,34.4,32,1.4,1
2.5883e-02,-2,2,3,5,33.6,34.4,1.4,1.8
2.5960e-02,-4,-6,3,1,34.4,31.2,1.4,1
2.6037e-02,-2,2,3,5,32.8,34.4,1.4,1.8
2.6114e-02,-4,-6,1,-1,32.8,30.4,1.4,1
2.6190e-02,-2,2,1,5,32.8,33.6,1.4,2.2
2.6267e-02,-2,-6,3,1,31.2,28.8,1.4,1
2.6344e-02,-2,2,1,5,31.2,32.8,1.8,2.2
2.6421e-02,-2,-6,1,1,30.4,28,1.4,1
2.6498e-02,-2,2,3,5,30.4,31.2,1.4,2.2
2.6575e-02,-2,-6,3,-1,28.8,27.2,1.4,1
2.6651e-02,-2,2,3,5,28.8,30.4,1.4,2.2
2.6728e-02,-2,-6,3,1,28,25.6,1.4,1
2.6805e-02,-4,2,3,5,27.2,28.8,1.4,2.2
2.6882e-02,-2,-6,3,1,26.4,24,1.4,1
2.6959e-02,-2,2,3,5,26.4,27.2,1.4,2.2
2.7035e-02,-2,-6,3,1,25.6,23.2,1.4,1
2.7112e-02,-2,2,3,5,24.8,25.6,1.8,2.2
2.7189e-02,-2,-6,3,1,24,21.6,1.4,1
2.7266e-02,-2,2,3,5,22.4,24.8,1.8,2.2
2.7343e-02,-2,-6,1,1,21.6,19.2,1.4,1
2.7419e-02,-2,2,3,5,21.6,23.2,1.4,1.8
2.7496e-02,-4,-6,3,-1,20.8,18.4,1.8,1
2.7573e-02,-2,2,1,5,20,21.6,1.4,2.2
2.7650e-02,-2,-6,3,-1,19.2,16.8,1.4,1
2.7727e-02,-4,2,1,5,18.4,20,1.4,1.8
2.7803e-02,-2,-6,3,-1,17.6,15.2,1.4,1
2.7880e-02,-2,2,1,5,16.8,18.4,1.4,1.8
2.7957e-02,-4,-6,1,-1,16,13.6,1.4,1
2.8034e-02,-2,2,1,5,14.4,16.8,1.4,2.2
2.8111e-02,-4,-6,1,-1,14.4,11.2,1.4,1
2.8187e-02,-2,2,1,3,12.8,15.2,1.4,1.8
2.8264e-02,-2,-6,1,-1,12,9.6,1.4,1
2.8341e-02,-2,2,1,3,12,13.6,1.4,1.8
2.8418e-02,-2,-6,1,-1,10.4,8,1.4,1
2.8495e-02,-2,2,3,3,9.6,11.2,1.4,1.8
2.8571e-02,-2,-6,1,-1,8.8,6.4,1.4,1
2.8648e-02,-2,2,1,3,8,9.6,1.4,1.8
2.8725e-02,-4,-6,1,-1,7.2,4.8,1.4,1
2.8802e-02,-4,2,1,3,6.4,8,1.4,1.8
2.8879e-02,-2,-6,1,-1,5.6,2.4,1,0.6
2.8955e-02,-2,2,1,3,4.8,6.4,1.4,1.8
2.9032e-02,-4,-6,1,-1,4,0.8,1.4,0.6
2.9109e-02,-2,2,1,3,2.4,4.8,1,1.8
2.9186e-02,-2,-6,1,-1,1.6,-0.8,1,0.6
2.9263e-02,-2,2,1,3,0.8,2.4,1.4,1.8
2.9339e-02,-2,-6,1,-1,-7.15256e-08,-2.4,1,0.6
2.9416e-02,-2,2,1,3,-0.8,0.8,1,1.4
2.9493e-02,-4,-6,1,-1,-1.6,-4,1,0.6
2.9570e-02,-2,2,1,3,-2.4,-0.8,1,1.4
2.9647e-02,-2,-6,1,-1,-3.2,-6.4,1,0.6
2.9724e-02,-2,2,1,3,-4,-2.4,1,1.4
2.9800e-02,-2,-6,1,-1,-4.8,-8,0.6,0.2
2.9877e-02,-2,2,1,3,-5.6,-4,0.6,1.4
2.9954e-02,-2,-6,1,-1,-6.4,-9.6,1,0.2
3.0031e-02,-1.3411e-07,2,1,3,-7.2,-5.6,1,1.4
3.0108e-02,-2,-6,-1,-3,-8,-11.2,0.6,0.2
3.0184e-02,-4,2,1,3,-9.6,-8,0.6,1.4
3.0261e-02,-4,-6,1,-51,-10.4,-12.8,0.6,0.2
3.0338e-02,-2,2,-3,3,-11.2,-9.6,1,1.4
3.0415e-02,-4,-6,-15,-67,-12,-14.4,0.6,-0.2
3.0492e-02,-4,2,-5,111,-12.8,-11.2,0.2,1
3.0568e-02,-2,-6,-9,-11,-12.8,-16.8,0.2,-0.2
3.0645e-02,-4,2,-9,-5,-14.4,-12.8,0.2,1
3.0722e-02,-4,-6,-9,-13,-15.2,-17.6,0.2,-0.2
3.0799e-02,-4,2,-9,-7,-16,-14.4,0.6,0.6
3.0876e-02,-2,-6,-9,-11,-16.8,-19.2,0.2,-0.2
3.0952e-02,-2,2,-9,-7,-17.6,-16,0.2,1
3.1029e-02,-2,-6,-9,-15,-18.4,-20.8,0.2,-0.2
3.1106e-02,-2,2,-11,-7,-19.2,-17.6,0.2,0.6
3.1183e-02,-2,-6,-13,-19,-20,-22.4,-0.2,-0.6
3.1260e-02,-2,2,-15,-11,-20.8,-19.2,0.2,0.6
3.1336e-02,-4,-8,-17,-19,-21.6,-24,0.2,-0.2
3.1413e-02,-4,2,-17,-15,-22.4,-20.8,-0.2,0.6
3.1490e-02,-2,-6,-19,-19,-23.2,-25.6,0.2,-0.2
3.1567e-02,-2,2,-17,-13,-24,-22.4,-0.2,0.6
3.1644e-02,-2,-6,-17,-21,-24.8,-27.2,0.2,-0.2
3.1720e-02,-4,2,-15,-11,-25.6,-24,0.2,0.6
3.1797e-02,-4,-6,-13,-17,-26.4,-28,0.2,-0.2
3.1874e-02,-4,2,-13,-11,-26.4,-25.6,0.2,0.6
3.1951e-02,-2,-6,-13,-15,-27.2,-28.8,0.2,-0.6
3.2028e-02,-2,2,-13,-9,-28,-26.4,0.2,0.6
3.2104e-02,-4,-6,-11,-15,-28.8,-30.4,-0.2,-0.2
3.2181e-02,-4,2,-13,-9,-28.8,-27.2,0.2,0.6
3.2258e-02,-2,-6,-13,-15,-29.6,-31.2,0.2,-0.2
3.2335e-02,-2,2,-13,-9,-30.4,-28.8,0.2,0.6
3.2412e-02,-2,-6,-13,-15,-30.4,-30.4,0.2,-0.2
3.2488e-02,-2,2,-13,-11,-29.6,-28,0.2,0.6
3.2565e-02,-4,-6,-13,-15,-28.8,-30.4,0.2,-0.6
3.2642e-02,-2,2,-13,-11,-28.8,-28,0.2,0.6
3.2719e-02,-4,-6,-13,-15,-28.8,-29.6,0.2,-0.2
3.2796e-02,-4,2,-11,-9,-28,-27.2,0.2,0.6
3.2873e-02,-2,-6,-11,-13,-28.8,-28.8,0.2,-0.2
3.2949e-02,-2,2,-11,-7,-28,-26.4,0.2,0.6
3.3026e-02,-2,-6,-11,-13,-27.2,-28,0.2,-0.2
3.3103e-02,-2,2,-9,-7,-27.2,-25.6,0.2,0.6
3.3180e-02,-2,-6,-9,-13,-26.4,-27.2,0.2,-0.6
3.3257e-02,-2,2,-9,-7,-26.4,-24.8,0.2,0.6
3.3333e-02,-4,-6,-11,-13,-25.6,-26.4,-0.2,-0.2
3.3410e-02,-2,2,-11,-7,-25.6,-24,0.2,0.6
3.3487e-02,-4,-6,-11,-13,-24.8,-25.6,0.2,-0.2
3.3564e-02,-2,2,-11,-9,-24.8,-23.2,0.2,0.6
3.3641e-02,-4,-6,-11,-13,-24,-24.8,0.2,-0.2
3.3717e-02,-2,2,-11,-7,-24,-22.4,0.2,0.6
3.3794e-02,-2,-6,-11,-13,-23.2,-24,0.2,-0.2
3.3871e-02,-2,2,-9,-7,-22.4,-20.8,0.2,0.6
3.3948e-02,-2,-6,-9,-11,-21.6,-23.2,0.2,-0.2
3.4025e-02,-1.3411e-07,2,-9,-5,-21.6,-20,0.2,0.6
3.4101e-02,-2,-6,-9,-11,-20.8,-21.6,0.2,-0.2
3.4178e-02,-2,2,-7,-5,-20,-18.4,0.2,0.6
3.4255e-02,-2,-6,-7,-11,-19.2,-20,0.2,-0.2
3.4332e-02,-2,2,-9,-7,-19.2,-17.6,0.2,0.6
3.4409e-02,-4,-6,-9,-11,-17.6,-19.2,-0.2,-0.2
3.4485e-02,-2,2,-7,-7,-17.6,-16,0.2,0.6
3.4562e-02,-2,-6,-9,-11,-16.8,-17.6,0.2,-0.2
3.4639e-02,-2,2,-9,-7,-16,-14.4,0.2,0.6
3.4716e-02,-2,-6,-9,-11,-15.2,-16.8,0.2,-0.6
3.4793e-02,-2,2,-9,-5,-14.4,-12.8,0.2,0.6
3.4869e-02,-4,-6,-7,-11,-14.4,-15.2,0.2,-0.2
3.4946e-02,-4,2,-9,-5,-12.8,-11.2,0.2,0.6
3.5023e-02,-2,-6,-7,-9,-12,-13.6,0.2,-0.2
3.5100e-02,-4,2,-7,-5,-11.2,-9.6,0.2,0.6
3.5177e-02,-4,-6,-7,-9,-10.4,-12,0.2,-0.2
3.5253e-02,-4,2,-7,-5,-9.6,-8.8,0.2,0.6
3.5330e-02,-2,-6,-7,-9,-9.6,-10.4,0.2,-0.2
3.5407e-02,-2,2,-7,-5,-8,-7.2,0.2,0.6
3.5484e-02,-2,-6,-7,-9,-7.2,-8.8,0.2,-0.2
3.5561e-02,-2,2,-7,-5,-7.2,-4.8,0.2,0.6
3.5637e-02,-2,-6,-7,-9,-6.4,-7.2,0.2,-0.2
3.5714e-02,-2,2,-7,-5,-4.8,-3.2,0.2,0.6
3.5791e-02,-2,-6,-7,-9,-4,-4.8,0.2,-0.2
3.5868e-02,-2,2,-7,-3,-3.2,-1.6,0.2,0.6
3.5945e-02,-2,-6,-5,-9,-2.4,-3.2,0.2,-0.2
3.6022e-02,-2,2,-7,-3,-0.8,0.8,0.2,0.6
3.6098e-02,-2,-6,-5,-7,-7.15256e-08,-1.6,0.2,-0.2
3.6175e-02,-4,2,-5,-3,-7.15256e-08,0.8,0.2,0.6
3.6252e-02,-2,-6,-5,-7,-0.8,-1.6,0.2,-0.2
3.6329e-02,-4,2,-5,-3,-7.15256e-08,0.8,0.2,0.6
3.6406e-02,-4,-6,-5,-9,-0.8,-1.6,0.2,-0.2
3.6482e-02,-2,2,-5,-3,-7.15256e-08,0.8,0.2,0.6
3.6559e-02,-2,-6,-5,-9,-7.15256e-08,-1.6,-0.2,-0.2
3.6636e-02,-4,2,-5,-3,-7.15256e-08,0.8,0.2,0.6
3.6713e-02,-2,-6,-5,-9,-0.8,-1.6,0.2,-0.6
3.6790e-02,-2,2,-5,-3,-7.15256e-08,0.8,0.2,0.6
3.6866e-02,-2,-6,-5,-7,-7.15256e-08,-1.6,0.2,-0.2
3.6943e-02,-2,2,-5,-3,-0.8,0.8,0.2,0.6
3.7020e-02,-2,-6,-5,-7,-7.15256e-08,-1.6,-0.2,-0.2
3.7097e-02,-2,2,-5,-3,-0.8,0.8,0.2,0.6
3.7174e-02,-4,-6,-7,-7,-0.8,-1.6,0.2,-0.2
3.7250e-02,-2,2,-5,-3,-7.15256e-08,0.8,0.2,0.6
3.7327e-02,-4,-6,-5,-7,-7.15256e-08,-1.6,0.2,-0.2
3.7404e-02,-4,2,-3,-3,-7.15256e-08,0.8,0.2,0.6
3.7481e-02,-2,-6,-5,-7,-7.15256e-08,-1.6,0.2,-0.6
3.7558e-02,-2,2,-5,-3,-7.15256e-08,0.8,0.2,0.6
3.7634e-02,-2,-6,-5,-7,-7.15256e-08,-1.6,0.2,-0.2
3.7711e-02,-2,2,-5,-3,-7.15256e-08,0.8,0.2,0.6
3.7788e-02,-4,-6,-5,-7,-7.15256e-08,-1.6,0.2,-0.2
3.7865e-02,-2,2,-5,-3,-7.15256e-08,0.8,-0.2,0.6
3.7942e-02,-2,-6,-5,-7,-7.15256e-08,-1.6,0.2,-0.2
3.8018e-02,-4,2,-5,-1,-7.15256e-08,0.8,-0.2,0.6
3.8095e-02,-2,-6,-5,-7,-7.15256e-08,-1.6,0.2,-0.2
3.8172e-02,-2,2,-3,-1,-7.15256e-08,0.8,0.2,0.6
3.8249e-02,-4,-6,-3,-7,-7.15256e-08,-1.6,0.2,-0.2
3.8326e-02,-4,2,-3,-1,-7.15256e-08,0.8,0.2,0.6
3.8402e-02,-4,-6,-3,-7,-7.15256e-08,-1.6,0.2,-0.2
3.8479e-02,-2,2,-5,-1,-7.15256e-08,0.8,0.2,0.6
3.8556e-02,-2,-6,-5,-7,-7.15256e-08,-1.6,0.2,-0.2
3.8633e-02,-4,2,-5,-1,-0.8,0.8,0.2,0.6
3.8710e-02,-4,-6,-5,-7,-7.15256e-08,-1.6,0.2,-0.2
3.8786e-02,-2,2,-5,-1,-7.15256e-08,0.8,0.2,0.6
3.8863e-02,-2,-6,-5,-7,-0.8,-1.6,0.2,-0.6
3.8940e-02,-4,2,-5,-1,-7.15256e-08,0.8,0.2,0.6
3.9017e-02,-2,-6,-3,-7,-7.15256e-08,-1.6,0.2,-0.6
3.9094e-02,-4,2,-3,-1,-7.15256e-08,0.8,0.2,0.6
3.9171e-02,-4,-6,-3,-7,-7.15256e-08,-1.6,-0.2,-0.2
3.9247e-02,-4,2,-3,-1,-7.15256e-08,0.8,0.2,0.6
3.9324e-02,-4,-6,-3,-5,-7.15256e-08,-1.6,0.2,-0.2
3.9401e-02,-2,2,-5,-1,-7.15256e-08,0.8,0.2,0.6
3.9478e-02,-4,-6,-3,-5,-7.15256e-08,-1.6,0.2,-0.2
3.9555e-02,-2,2,-3,-1,-7.15256e-08,0.8,0.2,0.6
3.9631e-02,-2,-6,-3,-7,-0.8,-1.6,0.2,-0.2
3.9708e-02,-2,2,-3,-1,-7.15256e-08,0.8,0.2,0.6
3.9785e-02,-2,-6,-3,-5,-7.15256e-08,-1.6,0.2,-0.2
3.9862e-02,-2,2,-3,-1,-7.15256e-08,0.8,0.2,0.6
3.9939e-02,-4,-6,-3,-7,-7.15256e-08,-1.6,0.2,-0.2
4.0015e-02,-2,2,-3,-1,-7.15256e-08,0.8,0.2,0.6
4.0092e-02,-2,-6,-3,-5,-7.15256e-08,-1.6,-0.2,-0.2
4.0169e-02,-2,2,-3,-1,-0.8,0.8,0.2,0.6
4.0246e-02,-2,-6,-3,-5,-7.15256e-08,-1.6,0.2,-0.2
4.0323e-02,-2,2,-3,1,-7.15256e-08,0.8,0.2,0.6
4.0399e-02,-2,-6,-3,-5,-7.15256e-08,-1.6,0.2,-0.2
4.0476e-02,-4,2,-3,1,-0.8,0.8,0.2,0.6
4.0553e-02,-4,-6,-3,-5,-7.15256e-08,-1.6,0.2,-0.2
4.0630e-02,-2,2,-3,-1,-7.15256e-08,0.8,0.2,0.6
4.0707e-02,-2,-6,-3,-5,-0.8,-1.6,0.2,-0.2
4.0783e-02,-2,2,-3,-1,-7.15256e-08,0.8,0.2,0.6
4.0860e-02,-2,-6,-3,-5,-7.15256e-08,-0.8,0.2,-0.6
4.0937e-02,-2,2,-3,1,-7.15256e-08,0.8,0.2,0.6
4.1014e-02,-2,-6,-3,-5,-7.15256e-08,-1.6,0.2,-0.2
4.1091e-02,-4,2,-3,-1,-7.15256e-08,0.8,0.2,0.6
4.1167e-02,-1.3411e-07,-6,-3,-5,-7.15256e-08,-1.6,0.2,-0.2
4.1244e-02,-2,2,-3,1,-0.8,0.8,0.2,0.6
4.1321e-02,-4,-6,-3,-5,-0.8,-1.6,0.2,-0.6
4.1398e-02,-4,2,-3,1,-7.15256e-08,0.8,0.2,0.6
4.1475e-02,-1.3411e-07,-6,-3,-5,-7.15256e-08,-1.6,0.2,-0.2
4.1551e-02,-4,2,-3,1,-7.15256e-08,0.8,0.2,0.6
4.1628e-02,-4,-6,-3,-5,-7.15256e-08,-1.6,-0.2,-0.2
4.1705e-02,-2,2,-1,1,-7.15256e-08,0.8,0.2,0.6
4.1782e-02,-2,-6,-3,-5,-7.15256e-08,-1.6,0.2,-0.2
4.1859e-02,-2,2,-3,-1,-7.15256e-08,0.8,0.2,0.6
4.1935e-02,-2,-6,-3,-5,-7.15256e-08,-1.6,0.2,-0.2
4.2012e-02,-2,2,-3,-1,-7.15256e-08,0.8,0.2,0.6
4.2089e-02,-4,-6,-3,-5,-7.15256e-08,-1.6,0.2,-0.2
4.2166e-02,-4,2,-3,1,-7.15256e-08,0.8,0.2,0.6
4.2243e-02,-2,-6,-1,-5,-0.8,-1.6,0.2,-0.2
4.2320e-02,-4,2,-3,1,-7.15256e-08,0.8,0.2,0.6
4.2396e-02,-2,-6,-3,-5,-0.8,-0.8,0.2,-0.2
4.2473e-02,-2,2,-3,1,-7.15256e-08,0.8,-0.2,0.6
4.2550e-02,-4,-6,-3,-5,-7.15256e-08,-0.8,-0.2,-0.2
4.2627e-02,-2,2,-1,1,-7.15256e-08,0.8,0.2,0.6
4.2704e-02,-4,-6,-1,-5,-0.8,-1.6,0.2,-0.2
4.2780e-02,-4,2,-3,1,-0.8,0.8,0.2,0.6
4.2857e-02,-4,-6,-3,-5,-7.15256e-08,-1.6,-0.2,-0.6
4.2934e-02,-2,2,-3,1,-7.15256e-08,0.8,0.2,0.6
4.3011e-02,-2,-6,-1,-5,-7.15256e-08,-1.6,0.2,-0.2
4.3088e-02,-2,2,-1,1,-7.15256e-08,0.8,0.2,0.6
4.3164e-02,-4,-6,-3,-5,-7.15256e-08,-1.6,0.2,-0.2
4.3241e-02,-2,2,-1,1,-7.15256e-08,0.8,-0.2,0.6
4.3318e-02,-2,-6,-1,-5,-7.15256e-08,-1.6,0.2,-0.6
4.3395e-02,-2,2,-1,1,-7.15256e-08,0.8,0.2,0.6
4.3472e-02,-2,-6,-1,-5,-7.15256e-08,-1.6,-0.2,-0.2
4.3548e-02,-2,2,-1,1,-7.15256e-08,0.8,0.2,0.6
4.3625e-02,-2,-6,-1,-3,-7.15256e-08,-1.6,0.2,-0.2
4.3702e-02,-4,2,-1,1,-7.15256e-08,0.8,0.2,0.6
4.3779e-02,-2,-6,-3,-5,-7.15256e-08,-0.8,0.2,-0.2
4.3856e-02,-2,2,-3,1,-7.15256e-08,0.8,-0.2,0.6
4.3932e-02,-2,-6,-1,-5,-7.15256e-08,-0.8,0.2,-0.6
4.4009e-02,-4,2,-1,1,-7.15256e-08,0.8,0.2,0.6
4.4086e-02,-2,-6,-3,-5,-7.15256e-08,-1.6,0.2,-0.6
4.4163e-02,-2,2,-1,1,-0.8,0.8,0.2,0.6
4.4240e-02,-2,-6,-1,-3,-7.15256e-08,-1.6,0.2,-0.6
4.4316e-02,-4,2,-1,1,-7.15256e-08,0.8,0.2,0.6
4.4393e-02,-4,-6,-3,-3,-7.15256e-08,-1.6,0.2,-0.6
4.4470e-02,-2,2,-1,1,-7.15256e-08,0.8,0.2,0.6
4.4547e-02,-2,-6,-3,-3,-7.15256e-08,-0.8,-0.2,-0.2
4.4624e-02,-4,2,-1,1,-7.15256e-08,0.8,-0.2,0.6
4.4700e-02,-2,-6,-1,-3,-7.15256e-08,-1.6,0.2,-0.2
4.4777e-02,-4,2,-1,1,-7.15256e-08,0.8,0.2,0.6
4.4854e-02,-2,-6,-1,-5,-7.15256e-08,-1.6,0.2,-0.2
4.4931e-02,-2,2,-1,1,-7.15256e-08,0.8,0.2,0.6
4.5008e-02,-2,-6,-1,-3,-7.15256e-08,-1.6,0.2,-0.6
4.5084e-02,-2,2,-1,1,-7.15256e-08,0.8,0.2,0.6
4.5161e-02,-4,-6,-1,-3,-7.15256e-08,-0.8,0.2,-0.2
4.5238e-02,-2,2,-1,1,-7.15256e-08,0.8,0.2,0.6
4.5315e-02,-2,-6,-1,-3,-7.15256e-08,-1.6,0.2,-0.6
4.5392e-02,-2,2,-1,1,-7.15256e-08,0.8,0.2,0.6
4.5469e-02,-2,-6,-1,-3,-7.15256e-08,-1.6,0.2,-0.2
4.5545e-02,-4,2,-1,1,-7.15256e-08,0.8,0.2,0.6
4.5622e-02,-2,-6,-1,-3,-0.8,-1.6,0.2,-0.2
4.5699e-02,-4,2,-1,1,-7.15256e-08,0.8,0.2,0.6
4.5776e-02,-4,-6,-1,-3,-7.15256e-08,-0.8,0.2,-0.2
4.5853e-02,-1.3411e-07,2,-1,1,-7.15256e-08,0.8,0.2,0.6
4.5929e-02,-4,-6,-1,-3,-7.15256e-08,-1.6,0.2,-0.2
4.6006e-02,-2,2,-1,1,-7.15256e-08,0.8,0.2,0.6
4.6083e-02,-4,-6,-1,-3,-7.15256e-08,-1.6,0.2,-0.2
4.6160e-02,-2,2,-1,1,-7.15256e-08,0.8,0.2,0.6
4.6237e-02,-2,-6,-1,-3,-7.15256e-08,-0.8,0.2,-0.2
4.6313e-02,-2,2,1,1,-7.15256e-08,0.8,0.2,0.6
4.6390e-02,-4,-6,-1,-3,-7.15256e-08,-1.6,0.2,-0.2
4.6467e-02,-4,2,-1,1,-7.15256e-08,0.8,0.2,0.6
4.6544e-02,-2,-6,1,-3,-7.15256e-08,-1.6,0.2,-0.2
4.6621e-02,-1.3411e-07,2,-1,1,-7.15256e-08,0.8,0.2,0.6
4.6697e-02,-2,-6,-1,-3,-7.15256e-08,-1.6,0.2,-0.6
4.6774e-02,-2,2,-1,1,-7.15256e-08,0.8,0.2,0.6
4.6851e-02,-4,-6,-1,-3,-7.15256e-08,-0.8,0.2,-0.2
4.6928e-02,-4,2,-1,1,-7.15256e-08,0.8,0.2,0.6
4.7005e-02,-2,-6,-1,-3,-7.15256e-08,-1.6,0.2,-0.2
4.7081e-02,-2,2,-1,1,-7.15256e-08,0.8,0.2,0.6
4.7158e-02,-2,-6,-3,-3,-7.15256e-08,-0.8,0.2,-0.2
4.7235e-02,-2,2,-3,1,-7.15256e-08,0.8,0.2,0.6
4.7312e-02,-2,-6,-1,-3,-7.15256e-08,-0.8,0.2,-0.2
4.7389e-02,-2,2,-1,1,-7.15256e-08,0.8,0.2,0.6
4.7465e-02,-2,-6,-1,-3,-7.15256e-08,-0.8,0.2,-0.2
4.7542e-02,-2,2,-1,1,-7.15256e-08,0.8,0.2,0.6
4.7619e-02,-4,-6,-1,-3,-7.15256e-08,-1.6,0.2,-0.2
4.7696e-02,-2,2,-1,1,-7.15256e-08,0.8,0.2,0.6
4.7773e-02,-4,-6,-1,-3,-7.15256e-08,-0.8,0.2,-0.2
4.7849e-02,-4,2,-3,1,-7.15256e-08,0.8,0.2,0.6
4.7926e-02,-4,-6,-1,-3,-7.15256e-08,-0.8,0.2,-0.2
4.8003e-02,-4,2,-1,1,-7.15256e-08,0.8,0.2,0.6
4.8080e-02,-2,-6,-3,-3,-7.15256e-08,-0.8,0.2,-0.2
4.8157e-02,-4,2,-1,1,-7.15256e-08,0.8,0.2,0.6
4.8233e-02,-2,-6,-1,-3,-7.15256e-08,-0.8,0.2,-0.2
4.8310e-02,-2,2,-1,1,-7.15256e-08,0.8,0.2,0.6
4.8387e-02,-2,-6,-1,-3,0.8,-0.8,0.2,-0.2
4.8464e-02,-2,2,-1,1,-7.15256e-08,0.8,0.2,0.6
4.8541e-02,-2,-6,-1,-3,-7.15256e-08,-1.6,0.2,-0.6
4.8618e-02,-4,2,-1,1,-7.15256e-08,0.8,-0.2,0.6
4.8694e-02,-4,-6,-1,-3,-7.15256e-08,-0.8,0.2,-0.2
4.8771e-02,-2,2,-1,1,-7.15256e-08,0.8,0.2,0.6
4.8848e-02,-2,-6,-1,-3,-7.15256e-08,-1.6,0.2,-0.2
4.8925e-02,-4,2,-1,1,-7.15256e-08,0.8,0.2,0.6
4.9002e-02,-2,-8,-1,-3,-7.15256e-08,-0.8,0.2,-0.2
4.9078e-02,-4,2,-1,1,-7.15256e-08,0.8,0.2,0.6
4.9155e-02,-2,-6,-1,-3,-7.15256e-08,-0.8,0.2,-0.2
4.9232e-02,-2,2,-3,1,-7.15256e-08,0.8,0.2,0.6
4.9309e-02,-2,-6,-1,-3,-7.15256e-08,-0.8,0.2,-0.2
4.9386e-02,-4,2,-1,1,-7.15256e-08,0.8,0.2,0.6
4.9462e-02,-2,-6,-1,-3,-7.15256e-08,-0.8,0.2,-0.6
4.9539e-02,-2,2,1,1,-7.15256e-08,0.8,0.2,0.6
4.9616e-02,-2,-6,-1,-3,-7.15256e-08,-0.8,0.6,-0.2
4.9693e-02,-2,2,-1,1,-7.15256e-08,0.8,0.2,0.6
4.9770e-02,-2,-6,-1,-3,-7.15256e-08,-0.8,0.2,-0.2
4.9846e-02,-4,2,-1,1,-7.15256e-08,0.8,0.2,0.6
4.9923e-02,-2,-6,-1,-3,-7.15256e-08,-0.8,0.2,-0.2
5.0000e-02,-2,2,-1,1,-7.15256e-08,0.8,0.2,0.6
5.0077e-02,-2,-6,-1,-3,-7.15256e-08,-0.8,0.2,-0.6
5.0154e-02,-2,2,1,1,-0.8,0.8,0.2,0.6
5.0230e-02,-2,-6,-1,-3,-7.15256e-08,-0.8,0.2,-0.6
5.0307e-02,-2,2,-1,1,-7.15256e-08,0.8,0.2,0.6
5.0384e-02,-2,-6,1,-3,-7.15256e-08,-0.8,0.2,-0.6
5.0461e-02,-2,2,-1,1,-7.15256e-08,0.8,0.2,0.6
5.0538e-02,-4,-6,1,-3,-7.15256e-08,-0.8,0.2,-0.2
5.0614e-02,-2,2,-1,1,-7.15256e-08,0.8,0.2,0.6
5.0691e-02,-2,-6,-1,-3,-7.15256e-08,-0.8,0.2,-0.2
5.0768e-02,-2,2,1,1,-7.15256e-08,0.8,0.2,0.6
5.0845e-02,-2,-6,-1,-3,-7.15256e-08,-0.8,0.2,-0.2
5.0922e-02,-4,2,-1,1,-7.15256e-08,0.8,0.2,0.6
5.0998e-02,-2,-6,-1,-3,-7.15256e-08,-0.8,0.2,-0.6
5.1075e-02,-2,2,-1,1,-7.15256e-08,0.8,0.2,0.6
5.1152e-02,-2,-6,-1,-3,-7.15256e-08,-0.8,0.2,-0.6
5.1229e-02,-4,2,-1,1,-7.15256e-08,0.8,0.2,0.6
5.1306e-02,-4,-6,-1,-3,-7.15256e-08,-0.8,0.2,-0.2
5.1382e-02,-2,2,-1,1,-7.15256e-08,0.8,-0.2,0.6
5.1459e-02,-2,-6,-1,-3,-7.15256e-08,-0.8,-0.2,-0.2
5.1536e-02,-2,2,-1,1,-7.15256e-08,0.8,0.2,0.6
5.1613e-02,-4,-6,-1,-3,-7.15256e-08,-0.8,0.2,-0.2
5.1690e-02,-2,2,-1,1,-7.15256e-08,0.8,0.2,0.6
5.1767e-02,-2,-6,-1,-3,-7.15256e-08,-0.8,0.2,-0.6
5.1843e-02,-2,2,-1,1,-7.15256e-08,0.8,0.2,0.6
5.1920e-02,-2,-6,-1,-3,-7.15256e-08,-0.8,0.2,-0.6
5.1997e-02,-2,2,-1,1,-7.15256e-08,0.8,-0.2,0.6
5.2074e-02,-2,-6,-1,-3,-7.15256e-08,-0.8,0.2,-0.2
5.2151e-02,-2,2,-1,1,-7.15256e-08,0.8,0.2,0.6
5.2227e-02,-2,-6,-1,-3,-7.15256e-08,-0.8,0.2,-0.2
5.2304e-02,-2,2,-1,1,-7.15256e-08,0.8,0.2,0.6
5.2381e-02,-2,-6,-1,-3,-7.15256e-08,-0.8,0.2,-0.6
5.2458e-02,-2,2,-1,1,-7.15256e-08,0.8,0.2,0.6
5.2535e-02,-2,-6,-1,-3,-7.15256e-08,-0.8,0.2,-0.6
5.2611e-02,-2,2,1,1,-7.15256e-08,0.8,0.2,0.6
5.2688e-02,-4,-6,-1,-3,-7.15256e-08,-0.8,0.2,-0.6
5.2765e-02,-2,2,-1,1,-7.15256e-08,0.8,0.2,0.6
5.2842e-02,-4,-6,-1,-3,-7.15256e-08,-0.8,0.2,-0.2
5.2919e-02,-4,2,-1,3,-7.15256e-08,0.8,0.2,0.6
5.2995e-02,-2,-6,-1,-3,-7.15256e-08,-0.8,0.2,-0.6
5.3072e-02,-2,2,-1,1,-7.15256e-08,0.8,0.2,0.6
5.3149e-02,-2,-6,-1,-3,0.8,-0.8,0.2,-0.6
5.3226e-02,-4,2,-1,1,-7.15256e-08,0.8,0.2,0.6
5.3303e-02,-2,-6,1,-3,-7.15256e-08,-0.8,-0.2,-0.6
5.3379e-02,-2,2,-1,3,-7.15256e-08,0.8,0.2,0.6
5.3456e-02,-2,-6,1,-3,-7.15256e-08,-0.8,0.2,-0.6
5.3533e-02,-4,2,-1,3,-7.15256e-08,0.8,0.2,0.6
5.3610e-02,-2,-6,-1,-3,-7.15256e-08,-0.8,-0.2,-0.2
5.3687e-02,-4,2,-1,3,-7.15256e-08,0.8,0.2,0.6
5.3763e-02,-2,-6,1,-3,-7.15256e-08,-0.8,0.2,-0.2
5.3840e-02,-4,2,-1,1,-7.15256e-08,0.8,0.2,0.6
5.3917e-02,-4,-6,-1,-3,-7.15256e-08,-0.8,0.2,-0.2
5.3994e-02,-2,2,-1,3,-7.15256e-08,0.8,0.2,0.6
5.4071e-02,-2,-6,-1,-3,-7.15256e-08,-0.8,0.2,-0.6
5.4147e-02,-2,2,-1,1,-7.15256e-08,0.8,0.2,0.6
5.4224e-02,-4,-6,-1,-3,-7.15256e-08,-0.8,-0.2,-0.2
5.4301e-02,-2,2,-1,3,-7.15256e-08,0.8,0.2,0.6
5.4378e-02,-2,-6,-1,-3,-7.15256e-08,-0.8,0.2,-0.2
5.4455e-02,-4,2,-1,1,-7.15256e-08,0.8,-0.2,0.6
5.4531e-02,-4,-6,-1,-3,-7.15256e-08,-0.8,0.2,-0.2
5.4608e-02,-2,2,-1,1,-7.15256e-08,0.8,0.2,0.6
5.4685e-02,-4,-6,-1,-3,-7.15256e-08,-0.8,0.2,-0.6
5.4762e-02,-2,2,-1,1,-7.15256e-08,0.8,0.2,0.6
5.4839e-02,-2,-6,-1,-3,-7.15256e-08,-0.8,0.2,-0.2
5.4916e-02,-4,2,-1,1,-7.15256e-08,0.8,0.6,0.6
5.4992e-02,-2,-8,-1,-3,0.8,-0.8,0.2,-0.6
5.5069e-02,-2,2,-1,3,-7.15256e-08,0.8,0.2,0.6
5.5146e-02,-2,-8,1,-3,-7.15256e-08,-0.8,0.2,-0.6
5.5223e-02,-4,2,-1,3,-7.15256e-08,0.8,0.2,0.6
5.5300e-02,-4,-6,-1,-3,-7.15256e-08,-0.8,0.2,-0.6
5.5376e-02,-2,2,1,3,-7.15256e-08,0.8,0.2,0.6
5.5453e-02,-4,-6,-1,-3,0.8,-0.8,0.2,-0.2
5.5530e-02,-4,2,-1,1,-7.15256e-08,0.8,0.2,0.6
5.5607e-02,-2,-6,-1,-3,-7.15256e-08,-0.8,0.2,-0.6
5.5684e-02,-4,2,-1,1,-7.15256e-08,0.8,-0.2,0.6
5.5760e-02,-4,-6,-1,-3,-7.15256e-08,-0.8,0.2,-0.2
5.5837e-02,-4,2,-1,3,-7.15256e-08,0.8,0.2,0.6
5.5914e-02,-2,-6,1,-3,-7.15256e-08,-0.8,0.2,-0.2
5.5991e-02,-2,2,-1,3,0.8,0.8,0.2,0.6
5.6068e-02,-2,-6,-1,-3,-7.15256e-08,-0.8,0.2,-0.2
5.6144e-02,-2,2,-1,3,-7.15256e-08,0.8,0.2,0.6
5.6221e-02,-2,-6,-1,-3,-7.15256e-08,-0.8,0.2,-0.6
5.6298e-02,-2,2,-1,1,-7.15256e-08,0.8,0.2,0.6
5.6375e-02,-4,-6,-1,-3,-7.15256e-08,-0.8,0.2,-0.2
5.6452e-02,-2,2,-1,1,-7.15256e-08,0.8,0.2,0.6
5.6528e-02,-2,-6,-1,-3,0.8,-0.8,0.2,-0.6
5.6605e-02,-4,2,-1,3,-7.15256e-08,0.8,0.2,0.6
5.6682e-02,-2,-6,-1,-3,-7.15256e-08,-0.8,0.2,-0.6
5.6759e-02,-2,2,-1,3,-7.15256e-08,0.8,0.2,0.6
5.6836e-02,-2,-6,-1,-3,-7.15256e-08,-0.8,0.2,-0.6
5.6912e-02,-1.3411e-07,2,-1,1,-7.15256e-08,0.8,0.2,0.6
5.6989e-02,-2,-6,-1,-3,-7.15256e-08,-0.8,0.2,-0.2
5.7066e-02,-2,2,-1,1,-7.15256e-08,0.8,0.2,0.6
5.7143e-02,-2,-6,1,-3,-7.15256e-08,-0.8,0.2,-0.2
5.7220e-02,-4,2,-1,3,-7.15256e-08,0.8,0.2,0.6
5.7296e-02,-2,-6,-1,-3,-7.15256e-08,-0.8,0.2,-0.2
5.7373e-02,-4,2,-1,1,-7.15256e-08,0.8,0.2,0.6
5.7450e-02,-2,-6,-1,-3,-7.15256e-08,-0.8,0.2,-0.2
5.7527e-02,-2,2,-1,1,-7.15256e-08,0.8,0.2,0.6
5.7604e-02,-2,-6,-1,-3,-7.15256e-08,-0.8,0.2,-0.2
5.7680e-02,-2,2,1,1,-7.15256e-08,0.8,0.2,0.6
5.7757e-02,-2,-6,-1,-3,-7.15256e-08,-0.8,0.2,-0.6
5.7834e-02,-4,2,-1,3,-7.15256e-08,0.8,0.2,0.6
5.7911e-02,-2,-6,-1,-3,-7.15256e-08,-0.8,0.2,-0.2
5.7988e-02,-2,2,-1,1,0.8,0.8,0.2,0.6
5.8065e-02,-4,-6,-1,-3,-7.15256e-08,-0.8,0.2,-0.6
5.8141e-02,-2,2,1,1,-7.15256e-08,0.8,0.2,0.6
5.8218e-02,-2,-6,-1,-3,-7.15256e-08,-0.8,0.2,-0.6
5.8295e-02,-4,2,1,3,-7.15256e-08,0.8,0.2,0.6
5.8372e-02,-2,-6,1,-3,-7.15256e-08,-0.8,-0.2,-0.2
5.8449e-02,-2,2,-1,3,-7.15256e-08,0.8,0.2,0.6
5.8525e-02,-2,-6,-1,-3,-7.15256e-08,-0.8,0.2,-0.2
5.8602e-02,-4,2,-1,3,-7.15256e-08,0.8,0.2,0.6
5.8679e-02,-2,-6,-1,-3,-7.15256e-08,-0.8,0.2,-0.2
5.8756e-02,-2,2,-1,3,0.8,0.8,0.2,0.6
5.8833e-02,-2,-6,-1,-3,-7.15256e-08,-0.8,0.2,-0.6
5.8909e-02,-2,2,-1,3,-7.15256e-08,0.8,0.2,0.6
5.8986e-02,-2,-6,1,-3,-7.15256e-08,-0.8,0.2,-0.2
5.9063e-02,-2,2,-1,1,-7.15256e-08,0.8,0.2,0.6
5.9140e-02,-4,-6,-1,-3,-7.15256e-08,-0.8,0.2,-0.2
5.9217e-02,-2,2,-1,1,-7.15256e-08,0.8,0.2,0.6
5.9293e-02,-4,-6,-1,-3,-7.15256e-08,-0.8,0.2,-0.2
5.9370e-02,-4,2,-1,3,-7.15256e-08,0.8,0.2,0.6
5.9447e-02,-2,-6,-1,-3,-7.15256e-08,-0.8,0.2,-0.6
5.9524e-02,-2,2,-1,3,0.8,0.8,0.2,0.6
5.9601e-02,-2,-6,-1,-3,0.8,-0.8,0.2,-0.2
5.9677e-02,-4,2,-1,3,-7.15256e-08,0.8,0.2,0.6
5.9754e-02,-2,-6,-1,-3,-7.15256e-08,-0.8,0.2,-0.2
5.9831e-02,-4,2,-1,3,-7.15256e-08,0.8,0.2,0.6
5.9908e-02,-2,-6,-1,-3,-7.15256e-08,-0.8,0.2,-0.6
5.9985e-02,-2,2,-1,3,-7.15256e-08,0.8,-0.2,0.6
6.0061e-02,-4,-6,1,-3,-7.15256e-08,-0.8,0.2,-0.2
6.0138e-02,-2,2,-1,1,0.8,0.8,0.2,0.6
6.0215e-02,-2,-6,-1,-3,-7.15256e-08,-0.8,0.2,-0.6
6.0292e-02,-2,2,-1,3,-7.15256e-08,0.8,0.2,0.6
6.0369e-02,-1.3411e-07,-6,1,-3,-7.15256e-08,-0.8,0.2,-0.2
6.0445e-02,-2,2,-1,1,-7.15256e-08,0.8,-0.2,0.6
6.0522e-02,-2,-6,-1,-3,-7.15256e-08,-0.8,0.2,-0.2
6.0599e-02,-2,2,1,1,0.8,0.8,0.2,0.6
6.0676e-02,-2,-6,1,-3,-7.15256e-08,-0.8,0.2,-0.6
6.0753e-02,-2,2,-1,3,-7.15256e-08,0.8,0.2,0.6
6.0829e-02,-2,-6,-1,-3,-7.15256e-08,-0.8,0.2,-0.6
6.0906e-02,-2,2,1,3,-7.15256e-08,0.8,0.2,0.6
6.0983e-02,-2,-6,-1,-3,-7.15256e-08,-0.8,0.2,-0.2
6.1060e-02,-4,2,-1,1,-7.15256e-08,0.8,0.2,0.6
6.1137e-02,-2,-6,-1,-3,-7.15256e-08,-0.8,0.2,-0.2
6.1214e-02,-2,2,-1,3,-7.15256e-08,0.8,0.2,0.6
6.1290e-02,-1.3411e-07,-6,-1,-3,-7.15256e-08,-0.8,0.2,-0.2
6.1367e-02,-2,2,1,3,-7.15256e-08,0.8,0.2,0.6
6.1444e-02,-2,-6,1,-3,-7.15256e-08,-0.8,-0.2,-0.2
6.1521e-02,-2,2,-1,1,0.8,0.8,0.2,0.6
6.1598e-02,-4,-6,-1,-3,-7.15256e-08,-0.8,0.2,-0.6
6.1674e-02,-2,2,-1,1,0.8,0.8,-0.2,0.6
6.1751e-02,-4,-6,-1,-3,-7.15256e-08,-0.8,0.2,-0.2
6.1828e-02,-2,2,-1,1,-7.15256e-08,0.8,0.2,0.6
6.1905e-02,-2,-6,1,-3,0.8,-0.8,-0.2,-0.2
6.1982e-02,-4,2,-1,3,-7.15256e-08,0.8,-0.2,0.6
6.2058e-02,-2,-6,-1,-3,-7.15256e-08,-0.8,0.2,-0.2
6.2135e-02,-4,2,-1,1,-7.15256e-08,0.8,0.2,0.6
6.2212e-02,-2,-6,-1,-3,-7.15256e-08,-0.8,0.2,-0.2
6.2289e-02,-2,2,1,3,-7.15256e-08,0.8,0.2,0.6
6.2366e-02,-4,-6,1,-3,-7.15256e-08,-0.8,-0.2,-0.2
6.2442e-02,-2,2,-1,3,-7.15256e-08,0.8,0.2,0.6
6.2519e-02,-2,-6,1,-3,-7.15256e-08,-0.8,0.2,-0.2
6.2596e-02,-4,2,-1,3,-7.15256e-08,0.8,0.2,0.6
6.2673e-02,-2,-6,-1,-3,-7.15256e-08,-0.8,0.2,-0.2
6.2750e-02,-4,2,-1,1,-7.15256e-08,0.8,0.2,0.6
6.2826e-02,-2,-6,1,-3,-7.15256e-08,-0.8,0.2,-0.6
6.2903e-02,-2,2,-1,3,-7.15256e-08,0.8,0.2,0.6
6.2980e-02,-2,-6,-1,-3,-7.15256e-08,-0.8,0.2,-0.6
6.3057e-02,-2,2,-1,3,-7.15256e-08,0.8,0.2,0.6
6.3134e-02,-2,-6,-1,-3,0.8,-0.8,0.2,-0.6
6.3210e-02,-1.3411e-07,2,-1,3,-7.15256e-08,0.8,0.2,0.6
6.3287e-02,-4,-6,1,-3,-7.15256e-08,-0.8,0.2,-0.2
6.3364e-02,-2,2,-1,3,-7.15256e-08,0.8,0.2,0.6
6.3441e-02,-2,-6,-1,-3,-7.15256e-08,-0.8,0.2,-0.2
6.3518e-02,-2,2,-1,3,-7.15256e-08,1.6,0.2,0.6
6.3594e-02,-4,-6,-1,-3,-7.15256e-08,-0.8,0.2,-0.6
6.3671e-02,-4,2,-1,1,-7.15256e-08,0.8,0.2,0.6
6.3748e-02,-2,-6,-1,-3,-7.15256e-08,-0.8,0.2,-0.2
6.3825e-02,-4,2,-1,1,0.8,0.8,0.2,0.6
6.3902e-02,-2,-6,-1,-3,-7.15256e-08,-0.8,0.2,-0.2
6.3978e-02,-2,2,1,1,-7.15256e-08,0.8,0.2,0.6
6.4055e-02,-2,-6,-1,-3,-7.15256e-08,-0.8,0.2,-0.2
6.4132e-02,-2,2,-1,1,-7.15256e-08,0.8,0.2,0.6
6.4209e-02,-2,-6,-1,-3,-7.15256e-08,-0.8,0.2,-0.2
6.4286e-02,-2,2,-1,1,-7.15256e-08,0.8,0.2,0.6
6.4363e-02,-2,-6,-1,-3,-7.15256e-08,-0.8,0.2,-0.6
6.4439e-02,-2,2,-1,3,-7.15256e-08,0.8,0.2,0.6
6.4516e-02,-2,-6,-1,-3,-7.15256e-08,-0.8,0.2,-0.2
6.4593e-02,-2,2,-1,1,0.8,0.8,0.2,0.6
6.4670e-02,-4,-6,-1,-3,-7.15256e-08,-0.8,0.2,-0.6
6.4747e-02,-2,2,1,3,-7.15256e-08,0.8,0.2,0.6
6.4823e-02,-2,-6,1,-3,-7.15256e-08,-0.8,0.2,-0.2
6.4900e-02,-2,2,-1,3,-7.15256e-08,0.8,0.2,0.6
6.4977e-02,-2,-6,-1,-3,-7.15256e-08,-0.8,0.2,-0.2
6.5054e-02,-4,2,-1,3,-7.15256e-08,1.6,-0.2,0.6
6.5131e-02,-2,-6,-1,-3,-7.15256e-08,-0.8,-0.2,-0.2
6.5207e-02,-2,2,1,1,-7.15256e-08,0.8,-0.2,0.6
6.5284e-02,-4,-6,-1,-3,-7.15256e-08,-0.8,0.2,-0.2
6.5361e-02,-4,2,-1,3,-7.15256e-08,0.8,-0.2,0.6
6.5438e-02,-2,-6,-1,-3,-7.15256e-08,-0.8,0.2,-0.2
6.5515e-02,-2,2,-1,1,-7.15256e-08,0.8,0.2,0.6
6.5591e-02,-4,-6,-1,-3,0.8,-0.8,0.2,-0.2
6.5668e-02,-2,2,-1,3,-7.15256e-08,1.6,0.2,0.6
6.5745e-02,-1.3411e-07,-6,-1,-3,-7.15256e-08,-0.8,-0.2,-0.2
6.5822e-02,-2,2,-1,3,0.8,0.8,0.2,0.6
6.5899e-02,-6,-6,-1,-3,-7.15256e-08,-0.8,0.2,-0.2
6.5975e-02,-2,2,-1,3,-7.15256e-08,0.8,0.2,0.6
6.6052e-02,-4,-6,-1,-3,-7.15256e-08,-0.8,0.2,-0.2
6.6129e-02,-2,2,-1,3,-7.15256e-08,0.8,0.2,0.6
6.6206e-02,-4,-6,-1,-3,-7.15256e-08,-0.8,0.2,-0.2
6.6283e-02,-2,2,-1,3,-7.15256e-08,0.8,0.2,0.6
6.6359e-02,-2,-6,-1,-3,0.8,-0.8,0.2,-0.6
6.6436e-02,-2,2,-1,3,-7.15256e-08,0.8,0.2,0.6
6.6513e-02,-4,-6,-1,-3,-7.15256e-08,-0.8,0.2,-0.2
6.6590e-02,-2,2,1,3,-7.15256e-08,0.8,0.2,0.6
6.6667e-02,-4,-6,1,-3,0.8,-0.8,0.2,-0.6
6.6743e-02,-4,2,-1,3,-7.15256e-08,0.8,0.2,0.6
6.6820e-02,-4,-6,-1,-3,0.8,-0.8,0.2,-0.2
6.6897e-02,-2,2,-1,3,-7.15256e-08,0.8,0.2,0.6
6.6974e-02,-4,-6,-1,-3,0.8,-0.8,0.2,-0.2
6.7051e-02,-2,2,-1,3,-7.15256e-08,0.8,0.2,0.6
6.7127e-02,-4,-6,1,-3,-7.15256e-08,-0.8,0.2,-0.6
6.7204e-02,-2,2,-1,3,0.8,0.8,0.2,0.6
6.7281e-02,-4,-6,-1,-3,-7.15256e-08,-0.8,0.2,-0.6
6.7358e-02,-4,2,-1,1,0.8,1.6,0.2,0.6
6.7435e-02,-2,-6,1,-3,-7.15256e-08,-0.8,-0.2,-0.6
6.7512e-02,-4,2,-1,1,-7.15256e-08,0.8,0.2,0.6
6.7588e-02,-2,-6,-1,-3,-7.15256e-08,-0.8,0.2,-0.6
6.7665e-02,-2,2,-1,3,-7.15256e-08,0.8,0.2,0.6
6.7742e-02,-2,-6,-1,-3,0.8,-0.8,0.2,-0.2
6.7819e-02,-4,2,-1,3,-7.15256e-08,0.8,0.2,0.6
6.7896e-02,-2,-6,-1,-3,-7.15256e-08,-0.8,0.2,-0.6
6.7972e-02,-2,2,-1,1,-7.15256e-08,0.8,0.2,0.6
6.8049e-02,-4,-6,-1,-3,-7.15256e-08,-0.8,0.2,-0.2
6.8126e-02,-2,2,-1,3,-7.15256e-08,0.8,0.2,0.6
6.8203e-02,-2,-6,1,-3,0.8,-0.8,0.2,-0.6
6.8280e-02,-2,2,1,1,-7.15256e-08,1.6,0.2,0.6
6.8356e-02,-2,-6,-1,-3,0.8,-0.8,0.2,-0.6
6.8433e-02,-4,2,1,3,-7.15256e-08,1.6,0.2,0.6
6.8510e-02,-2,-6,1,-3,-7.15256e-08,-0.8,0.2,-0.2
6.8587e-02,-2,2,1,3,-7.15256e-08,0.8,0.2,0.6
6.8664e-02,-4,-6,-1,-3,-7.15256e-08,-0.8,0.2,-0.2
6.8740e-02,-2,2,1,3,-7.15256e-08,0.8,0.2,0.6
6.8817e-02,-4,-6,1,-3,-7.15256e-08,-0.8,0.2,-0.2
6.8894e-02,-2,2,-1,1,-7.15256e-08,0.8,0.2,0.6
6.8971e-02,-2,-6,-1,-3,-7.15256e-08,-0.8,0.2,-0.2
6.9048e-02,-2,2,-1,3,-7.15256e-08,0.8,0.2,0.6
6.9124e-02,-4,-6,-1,-3,-7.15256e-08,-0.8,0.2,-0.2
6.9201e-02,-4,2,-1,3,-7.15256e-08,0.8,0.2,0.6
6.9278e-02,-4,-6,-1,-3,-7.15256e-08,-0.8,0.2,-0.2
6.9355e-02,-2,2,1,3,-7.15256e-08,0.8,0.2,0.6
6.9432e-02,-4,-6,-1,-3,-7.15256e-08,-0.8,0.2,-0.2
6.9508e-02,-2,2,-1,3,-7.15256e-08,1.6,0.2,0.6
6.9585e-02,-4,-6,-1,-3,-7.15256e-08,-0.8,-0.2,-0.6
6.9662e-02,-4,2,-1,3,-7.15256e-08,0.8,0.2,0.6
6.9739e-02,-2,-6,-1,-3,-7.15256e-08,-0.8,0.2,-0.2
6.9816e-02,-2,2,-1,1,-7.15256e-08,0.8,-0.2,0.6
6.9892e-02,-4,-6,-1,-3,-7.15256e-08,-0.8,0.2,-0.6
6.9969e-02,-2,2,1,3,0.8,0.8,0.2,0.6
7.0046e-02,-4,-6,1,-3,-7.15256e-08,-0.8,0.2,-0.2
7.0123e-02,-2,2,-1,3,-7.15256e-08,1.6,0.2,0.6
7.0200e-02,-4,-6,-1,-3,-7.15256e-08,-0.8,0.2,-0.2
7.0276e-02,-2,2,1,3,-7.15256e-08,1.6,0.2,0.6
7.0353e-02,-2,-6,-1,-3,-7.15256e-08,-0.8,0.2,-0.6
7.0430e-02,-4,2,1,3,-7.15256e-08,0.8,-0.2,0.6
7.0507e-02,-2,-6,-1,-3,-7.15256e-08,-0.8,0.2,-0.6
7.0584e-02,-2,2,-1,1,-7.15256e-08,0.8,0.2,0.6
7.0661e-02,-4,-6,1,-3,0.8,-0.8,-0.2,-0.2
7.0737e-02,-2,2,-1,3,0.8,0.8,0.2,0.6
7.0814e-02,-4,-6,-1,-3,-7.15256e-08,-0.8,0.2,-0.2
7.0891e-02,-2,2,-1,1,0.8,0.8,0.2,0.6
7.0968e-02,-4,-6,-1,-3,-7.15256e-08,-0.8,0.2,-0.6
7.1045e-02,-1.3411e-07,2,1,1,-7.15256e-08,1.6,-0.2,0.6
7.1121e-02,-4,-6,-1,-3,0.8,-0.8,0.2,-0.2
7.1198e-02,-4,2,1,1,-7.15256e-08,0.8,0.2,0.6
7.1275e-02,-2,-6,1,-3,-7.15256e-08,-0.8,0.2,-0.6
7.1352e-02,-2,2,-1,3,-7.15256e-08,0.8,0.2,0.6
7.1429e-02,-2,-6,-1,-3,-7.15256e-08,-0.8,0.2,-0.2
7.1505e-02,-4,2,1,3,-7.15256e-08,0.8,0.2,0.6
7.1582e-02,-2,-6,1,-3,-7.15256e-08,-0.8,0.2,-0.2
7.1659e-02,-4,2,-1,3,-7.15256e-08,0.8,0.2,0.6
7.1736e-02,-2,-6,1,-3,-7.15256e-08,-0.8,0.2,-0.2
7.1813e-02,-2,2,-1,3,-7.15256e-08,1.6,0.2,0.6
7.1889e-02,-2,-6,-1,-3,-7.15256e-08,-0.8,0.2,-0.6
7.1966e-02,-2,2,-1,3,-7.15256e-08,1.6,0.6,0.6
7.2043e-02,-2,-6,-1,-3,-7.15256e-08,-0.8,0.2,-0.6
7.2120e-02,-4,2,-1,3,-7.15256e-08,1.6,0.2,0.6
7.2197e-02,-2,-6,-1,-3,-7.15256e-08,-0.8,0.2,-0.6
7.2273e-02,-2,2,1,3,-7.15256e-08,1.6,0.2,0.6
7.2350e-02,-2,-6,-1,-3,-7.15256e-08,-0.8,0.2,-0.6
7.2427e-02,-2,2,-1,3,-7.15256e-08,1.6,0.2,0.6
7.2504e-02,-2,-6,1,-3,-7.15256e-08,-0.8,0.2,-0.6
7.2581e-02,-1.3411e-07,2,-1,3,-7.15256e-08,0.8,0.2,0.6
7.2657e-02,-4,-6,-1,-3,-7.15256e-08,-0.8,0.2,-0.2
7.2734e-02,-2,2,1,3,-7.15256e-08,0.8,0.2,0.6
7.2811e-02,-2,-6,-1,-3,-7.15256e-08,-0.8,0.2,-0.6
7.2888e-02,-4,2,-1,3,-7.15256e-08,0.8,0.2,0.6
7.2965e-02,-2,-6,-1,-3,-7.15256e-08,-0.8,0.2,-0.6
7.3041e-02,-2,2,-1,1,0.8,1.6,0.2,0.6
7.3118e-02,-2,-6,-1,-3,-7.15256e-08,-0.8,0.2,-0.6
7.3195e-02,-2,2,-1,3,0.8,1.6,0.2,0.6
7.3272e-02,-4,-6,1,-3,-7.15256e-08,-0.8,0.2,-0.2
7.3349e-02,-2,2,-1,3,-7.15256e-08,1.6,0.2,0.6
7.3425e-02,-2,-6,1,-3,0.8,-0.8,0.2,-0.6
7.3502e-02,-2,2,1,1,0.8,1.6,-0.2,0.6
7.3579e-02,-2,-6,-1,-3,-7.15256e-08,-0.8,0.2,-0.6
7.3656e-02,-4,2,1,3,-7.15256e-08,1.6,0.2,0.6
7.3733e-02,-4,-6,-1,-3,0.8,-0.8,0.2,-0.6
7.3810e-02,-2,2,-1,3,-7.15256e-08,1.6,-0.2,0.6
7.3886e-02,-2,-6,1,-3,-7.15256e-08,-0.8,0.2,-0.2
7.3963e-02,-2,2,1,3,0.8,1.6,0.2,0.6
7.4040e-02,-2,-6,1,-3,0.8,-0.8,0.2,-0.6
7.4117e-02,-2,2,-1,3,-7.15256e-08,1.6,0.2,0.6
7.4194e-02,-4,-6,1,-3,0.8,-0.8,0.2,-0.6
7.4270e-02,-2,2,1,3,-7.15256e-08,1.6,0.2,0.6
7.4347e-02,-4,-6,-1,-3,-7.15256e-08,-0.8,0.2,-0.6
7.4424e-02,-2,2,-1,3,-7.15256e-08,1.6,0.2,0.6
7.4501e-02,-4,-6,-1,-3,-7.15256e-08,-0.8,0.2,-0.6
7.4578e-02,-2,2,-1,3,-7.15256e-08,1.6,0.2,0.6
7.4654e-02,-2,-6,-1,-3,0.8,-0.8,-0.2,-0.2
7.4731e-02,-2,2,1,3,-7.15256e-08,1.6,0.2,0.6
7.4808e-02,-4,-6,-1,-3,-7.15256e-08,-0.8,0.6,-0.2
7.4885e-02,-4,2,-1,3,-7.15256e-08,1.6,0.2,0.6
7.4962e-02,-2,-6,-1,-3,-7.15256e-08,-0.8,0.2,-0.6
7.5038e-02,-2,2,-1,3,-7.15256e-08,1.6,-0.2,0.6
7.5115e-02,-2,-6,1,-3,-7.15256e-08,-0.8,0.2,-0.6
7.5192e-02,-2,2,-1,1,-7.15256e-08,1.6,0.2,0.6
7.5269e-02,-2,-6,-1,-3,0.8,-0.8,0.2,-0.6
7.5346e-02,-2,2,-1,3,-7.15256e-08,1.6,0.2,0.6
7.5422e-02,-2,-6,-1,-3,0.8,-0.8,0.2,-0.2
7.5499e-02,-4,2,1,3,-7.15256e-08,0.8,-0.2,0.6
7.5576e-02,-2,-6,-1,-3,-7.15256e-08,-0.8,-0.2,-0.2
7.5653e-02,-4,2,-1,3,-7.15256e-08,1.6,0.2,0.6
7.5730e-02,-2,-6,-1,-3,-7.15256e-08,-0.8,0.2,-0.6
7.5806e-02,-4,2,-1,3,0.8,1.6,0.2,0.6
7.5883e-02,-2,-6,1,-3,-7.15256e-08,-0.8,0.2,-0.2
7.5960e-02,-2,2,-1,3,-7.15256e-08,0.8,0.2,0.6
7.6037e-02,-2,-6,1,-3,-7.15256e-08,-0.8,0.2,-0.6
7.6114e-02,-4,2,-1,3,-7.15256e-08,0.8,0.2,0.6
7.6190e-02,-6,-6,1,-3,0.8,-0.8,-0.2,-0.2
7.6267e-02,-2,2,1,3,0.8,1.6,0.2,0.6
7.6344e-02,-2,-6,1,-3,-7.15256e-08,-0.8,0.2,-0.2
7.6421e-02,-2,2,-1,3,0.8,1.6,0.2,0.6
7.6498e-02,-4,-6,1,-3,-7.15256e-08,-0.8,-0.2,-0.6
7.6575e-02,-4,2,1,3,-7.15256e-08,1.6,0.2,0.6
7.6651e-02,-2,-6,-1,-3,-7.15256e-08,-0.8,0.2,-0.2
7.6728e-02,-2,2,-1,3,-7.15256e-08,1.6,0.6,0.6
7.6805e-02,-4,-6,-1,-3,-7.15256e-08,-0.8,0.2,-0.6
7.6882e-02,-1.3411e-07,2,1,3,-7.15256e-08,1.6,0.2,0.6
7.6959e-02,-4,-6,-1,-3,-7.15256e-08,-0.8,0.2,-0.6
7.7035e-02,-4,2,-1,3,-7.15256e-08,0.8,0.2,0.6
7.7112e-02,-2,-6,-1,-3,-7.15256e-08,-0.8,0.2,-0.6
7.7189e-02,-4,2,-1,3,0.8,1.6,-0.2,0.6
7.7266e-02,-4,-6,-1,-3,-7.15256e-08,-0.8,0.2,-0.6
7.7343e-02,-2,2,-1,3,-7.15256e-08,0.8,0.2,0.6
7.7419e-02,-2,-6,-1,-3,-7.15256e-08,-0.8,0.2,-0.2
7.7496e-02,-2,2,-1,1,-7.15256e-08,1.6,0.2,0.6
7.7573e-02,-4,-6,1,-3,0.8,-0.8,-0.2,-0.2
7.7650e-02,-4,2,1,3,0.8,1.6,-0.2,0.6
7.7727e-02,-2,-6,1,-3,-7.15256e-08,-0.8,-0.2,-0.2
7.7803e-02,-2,2,1,3,-7.15256e-08,1.6,0.2,0.6
7.7880e-02,-4,-6,-1,-3,-7.15256e-08,-0.8,0.2,-0.6
7.7957e-02,-4,2,1,3,-7.15256e-08,0.8,-0.2,0.6
7.8034e-02,-2,-6,-1,-3,-7.15256e-08,-0.8,0.2,-0.6
7.8111e-02,-4,2,-1,3,-7.15256e-08,1.6,0.2,0.6
7.8187e-02,-2,-6,-1,-3,0.8,-0.8,0.2,-0.6
7.8264e-02,-4,2,-1,3,0.8,1.6,0.2,0.6
7.8341e-02,-2,-6,-1,-3,0.8,-0.8,0.2,-0.6
7.8418e-02,-2,2,-1,1,-7.15256e-08,1.6,0.2,0.6
7.8495e-02,-4,-6,1,-3,0.8,-0.8,0.2,-0.6
7.8571e-02,-2,2,1,3,-7.15256e-08,1.6,0.2,0.6
7.8648e-02,-4,-6,-1,-3,-7.15256e-08,-0.8,0.2,-0.6
7.8725e-02,-4,2,-1,3,-7.15256e-08,1.6,-0.2,0.6
7.8802e-02,-4,-6,-1,-3,0.8,-0.8,0.2,-0.6
7.8879e-02,-4,2,-1,3,0.8,1.6,0.2,0.6
7.8955e-02,-2,-6,-1,-3,-7.15256e-08,-0.8,0.2,-0.6
7.9032e-02,-2,2,-1,3,-7.15256e-08,1.6,0.2,0.6
7.9109e-02,-2,-6,-1,-3,-7.15256e-08,-0.8,0.2,-0.6
7.9186e-02,-4,2,-1,3,-7.15256e-08,1.6,0.2,0.6
7.9263e-02,-4,-6,1,-3,0.8,-0.8,0.2,-0.2
7.9339e-02,-2,2,-1,3,0.8,1.6,0.2,0.6
7.9416e-02,-2,-6,-1,-3,-7.15256e-08,-0.8,0.2,-0.6
7.9493e-02,-4,2,1,3,-7.15256e-08,1.6,0.2,0.6
7.9570e-02,-2,-6,-1,-3,0.8,-0.8,-0.2,-0.6
7.9647e-02,-4,2,-1,3,0.8,1.6,0.2,0.6
7.9724e-02,-2,-6,-1,-3,-7.15256e-08,-0.8,-0.2,-0.2
7.9800e-02,-2,2,-1,3,-7.15256e-08,1.6,0.2,0.6
7.9877e-02,-2,-6,-1,-3,0.8,-0.8,0.2,-0.6
7.9954e-02,-2,2,-1,3,0.8,1.6,0.2,0.6
8.0031e-02,-4,-6,-1,-3,0.8,-0.8,0.2,-0.6
8.0108e-02,-4,2,1,3,0.8,1.6,0.2,0.6
8.0184e-02,-2,-6,-1,-3,-7.15256e-08,-0.8,0.2,-0.2
8.0261e-02,-4,2,-1,3,-7.15256e-08,1.6,0.2,0.6
8.0338e-02,-2,-6,-1,-3,-7.15256e-08,-0.8,0.2,-0.6
8.0415e-02,-4,2,-1,3,0.8,1.6,0.2,0.6
8.0492e-02,-2,-6,-1,-3,0.8,-0.8,0.2,-0.6
8.0568e-02,-2,2,-1,3,-7.15256e-08,1.6,0.2,0.6
8.0645e-02,-2,-6,-1,-3,-7.15256e-08,-0.8,0.2,-0.2
8.0722e-02,-2,2,1,3,-7.15256e-08,1.6,0.2,0.6
8.0799e-02,-4,-6,-1,-3,0.8,-0.8,0.2,-0.2
8.0876e-02,-2,2,-1,3,-7.15256e-08,1.6,0.2,0.6
8.0952e-02,-2,-6,-1,-3,-7.15256e-08,-0.8,0.2,-0.6
8.1029e-02,-2,2,-1,1,-7.15256e-08,1.6,0.2,0.6
8.1106e-02,-4,-6,-1,-3,0.8,-0.8,0.2,-0.2
8.1183e-02,-2,2,1,1,0.8,1.6,0.2,0.6
8.1260e-02,-4,-6,-1,-3,0.8,-0.8,0.2,-0.6
8.1336e-02,-4,2,-1,3,-7.15256e-08,1.6,0.2,0.6
8.1413e-02,-2,-6,1,-3,0.8,-0.8,0.2,-0.6
8.1490e-02,-2,2,1,3,0.8,1.6,0.2,0.6
8.1567e-02,-2,-6,-1,-3,0.8,-0.8,0.2,-0.6
8.1644e-02,-4,2,-1,3,0.8,1.6,0.2,0.6
8.1720e-02,-2,-6,1,-3,-7.15256e-08,-0.8,0.2,-0.2
8.1797e-02,-2,2,-1,3,-7.15256e-08,1.6,0.2,0.6
8.1874e-02,-2,-6,-1,-3,-7.15256e-08,-0.8,0.2,-0.6
8.1951e-02,-2,2,1,3,-7.15256e-08,1.6,0.2,0.6
8.2028e-02,-4,-6,-1,-3,-7.15256e-08,-0.8,0.2,-0.2
8.2104e-02,-2,2,-1,3,-7.15256e-08,1.6,0.2,0.6
8.2181e-02,-2,-6,1,-3,0.8,-0.8,0.2,-0.6
8.2258e-02,-2,2,1,3,-7.15256e-08,1.6,-0.2,0.6
8.2335e-02,-2,-6,-1,-3,0.8,-0.8,0.2,-0.6
8.2412e-02,-1.3411e-07,2,-1,3,-7.15256e-08,1.6,0.2,0.6
8.2488e-02,-4,-6,-1,-3,0.8,-0.8,0.2,-0.6
8.2565e-02,-2,2,-1,3,0.8,1.6,0.2,0.6
8.2642e-02,-2,-6,-1,-3,0.8,-0.8,0.2,-0.2
8.2719e-02,-4,2,-1,3,-7.15256e-08,1.6,0.2,0.6
8.2796e-02,-2,-6,-1,-3,-7.15256e-08,-0.8,0.2,-0.2
8.2873e-02,-2,2,-1,3,0.8,1.6,0.2,0.6
8.2949e-02,-2,-6,-1,-3,-7.15256e-08,-0.8,-0.2,-0.6
8.3026e-02,-2,2,-1,3,-7.15256e-08,1.6,0.2,0.6
8.3103e-02,-1.3411e-07,-6,-1,-3,-7.15256e-08,-0.8,0.2,-0.2
8.3180e-02,-4,2,-1,3,-7.15256e-08,1.6,0.2,0.6
8.3257e-02,-4,-6,-1,-3,0.8,-0.8,0.2,-0.2
8.3333e-02,-2,2,-1,1,-7.15256e-08,0.8,0.2,0.6
8.3410e-02,-4,-6,-1,-3,-7.15256e-08,-0.8,0.2,-0.6
8.3487e-02,-2,2,-1,3,-7.15256e-08,1.6,-0.2,0.6
8.3564e-02,-2,-6,-1,-3,0.8,-0.8,0.2,-0.6
8.3641e-02,-2,2,-1,3,-7.15256e-08,1.6,0.2,0.6
8.3717e-02,-2,-6,-1,-3,-7.15256e-08,-0.8,0.2,-0.6
8.3794e-02,-2,2,-1,1,-7.15256e-08,1.6,0.2,0.6
8.3871e-02,-2,-6,-1,-3,-7.15256e-08,-0.8,-0.2,-0.2
8.3948e-02,-2,2,-1,3,0.8,1.6,0.2,0.6
8.4025e-02,-2,-6,-1,-3,-7.15256e-08,-0.8,0.2,-0.2
8.4101e-02,-1.3411e-07,2,-1,3,-7.15256e-08,1.6,0.2,0.6
8.4178e-02,-2,-6,-1,-3,0.8,-0.8,0.2,-0.6
8.4255e-02,-2,2,-1,3,0.8,1.6,0.2,0.6
8.4332e-02,-4,-6,-1,-3,-7.15256e-08,-0.8,0.2,-0.6
8.4409e-02,-2,2,-1,3,0.8,1.6,0.2,0.6
8.4485e-02,-2,-6,-1,-3,-7.15256e-08,-0.8,0.2,-0.6
8.4562e-02,-2,2,-1,3,-7.15256e-08,1.6,0.2,0.6
8.4639e-02,-2,-6,-1,-3,0.8,-0.8,0.2,-0.2
8.4716e-02,-2,2,1,1,0.8,1.6,-0.2,0.6
8.4793e-02,-4,-6,-1,-3,-7.15256e-08,-0.8,0.2,-0.2
8.4869e-02,-2,2,-1,3,-7.15256e-08,1.6,0.2,0.6
8.4946e-02,-2,-6,-1,-3,-7.15256e-08,-0.8,0.2,-0.6
8.5023e-02,-2,2,1,3,0.8,1.6,0.2,0.6
8.5100e-02,-4,-6,-1,-3,-7.15256e-08,-0.8,0.2,-0.6
8.5177e-02,-2,2,1,3,0.8,1.6,0.2,0.6
8.5253e-02,-2,-6,-1,-3,-7.15256e-08,-0.8,0.2,-0.2
8.5330e-02,-2,2,-1,1,0.8,1.6,0.2,0.6
8.5407e-02,-1.3411e-07,-6,-1,-3,0.8,-0.8,0.2,-0.6
8.5484e-02,-2,2,1,3,-7.15256e-08,1.6,0.2,0.6
8.5561e-02,-2,-6,-1,-3,0.8,-0.8,0.2,-0.6
8.5637e-02,-2,2,-1,3,-7.15256e-08,1.6,0.2,0.6
8.5714e-02,-4,-6,-1,-3,0.8,-0.8,0.2,-0.6
8.5791e-02,-4,2,-1,3,-7.15256e-08,1.6,0.2,0.6
8.5868e-02,-2,-6,1,-3,0.8,-0.8,0.2,-0.6
8.5945e-02,-2,2,1,3,-7.15256e-08,1.6,0.2,0.6
8.6022e-02,-6,-6,-1,-3,0.8,-0.8,0.2,-0.6
8.6098e-02,-2,2,-1,3,-7.15256e-08,1.6,0.2,0.6
8.6175e-02,-2,-6,-1,-3,0.8,-0.8,-0.2,-0.6
8.6252e-02,-4,2,-1,3,0.8,1.6,0.2,0.6
8.6329e-02,-2,-6,1,-3,-7.15256e-08,-0.8,-0.2,-0.6
8.6406e-02,-2,2,1,3,0.8,1.6,0.2,0.6
8.6482e-02,-1.3411e-07,-6,1,-3,0.8,-0.8,0.2,-0.6
8.6559e-02,-2,2,1,3,-7.15256e-08,1.6,0.2,0.6
8.6636e-02,-4,-6,-1,-3,0.8,-0.8,0.2,-0.6
8.6713e-02,-4,2,1,3,-7.15256e-08,1.6,0.2,0.6
8.6790e-02,-2,-6,1,-3,-7.15256e-08,-0.8,0.2,-0.6
8.6866e-02,-2,2,-1,1,-7.15256e-08,1.6,-0.2,0.6
8.6943e-02,-2,-6,-1,-3,0.8,-0.8,0.2,-0.6
8.7020e-02,-2,2,-1,1,0.8,1.6,0.2,0.6
8.7097e-02,-4,-6,-1,-3,-7.15256e-08,-0.8,0.2,-0.2
8.7174e-02,-4,2,1,3,-7.15256e-08,1.6,0.2,0.6
8.7250e-02,-2,-6,-1,-3,0.8,-0.8,0.2,-0.6
8.7327e-02,-4,2,-1,3,-7.15256e-08,1.6,0.2,0.6
8.7404e-02,-2,-6,-1,-3,-7.15256e-08,-0.8,0.2,-0.6
8.7481e-02,-2,2,-1,3,0.8,1.6,0.2,0.6
8.7558e-02,-2,-6,-1,-3,-7.15256e-08,-0.8,0.2,-0.6
8.7634e-02,-4,2,-1,1,-7.15256e-08,1.6,0.2,0.6
8.7711e-02,-2,-6,-1,-3,0.8,-0.8,0.2,-0.6
8.7788e-02,-4,2,-1,3,-7.15256e-08,1.6,-0.2,0.6
8.7865e-02,-4,-6,-1,-3,0.8,-0.8,0.2,-0.6
8.7942e-02,-4,2,-1,3,-7.15256e-08,1.6,-0.2,0.6
8.8018e-02,-4,-6,-1,-3,0.8,-0.8,-0.2,-0.6
8.8095e-02,-2,2,-1,1,0.8,1.6,0.2,0.6
8.8172e-02,-4,-6,-1,-3,0.8,-0.8,0.2,-0.2
8.8249e-02,-2,2,1,1,0.8,1.6,-0.2,0.6
8.8326e-02,-2,-6,-1,-3,-7.15256e-08,-0.8,0.2,-0.2
8.8402e-02,-2,2,1,3,0.8,1.6,-0.2,0.6
8.8479e-02,-4,-6,-1,-3,-7.15256e-08,-0.8,0.2,-0.6
8.8556e-02,-2,2,1,3,-7.15256e-08,1.6,0.2,0.6
8.8633e-02,-2,-6,-1,-3,0.8,-0.8,-0.2,-0.2
8.8710e-02,-2,2,-1,3,0.8,1.6,0.2,0.6
8.8786e-02,-4,-6,1,-3,-7.15256e-08,-0.8,0.2,-0.2
8.8863e-02,-4,2,-1,3,0.8,1.6,-0.2,0.6
8.8940e-02,-2,-6,1,-3,0.8,-0.8,0.2,-0.2
8.9017e-02,-4,2,-1,3,-7.15256e-08,1.6,0.2,0.6
8.9094e-02,-2,-6,-1,-3,-7.15256e-08,-0.8,-0.2,-0.6
8.9171e-02,-2,2,-1,3,0.8,1.6,0.2,0.6
8.9247e-02,-2,-6,1,-3,-7.15256e-08,-0.8,0.2,-0.6
8.9324e-02,-4,2,-1,3,-7.15256e-08,1.6,0.2,0.6
8.9401e-02,-2,-6,-1,-3,-7.15256e-08,-0.8,0.2,-0.6
8.9478e-02,-6,2,-1,3,0.8,1.6,0.2,0.6
8.9555e-02,-4,-6,-1,-3,-7.15256e-08,-0.8,0.2,-0.6
8.9631e-02,-4,2,1,3,0.8,1.6,0.2,0.6
8.9708e-02,-4,-6,-1,-3,0.8,-0.8,0.2,-0.6
8.9785e-02,-2,2,-1,3,-7.15256e-08,1.6,0.2,0.6
8.9862e-02,-2,-6,1,-3,-7.15256e-08,-0.8,0.2,-0.2
8.9939e-02,-2,2,1,3,0.8,1.6,-0.2,0.6
9.0015e-02,-2,-6,1,-3,0.8,-0.8,0.2,-0.2
9.0092e-02,-2,2,-1,3,0.8,1.6,-0.2,0.6
9.0169e-02,-4,-6,-1,-3,0.8,-0.8,0.2,-0.6
9.0246e-02,-2,2,-1,3,0.8,1.6,0.2,0.6
9.0323e-02,-2,-6,1,-3,0.8,-0.8,0.2,-0.6
9.0399e-02,-2,2,-1,3,0.8,1.6,-0.2,0.6
9.0476e-02,-2,-6,1,-3,0.8,-0.8,0.2,-0.6
9.0553e-02,-2,2,1,3,0.8,1.6,0.2,0.6
9.0630e-02,-2,-6,1,-3,-7.15256e-08,-0.8,0.2,-0.2
9.0707e-02,-2,2,-1,3,-7.15256e-08,1.6,0.2,0.6
9.0783e-02,-4,-6,-1,-3,0.8,-0.8,0.2,-0.6
9.0860e-02,-2,2,-1,3,-7.15256e-08,1.6,0.2,0.6
9.0937e-02,-4,-6,-1,-3,0.8,-0.8,0.2,-0.6
9.1014e-02,-4,2,-1,3,-7.15256e-08,1.6,0.2,0.6
9.1091e-02,-4,-8,-1,-3,-7.15256e-08,-0.8,0.2,-0.6
9.1167e-02,-2,2,1,3,-7.15256e-08,1.6,0.2,0.6
9.1244e-02,-2,-6,-1,-3,0.8,-0.8,0.2,-0.6
9.1321e-02,-4,2,-1,3,0.8,1.6,0.2,0.6
9.1398e-02,-2,-6,-1,-3,0.8,-0.8,0.2,-0.6
9.1475e-02,-2,2,-1,1,0.8,1.6,0.2,0.6
9.1551e-02,-2,-6,1,-3,0.8,-0.8,0.2,-0.6
9.1628e-02,-2,2,1,3,0.8,1.6,0.2,0.6
9.1705e-02,-4,-6,1,-3,-7.15256e-08,-0.8,-0.2,-0.2
9.1782e-02,-2,2,-1,1,0.8,1.6,0.2,0.6
9.1859e-02,-2,-6,1,-3,0.8,-0.8,0.2,-0.6
9.1935e-02,-2,2,1,3,0.8,1.6,-0.2,0.6
9.2012e-02,-2,-6,-1,-3,-7.15256e-08,-0.8,-0.2,-0.6
9.2089e-02,-4,2,-1,3,-7.15256e-08,1.6,0.2,0.6
9.2166e-02,-4,-6,-3,-3,-7.15256e-08,-0.8,-0.2,-0.2
9.2243e-02,-2,2,1,3,0.8,1.6,0.2,0.6
9.2320e-02,-2,-6,-1,-3,0.8,-0.8,0.2,-0.6
9.2396e-02,-2,2,-1,3,0.8,1.6,0.2,0.6
9.2473e-02,-4,-6,-1,-3,-7.15256e-08,-0.8,-0.2,-0.6
9.2550e-02,-4,2,1,3,0.8,1.6,-0.2,0.6
9.2627e-02,-2,-6,-1,-3,-7.15256e-08,-0.8,0.2,-0.6
9.2704e-02,-4,2,-1,3,-7.15256e-08,1.6,0.2,0.6
9.2780e-02,-2,-6,-1,-3,0.8,-0.8,0.2,-0.6
9.2857e-02,-2,2,-1,3,-7.15256e-08,1.6,0.2,0.6
9.2934e-02,-2,-6,1,-3,0.8,-0.8,0.2,-0.6
9.3011e-02,-2,2,1,1,0.8,1.6,0.2,0.6
9.3088e-02,-2,-6,-1,-3,-7.15256e-08,-0.8,0.2,-0.6
9.3164e-02,-2,2,-1,3,-7.15256e-08,1.6,0.2,0.6
9.3241e-02,-4,-6,1,-3,0.8,-0.8,0.2,-0.6
9.3318e-02,-4,2,-1,3,0.8,1.6,0.2,0.6
9.3395e-02,-4,-6,1,-3,0.8,-0.8,0.2,-0.6
9.3472e-02,-2,2,1,3,0.8,1.6,0.2,0.6
9.3548e-02,-2,-6,-1,-3,0.8,-0.8,0.2,-0.6
9.3625e-02,-2,2,-1,1,-7.15256e-08,1.6,0.2,0.6
9.3702e-02,-4,-6,-1,-3,-7.15256e-08,-0.8,0.2,-0.6
9.3779e-02,-2,2,-1,3,0.8,1.6,0.2,0.6
9.3856e-02,-2,-6,-1,-3,0.8,-0.8,0.2,-0.2
9.3932e-02,-4,2,-1,1,0.8,1.6,0.2,0.6
9.4009e-02,-4,-6,1,-3,0.8,-0.8,0.2,-0.2
9.4086e-02,-4,2,-1,3,0.8,1.6,0.2,0.6
9.4163e-02,-2,-6,-1,-3,-7.15256e-08,-0.8,0.2,-0.6
9.4240e-02,-2,2,-1,3,0.8,1.6,0.2,0.6
9.4316e-02,-2,-6,-1,-3,0.8,-0.8,0.2,-0.6
9.4393e-02,-2,2,-1,3,0.8,1.6,-0.2,0.6
9.4470e-02,-2,-6,-1,-3,0.8,-0.8,0.2,-0.6
9.4547e-02,-2,2,-1,1,-7.15256e-08,1.6,0.2,0.6
9.4624e-02,-2,-6,-1,-3,-7.15256e-08,-0.8,0.2,-0.6
9.4700e-02,-4,2,-1,1,0.8,1.6,0.2,0.6
9.4777e-02,-4,-6,-1,-3,0.8,-0.8,0.2,-0.6
9.4854e-02,-2,2,1,3,-7.15256e-08,1.6,0.2,0.6
9.4931e-02,-2,-6,-1,-3,0.8,-0.8,0.2,-0.6
9.5008e-02,-2,2,-1,1,0.8,1.6,0.2,0.6
9.5084e-02,-2,-6,-1,-3,0.8,-0.8,0.2,-0.6
9.5161e-02,-2,2,-1,3,0.8,1.6,0.2,0.6
9.5238e-02,-2,-6,-1,-3,0.8,-0.8,0.2,-0.6
9.5315e-02,-4,2,-1,3,0.8,1.6,0.2,0.6
9.5392e-02,-2,-6,-1,-3,-7.15256e-08,-0.8,0.2,-0.6
9.5469e-02,-4,2,-1,3,0.8,1.6,0.2,0.6
9.5545e-02,-4,-6,-1,-3,0.8,-0.8,0.2,-0.6
9.5622e-02,-1.3411e-07,2,-1,3,0.8,1.6,0.2,0.6
9.5699e-02,-2,-6,-1,-3,-7.15256e-08,-0.8,0.2,-0.6
9.5776e-02,-2,2,-1,3,-7.15256e-08,1.6,0.2,0.6
9.5853e-02,-2,-6,-1,-3,0.8,-0.8,0.2,-0.6
9.5929e-02,-2,2,-1,3,0.8,1.6,0.2,0.6
9.6006e-02,-2,-6,-1,-3,-7.15256e-08,-0.8,-0.2,-0.6
9.6083e-02,-2,2,-1,3,0.8,1.6,0.2,0.6
9.6160e-02,-2,-6,1,-3,-7.15256e-08,-0.8,0.2,-0.6
9.6237e-02,-2,2,-1,3,-7.15256e-08,1.6,0.2,0.6
9.6313e-02,-2,-6,-1,-3,-7.15256e-08,-0.8,0.2,-0.2
9.6390e-02,-4,2,-1,3,-7.15256e-08,1.6,0.2,0.6
9.6467e-02,-2,-6,1,-3,0.8,-0.8,0.2,-0.6
9.6544e-02,-4,2,-1,1,0.8,1.6,-0.2,0.6
9.6621e-02,-2,-6,-1,-3,-7.15256e-08,-0.8,-0.2,-0.6
9.6697e-02,-4,2,-1,1,-7.15256e-08,1.6,0.2,0.6
9.6774e-02,-2,-6,-1,-3,-7.15256e-08,-0.8,0.2,-0.6
9.6851e-02,-2,2,-1,3,0.8,1.6,0.2,0.6
9.6928e-02,-2,-6,-1,-3,-7.15256e-08,-0.8,0.2,-0.6
9.7005e-02,-2,2,-1,3,0.8,1.6,0.2,0.6
9.7081e-02,-2,-6,-1,-3,0.8,-0.8,0.2,-0.6
9.7158e-02,-1.3411e-07,2,1,3,-7.15256e-08,1.6,0.2,0.6
9.7235e-02,-2,-8,1,-3,0.8,-0.8,0.2,-0.6
9.7312e-02,-4,2,1,3,-7.15256e-08,1.6,-0.2,0.6
9.7389e-02,-4,-6,-1,-3,-7.15256e-08,-0.8,-0.2,-0.6
9.7465e-02,-4,2,-1,3,0.8,1.6,-0.2,0.6
9.7542e-02,-4,-6,1,-3,0.8,-0.8,0.2,-0.6
9.7619e-02,-2,2,-1,3,-7.15256e-08,1.6,0.2,0.6
9.7696e-02,-2,-6,-1,-3,0.8,-0.8,0.2,-0.6
9.7773e-02,-6,2,-1,3,0.8,1.6,0.2,0.6
9.7849e-02,-2,-6,-1,-3,0.8,-0.8,0.2,-0.6
9.7926e-02,-4,2,1,3,-7.15256e-08,1.6,0.2,0.6
9.8003e-02,-2,-6,1,-3,0.8,-0.8,0.2,-0.6
9.8080e-02,-4,2,1,3,-7.15256e-08,1.6,0.2,0.6
9.8157e-02,-4,-6,-1,-3,0.8,-0.8,0.2,-0.6
9.8233e-02,-2,2,-1,3,0.8,1.6,0.2,0.6
9.8310e-02,-2,-6,1,-3,0.8,-0.8,0.2,-0.6
9.8387e-02,-4,2,-1,3,0.8,1.6,0.2,0.6
9.8464e-02,-4,-6,-1,-3,-7.15256e-08,-0.8,0.2,-0.2
9.8541e-02,-2,2,-1,3,0.8,1.6,0.2,0.6
9.8618e-02,-4,-6,-1,-3,0.8,-0.8,0.2,-0.6
9.8694e-02,-4,2,-1,3,0.8,1.6,0.2,0.6
9.8771e-02,-2,-6,-1,-3,0.8,-0.8,0.2,-0.6
9.8848e-02,-1.3411e-07,2,-1,3,0.8,1.6,0.2,0.6
9.8925e-02,-4,-6,-1,-3,0.8,-0.8,0.2,-0.6
9.9002e-02,-2,2,1,3,0.8,1.6,0.2,0.6
9.9078e-02,-2,-6,-1,-3,0.8,-0.8,0.2,-0.6
9.9155e-02,-4,2,-1,3,-7.15256e-08,1.6,0.2,0.6
9.9232e-02,-2,-6,-1,-3,0.8,-0.8,0.2,-0.6
9.9309e-02,-4,2,1,3,0.8,1.6,0.2,0.6
9.9386e-02,-2,-6,1,-3,0.8,-0.8,0.2,-0.6
9.9462e-02,-2,2,-1,3,-7.15256e-08,1.6,-0.2,0.6
9.9539e-02,-2,-6,-1,-3,0.8,-0.8,0.2,-0.6
9.9616e-02,-4,2,-1,3,0.8,1.6,-0.2,0.6
9.9693e-02,-2,-6,-1,-3,-7.15256e-08,-0.8,-0.2,-0.6
9.9770e-02,-4,2,1,3,-7.15256e-08,1.6,0.2,0.6
9.9846e-02,-2,-6,-1,-3,-7.15256e-08,-0.8,0.2,-0.6
9.9923e-02,-2,2,-1,3,0.8,1.6,-0.2,0.6
1.0000e-01,-4,-8,-1,-3,0.8,-0.8,0.2,-0.6
1.0008e-01,-2,2,-1,3,0.8,1.6,0.2,0.6
1.0015e-01,-2,-6,-1,-3,-7.15256e-08,-0.8,0.2,-0.6
1.0023e-01,-2,2,-1,3,-7.15256e-08,1.6,0.2,0.6
1.0031e-01,-2,-6,1,-3,-7.15256e-08,-0.8,0.2,-0.6
1.0038e-01,-4,2,-1,3,0.8,1.6,0.2,0.6
1.0046e-01,-4,-6,1,-3,-7.15256e-08,-0.8,0.2,-0.6
1.0054e-01,-4,2,1,3,0.8,1.6,-0.2,0.6
1.0061e-01,-2,-6,-1,-3,0.8,-0.8,0.2,-0.6
1.0069e-01,-2,2,-1,1,-7.15256e-08,1.6,0.2,0.6
1.0077e-01,-2,-6,-1,-3,-7.15256e-08,-0.8,0.2,-0.6
1.0084e-01,-2,2,-1,3,-7.15256e-08,1.6,0.2,0.6
1.0092e-01,-2,-6,-1,-3,0.8,-0.8,0.2,-0.6
1.0100e-01,-2,2,-1,3,0.8,1.6,0.2,0.6
1.0108e-01,-4,-6,-1,-3,0.8,-0.8,0.2,-0.2
1.0115e-01,-2,2,-1,3,0.8,1.6,0.2,0.6
1.0123e-01,-2,-6,-1,-3,0.8,-0.8,-0.2,-0.6
1.0131e-01,-2,2,-1,3,0.8,1.6,0.2,0.6
1.0138e-01,-4,-6,-1,-3,0.8,-0.8,0.2,-0.6
1.0146e-01,-2,2,1,1,0.8,1.6,-0.2,0.6
1.0154e-01,-2,-6,-1,-3,-7.15256e-08,-0.8,0.2,-0.6
1.0161e-01,-4,2,-1,3,0.8,1.6,0.2,0.6
1.0169e-01,-2,-6,-1,-3,0.8,-0.8,-0.2,-0.2
1.0177e-01,-4,2,1,3,0.8,1.6,0.2,0.6
1.0184e-01,-4,-6,-1,-3,0.8,-0.8,0.2,-0.6
1.0192e-01,-4,2,-1,3,0.8,1.6,0.2,0.6
1.0200e-01,-2,-6,1,-3,-7.15256e-08,-0.8,0.2,-0.6
1.0207e-01,-2,2,-1,1,-7.15256e-08,1.6,0.2,0.6
1.0215e-01,-2,-6,-1,-3,0.8,-0.8,0.2,-0.6
1.0223e-01,-2,2,-1,3,-7.15256e-08,1.6,-0.2,0.6
1.0230e-01,-2,-6,1,-3,0.8,-0.8,0.2,-0.6
1.0238e-01,-2,2,-1,3,-7.15256e-08,1.6,0.2,0.6
1.0246e-01,-4,-6,-1,-3,0.8,-0.8,-0.2,-0.6
1.0253e-01,-2,2,1,3,0.8,1.6,0.2,0.6
1.0261e-01,-2,-6,-1,-3,-7.15256e-08,-0.8,0.2,-0.6
1.0269e-01,-4,2,1,1,-7.15256e-08,1.6,0.2,0.6
1.0276e-01,-2,-6,1,-3,-7.15256e-08,-0.8,0.2,-0.6
1.0284e-01,-2,2,-1,3,0.8,1.6,0.2,0.6
1.0292e-01,-2,-6,1,-3,-7.15256e-08,-0.8,-0.2,-0.6
1.0300e-01,-2,2,-1,3,0.8,1.6,0.2,0.6
1.0307e-01,-1.3411e-07,-6,-1,-3,-7.15256e-08,-0.8,0.2,-0.6
1.0315e-01,-4,2,-1,3,0.8,1.6,0.2,0.6
1.0323e-01,-2,-6,-1,-3,0.8,-0.8,0.2,-0.6
1.0330e-01,-2,2,1,3,0.8,1.6,-0.2,0.6
1.0338e-01,-1.3411e-07,-6,-1,-3,-7.15256e-08,-0.8,-0.2,-0.6
1.0346e-01,-2,2,1,1,-7.15256e-08,1.6,0.2,0.6
1.0353e-01,-2,-6,-1,-3,0.8,-0.8,-0.2,-0.6
1.0361e-01,-2,2,-1,3,-7.15256e-08,1.6,0.2,0.6
1.0369e-01,-2,-6,-1,-3,0.8,-0.8,0.2,-0.6
1.0376e-01,-1.3411e-07,2,-1,1,0.8,1.6,-0.2,0.6
1.0384e-01,-2,-6,-1,-3,0.8,-0.8,0.2,-0.2
1.0392e-01,-1.3411e-07,2,-1,3,0.8,1.6,0.2,0.6
1.0399e-01,-2,-6,-1,-3,-7.15256e-08,-0.8,0.2,-0.6
1.0407e-01,-4,2,-1,3,0.8,1.6,0.2,0.6
1.0415e-01,-4,-6,-1,-3,0.8,-0.8,0.2,-0.6
1.0422e-01,-2,2,1,3,-7.15256e-08,1.6,0.2,0.6
1.0430e-01,-4,-6,-1,-3,-7.15256e-08,-0.8,0.2,-0.6
1.0438e-01,-4,2,1,3,0.8,1.6,0.2,0.6
1.0445e-01,-2,-6,-1,-3,0.8,-0.8,0.2,-0.6
1.0453e-01,-4,2,-1,3,0.8,1.6,0.2,0.6
1.0461e-01,-2,-6,1,-3,0.8,-0.8,0.2,-0.6
1.0469e-01,-2,2,-1,1,0.8,1.6,0.2,0.6
1.0476e-01,-4,-6,1,-3,0.8,-0.8,0.2,-0.6
1.0484e-01,-4,2,-1,3,-7.15256e-08,1.6,0.2,0.6
1.0492e-01,-2,-6,1,-3,0.8,-0.8,0.2,-0.6
1.0499e-01,-4,2,1,3,0.8,1.6,0.2,0.6
1.0507e-01,-4,-6,-1,-3,-7.15256e-08,-0.8,0.2,-0.6
1.0515e-01,-2,2,-1,3,-7.15256e-08,1.6,0.2,0.6
1.0522e-01,-4,-6,-1,-3,0.8,-0.8,-0.2,-0.6
1.0530e-01,-4,2,-1,3,0.8,1.6,0.2,0.6
1.0538e-01,-4,-6,-1,-3,0.8,-0.8,0.2,-0.6
1.0545e-01,-2,2,-1,3,0.8,1.6,0.2,0.6
1.0553e-01,-2,-6,1,-3,0.8,-0.8,0.2,-0.6
1.0561e-01,-2,2,-1,3,0.8,1.6,0.2,0.6
1.0568e-01,-4,-6,-1,-3,0.8,-0.8,0.2,-0.6
1.0576e-01,-2,2,-1,3,-7.15256e-08,1.6,0.2,0.6
1.0584e-01,-2,-6,1,-3,-7.15256e-08,-0.8,-0.2,-0.6
1.0591e-01,-2,2,-1,3,0.8,1.6,0.2,0.6
1.0599e-01,-2,-6,-1,-3,-7.15256e-08,-0.8,0.2,-0.6
1.0607e-01,-4,2,-1,3,0.8,1.6,0.2,0.6
1.0614e-01,-4,-6,-1,-3,-7.15256e-08,-0.8,-0.2,-0.6
1.0622e-01,-2,2,-1,3,0.8,1.6,-0.2,0.6
1.0630e-01,-4,-8,-1,-3,0.8,-0.8,0.2,-0.6
1.0637e-01,-2,2,-1,3,0.8,1.6,0.2,0.6
1.0645e-01,-2,-6,-1,-3,0.8,-0.8,0.2,-0.6
1.0653e-01,-2,2,-1,1,0.8,1.6,-0.2,0.6
1.0661e-01,-4,-6,-1,-3,-7.15256e-08,-0.8,0.2,-0.6
1.0668e-01,-2,2,-1,3,0.8,1.6,0.2,0.6
1.0676e-01,-2,-6,-1,-3,0.8,-0.8,0.2,-0.2
1.0684e-01,-2,2,-1,3,-7.15256e-08,1.6,0.2,0.6
1.0691e-01,-4,-6,-1,-3,0.8,-0.8,0.2,-0.6
1.0699e-01,-2,2,-1,3,0.8,1.6,0.2,0.6
1.0707e-01,-4,-6,-1,-3,0.8,-0.8,0.2,-0.6
1.0714e-01,-2,2,-1,3,0.8,1.6,-0.2,0.6
1.0722e-01,-4,-6,1,-3,-7.15256e-08,-0.8,0.2,-0.6
1.0730e-01,-2,2,-1,3,0.8,1.6,0.2,0.6
1.0737e-01,-2,-6,-1,-3,0.8,-0.8,0.2,-0.2
1.0745e-01,-4,2,-1,3,0.8,1.6,0.2,0.6
1.0753e-01,-2,-6,-1,-3,0.8,-0.8,0.2,-0.6
1.0760e-01,-4,2,-1,3,0.8,1.6,0.2,0.6
1.0768e-01,-2,-6,-1,-3,0.8,-0.8,0.2,-0.6
1.0776e-01,-2,2,-1,3,-7.15256e-08,1.6,0.2,0.6
1.0783e-01,-2,-6,-1,-3,-7.15256e-08,-0.8,0.2,-0.6
1.0791e-01,-2,2,-1,1,-7.15256e-08,1.6,0.2,0.6
1.0799e-01,-2,-6,-1,-3,-7.15256e-08,-0.8,0.2,-0.6
1.0806e-01,-2,2,-1,3,0.8,1.6,0.2,0.6
1.0814e-01,-2,-6,-1,-3,0.8,-0.8,0.2,-0.6
1.0822e-01,-2,2,-1,3,0.8,1.6,0.2,0.6
1.0829e-01,-4,-6,1,-3,0.8,-0.8,0.2,-0.6
1.0837e-01,-4,2,-1,1,0.8,1.6,0.2,0.6
1.0845e-01,-2,-6,-1,-3,0.8,-0.8,0.2,-0.2
1.0853e-01,-2,2,-1,3,0.8,1.6,0.2,0.6
1.0860e-01,-2,-6,-1,-3,0.8,-0.8,-0.2,-0.6
1.0868e-01,-2,2,-1,3,0.8,1.6,-0.2,0.6
1.0876e-01,-2,-6,-1,-3,0.8,-0.8,0.2,-0.6
1.0883e-01,-4,2,-1,3,-7.15256e-08,1.6,0.2,0.6
1.0891e-01,-2,-6,-1,-3,-7.15256e-08,-0.8,0.2,-0.6
1.0899e-01,-2,2,1,1,0.8,1.6,0.2,0.6
1.0906e-01,-4,-6,1,-3,-7.15256e-08,-0.8,0.2,-0.6
1.0914e-01,-2,2,1,1,0.8,1.6,0.2,0.6
1.0922e-01,-2,-6,1,-3,0.8,-0.8,0.2,-0.6
1.0929e-01,-1.3411e-07,2,-1,3,0.8,1.6,0.2,0.6
1.0937e-01,-2,-6,-1,-3,0.8,-0.8,-0.2,-0.6
1.0945e-01,-4,2,-1,3,0.8,1.6,-0.2,0.6
1.0952e-01,-4,-6,1,-3,0.8,-0.8,0.2,-0.6
1.0960e-01,-2,2,-1,3,0.8,1.6,0.2,0.6
1.0968e-01,-2,-6,-1,-3,-7.15256e-08,-0.8,0.2,-0.6
1.0975e-01,-4,2,-1,1,0.8,1.6,0.2,0.6
1.0983e-01,-2,-6,-1,-3,0.8,-0.8,0.2,-0.6
1.0991e-01,-2,2,-1,3,0.8,1.6,0.2,0.6
1.0998e-01,-2,-6,1,-3,0.8,-0.8,0.2,-0.6
1.1006e-01,-2,2,-1,3,0.8,1.6,0.2,0.6
1.1014e-01,-2,-6,1,-3,0.8,-0.8,0.2,-0.6
1.1022e-01,-2,2,-1,3,-7.15256e-08,1.6,0.2,0.6
1.1029e-01,-2,-6,-1,-3,0.8,-0.8,0.2,-0.6
1.1037e-01,-4,2,1,3,-7.15256e-08,1.6,0.2,0.6
1.1045e-01,-4,-6,-1,-3,0.8,-0.8,0.2,-0.6
1.1052e-01,-2,2,1,3,0.8,1.6,0.2,0.6
1.1060e-01,-2,-6,-1,-3,0.8,-0.8,-0.2,-0.6
1.1068e-01,-2,2,-1,1,0.8,1.6,0.2,0.6
1.1075e-01,-2,-6,-1,-3,0.8,-0.8,0.2,-0.6
1.1083e-01,-2,2,-1,3,0.8,1.6,0.2,0.6
1.1091e-01,-4,-8,-1,-3,-7.15256e-08,-0.8,0.2,-0.6
1.1098e-01,-2,2,-1,1,0.8,1.6,0.2,0.6
1.1106e-01,-2,-6,-1,-3,-7.15256e-08,-0.8,0.2,-0.6
1.1114e-01,-4,2,-1,1,0.8,1.6,-0.2,0.6
1.1121e-01,-2,-6,-1,-3,0.8,-0.8,0.2,-0.6
1.1129e-01,-2,2,-1,3,0.8,1.6,-0.2,0.6
1.1137e-01,-2,-6,-1,-3,-7.15256e-08,-0.8,-0.2,-0.6
1.1144e-01,-2,2,-1,3,0.8,1.6,0.2,0.6
1.1152e-01,-4,-6,1,-3,0.8,-0.8,0.2,-0.6
1.1160e-01,-2,2,-1,3,0.8,1.6,0.2,0.6
1.1167e-01,-4,-6,1,-3,0.8,-0.8,-0.2,-0.6
1.1175e-01,-2,2,-1,3,0.8,1.6,0.2,0.6
1.1183e-01,-2,-6,-1,-3,-7.15256e-08,-0.8,0.2,-0.6
1.1190e-01,-2,2,-1,3,0.8,1.6,-0.2,0.6
1.1198e-01,-2,-6,1,-3,0.8,-0.8,0.2,-0.2
1.1206e-01,-2,2,-1,3,0.8,1.6,0.2,0.6
1.1214e-01,-2,-6,-1,-3,0.8,-0.8,0.2,-0.6
1.1221e-01,-2,2,1,1,0.8,1.6,0.2,0.6
1.1229e-01,-1.3411e-07,-6,-1,-3,0.8,-0.8,0.2,-0.6
1.1237e-01,-2,2,-1,1,0.8,1.6,0.2,0.6
1.1244e-01,-4,-6,-1,-3,0.8,-0.8,-0.2,-0.6
1.1252e-01,-2,2,1,3,0.8,1.6,0.2,0.6
1.1260e-01,-2,-6,1,-3,0.8,-0.8,-0.2,-0.6
1.1267e-01,-2,2,-1,1,0.8,1.6,-0.2,0.6
1.1275e-01,-2,-6,-1,-3,0.8,-0.8,0.2,-0.6
1.1283e-01,-2,2,1,1,0.8,1.6,0.2,0.6
1.1290e-01,-2,-6,-1,-3,-7.15256e-08,-0.8,0.2,-0.6
1.1298e-01,-2,2,-1,1,-7.15256e-08,1.6,0.2,0.6
1.1306e-01,-4,-6,-1,-3,-7.15256e-08,-0.8,-0.2,-0.6
1.1313e-01,-4,2,-1,3,-7.15256e-08,1.6,-0.2,0.6
1.1321e-01,-4,-6,-1,-3,-7.15256e-08,-0.8,0.2,-0.6
1.1329e-01,-2,2,-1,1,0.8,1.6,-0.2,0.6
1.1336e-01,-2,-8,-1,-3,0.8,-0.8,0.2,-0.6
1.1344e-01,-4,2,-1,3,-7.15256e-08,1.6,0.2,0.6
1.1352e-01,-2,-6,1,-3,0.8,-0.8,-0.2,-0.6
1.1359e-01,-2,2,-1,3,0.8,1.6,0.2,0.6
1.1367e-01,-2,-6,1,-3,0.8,-0.8,-0.2,-0.6
1.1375e-01,-2,2,-1,1,-7.15256e-08,1.6,-0.2,0.6
1.1382e-01,-2,-6,-1,-3,0.8,-0.8,0.2,-0.6
1.1390e-01,-2,2,1,3,0.8,1.6,0.2,0.6
1.1398e-01,-2,-6,-1,-3,0.8,-0.8,0.2,-0.6
1.1406e-01,-4,2,1,1,0.8,1.6,0.2,0.6
1.1413e-01,-2,-6,-1,-3,-7.15256e-08,-0.8,0.2,-0.6
1.1421e-01,-2,2,-1,3,0.8,1.6,0.2,0.6
1.1429e-01,-4,-6,-1,-3,0.8,-0.8,0.2,-0.6
1.1436e-01,-4,2,-1,3,0.8,1.6,0.2,0.6
1.1444e-01,-2,-6,-1,-3,0.8,-0.8,0.2,-0.6
1.1452e-01,-4,2,-1,3,0.8,1.6,0.2,0.6
1.1459e-01,-4,-6,1,-3,0.8,-0.8,-0.2,-0.6
1.1467e-01,-2,2,-1,3,0.8,1.6,-0.2,0.6
1.1475e-01,-2,-8,-1,-3,-7.15256e-08,-0.8,-0.2,-0.2
1.1482e-01,-2,2,1,3,0.8,1.6,-0.2,0.6
1.1490e-01,-2,-6,-1,-3,-7.15256e-08,-0.8,0.2,-0.6
1.1498e-01,-1.3411e-07,2,-1,3,0.8,1.6,0.2,0.6
1.1505e-01,-2,-6,1,-3,0.8,-0.8,0.2,-0.6
1.1513e-01,-4,2,-1,3,0.8,1.6,0.2,0.6
1.1521e-01,-4,-6,1,-3,0.8,-7.15256e-08,0.2,-0.6
1.1528e-01,-2,2,-1,1,0.8,1.6,-0.2,0.6
1.1536e-01,-4,-6,1,-3,0.8,-0.8,0.2,-0.6
1.1544e-01,-2,2,1,1,0.8,1.6,0.2,0.6
1.1551e-01,-4,-6,-1,-3,-7.15256e-08,-0.8,0.2,-0.6
1.1559e-01,-2,2,-1,3,0.8,1.6,-0.2,0.6
1.1567e-01,-4,-6,-1,-3,0.8,-0.8,-0.2,-0.6
1.1575e-01,-4,2,-1,3,0.8,1.6,-0.2,0.6
1.1582e-01,-4,-6,-1,-3,0.8,-0.8,0.2,-0.6
1.1590e-01,-4,2,-1,3,0.8,1.6,0.2,0.6
1.1598e-01,-1.3411e-07,-6,-1,-3,0.8,-0.8,-0.2,-0.6
1.1605e-01,-4,2,1,3,0.8,1.6,0.2,0.6
1.1613e-01,-4,-6,1,-3,0.8,-0.8,-0.2,-0.6
1.1621e-01,-2,2,-1,1,0.8,1.6,0.2,0.6
1.1628e-01,-2,-6,-1,-3,0.8,-0.8,0.2,-0.6
1.1636e-01,-2,2,-1,3,0.8,1.6,0.2,0.6
1.1644e-01,-4,-6,-1,-3,0.8,-0.8,-0.2,-0.6
1.1651e-01,-2,2,1,1,-7.15256e-08,1.6,-0.2,0.6
1.1659e-01,-2,-6,1,-3,0.8,-0.8,0.2,-0.6
1.1667e-01,-2,2,-1,1,0.8,1.6,-0.2,0.6
1.1674e-01,-4,-6,-1,-3,0.8,-0.8,0.2,-0.6
1.1682e-01,-4,2,-1,3,0.8,1.6,-0.2,0.6
1.1690e-01,-2,-6,-1,-3,0.8,-0.8,0.2,-0.6
1.1697e-01,-4,2,-1,3,-7.15256e-08,1.6,0.2,0.6
1.1705e-01,-2,-6,-1,-3,0.8,-0.8,0.2,-0.6
1.1713e-01,-2,2,1,3,0.8,1.6,0.2,0.6
1.1720e-01,-2,-6,-1,-3,0.8,-0.8,-0.2,-0.6
1.1728e-01,-1.3411e-07,2,1,3,0.8,1.6,0.2,0.6
1.1736e-01,-4,-6,1,-3,0.8,-7.15256e-08,0.2,-0.6
1.1743e-01,-2,2,1,3,0.8,1.6,0.2,0.6
1.1751e-01,-2,-6,-1,-3,0.8,-0.8,0.2,-0.6
1.1759e-01,-4,2,-1,3,0.8,1.6,0.2,0.6
1.1767e-01,-2,-6,1,-3,0.8,-0.8,0.2,-0.6
1.1774e-01,-2,2,-1,3,0.8,1.6,0.2,0.6
1.1782e-01,-2,-6,-1,-3,0.8,-0.8,0.2,-0.6
1.1790e-01,-4,2,-1,3,0.8,1.6,0.2,0.6
1.1797e-01,-4,-6,1,-3,0.8,-0.8,0.2,-0.6
1.1805e-01,-2,2,1,3,0.8,1.6,0.2,0.6
1.1813e-01,-4,-6,-1,-3,-7.15256e-08,-0.8,0.2,-0.6
1.1820e-01,-4,2,-1,1,-7.15256e-08,1.6,0.2,0.6
1.1828e-01,-2,-6,1,-3,0.8,-0.8,-0.2,-0.6
1.1836e-01,-4,2,-1,3,0.8,1.6,-0.2,0.6
1.1843e-01,-4,-6,-1,-3,-7.15256e-08,-0.8,0.2,-0.6
1.1851e-01,-4,2,-1,3,0.8,1.6,0.2,0.6
1.1859e-01,-2,-6,1,-3,0.8,-0.8,0.2,-0.6
1.1866e-01,-4,2,-1,3,1.6,1.6,0.2,0.6
1.1874e-01,-4,-6,1,-3,0.8,-0.8,0.2,-0.6
1.1882e-01,-2,2,1,3,0.8,1.6,0.2,0.6
1.1889e-01,-2,-6,-1,-3,0.8,-0.8,0.2,-0.6
1.1897e-01,-2,2,-1,3,0.8,1.6,0.2,0.6
1.1905e-01,-2,-6,-1,-3,0.8,-0.8,-0.2,-0.6
1.1912e-01,-2,2,-1,1,0.8,1.6,0.2,0.6
1.1920e-01,-2,-6,-1,-3,0.8,-0.8,-0.2,-0.6
1.1928e-01,-2,2,-1,3,0.8,1.6,0.2,0.6
1.1935e-01,-4,-6,1,-3,0.8,-0.8,0.2,-0.6
1.1943e-01,-4,2,-1,1,0.8,1.6,0.2,0.6
1.1951e-01,-2,-6,-1,-3,0.8,-0.8,0.2,-0.6
1.1959e-01,-2,2,-1,3,0.8,1.6,0.2,0.6
1.1966e-01,-1.3411e-07,-6,-1,-3,0.8,-0.8,0.2,-0.6
1.1974e-01,-4,2,-1,1,0.8,1.6,0.2,0.6
1.1982e-01,-4,-6,-1,-3,0.8,-0.8,0.2,-0.6
1.1989e-01,-2,2,-1,1,0.8,1.6,0.2,0.6
1.1997e-01,-2,-6,1,-3,0.8,-0.8,0.2,-0.6
1.2005e-01,-1.3411e-07,2,-1,1,0.8,1.6,-0.2,0.6
1.2012e-01,-2,-6,1,-3,0.8,-0.8,0.2,-0.6
1.2020e-01,-2,2,-1,3,0.8,1.6,0.2,0.6
1.2028e-01,-4,-6,1,-3,0.8,-0.8,0.2,-0.6
1.2035e-01,-4,2,-1,1,-7.15256e-08,1.6,0.2,0.6
1.2043e-01,-2,-6,1,-3,0.8,-0.8,0.2,-0.6
1.2051e-01,-4,2,-1,3,0.8,1.6,0.2,0.6
1.2058e-01,-2,-6,-1,-3,0.8,-0.8,0.2,-0.6
1.2066e-01,-2,2,-1,3,-7.15256e-08,1.6,0.2,0.6
1.2074e-01,-2,-6,1,-3,0.8,-7.15256e-08,0.2,-0.6
1.2081e-01,-4,2,1,3,-7.15256e-08,1.6,-0.2,0.6
1.2089e-01,-4,-6,-1,-3,0.8,-0.8,-0.2,-0.6
1.2097e-01,-4,2,1,3,0.8,1.6,0.2,0.6
1.2104e-01,-4,-6,-1,-3,0.8,-0.8,-0.2,-0.6
1.2112e-01,-4,2,1,3,0.8,1.6,0.2,0.6
1.2120e-01,-4,-6,-1,-3,-7.15256e-08,-0.8,-0.2,-0.6
1.2127e-01,-2,2,-1,3,0.8,1.6,0.2,0.6
1.2135e-01,-2,-6,-1,-3,0.8,-0.8,0.2,-0.6
1.2143e-01,-4,2,-1,3,-7.15256e-08,1.6,0.2,0.6
1.2151e-01,-2,-6,-1,-3,0.8,-0.8,0.2,-0.6
1.2158e-01,-2,2,1,3,0.8,1.6,0.2,0.6
1.2166e-01,-4,-6,-1,-3,0.8,-0.8,0.2,-0.6
1.2174e-01,-2,2,-1,1,0.8,1.6,0.2,0.6
1.2181e-01,-4,-6,-1,-3,0.8,-7.15256e-08,-0.2,-0.6
1.2189e-01,-2,2,-1,3,-7.15256e-08,1.6,-0.2,0.6
1.2197e-01,-4,-6,-1,-3,0.8,-0.8,0.2,-0.2
1.2204e-01,-2,2,-1,3,0.8,1.6,0.2,0.6
1.2212e-01,-6,-6,1,-3,0.8,-0.8,0.2,-0.6
1.2220e-01,-4,2,-1,3,0.8,1.6,0.2,0.6
1.2227e-01,-2,-6,-1,-3,-7.15256e-08,-0.8,-0.2,-0.6
1.2235e-01,-2,2,-1,3,0.8,1.6,0.2,0.6
1.2243e-01,-4,-6,1,-3,0.8,-0.8,0.2,-0.6
1.2250e-01,-4,2,-1,3,0.8,1.6,-0.2,0.6
1.2258e-01,-2,-6,-1,-3,0.8,-0.8,0.2,-0.6
1.2266e-01,-2,2,-1,3,0.8,1.6,0.2,0.6
1.2273e-01,-2,-6,1,-3,0.8,-0.8,0.2,-0.6
1.2281e-01,-2,2,1,3,0.8,1.6,0.2,0.6
1.2289e-01,-2,-6,-1,-3,0.8,-0.8,0.2,-0.6
1.2296e-01,-1.3411e-07,2,1,1,0.8,1.6,0.2,0.6
1.2304e-01,-2,-6,-1,-3,0.8,-7.15256e-08,0.2,-0.6
1.2312e-01,-2,2,-1,3,0.8,1.6,0.2,0.6
1.2320e-01,-4,-6,-1,-3,0.8,-0.8,0.2,-0.6
1.2327e-01,-2,2,-1,3,0.8,1.6,0.2,0.6
1.2335e-01,-2,-6,-1,-3,0.8,-0.8,0.2,-0.6
1.2343e-01,-2,2,-1,3,0.8,1.6,0.2,0.6
1.2350e-01,-4,-6,1,-3,0.8,-0.8,0.2,-0.6
1.2358e-01,-4,2,1,1,0.8,1.6,0.2,0.6
1.2366e-01,-4,-6,-1,-3,0.8,-0.8,0.2,-0.6
1.2373e-01,-2,2,-1,3,0.8,1.6,0.2,0.6
1.2381e-01,-2,-6,1,-3,0.8,-7.15256e-08,-0.2,-0.6
1.2389e-01,-2,2,-1,3,-7.15256e-08,1.6,0.2,0.6
1.2396e-01,-2,-6,1,-3,0.8,-0.8,0.2,-0.6
1.2404e-01,-2,2,-1,1,0.8,1.6,0.2,0.6
1.2412e-01,-4,-6,-1,-3,0.8,-0.8,0.2,-0.6
1.2419e-01,-2,2,-1,3,0.8,1.6,0.2,0.6
1.2427e-01,-4,-6,-1,-3,0.8,-0.8,0.2,-0.6
1.2435e-01,-2,2,-1,1,0.8,1.6,0.2,0.6
1.2442e-01,-4,-6,-1,-3,0.8,-7.15256e-08,0.2,-0.6
1.2450e-01,-2,2,-1,3,0.8,1.6,0.2,0.6
1.2458e-01,-4,-6,-1,-3,0.8,-0.8,0.2,-0.6
1.2465e-01,-2,2,1,3,-7.15256e-08,1.6,-0.2,0.6
1.2473e-01,-4,-6,-1,-3,0.8,-0.8,0.2,-0.6
1.2481e-01,-2,2,-1,3,0.8,1.6,0.2,0.6
1.2488e-01,-2,-6,-1,-3,-7.15256e-08,-0.8,0.2,-0.6
1.2496e-01,-4,2,-1,3,0.8,1.6,0.2,0.6
1.2504e-01,-2,-6,-1,-3,-7.15256e-08,-0.8,0.2,-0.6
1.2512e-01,-2,2,1,1,0.8,1.6,0.2,0.6
1.2519e-01,-2,-6,1,-3,-7.15256e-08,-0.8,0.2,-0.6
1.2527e-01,-2,2,1,3,0.8,1.6,0.2,0.6
1.2535e-01,-2,-6,-1,-3,0.8,-0.8,-0.2,-0.6
1.2542e-01,-2,2,-1,1,0.8,1.6,0.2,0.6
1.2550e-01,-4,-6,1,-3,0.8,-0.8,0.2,-0.6
1.2558e-01,-2,2,-1,3,0.8,1.6,0.2,0.6
1.2565e-01,-2,-6,-1,-3,0.8,-0.8,0.2,-0.6
1.2573e-01,-2,2,-1,3,0.8,1.6,-0.2,0.6
1.2581e-01,-2,-6,-1,-3,0.8,-7.15256e-08,-0.2,-0.6
1.2588e-01,-2,2,-1,3,0.8,1.6,0.2,0.6
1.2596e-01,-2,-6,-1,-3,0.8,-0.8,0.2,-0.6
1.2604e-01,-2,2,-1,1,0.8,1.6,0.2,0.6
1.2611e-01,-2,-6,-1,-3,0.8,-0.8,0.2,-0.6
1.2619e-01,-2,2,-1,3,0.8,1.6,0.2,0.6
1.2627e-01,-2,-6,-1,-3,0.8,-0.8,0.2,-0.6
1.2634e-01,-2,2,1,3,-7.15256e-08,1.6,-0.2,0.6
1.2642e-01,-2,-6,-1,-3,0.8,-0.8,-0.2,-0.6
1.2650e-01,-2,2,-1,3,0.8,1.6,-0.2,0.6
1.2657e-01,-2,-6,-1,-3,0.8,-7.15256e-08,0.2,-0.6
1.2665e-01,-2,2,1,1,0.8,1.6,0.2,0.6
1.2673e-01,-2,-6,-1,-3,0.8,-0.8,-0.2,-0.6
1.2680e-01,-2,2,1,1,0.8,1.6,0.2,0.6
1.2688e-01,-4,-6,1,-3,0.8,-0.8,0.2,-0.6
1.2696e-01,-2,2,1,3,0.8,1.6,0.2,0.6
1.2704e-01,-4,-6,1,-3,0.8,-0.8,0.2,-0.6
1.2711e-01,-4,2,1,3,0.8,1.6,0.2,0.6
1.2719e-01,-4,-6,-1,-3,0.8,-7.15256e-08,0.2,-0.6
1.2727e-01,-2,2,-1,3,-7.15256e-08,1.6,0.2,0.6
1.2734e-01,-4,-6,1,-3,0.8,-0.8,-0.2,-0.6
1.2742e-01,-2,2,-1,1,-7.15256e-08,1.6,0.2,0.6
1.2750e-01,-4,-6,1,-3,0.8,-7.15256e-08,0.2,-0.6
1.2757e-01,-4,2,1,3,0.8,1.6,0.2,0.6
1.2765e-01,-2,-6,-1,-3,0.8,-0.8,0.2,-0.6
1.2773e-01,-4,2,-1,3,0.8,1.6,0.2,0.6
1.2780e-01,-2,-6,-1,-3,0.8,-7.15256e-08,0.2,-0.6
1.2788e-01,-4,2,-1,3,0.8,1.6,0.2,0.6
1.2796e-01,-2,-6,-1,-3,0.8,-0.8,0.2,-0.2
1.2803e-01,-2,2,-1,3,0.8,1.6,-0.2,0.6
1.2811e-01,-4,-6,-1,-3,0.8,-0.8,0.2,-0.6
1.2819e-01,-2,2,-1,3,0.8,1.6,0.2,0.6
1.2826e-01,-2,-6,-1,-3,0.8,-0.8,0.2,-0.6
1.2834e-01,-2,2,-1,1,0.8,1.6,-0.2,0.6
1.2842e-01,-2,-6,-1,-3,-7.15256e-08,-0.8,0.2,-0.6
1.2849e-01,-2,2,1,3,0.8,1.6,0.2,0.6
1.2857e-01,-2,-6,-1,-3,0.8,-7.15256e-08,0.2,-0.6
1.2865e-01,-2,2,1,1,0.8,1.6,0.2,0.6
1.2873e-01,-4,-6,1,-3,-7.15256e-08,-0.8,0.2,-0.6
1.2880e-01,-4,2,1,3,-7.15256e-08,1.6,-0.2,0.6
1.2888e-01,-2,-6,-1,-3,0.8,-0.8,0.2,-0.6
1.2896e-01,-2,2,-1,3,0.8,1.6,0.2,0.6
1.2903e-01,-4,-6,-1,-3,0.8,-0.8,0.2,-0.6
1.2911e-01,-4,2,-1,3,0.8,1.6,-0.2,0.6
1.2919e-01,-2,-6,-1,-3,0.8,-0.8,0.2,-0.6
1.2926e-01,-2,2,-1,3,0.8,1.6,0.2,0.6
1.2934e-01,-2,-6,1,-3,0.8,-0.8,-0.2,-0.6
1.2942e-01,-4,2,-1,3,-7.15256e-08,1.6,0.2,0.6
1.2949e-01,-2,-6,1,-3,0.8,-0.8,0.2,-0.6
1.2957e-01,-2,2,1,3,0.8,1.6,0.2,0.6
1.2965e-01,-2,-6,-1,-3,0.8,-0.8,0.2,-0.2
1.2972e-01,-4,2,-1,3,0.8,1.6,0.2,0.6
1.2980e-01,-4,-6,1,-3,0.8,-0.8,0.2,-0.6
1.2988e-01,-2,2,1,3,-7.15256e-08,1.6,0.2,0.6
1.2995e-01,-2,-6,1,-3,0.8,-0.8,0.2,-0.6
1.3003e-01,-2,2,1,3,0.8,1.6,0.2,0.6
1.3011e-01,-2,-6,-1,-3,-7.15256e-08,-7.15256e-08,0.2,-0.6
1.3018e-01,-2,2,-1,3,-7.15256e-08,1.6,0.2,0.6
1.3026e-01,-2,-6,-1,-3,0.8,-0.8,0.2,-0.6
1.3034e-01,-2,2,1,3,0.8,1.6,0.2,0.6
1.3041e-01,-4,-6,-1,-3,0.8,-7.15256e-08,0.2,-0.6
1.3049e-01,-2,2,1,3,0.8,1.6,0.2,0.6
1.3057e-01,-4,-6,-1,-3,-7.15256e-08,-7.15256e-08,0.2,-0.6
1.3065e-01,-4,2,1,3,-7.15256e-08,1.6,-0.2,0.6
1.3072e-01,-4,-6,-1,-3,0.8,-7.15256e-08,0.2,-0.6
1.3080e-01,-2,2,-1,3,1.6,1.6,0.2,0.6
1.3088e-01,-4,-6,-1,-3,0.8,-0.8,0.2,-0.6
1.3095e-01,-2,2,1,1,0.8,1.6,-0.2,0.6
1.3103e-01,-2,-6,-1,-3,0.8,-7.15256e-08,0.2,-0.6
1.3111e-01,-2,2,1,3,-7.15256e-08,1.6,0.2,0.6
1.3118e-01,-4,-6,-1,-3,0.8,-0.8,0.2,-0.6
1.3126e-01,-2,2,-1,3,0.8,1.6,0.2,0.6
1.3134e-01,-2,-6,-1,-3,0.8,-7.15256e-08,-0.2,-0.6
1.3141e-01,-2,2,-1,1,0.8,1.6,0.2,0.6
1.3149e-01,-2,-6,1,-3,0.8,-0.8,0.2,-0.6
1.3157e-01,-2,2,-1,3,0.8,1.6,0.2,0.6
1.3164e-01,-2,-6,1,-3,0.8,-0.8,0.2,-0.6
1.3172e-01,-1.3411e-07,2,1,3,0.8,1.6,0.2,0.6
1.3180e-01,-2,-6,1,-3,0.8,-0.8,0.2,-0.6
1.3187e-01,-4,2,-1,3,-7.15256e-08,1.6,0.2,0.6
1.3195e-01,-2,-6,-1,-3,0.8,-7.15256e-08,0.2,-0.6
1.3203e-01,-2,2,-1,3,0.8,1.6,0.2,0.6
1.3210e-01,-1.3411e-07,-6,-1,-3,0.8,-0.8,0.2,-0.6
1.3218e-01,-2,2,1,3,0.8,1.6,0.2,0.6
1.3226e-01,-4,-6,1,-3,0.8,-0.8,0.2,-0.6
1.3233e-01,-2,2,-1,3,0.8,1.6,-0.2,0.6
1.3241e-01,-4,-8,-1,-3,0.8,-0.8,-0.2,-0.6
1.3249e-01,-2,2,-1,3,-7.15256e-08,1.6,0.2,0.6
1.3257e-01,-2,-6,1,-3,0.8,-7.15256e-08,0.2,-0.6
1.3264e-01,-2,2,-1,1,0.8,1.6,0.2,0.6
1.3272e-01,-2,-6,-1,-3,0.8,-0.8,0.2,-0.6
1.3280e-01,-2,2,-1,3,0.8,1.6,-0.2,0.6
1.3287e-01,-2,-6,-1,-3,0.8,-7.15256e-08,0.2,-0.6
1.3295e-01,-2,2,-1,1,0.8,1.6,0.2,0.6
1.3303e-01,-4,-6,-1,-3,0.8,-7.15256e-08,0.2,-0.6
1.3310e-01,-2,2,-1,3,0.8,1.6,0.2,0.6
1.3318e-01,-2,-6,-1,-3,-7.15256e-08,-7.15256e-08,0.2,-0.6
1.3326e-01,-2,2,-1,1,-7.15256e-08,1.6,0.2,0.6
1.3333e-01,-2,-6,-1,-3,0.8,-0.8,0.2,-0.6
1.3341e-01,-4,2,-1,1,0.8,1.6,0.2,0.6
1.3349e-01,-2,-8,-1,-3,0.8,-0.8,0.2,-0.6
1.3356e-01,-4,2,-1,3,0.8,1.6,-0.2,0.6
1.3364e-01,-2,-6,-1,-3,0.8,-0.8,0.2,-0.6
1.3372e-01,-4,2,-1,1,0.8,1.6,0.2,0.6
1.3379e-01,-2,-6,-1,-3,-7.15256e-08,-7.15256e-08,0.2,-0.6
1.3387e-01,-4,2,-1,1,-7.15256e-08,1.6,0.2,0.6
1.3395e-01,-2,-6,1,-3,0.8,-0.8,0.2,-0.6
1.3402e-01,-4,2,-1,3,0.8,1.6,0.2,0.6
1.3410e-01,-4,-6,-1,-3,0.8,-7.15256e-08,0.2,-0.6
1.3418e-01,-2,2,1,3,0.8,1.6,0.2,0.6
1.3425e-01,-2,-6,-1,-3,0.8,-7.15256e-08,0.2,-0.6
1.3433e-01,-2,2,-1,3,0.8,1.6,0.2,0.6
1.3441e-01,-2,-6,-1,-3,0.8,-7.15256e-08,0.2,-0.6
1.3449e-01,-2,2,-1,3,1.6,1.6,0.2,0.6
1.3456e-01,-2,-6,1,-3,0.8,-0.8,-0.2,-0.6
1.3464e-01,-2,2,1,1,0.8,1.6,-0.2,0.6
1.3472e-01,-4,-6,-1,-3,-7.15256e-08,-0.8,0.2,-0.6
1.3479e-01,-4,2,-1,3,0.8,1.6,0.2,0.6
1.3487e-01,-2,-6,-1,-3,-7.15256e-08,-0.8,0.2,-0.6
1.3495e-01,-2,2,1,3,0.8,1.6,0.2,0.6
1.3502e-01,-2,-6,-1,-3,-7.15256e-08,-7.15256e-08,0.2,-0.6
1.3510e-01,-4,2,-1,3,0.8,1.6,0.2,0.6
1.3518e-01,-4,-6,-1,-3,0.8,-7.15256e-08,-0.2,-0.6
1.3525e-01,-2,2,-1,3,0.8,1.6,0.2,0.6
1.3533e-01,-2,-6,1,-3,-7.15256e-08,-0.8,-0.2,-0.6
1.3541e-01,-1.3411e-07,2,-1,3,0.8,1.6,0.2,0.6
1.3548e-01,-2,-6,-1,-3,-7.15256e-08,-0.8,-0.2,-0.6
1.3556e-01,-2,2,-1,1,0.8,1.6,-0.2,0.6
1.3564e-01,-2,-6,-1,-3,-7.15256e-08,-7.15256e-08,0.2,-0.6
1.3571e-01,-2,2,-1,3,0.8,1.6,-0.2,0.6
1.3579e-01,-4,-6,-1,-3,0.8,-7.15256e-08,-0.2,-0.6
1.3587e-01,-2,2,-1,3,0.8,1.6,0.2,0.6
1.3594e-01,-2,-6,-1,-3,-7.15256e-08,-7.15256e-08,-0.2,-0.6
1.3602e-01,-2,2,-1,3,0.8,1.6,-0.2,0.6
1.3610e-01,-4,-6,-1,-3,0.8,-0.8,0.2,-0.6
1.3618e-01,-4,2,-1,3,0.8,1.6,0.2,0.6
1.3625e-01,-2,-6,1,-3,0.8,-7.15256e-08,0.2,-0.6
1.3633e-01,-4,2,-1,3,0.8,1.6,0.2,0.6
1.3641e-01,-4,-6,-1,-3,-7.15256e-08,-7.15256e-08,0.2,-0.6
1.3648e-01,-2,2,1,3,0.8,1.6,0.2,0.6
1.3656e-01,-2,-6,-1,-3,0.8,-0.8,0.2,-0.6
1.3664e-01,-4,2,1,3,0.8,1.6,0.2,0.6
1.3671e-01,-4,-6,1,-3,0.8,-0.8,0.2,-0.6
1.3679e-01,-2,2,-1,1,0.8,1.6,-0.2,0.6
1.3687e-01,-2,-6,-1,-3,0.8,-0.8,-0.2,-0.6
1.3694e-01,-4,2,-1,3,0.8,1.6,0.2,0.6
1.3702e-01,-1.3411e-07,-6,-1,-3,0.8,-7.15256e-08,0.2,-0.6
1.3710e-01,-4,2,-1,3,0.8,1.6,0.2,0.6
1.3717e-01,-4,-6,1,-3,0.8,-7.15256e-08,0.2,-0.6
1.3725e-01,-2,2,1,3,0.8,1.6,0.2,0.6
1.3733e-01,-2,-6,1,-3,0.8,-7.15256e-08,-0.2,-0.6
1.3740e-01,-2,2,-1,1,0.8,1.6,0.2,0.6
1.3748e-01,-2,-6,-1,-3,0.8,-7.15256e-08,0.2,-0.6
1.3756e-01,-2,2,-1,3,0.8,1.6,0.2,0.6
1.3763e-01,-2,-6,-1,-3,0.8,-0.8,0.2,-0.6
1.3771e-01,-2,2,1,1,0.8,1.6,0.2,0.6
1.3779e-01,-2,-6,-1,-3,0.8,-0.8,0.2,-0.6
1.3786e-01,-2,2,-1,1,0.8,1.6,0.2,0.6
1.3794e-01,-4,-6,-1,-3,-7.15256e-08,-7.15256e-08,0.2,-0.6
1.3802e-01,-2,2,-1,3,0.8,1.6,0.2,0.6
1.3810e-01,-4,-6,-1,-3,0.8,-0.8,0.2,-0.6
1.3817e-01,-2,2,-1,1,0.8,1.6,0.2,0.6
1.3825e-01,-2,-6,-1,-3,0.8,-7.15256e-08,0.2,-0.6
1.3833e-01,-4,2,-1,3,0.8,1.6,0.2,0.6
1.3840e-01,-2,-6,-1,-3,0.8,-0.8,-0.2,-0.6
1.3848e-01,-4,2,-1,3,0.8,1.6,0.2,0.6
1.3856e-01,-2,-6,1,-3,0.8,-7.15256e-08,0.2,-0.6
1.3863e-01,-2,2,-1,3,0.8,1.6,-0.2,0.6
1.3871e-01,-2,-6,-1,-3,0.8,-7.15256e-08,0.2,-0.6
1.3879e-01,-2,2,-1,3,0.8,1.6,0.2,0.6
1.3886e-01,-4,-6,-1,-3,0.8,-7.15256e-08,0.2,-0.6
1.3894e-01,-2,2,1,3,0.8,1.6,0.2,0.6
1.3902e-01,-4,-6,-1,-3,0.8,-7.15256e-08,-0.2,-0.6
1.3909e-01,-4,2,1,3,0.8,1.6,0.2,0.6
1.3917e-01,-4,-6,-1,-3,0.8,-0.8,0.2,-0.6
1.3925e-01,-4,2,-1,3,0.8,1.6,0.2,0.6
1.3932e-01,-2,-6,1,-3,0.8,-0.8,0.2,-0.6
1.3940e-01,-4,2,-1,3,0.8,1.6,0.2,0.6
1.3948e-01,-2,-6,-1,-3,0.8,-7.15256e-08,0.2,-0.6
1.3955e-01,-2,2,-1,3,0.8,1.6,0.2,0.6
1.3963e-01,-2,-6,-1,-3,0.8,-7.15256e-08,0.2,-0.6
1.3971e-01,-2,2,-1,3,0.8,1.6,0.2,0.6
1.3978e-01,-2,-6,-1,-3,0.8,-0.8,0.2,-0.6
1.3986e-01,-2,2,-1,3,0.8,1.6,0.2,0.6
1.3994e-01,-4,-6,1,-3,0.8,-7.15256e-08,0.2,-0.6
1.4002e-01,-2,2,-1,3,0.8,1.6,0.2,0.6
1.4009e-01,-2,-6,1,-3,0.8,-0.8,-0.2,-0.6
1.4017e-01,-2,2,-1,1,0.8,1.6,0.2,0.6
1.4025e-01,-2,-6,-1,-3,0.8,-0.8,0.2,-0.6
1.4032e-01,-2,2,-1,3,0.8,1.6,0.2,0.6
1.4040e-01,-4,-6,-1,-3,0.8,-7.15256e-08,0.2,-0.6
1.4048e-01,-2,2,-1,3,0.8,1.6,-0.2,0.6
1.4055e-01,-2,-6,-1,-3,0.8,-0.8,0.2,-0.6
1.4063e-01,-2,2,-1,3,0.8,1.6,0.2,0.6
1.4071e-01,-4,-6,-1,-3,-7.15256e-08,-0.8,0.2,-0.6
1.4078e-01,-2,2,1,3,0.8,1.6,0.2,0.6
1.4086e-01,-4,-6,1,-3,0.8,-0.8,0.2,-0.6
1.4094e-01,-1.3411e-07,2,-1,3,0.8,1.6,0.2,0.6
1.4101e-01,-2,-6,-1,-3,0.8,-0.8,0.2,-0.6
1.4109e-01,-2,2,-1,3,0.8,1.6,0.2,0.6
1.4117e-01,-2,-6,-1,-3,0.8,-0.8,0.2,-0.6
1.4124e-01,-2,2,-1,3,0.8,1.6,0.2,0.6
1.4132e-01,-2,-6,-1,-3,0.8,-7.15256e-08,0.2,-0.6
1.4140e-01,-2,2,-1,3,0.8,1.6,0.2,0.6
1.4147e-01,-2,-6,-1,-3,0.8,-0.8,0.2,-0.6
1.4155e-01,-2,2,-1,1,0.8,1.6,0.2,0.6
1.4163e-01,-2,-6,-1,-3,0.8,-0.8,0.2,-0.6
1.4171e-01,-4,2,-1,3,0.8,1.6,0.2,0.6
1.4178e-01,-2,-6,-1,-3,0.8,-0.8,0.2,-0.6
1.4186e-01,-2,2,1,3,0.8,1.6,0.2,0.6
1.4194e-01,-4,-6,-1,-3,0.8,-0.8,0.2,-0.6
1.4201e-01,-1.3411e-07,2,1,3,0.8,1.6,0.2,0.6
1.4209e-01,-2,-6,1,-3,0.8,-0.8,0.2,-0.6
1.4217e-01,-2,2,-1,1,0.8,1.6,0.2,0.6
1.4224e-01,-2,-6,-1,-3,0.8,-0.8,0.2,-0.6
1.4232e-01,-2,2,-1,3,0.8,1.6,0.2,0.6
1.4240e-01,-4,-6,1,-3,0.8,-7.15256e-08,0.2,-0.6
1.4247e-01,-4,2,1,3,0.8,1.6,0.2,0.6
1.4255e-01,-2,-6,-1,-3,0.8,-7.15256e-08,0.2,-0.6
1.4263e-01,-2,2,-1,3,0.8,1.6,0.2,0.6
1.4270e-01,-4,-6,1,-3,0.8,-0.8,0.2,-0.6
1.4278e-01,-4,2,-1,3,0.8,1.6,0.2,0.6
1.4286e-01,-2,-6,-1,-3,0.8,-0.8,0.2,-0.6
1.4293e-01,-4,2,-1,1,0.8,1.6,-0.2,0.6
1.4301e-01,-2,-6,-1,-3,-7.15256e-08,-7.15256e-08,0.2,-0.6
1.4309e-01,-2,2,1,3,-7.15256e-08,1.6,0.2,0.6
1.4316e-01,-2,-6,-1,-3,0.8,-7.15256e-08,0.2,-0.6
1.4324e-01,-2,2,-1,1,-7.15256e-08,1.6,0.2,0.6
1.4332e-01,-2,-6,-1,-3,0.8,-0.8,0.2,-0.6
1.4339e-01,-2,2,-1,1,0.8,1.6,0.2,0.6
1.4347e-01,-4,-6,-1,-3,0.8,-7.15256e-08,0.2,-0.6
1.4355e-01,-1.3411e-07,2,-1,3,0.8,1.6,0.2,0.6
1.4363e-01,-2,-6,-1,-3,0.8,-0.8,0.2,-0.6
1.4370e-01,-2,2,-1,3,0.8,1.6,0.2,0.6
1.4378e-01,-4,-6,-1,-3,0.8,-7.15256e-08,0.2,-0.6
1.4386e-01,-4,2,-1,3,0.8,1.6,0.2,0.6
1.4393e-01,-2,-6,-1,-3,0.8,-0.8,0.2,-0.6
1.4401e-01,-2,2,-1,1,0.8,1.6,0.2,0.6
1.4409e-01,-4,-6,-1,-3,0.8,-0.8,0.2,-0.6
1.4416e-01,-2,2,-1,3,0.8,1.6,0.2,0.6
1.4424e-01,-2,-6,-1,-3,0.8,-7.15256e-08,0.2,-0.6
1.4432e-01,-4,2,-1,3,0.8,1.6,0.2,0.6
1.4439e-01,-2,-6,1,-3,0.8,-7.15256e-08,0.2,-0.6
1.4447e-01,-2,2,-1,3,0.8,1.6,0.2,0.6
1.4455e-01,-2,-6,-1,-3,0.8,-7.15256e-08,0.2,-0.6
1.4462e-01,-2,2,-1,3,0.8,1.6,0.2,0.6
1.4470e-01,-2,-6,-1,-3,0.8,-7.15256e-08,0.2,-0.6
1.4478e-01,-2,2,-1,3,0.8,1.6,0.2,0.6
1.4485e-01,-1.3411e-07,-6,1,-3,0.8,-0.8,0.2,-0.6
1.4493e-01,-2,2,-1,3,0.8,1.6,0.2,0.6
1.4501e-01,-2,-6,-1,-3,0.8,-7.15256e-08,0.2,-0.6
1.4508e-01,-2,2,-1,1,0.8,1.6,0.2,0.6
1.4516e-01,-2,-6,-1,-3,0.8,-7.15256e-08,0.2,-0.6
1.4524e-01,-2,2,1,3,0.8,1.6,0.2,0.6
1.4531e-01,-2,-6,-1,-3,0.8,-0.8,0.2,-0.6
1.4539e-01,-4,2,-1,1,0.8,1.6,0.2,0.6
1.4547e-01,-2,-6,1,-3,0.8,-7.15256e-08,0.2,-0.6
1.4555e-01,-2,2,-1,3,0.8,1.6,0.2,0.6
1.4562e-01,-2,-6,1,-3,0.8,-7.15256e-08,0.2,-0.6
1.4570e-01,-4,2,-1,3,0.8,1.6,0.2,0.6
1.4578e-01,-2,-6,-1,-3,0.8,-7.15256e-08,0.2,-0.6
1.4585e-01,-4,2,1,1,0.8,1.6,-0.2,0.6
1.4593e-01,-4,-6,1,-3,0.8,-7.15256e-08,0.2,-0.6
1.4601e-01,-1.3411e-07,2,1,3,0.8,1.6,0.2,0.6
1.4608e-01,-4,-6,-1,-3,0.8,-7.15256e-08,0.2,-0.6
1.4616e-01,-2,2,1,3,0.8,1.6,0.2,0.6
1.4624e-01,-2,-6,1,-3,0.8,-7.15256e-08,0.2,-0.6
1.4631e-01,-2,2,-1,1,0.8,1.6,0.2,0.6
1.4639e-01,-2,-6,-1,-3,0.8,-7.15256e-08,0.2,-0.6
1.4647e-01,-2,2,-1,3,-7.15256e-08,1.6,0.2,0.6
1.4654e-01,-2,-6,-1,-3,0.8,-0.8,0.2,-0.6
1.4662e-01,-2,2,-1,3,-7.15256e-08,1.6,0.2,0.6
1.4670e-01,-2,-6,-1,-3,0.8,-0.8,0.2,-0.6
1.4677e-01,-2,2,1,3,0.8,1.6,0.2,0.6
1.4685e-01,-4,-6,1,-3,-7.15256e-08,-0.8,0.2,-0.6
1.4693e-01,-4,2,-1,3,0.8,1.6,0.2,0.6
1.4700e-01,-4,-8,-1,-3,0.8,-7.15256e-08,0.2,-0.6
1.4708e-01,-2,2,1,3,0.8,1.6,0.2,0.6
1.4716e-01,-2,-6,-1,-3,0.8,-7.15256e-08,0.2,-0.6
1.4724e-01,-2,2,-1,1,0.8,1.6,0.2,0.6
1.4731e-01,-2,-8,-1,-3,0.8,-0.8,-0.2,-0.2
1.4739e-01,-4,2,-1,3,0.8,1.6,0.2,0.6
1.4747e-01,-2,-6,1,-3,0.8,-7.15256e-08,-0.2,-0.6
1.4754e-01,-4,2,1,1,0.8,1.6,0.2,0.6
1.4762e-01,-2,-6,-1,-3,0.8,-0.8,-0.2,-0.6
1.4770e-01,-4,2,1,3,0.8,1.6,0.2,0.6
1.4777e-01,-4,-6,-1,-3,-7.15256e-08,-0.8,0.2,-0.6
1.4785e-01,-2,2,-1,3,0.8,1.6,-0.2,0.6
1.4793e-01,-2,-6,1,-3,0.8,-0.8,0.2,-0.6
1.4800e-01,-2,2,-1,3,0.8,1.6,0.2,0.6
1.4808e-01,-2,-6,1,-3,0.8,-7.15256e-08,0.2,-0.6
1.4816e-01,-2,2,-1,3,0.8,1.6,-0.2,0.6
1.4823e-01,-4,-6,-1,-3,0.8,-0.8,0.2,-0.6
1.4831e-01,-1.3411e-07,2,1,1,-7.15256e-08,1.6,0.2,0.6
1.4839e-01,-4,-6,-1,-3,0.8,-7.15256e-08,0.2,-0.6
1.4846e-01,-2,2,-1,3,0.8,1.6,0.2,0.6
1.4854e-01,-4,-6,1,-3,0.8,-0.8,-0.2,-0.6
1.4862e-01,-4,2,1,3,-7.15256e-08,1.6,0.2,0.6
1.4869e-01,-2,-6,1,-3,-7.15256e-08,-7.15256e-08,-0.2,-0.6
1.4877e-01,-4,2,-1,3,0.8,1.6,-0.2,0.6
1.4885e-01,-2,-6,-1,-3,0.8,-0.8,0.2,-0.6
1.4892e-01,-2,2,-1,3,0.8,1.6,0.2,0.6
1.4900e-01,-2,-6,-1,-3,0.8,-7.15256e-08,0.2,-0.6
1.4908e-01,-2,2,1,1,0.8,1.6,0.2,0.6
1.4916e-01,-4,-6,-1,-3,0.8,-0.8,-0.2,-0.6
1.4923e-01,-4,2,-1,3,0.8,1.6,-0.2,0.6
1.4931e-01,-2,-6,-1,-3,0.8,-7.15256e-08,0.2,-0.6
1.4939e-01,-4,2,-1,3,0.8,1.6,0.2,0.6
1.4946e-01,-2,-6,-1,-3,0.8,-7.15256e-08,0.2,-0.6
1.4954e-01,-4,2,-1,3,0.8,1.6,-0.2,0.6
1.4962e-01,-4,-6,-1,-3,0.8,-7.15256e-08,0.2,-0.6
1.4969e-01,-2,2,-1,3,0.8,1.6,0.2,0.6
1.4977e-01,-4,-6,1,-3,0.8,-0.8,0.2,-0.6
1.4985e-01,-2,2,-1,3,0.8,1.6,0.2,0.6
1.4992e-01,-4,-6,1,-3,1.6,-0.8,0.2,-0.6
1.5000e-01,-2,2,-1,3,0.8,1.6,0.2,0.6
1.5008e-01,-4,-6,1,-3,0.8,-0.8,-0.2,-0.6
1.5015e-01,-2,2,-1,3,0.8,1.6,0.2,0.6
1.5023e-01,-2,-6,-1,-3,0.8,-0.8,0.2,-0.6
1.5031e-01,-4,2,1,3,0.8,1.6,0.2,0.6
1.5038e-01,-4,-6,-1,-3,0.8,-7.15256e-08,0.2,-0.6
1.5046e-01,-2,2,-1,1,0.8,1.6,0.2,0.6
1.5054e-01,-4,-6,-1,-3,0.8,-7.15256e-08,0.2,-0.6
1.5061e-01,-2,2,-1,3,0.8,1.6,0.2,0.6
1.5069e-01,-2,-6,-1,-3,0.8,-7.15256e-08,-0.2,-0.6
1.5077e-01,-2,2,-1,3,-7.15256e-08,1.6,0.2,0.6
1.5084e-01,-2,-6,-1,-3,0.8,-7.15256e-08,0.2,-0.6
1.5092e-01,-2,2,-1,3,1.6,1.6,0.2,0.6
1.5100e-01,-4,-8,-1,-3,0.8,-0.8,0.2,-0.6
1.5108e-01,-4,2,-1,1,0.8,1.6,-0.2,0.6
1.5115e-01,-2,-6,-1,-3,0.8,-0.8,0.2,-0.6
1.5123e-01,-2,2,-1,1,0.8,1.6,0.2,0.6
1.5131e-01,-2,-6,-1,-3,0.8,-0.8,-0.2,-0.6
1.5138e-01,-4,2,-1,1,0.8,1.6,0.2,0.6
1.5146e-01,-2,-8,1,-3,0.8,-0.8,0.2,-0.6
1.5154e-01,-2,2,-1,3,-7.15256e-08,1.6,-0.2,0.6
1.5161e-01,-4,-6,1,-3,0.8,-0.8,-0.2,-0.6
1.5169e-01,-2,2,1,1,0.8,1.6,-0.2,0.6
1.5177e-01,-2,-6,1,-3,0.8,-7.15256e-08,-0.2,-0.6
1.5184e-01,-2,2,-1,3,0.8,1.6,0.2,0.6
1.5192e-01,-2,-6,-1,-3,0.8,-7.15256e-08,0.2,-0.6
1.5200e-01,-2,2,-1,3,0.8,1.6,0.2,0.6
1.5207e-01,-2,-6,-1,-3,0.8,-7.15256e-08,-0.2,-0.6
1.5215e-01,-2,2,1,3,-7.15256e-08,1.6,0.2,0.6
1.5223e-01,-4,-6,-1,-3,-7.15256e-08,-7.15256e-08,0.2,-0.6
1.5230e-01,-2,2,1,1,0.8,1.6,0.2,0.6
1.5238e-01,-4,-6,-1,-3,0.8,-0.8,0.2,-0.6
1.5246e-01,-2,2,-1,3,0.8,1.6,0.2,0.6
1.5253e-01,-4,-6,-1,-3,0.8,-7.15256e-08,-0.2,-0.6
1.5261e-01,-2,2,1,3,0.8,1.6,0.2,0.6
1.5269e-01,-2,-6,1,-3,0.8,-7.15256e-08,-0.2,-0.6
1.5276e-01,-4,2,-1,3,0.8,1.6,0.2,0.6
1.5284e-01,-4,-6,1,-3,0.8,-7.15256e-08,0.2,-0.6
1.5292e-01,-2,2,1,3,0.8,1.6,0.2,0.6
1.5300e-01,-2,-6,-1,-3,0.8,-7.15256e-08,0.2,-0.6
1.5307e-01,-4,2,-1,3,0.8,1.6,0.2,0.6
1.5315e-01,-4,-6,-1,-3,0.8,-0.8,0.2,-0.6
1.5323e-01,-2,2,1,3,0.8,1.6,-0.2,0.6
1.5330e-01,-2,-6,1,-3,0.8,-7.15256e-08,-0.2,-0.6
1.5338e-01,-2,2,1,3,0.8,1.6,0.2,0.6
1.5346e-01,-4,-6,-1,-3,0.8,-7.15256e-08,0.2,-0.6
1.5353e-01,-2,2,-1,1,0.8,1.6,0.2,0.6
1.5361e-01,-2,-6,1,-3,0.8,-7.15256e-08,0.2,-0.6
1.5369e-01,-4,2,-1,3,0.8,1.6,0.2,0.6
1.5376e-01,-2,-6,-1,-3,0.8,-7.15256e-08,-0.2,-0.6
1.5384e-01,-4,2,-1,3,0.8,1.6,0.2,0.6
1.5392e-01,-2,-6,1,-3,1.6,-0.8,0.2,-0.6
1.5399e-01,-2,2,1,3,0.8,1.6,0.2,0.6
1.5407e-01,-4,-6,-1,-3,0.8,-0.8,0.2,-0.6
1.5415e-01,-2,2,-1,3,0.8,1.6,0.2,0.6
1.5422e-01,-2,-6,1,-3,0.8,-0.8,0.2,-0.6
1.5430e-01,-2,2,-1,1,-7.15256e-08,1.6,0.2,0.6
1.5438e-01,-2,-6,-1,-3,-7.15256e-08,-7.15256e-08,0.2,-0.6
1.5445e-01,-2,2,-1,3,0.8,1.6,0.2,0.6
1.5453e-01,-2,-6,1,-3,0.8,-0.8,0.2,-0.6
1.5461e-01,-4,2,1,3,0.8,1.6,0.2,0.6
1.5469e-01,-2,-6,-1,-3,0.8,-0.8,0.2,-0.6
1.5476e-01,-4,2,-1,3,0.8,1.6,0.2,0.6
1.5484e-01,-4,-6,1,-3,0.8,-0.8,0.2,-0.6
1.5492e-01,-4,2,1,3,0.8,1.6,0.2,0.6
1.5499e-01,-2,-6,1,-3,0.8,-7.15256e-08,0.2,-0.6
1.5507e-01,-2,2,-1,3,0.8,1.6,0.2,0.6
1.5515e-01,-2,-6,1,-3,0.8,-7.15256e-08,0.2,-0.6
1.5522e-01,-2,2,-1,3,0.8,1.6,0.2,0.6
1.5530e-01,-4,-6,-1,-3,0.8,-0.8,0.2,-0.6
1.5538e-01,-4,2,-1,1,0.8,1.6,0.2,0.6
1.5545e-01,-2,-6,-1,-3,-7.15256e-08,-0.8,-0.2,-0.6
1.5553e-01,-4,2,1,3,0.8,1.6,-0.2,0.6
1.5561e-01,-2,-6,-1,-3,0.8,-0.8,0.2,-0.6
1.5568e-01,-4,2,-1,3,-7.15256e-08,1.6,-0.2,0.6
1.5576e-01,-2,-6,-1,-3,0.8,-0.8,-0.2,-0.6
1.5584e-01,-4,2,-1,3,-7.15256e-08,1.6,-0.2,0.6
1.5591e-01,-2,-6,1,-3,0.8,-0.8,-0.2,-0.6
1.5599e-01,-4,2,-1,3,0.8,1.6,0.2,0.6
1.5607e-01,-4,-6,1,-3,0.8,-7.15256e-08,0.2,-0.6
1.5614e-01,-2,2,-1,3,0.8,1.6,-0.2,0.6
1.5622e-01,-4,-6,-1,-3,-7.15256e-08,-0.8,0.2,-0.6
1.5630e-01,-2,-1.3411e-07,1,3,0.8,1.6,-0.2,0.6
1.5637e-01,-2,-6,-1,-3,0.8,-7.15256e-08,0.2,-0.6
1.5645e-01,-4,2,-1,1,0.8,1.6,0.2,0.6
1.5653e-01,-4,-6,-1,-3,0.8,-0.8,0.2,-0.6
1.5661e-01,-2,2,1,1,-7.15256e-08,1.6,0.2,0.6
1.5668e-01,-2,-6,1,-3,0.8,-7.15256e-08,-0.2,-0.6
1.5676e-01,-2,2,-1,3,0.8,1.6,0.2,0.6
1.5684e-01,-4,-6,-1,-3,0.8,-7.15256e-08,-0.2,-0.6
1.5691e-01,-2,2,-1,3,0.8,1.6,0.2,0.6
1.5699e-01,-4,-6,1,-3,0.8,-0.8,0.2,-0.6
1.5707e-01,-2,2,1,3,0.8,1.6,0.2,0.6
1.5714e-01,-2,-6,-1,-3,0.8,-0.8,0.2,-0.6
1.5722e-01,-2,2,1,1,0.8,1.6,0.2,0.6
1.5730e-01,-2,-6,-1,-3,0.8,-0.8,-0.2,-0.6
1.5737e-01,-4,2,-1,3,0.8,1.6,-0.2,0.6
1.5745e-01,-4,-6,-1,-3,-7.15256e-08,-7.15256e-08,0.2,-0.6
1.5753e-01,-4,2,-1,3,0.8,1.6,0.2,0.6
1.5760e-01,-2,-6,-1,-3,0.8,-7.15256e-08,-0.2,-0.6
1.5768e-01,-2,2,1,3,0.8,1.6,0.2,0.6
1.5776e-01,-2,-6,1,-3,0.8,-7.15256e-08,0.2,-0.6
1.5783e-01,-2,2,-1,3,0.8,1.6,-0.2,0.6
1.5791e-01,-4,-6,1,-3,0.8,-0.8,0.2,-0.6
1.5799e-01,-4,2,-1,3,0.8,1.6,0.2,0.6
1.5806e-01,-2,-8,-1,-3,0.8,-7.15256e-08,0.2,-0.6
1.5814e-01,-2,2,-1,3,0.8,1.6,0.2,0.6
1.5822e-01,-4,-6,1,-3,0.8,-0.8,0.2,-0.6
1.5829e-01,-2,2,-1,1,0.8,1.6,0.2,0.6
1.5837e-01,-2,-6,1,-3,0.8,-7.15256e-08,0.2,-0.6
1.5845e-01,-4,2,-1,3,0.8,1.6,0.2,0.6
1.5853e-01,-4,-6,1,-3,0.8,-0.8,0.2,-0.6
1.5860e-01,-2,2,-1,3,0.8,1.6,0.2,0.6
1.5868e-01,-4,-6,-1,-3,-7.15256e-08,-0.8,0.2,-0.6
1.5876e-01,-4,2,-1,1,0.8,1.6,0.2,0.6
1.5883e-01,-4,-6,-1,-3,-7.15256e-08,-7.15256e-08,0.2,-0.6
1.5891e-01,-4,2,-1,3,0.8,1.6,0.2,0.6
1.5899e-01,-4,-6,-1,-3,0.8,-7.15256e-08,0.2,-0.6
1.5906e-01,-2,2,-1,3,0.8,1.6,0.2,0.6
1.5914e-01,-2,-6,-1,-3,0.8,-7.15256e-08,0.2,-0.6
1.5922e-01,-2,2,-1,3,-7.15256e-08,1.6,0.2,0.6
1.5929e-01,-4,-6,-1,-3,0.8,-0.8,-0.2,-0.2
1.5937e-01,-2,2,-1,1,0.8,1.6,-0.2,0.6
1.5945e-01,-2,-6,-1,-3,0.8,-0.8,0.2,-0.6
1.5952e-01,-6,2,-1,3,-7.15256e-08,1.6,0.2,0.6
1.5960e-01,-4,-6,-1,-3,0.8,-0.8,0.2,-0.6
1.5968e-01,-2,-1.3411e-07,1,3,0.8,1.6,-0.2,0.6
1.5975e-01,-4,-6,-1,-3,0.8,-7.15256e-08,0.2,-0.6
1.5983e-01,-2,2,-1,3,0.8,1.6,-0.2,0.6
1.5991e-01,-4,-6,-1,-3,0.8,-7.15256e-08,-0.2,-0.6
1.5998e-01,-4,2,-1,3,0.8,1.6,0.2,0.6
1.6006e-01,-4,-6,-1,-3,-7.15256e-08,-0.8,0.2,-0.6
1.6014e-01,-2,2,-1,1,-7.15256e-08,1.6,0.2,0.6
1.6022e-01,-4,-6,-1,-3,0.8,-0.8,0.2,-0.6
1.6029e-01,-2,2,-1,3,0.8,1.6,0.2,0.6
1.6037e-01,-4,-6,-1,-3,0.8,-0.8,0.2,-0.6
1.6045e-01,-4,2,-1,3,0.8,1.6,0.2,0.6
1.6052e-01,-2,-6,-1,-3,0.8,-7.15256e-08,0.2,-0.6
1.6060e-01,-2,2,-1,3,0.8,1.6,0.2,0.6
1.6068e-01,-2,-6,-1,-3,0.8,-7.15256e-08,0.2,-0.6
1.6075e-01,-4,2,1,3,0.8,1.6,0.2,0.6
1.6083e-01,-2,-6,-1,-3,0.8,-7.15256e-08,0.2,-0.6
1.6091e-01,-2,2,-1,3,0.8,1.6,0.2,0.6
1.6098e-01,-1.3411e-07,-6,-1,-3,0.8,-7.15256e-08,0.2,-0.6
1.6106e-01,-2,2,-1,3,0.8,1.6,0.2,0.6
1.6114e-01,-2,-6,-1,-3,0.8,-7.15256e-08,0.2,-0.6
1.6121e-01,-2,2,-1,3,0.8,1.6,0.2,0.6
1.6129e-01,-2,-6,1,-3,0.8,-7.15256e-08,0.2,-0.6
1.6137e-01,-2,2,1,3,0.8,1.6,0.2,0.6
1.6144e-01,-2,-6,-1,-3,0.8,-7.15256e-08,-0.2,-0.6
1.6152e-01,-2,2,-1,3,0.8,1.6,0.2,0.6
1.6160e-01,-2,-6,1,-3,0.8,-7.15256e-08,-0.2,-0.6
1.6167e-01,-2,2,1,3,0.8,1.6,-0.2,0.6
1.6175e-01,-2,-6,-1,-3,0.8,-7.15256e-08,0.2,-0.6
1.6183e-01,-2,2,-1,3,0.8,1.6,0.2,0.6
1.6190e-01,-2,-6,-1,-3,0.8,-7.15256e-08,0.2,-0.6
1.6198e-01,-4,2,1,3,0.8,1.6,0.2,0.6
1.6206e-01,-2,-6,1,-3,-7.15256e-08,-7.15256e-08,0.2,-0.6
1.6214e-01,-2,2,-1,3,0.8,1.6,0.2,0.6
1.6221e-01,-2,-6,-1,-3,0.8,-0.8,-0.2,-0.6
1.6229e-01,-2,2,-1,3,0.8,1.6,0.2,0.6
1.6237e-01,-2,-6,-1,-3,0.8,-0.8,0.2,-0.6
1.6244e-01,-2,2,1,3,0.8,1.6,0.2,0.6
1.6252e-01,-4,-6,1,-3,0.8,-7.15256e-08,0.2,-0.6
1.6260e-01,-2,2,1,3,0.8,1.6,0.2,0.6
1.6267e-01,-2,-6,-1,-3,0.8,-0.8,0.2,-0.6
1.6275e-01,-2,2,-1,3,0.8,1.6,0.2,0.6
1.6283e-01,-2,-6,-1,-3,0.8,-7.15256e-08,0.2,-0.6
1.6290e-01,-2,2,-1,1,-7.15256e-08,1.6,-0.2,0.6
1.6298e-01,-2,-6,-1,-3,0.8,-0.8,0.2,-0.6
1.6306e-01,-4,2,-1,3,-7.15256e-08,1.6,-0.2,0.6
1.6313e-01,-2,-6,1,-3,0.8,-7.15256e-08,0.2,-0.6
1.6321e-01,-2,2,-1,3,0.8,1.6,0.2,0.6
1.6329e-01,-2,-6,1,-3,0.8,-0.8,0.2,-0.6
1.6336e-01,-2,2,1,1,0.8,1.6,0.2,0.6
1.6344e-01,-2,-6,1,-3,0.8,-0.8,0.2,-0.6
1.6352e-01,-4,2,-1,3,0.8,1.6,-0.2,0.6
1.6359e-01,-4,-6,1,-3,0.8,-0.8,0.2,-0.6
1.6367e-01,-4,2,-1,3,0.8,1.6,0.2,0.6
1.6375e-01,-2,-6,1,-3,0.8,-7.15256e-08,0.2,-0.6
1.6382e-01,-4,2,-1,3,0.8,1.6,0.2,0.6
1.6390e-01,-4,-6,-1,-3,0.8,-0.8,0.2,-0.6
1.6398e-01,-4,2,-1,3,0.8,1.6,0.2,0.6
1.6406e-01,-2,-6,1,-3,-7.15256e-08,-0.8,0.2,-0.6
1.6413e-01,-2,2,1,3,0.8,1.6,0.2,0.6
1.6421e-01,-4,-6,1,-3,0.8,-7.15256e-08,0.2,-0.6
1.6429e-01,-2,2,-1,3,0.8,1.6,0.2,0.6
1.6436e-01,-2,-6,-1,-3,0.8,-7.15256e-08,0.2,-0.6
1.6444e-01,-2,2,-1,3,0.8,1.6,0.2,0.6
1.6452e-01,-2,-6,-1,-3,-7.15256e-08,-7.15256e-08,0.2,-0.6
1.6459e-01,-2,2,1,1,0.8,1.6,0.2,0.6
1.6467e-01,-2,-6,-1,-3,-7.15256e-08,-7.15256e-08,0.2,-0.6
1.6475e-01,-2,2,-1,1,0.8,1.6,0.2,0.6
1.6482e-01,-4,-6,-1,-3,0.8,-0.8,0.2,-0.2
1.6490e-01,-2,2,-1,3,0.8,1.6,0.2,0.6
1.6498e-01,-2,-6,1,-3,0.8,-7.15256e-08,-0.2,-0.6
1.6505e-01,-2,2,1,3,0.8,1.6,0.2,0.6
1.6513e-01,-4,-6,1,-3,0.8,-7.15256e-08,0.2,-0.6
1.6521e-01,-2,2,-1,3,0.8,1.6,0.2,0.6
1.6528e-01,-4,-6,1,-3,0.8,-7.15256e-08,0.2,-0.6
1.6536e-01,-4,2,-1,3,-7.15256e-08,1.6,-0.2,0.6
1.6544e-01,-1.3411e-07,-6,-1,-3,0.8,-7.15256e-08,0.2,-0.6
1.6551e-01,-2,2,-1,3,0.8,1.6,0.2,0.6
1.6559e-01,-2,-6,1,-3,0.8,-7.15256e-08,-0.2,-0.6
1.6567e-01,-2,2,-1,1,0.8,1.6,0.2,0.6
1.6575e-01,-2,-6,-1,-3,0.8,-7.15256e-08,0.2,-0.6
1.6582e-01,-2,2,-1,3,0.8,1.6,-0.2,0.6
1.6590e-01,-4,-6,1,-3,0.8,-7.15256e-08,0.2,-0.6
1.6598e-01,-2,2,-1,3,-7.15256e-08,1.6,0.2,0.6
1.6605e-01,-2,-6,-1,-3,-7.15256e-08,-7.15256e-08,0.2,-0.6
1.6613e-01,-2,2,-1,1,0.8,1.6,0.2,0.6
1.6621e-01,-2,-6,-1,-3,0.8,-0.8,0.2,-0.6
1.6628e-01,-2,2,1,3,0.8,1.6,0.2,0.6
1.6636e-01,-4,-6,-1,-3,0.8,-7.15256e-08,0.2,-0.6
1.6644e-01,-4,2,1,3,0.8,1.6,0.2,0.6
1.6651e-01,-4,-6,1,-3,0.8,-7.15256e-08,0.2,-0.6
1.6659e-01,-2,2,-1,3,0.8,1.6,-0.2,0.6
1.6667e-01,-2,-6,1,-3,0.8,-7.15256e-08,0.2,-0.6
1.6674e-01,-4,2,-1,3,0.8,1.6,0.2,0.6
1.6682e-01,-2,-6,-1,-3,0.8,-7.15256e-08,0.2,-0.6
1.6690e-01,-2,2,-1,3,0.8,1.6,-0.2,0.6
1.6697e-01,-4,-6,-1,-3,0.8,-7.15256e-08,0.2,-0.6
1.6705e-01,-2,2,1,3,0.8,1.6,0.2,0.6
1.6713e-01,-4,-6,-1,-3,0.8,-0.8,0.2,-0.6
1.6720e-01,-2,2,-1,3,0.8,1.6,0.2,0.6
1.6728e-01,-2,-6,-1,-3,0.8,-7.15256e-08,0.2,-0.6
1.6736e-01,-4,2,-1,3,0.8,1.6,0.2,0.6
1.6743e-01,-2,-6,1,-3,0.8,-0.8,0.2,-0.6
1.6751e-01,-2,2,-1,3,0.8,1.6,-0.2,0.6
1.6759e-01,-2,-6,1,-3,0.8,-7.15256e-08,0.2,-0.2
1.6767e-01,-4,2,1,3,0.8,1.6,0.2,0.6
1.6774e-01,-2,-6,1,-3,0.8,-7.15256e-08,-0.2,-0.6
1.6782e-01,-2,2,-1,3,0.8,1.6,0.2,0.6
1.6790e-01,-4,-6,-1,-3,0.8,-0.8,0.2,-0.6
1.6797e-01,-4,2,-1,1,0.8,1.6,0.2,0.6
1.6805e-01,-2,-6,1,-3,0.8,-0.8,0.2,-0.6
1.6813e-01,-2,2,-1,3,0.8,1.6,0.2,0.6
1.6820e-01,-2,-6,-1,-3,-7.15256e-08,-7.15256e-08,0.2,-0.6
1.6828e-01,-2,2,1,3,0.8,1.6,0.2,0.6
1.6836e-01,-4,-6,1,-3,0.8,-7.15256e-08,0.2,-0.6
1.6843e-01,-2,2,1,1,0.8,1.6,-0.2,0.6
1.6851e-01,-1.3411e-07,-6,-1,-3,-7.15256e-08,-0.8,0.2,-0.6
1.6859e-01,-2,2,-1,1,0.8,1.6,0.2,0.6
1.6866e-01,-2,-6,-1,-3,0.8,-7.15256e-08,-0.2,-0.6
1.6874e-01,-2,2,-1,3,0.8,1.6,0.2,0.6
1.6882e-01,-4,-6,1,-3,0.8,-0.8,0.2,-0.6
1.6889e-01,-4,2,-1,3,0.8,1.6,0.2,0.6
1.6897e-01,-2,-6,1,-3,0.8,-7.15256e-08,0.6,-0.2
1.6905e-01,-4,2,1,1,0.8,1.6,0.2,0.6
1.6912e-01,-2,-6,1,-3,0.8,-7.15256e-08,0.2,-0.6
1.6920e-01,-2,2,-1,1,0.8,1.6,0.2,0.6
1.6928e-01,-2,-6,-1,-3,0.8,-7.15256e-08,0.2,-0.6
1.6935e-01,-1.3411e-07,2,1,3,0.8,1.6,0.2,0.6
1.6943e-01,-2,-6,-1,-3,0.8,-7.15256e-08,0.2,-0.6
1.6951e-01,-2,2,-1,3,0.8,1.6,0.2,0.6
1.6959e-01,-2,-6,-1,-3,-7.15256e-08,-7.15256e-08,-0.2,-0.6
1.6966e-01,-2,2,-1,3,0.8,1.6,0.2,0.6
1.6974e-01,-4,-6,1,-3,0.8,-7.15256e-08,0.2,-0.6
1.6982e-01,-2,2,-1,3,0.8,1.6,-0.2,0.6
1.6989e-01,-2,-6,-1,-3,0.8,-0.8,0.2,-0.6
1.6997e-01,-4,2,-1,3,0.8,1.6,-0.2,0.6
1.7005e-01,-4,-6,-1,-3,0.8,-7.15256e-08,0.2,-0.6
1.7012e-01,-2,2,-1,3,0.8,1.6,-0.2,0.6
1.7020e-01,-2,-6,-1,-3,0.8,-7.15256e-08,0.2,-0.6
1.7028e-01,-2,2,-1,3,0.8,1.6,0.2,0.6
1.7035e-01,-4,-6,-1,-3,-7.15256e-08,-0.8,0.2,-0.6
1.7043e-01,-2,2,-1,3,0.8,1.6,-0.2,0.6
1.7051e-01,-2,-6,-1,-3,0.8,-7.15256e-08,0.2,-0.6
1.7058e-01,-2,2,-1,3,0.8,1.6,0.2,0.6
1.7066e-01,-4,-6,-1,-3,0.8,-7.15256e-08,0.2,-0.6
1.7074e-01,-2,2,-1,3,0.8,1.6,0.2,0.6
1.7081e-01,-2,-6,1,-3,-7.15256e-08,-7.15256e-08,0.2,-0.6
1.7089e-01,-2,2,-1,3,0.8,1.6,0.2,0.6
1.7097e-01,-2,-6,-1,-3,-7.15256e-08,-0.8,0.2,-0.6
1.7104e-01,-4,2,-1,3,0.8,1.6,0.2,0.6
1.7112e-01,-4,-6,1,-3,0.8,-0.8,0.2,-0.6
1.7120e-01,-2,2,-1,3,0.8,1.6,0.2,0.6
1.7127e-01,-4,-6,1,-3,0.8,-7.15256e-08,0.2,-0.6
1.7135e-01,-4,2,-1,3,0.8,1.6,0.2,0.6
1.7143e-01,-4,-6,1,-3,0.8,-0.8,-0.2,-0.6
1.7151e-01,-4,2,-1,3,-7.15256e-08,1.6,0.2,0.6
1.7158e-01,-2,-6,1,-3,0.8,-7.15256e-08,0.2,-0.6
1.7166e-01,-4,2,-1,1,0.8,1.6,0.2,0.6
1.7174e-01,-2,-6,-1,-3,-7.15256e-08,-7.15256e-08,0.2,-0.6
1.7181e-01,-2,2,-1,3,0.8,1.6,0.2,0.6
1.7189e-01,-4,-6,-1,-3,0.8,-0.8,0.2,-0.6
1.7197e-01,-2,-1.3411e-07,1,1,-7.15256e-08,1.6,0.2,0.6
1.7204e-01,-4,-6,-1,-3,0.8,-7.15256e-08,0.2,-0.6
1.7212e-01,-2,2,-1,3,0.8,1.6,0.2,0.6
1.7220e-01,-2,-6,-1,-3,0.8,-0.8,-0.2,-0.6
1.7227e-01,-2,2,-1,1,0.8,1.6,0.2,0.6
1.7235e-01,-2,-6,1,-3,0.8,-7.15256e-08,-0.2,-0.6
1.7243e-01,-2,2,-1,3,0.8,1.6,0.2,0.6
1.7250e-01,-2,-6,-1,-3,0.8,-0.8,0.2,-0.6
1.7258e-01,-4,2,-1,3,0.8,1.6,0.2,0.6
1.7266e-01,-2,-6,1,-3,0.8,-7.15256e-08,0.2,-0.6
1.7273e-01,-4,2,-1,3,0.8,1.6,0.2,0.6
1.7281e-01,-2,-6,-1,-3,0.8,-7.15256e-08,0.2,-0.6
1.7289e-01,-2,2,-1,3,0.8,1.6,-0.2,0.6
1.7296e-01,-2,-6,-1,-3,0.8,-0.8,0.2,-0.6
1.7304e-01,-4,2,-1,3,0.8,1.6,0.2,0.6
1.7312e-01,-2,-6,-1,-3,0.8,-0.8,-0.2,-0.6
1.7320e-01,-4,2,-1,3,0.8,1.6,-0.2,0.6
1.7327e-01,-2,-6,1,-3,0.8,-7.15256e-08,0.2,-0.6
1.7335e-01,-4,2,-1,1,0.8,1.6,-0.2,0.6
1.7343e-01,-4,-6,-1,-3,0.8,-7.15256e-08,-0.2,-0.6
1.7350e-01,-4,2,-1,3,0.8,1.6,0.2,0.6
1.7358e-01,-4,-6,-1,-3,0.8,-7.15256e-08,-0.2,-0.2
1.7366e-01,-4,2,-1,3,0.8,1.6,0.2,0.6
1.7373e-01,-4,-6,-1,-3,0.8,-7.15256e-08,-0.2,-0.6
1.7381e-01,-2,2,-1,1,0.8,1.6,-0.2,0.6
1.7389e-01,-4,-6,-1,-3,0.8,-7.15256e-08,0.2,-0.6
1.7396e-01,-4,2,-1,3,0.8,1.6,-0.2,0.6
1.7404e-01,-2,-6,-1,-3,0.8,-7.15256e-08,-0.2,-0.6
1.7412e-01,-2,2,1,3,0.8,1.6,-0.2,0.6
1.7419e-01,-4,-6,-1,-3,0.8,-7.15256e-08,0.2,-0.6
1.7427e-01,-4,2,-1,3,0.8,1.6,0.2,0.6
1.7435e-01,-2,-6,1,-3,0.8,-7.15256e-08,0.2,-0.6
1.7442e-01,-2,2,-1,1,0.8,1.6,0.2,0.6
1.7450e-01,-2,-6,-1,-3,0.8,-0.8,0.2,-0.6
1.7458e-01,-2,2,-1,3,0.8,1.6,-0.2,0.6
1.7465e-01,-2,-6,-1,-3,1.6,-0.8,0.2,-0.6
1.7473e-01,-4,-1.3411e-07,1,3,0.8,1.6,-0.2,0.6
1.7481e-01,-4,-6,-1,-3,0.8,-7.15256e-08,-0.2,-0.6
1.7488e-01,-2,2,-1,3,0.8,1.6,-0.2,0.6
1.7496e-01,-4,-6,-1,-3,0.8,-0.8,0.2,-0.6
1.7504e-01,-2,2,-1,3,0.8,1.6,0.2,0.6
1.7512e-01,-2,-6,1,-3,0.8,-7.15256e-08,0.2,-0.6
1.7519e-01,-4,2,-1,3,0.8,1.6,0.2,0.6
1.7527e-01,-4,-8,-1,-3,0.8,-0.8,0.2,-0.6
1.7535e-01,-1.3411e-07,2,1,1,0.8,1.6,-0.2,0.6
1.7542e-01,-2,-6,1,-3,0.8,-7.15256e-08,0.2,-0.6
1.7550e-01,-2,2,1,1,0.8,1.6,0.2,0.6
1.7558e-01,-4,-6,-1,-3,0.8,-7.15256e-08,-0.2,-0.6
1.7565e-01,-4,2,-1,1,0.8,1.6,0.2,0.6
1.7573e-01,-2,-6,-1,-3,0.8,-7.15256e-08,0.2,-0.6
1.7581e-01,-4,2,-1,1,0.8,1.6,0.2,0.6
1.7588e-01,-4,-6,-1,-3,0.8,-0.8,0.2,-0.6
1.7596e-01,-4,2,1,3,0.8,1.6,0.2,0.6
1.7604e-01,-4,-6,-1,-3,0.8,-7.15256e-08,0.2,-0.6
1.7611e-01,-2,2,-1,1,0.8,1.6,0.2,0.6
1.7619e-01,-4,-6,1,-3,0.8,-7.15256e-08,0.2,-0.6
1.7627e-01,-4,2,1,3,0.8,1.6,0.2,0.6
1.7634e-01,-2,-6,-1,-3,0.8,-7.15256e-08,0.2,-0.6
1.7642e-01,-2,2,1,3,0.8,1.6,0.2,0.6
1.7650e-01,-2,-6,-1,-3,-7.15256e-08,-0.8,0.2,-0.6
1.7657e-01,-2,2,-1,3,0.8,1.6,0.2,0.6
1.7665e-01,-4,-6,-1,-3,-7.15256e-08,-7.15256e-08,-0.2,-0.6
1.7673e-01,-2,2,-1,1,0.8,1.6,0.2,0.6
1.7680e-01,-2,-6,-1,-3,0.8,-0.8,0.2,-0.6
1.7688e-01,-2,2,1,3,0.8,1.6,0.2,0.6
1.7696e-01,-2,-6,-1,-3,0.8,-0.8,-0.2,-0.6
1.7704e-01,-2,2,-1,3,0.8,1.6,0.2,0.6
1.7711e-01,-4,-6,-1,-3,0.8,-0.8,0.2,-0.6
1.7719e-01,-2,2,1,3,-7.15256e-08,1.6,0.2,0.6
1.7727e-01,-4,-6,1,-3,0.8,-7.15256e-08,-0.2,-0.6
1.7734e-01,-2,2,1,3,0.8,1.6,0.2,0.6
1.7742e-01,-2,-6,1,-3,0.8,-7.15256e-08,0.2,-0.6
1.7750e-01,-2,2,-1,1,0.8,1.6,0.2,0.6
1.7757e-01,-2,-6,1,-3,0.8,-7.15256e-08,0.2,-0.6
1.7765e-01,-2,2,-1,3,0.8,1.6,0.2,0.6
1.7773e-01,-4,-6,-1,-3,0.8,-7.15256e-08,0.2,-0.6
1.7780e-01,-2,2,-1,1,0.8,1.6,0.2,0.6
1.7788e-01,-4,-6,-1,-3,0.8,-7.15256e-08,0.2,-0.6
1.7796e-01,-2,2,-1,3,0.8,1.6,0.2,0.6
1.7803e-01,-4,-6,-1,-3,0.8,-0.8,0.2,-0.6
1.7811e-01,-4,2,-1,1,0.8,1.6,0.2,0.6
1.7819e-01,-4,-6,1,-3,0.8,-7.15256e-08,0.2,-0.2
1.7826e-01,-2,2,-1,3,0.8,1.6,-0.2,0.6
1.7834e-01,-2,-6,1,-3,0.8,-7.15256e-08,0.2,-0.6
1.7842e-01,-2,-1.3411e-07,-1,3,0.8,1.6,0.2,0.6
1.7849e-01,-2,-6,-1,-3,0.8,-7.15256e-08,0.2,-0.6
1.7857e-01,-2,2,-1,1,0.8,1.6,0.2,0.6
1.7865e-01,-2,-6,1,-3,-7.15256e-08,-0.8,0.2,-0.6
1.7873e-01,-4,2,-1,1,0.8,1.6,0.2,0.6
1.7880e-01,-2,-6,-1,-3,0.8,-7.15256e-08,0.2,-0.6
1.7888e-01,-4,2,-1,1,0.8,1.6,0.2,0.6
1.7896e-01,-2,-6,-1,-3,0.8,-0.8,0.2,-0.6
1.7903e-01,-4,2,-1,3,0.8,1.6,0.2,0.6
1.7911e-01,-2,-6,-1,-3,0.8,-0.8,0.2,-0.6
1.7919e-01,-2,2,-1,3,0.8,1.6,0.2,0.6
1.7926e-01,-2,-6,1,-3,0.8,-7.15256e-08,0.2,-0.6
1.7934e-01,-4,2,1,3,0.8,1.6,0.2,0.6
1.7942e-01,-2,-6,1,-3,0.8,-7.15256e-08,0.2,-0.6
1.7949e-01,-2,2,-1,3,0.8,1.6,0.2,0.6
1.7957e-01,-4,-6,-1,-3,0.8,-7.15256e-08,0.2,-0.6
1.7965e-01,-2,2,-1,3,0.8,1.6,-0.2,0.6
1.7972e-01,-2,-6,1,-3,0.8,-7.15256e-08,0.2,-0.6
1.7980e-01,-4,2,-1,3,0.8,1.6,-0.2,0.6
1.7988e-01,-1.3411e-07,-6,-1,-3,0.8,-7.15256e-08,0.2,-0.6
1.7995e-01,-2,2,-1,3,0.8,1.6,0.2,0.6
1.8003e-01,-2,-6,-1,-3,0.8,-7.15256e-08,0.2,-0.6
1.8011e-01,-2,2,-1,1,0.8,1.6,0.2,0.6
1.8018e-01,-4,-8,-1,-3,0.8,-7.15256e-08,0.2,-0.6
1.8026e-01,-4,2,-1,1,-7.15256e-08,1.6,0.2,0.6
1.8034e-01,-2,-6,-1,-3,0.8,-0.8,0.2,-0.6
1.8041e-01,-4,2,-1,3,0.8,1.6,0.2,0.6
1.8049e-01,-2,-6,-1,-3,0.8,-0.8,0.2,-0.6
1.8057e-01,-2,2,1,1,0.8,1.6,0.2,0.6
1.8065e-01,-4,-6,-1,-3,0.8,-7.15256e-08,-0.2,-0.6
1.8072e-01,-2,2,-1,3,0.8,1.6,0.2,0.6
1.8080e-01,-2,-6,-1,-3,0.8,-7.15256e-08,0.2,-0.6
1.8088e-01,-4,2,1,1,0.8,1.6,0.2,0.6
1.8095e-01,-4,-6,1,-3,0.8,-0.8,0.2,-0.6
1.8103e-01,-2,2,-1,3,0.8,1.6,-0.2,0.6
1.8111e-01,-4,-6,-1,-3,0.8,-7.15256e-08,0.2,-0.6
1.8118e-01,-1.3411e-07,2,-1,3,0.8,1.6,0.2,0.6
1.8126e-01,-2,-6,-1,-3,0.8,-7.15256e-08,0.2,-0.6
1.8134e-01,-4,2,-1,3,0.8,1.6,0.2,0.6
1.8141e-01,-4,-6,-1,-3,0.8,-0.8,-0.2,-0.6
1.8149e-01,-2,2,-1,1,0.8,1.6,0.2,0.6
1.8157e-01,-2,-6,1,-3,0.8,-7.15256e-08,-0.2,-0.6
1.8164e-01,-2,2,-1,3,1.6,1.6,0.2,0.6
1.8172e-01,-2,-6,-1,-3,0.8,-7.15256e-08,0.2,-0.6
1.8180e-01,-4,2,1,1,0.8,1.6,0.2,0.6
1.8187e-01,-1.3411e-07,-6,-1,-3,0.8,-0.8,0.2,-0.6
1.8195e-01,-4,2,-1,3,0.8,1.6,0.2,0.6
1.8203e-01,-2,-6,-1,-3,0.8,-0.8,0.2,-0.6
1.8210e-01,-2,2,-1,1,0.8,1.6,0.2,0.6
1.8218e-01,-2,-6,-1,-3,0.8,-0.8,0.2,-0.6
1.8226e-01,-2,2,1,3,0.8,1.6,0.2,0.6
1.8233e-01,-4,-6,-1,-3,0.8,-7.15256e-08,-0.2,-0.6
1.8241e-01,-2,2,-1,1,0.8,1.6,0.2,0.6
1.8249e-01,-2,-6,-1,-3,0.8,-7.15256e-08,-0.2,-0.6
1.8257e-01,-2,2,-1,1,0.8,1.6,0.2,0.6
1.8264e-01,-2,-6,-1,-3,1.6,-0.8,0.2,-0.6
1.8272e-01,-2,2,1,1,0.8,1.6,-0.2,0.6
1.8280e-01,-2,-6,1,-3,0.8,-0.8,0.2,-0.6
1.8287e-01,-4,2,-1,3,0.8,1.6,0.2,0.6
1.8295e-01,-2,-6,1,-3,0.8,-7.15256e-08,-0.2,-0.6
1.8303e-01,-2,2,-1,1,0.8,1.6,-0.2,0.6
1.8310e-01,-2,-6,-1,-3,0.8,-7.15256e-08,0.2,-0.6
1.8318e-01,-2,2,-1,1,0.8,1.6,0.2,0.6
1.8326e-01,-2,-6,-1,-3,0.8,-7.15256e-08,-0.2,-0.6
1.8333e-01,-1.3411e-07,2,-1,3,0.8,1.6,0.2,0.6
1.8341e-01,-2,-6,-1,-3,0.8,-7.15256e-08,0.2,-0.6
1.8349e-01,-2,2,-1,1,0.8,1.6,0.2,0.6
1.8356e-01,-2,-6,-1,-3,0.8,-0.8,0.2,-0.6
1.8364e-01,-2,2,-1,3,0.8,1.6,0.2,0.6
1.8372e-01,-2,-6,1,-3,0.8,-0.8,0.2,-0.6
1.8379e-01,-2,2,1,3,0.8,1.6,0.2,0.6
1.8387e-01,-4,-6,-1,-3,0.8,-0.8,0.2,-0.6
1.8395e-01,-2,2,-1,3,0.8,1.6,0.2,0.6
1.8402e-01,-4,-6,1,-3,0.8,-7.15256e-08,0.2,-0.6
1.8410e-01,-2,2,1,3,0.8,1.6,0.2,0.6
1.8418e-01,-4,-6,-1,-3,0.8,-0.8,0.2,-0.6
1.8425e-01,-2,2,1,3,-7.15256e-08,1.6,0.2,0.6
1.8433e-01,-2,-6,1,-3,0.8,-7.15256e-08,-0.2,-0.6
1.8441e-01,-2,2,1,3,0.8,1.6,-0.2,0.6
1.8449e-01,-2,-6,1,-3,0.8,-7.15256e-08,0.2,-0.6
1.8456e-01,-4,2,-1,3,0.8,1.6,-0.2,0.6
1.8464e-01,-2,-6,-1,-3,0.8,-0.8,0.2,-0.6
1.8472e-01,-2,2,-1,3,0.8,1.6,0.2,0.6
1.8479e-01,-4,-6,-1,-3,0.8,-0.8,-0.2,-0.2
1.8487e-01,-4,2,-1,1,0.8,1.6,0.2,0.6
1.8495e-01,-2,-6,1,-3,0.8,-0.8,0.2,-0.6
1.8502e-01,-2,2,-1,3,0.8,1.6,0.2,0.6
1.8510e-01,-4,-6,1,-3,0.8,-7.15256e-08,-0.2,-0.6
1.8518e-01,-2,2,1,3,0.8,1.6,0.2,0.6
1.8525e-01,-2,-6,1,-3,0.8,-7.15256e-08,0.2,-0.6
1.8533e-01,-2,2,1,3,0.8,1.6,0.2,0.6
1.8541e-01,-1.3411e-07,-6,-1,-3,0.8,-7.15256e-08,-0.2,-0.6
1.8548e-01,-2,2,-1,3,-7.15256e-08,1.6,0.2,0.6
1.8556e-01,-2,-6,-1,-3,0.8,-7.15256e-08,-0.2,-0.6
1.8564e-01,-4,2,-1,3,0.8,1.6,0.2,0.6
1.8571e-01,-4,-6,-1,-3,0.8,-7.15256e-08,0.2,-0.6
1.8579e-01,-2,2,-1,3,0.8,1.6,0.2,0.6
1.8587e-01,-2,-6,-1,-3,0.8,-7.15256e-08,0.2,-0.6
1.8594e-01,-2,2,-1,3,0.8,1.6,-0.2,0.6
1.8602e-01,-4,-6,-1,-3,0.8,-7.15256e-08,0.2,-0.6
1.8610e-01,-4,2,1,3,0.8,1.6,-0.2,0.6
1.8618e-01,-4,-6,-1,-3,0.8,-7.15256e-08,0.2,-0.6
1.8625e-01,-1.3411e-07,2,1,3,0.8,1.6,0.2,0.6
1.8633e-01,-2,-6,-1,-3,0.8,-7.15256e-08,0.2,-0.6
1.8641e-01,-2,2,-1,3,0.8,1.6,0.2,0.6
1.8648e-01,-2,-6,-1,-3,0.8,-0.8,-0.2,-0.6
1.8656e-01,-2,2,-1,3,0.8,1.6,0.2,0.6
1.8664e-01,-2,-6,1,-3,0.8,-7.15256e-08,0.2,-0.6
1.8671e-01,-4,2,-1,3,0.8,1.6,-0.2,0.6
1.8679e-01,-4,-6,-1,-3,0.8,-7.15256e-08,0.2,-0.6
1.8687e-01,-2,2,-1,3,0.8,1.6,0.2,0.6
1.8694e-01,-2,-6,1,-3,0.8,-7.15256e-08,-0.2,-0.6
1.8702e-01,-2,2,-1,3,0.8,1.6,0.2,0.6
1.8710e-01,-2,-8,-1,-3,0.8,-7.15256e-08,0.2,-0.6
1.8717e-01,-6,2,-1,1,0.8,1.6,0.2,0.6
1.8725e-01,-4,-6,-1,-3,0.8,-7.15256e-08,0.2,-0.6
1.8733e-01,-4,2,-1,1,0.8,1.6,0.2,0.6
1.8740e-01,-2,-6,1,-3,0.8,-0.8,0.2,-0.6
1.8748e-01,-2,2,-1,3,0.8,1.6,0.2,0.6
1.8756e-01,-4,-6,1,-3,0.8,-0.8,0.2,-0.6
1.8763e-01,-2,2,1,3,0.8,1.6,0.2,0.6
1.8771e-01,-2,-6,-1,-3,0.8,-7.15256e-08,0.2,-0.6
1.8779e-01,-4,2,1,3,1.6,1.6,0.2,0.6
1.8786e-01,-2,-6,1,-3,0.8,-7.15256e-08,0.2,-0.6
1.8794e-01,-4,2,1,3,0.8,1.6,0.2,0.6
1.8802e-01,-2,-6,-1,-3,0.8,-0.8,-0.2,-0.6
1.8810e-01,-4,2,1,3,0.8,1.6,0.2,0.6
1.8817e-01,-2,-6,-1,-3,0.8,-0.8,0.2,-0.6
1.8825e-01,-2,2,1,3,0.8,1.6,0.2,0.6
1.8833e-01,-2,-6,-1,-3,0.8,-7.15256e-08,0.2,-0.6
1.8840e-01,-6,2,-1,3,0.8,1.6,0.2,0.6
1.8848e-01,-2,-6,-1,-3,0.8,-0.8,0.2,-0.2
1.8856e-01,-4,2,-1,1,0.8,1.6,-0.2,0.6
1.8863e-01,-2,-6,-1,-3,0.8,-7.15256e-08,0.2,-0.6
1.8871e-01,-2,2,-1,3,0.8,1.6,0.2,0.6
1.8879e-01,-4,-6,-1,-3,0.8,-0.8,0.2,-0.6
1.8886e-01,-2,2,1,3,-7.15256e-08,1.6,0.2,0.6
1.8894e-01,-2,-6,-1,-3,0.8,-7.15256e-08,0.2,-0.6
1.8902e-01,-2,2,1,3,0.8,1.6,0.2,0.6
1.8909e-01,-4,-6,1,-3,0.8,-7.15256e-08,0.2,-0.6
1.8917e-01,-2,2,-1,3,0.8,1.6,0.2,0.6
1.8925e-01,-2,-6,-1,-3,0.8,-7.15256e-08,0.2,-0.6
1.8932e-01,-2,2,-1,1,0.8,1.6,0.2,0.6
1.8940e-01,-2,-6,-1,-3,0.8,-7.15256e-08,0.2,-0.6
1.8948e-01,-2,2,1,1,0.8,1.6,-0.2,0.6
1.8955e-01,-4,-8,-1,-3,0.8,-7.15256e-08,0.2,-0.6
1.8963e-01,-2,2,-1,3,-7.15256e-08,1.6,0.2,0.6
1.8971e-01,-4,-6,-1,-3,0.8,-7.15256e-08,0.2,-0.6
1.8978e-01,-4,2,-1,3,0.8,1.6,-0.2,0.6
1.8986e-01,-2,-6,-1,-3,0.8,-0.8,0.2,-0.6
1.8994e-01,-2,2,-1,3,0.8,1.6,-0.2,0.6
1.9002e-01,-2,-6,1,-3,0.8,-7.15256e-08,0.2,-0.6
1.9009e-01,-2,2,1,3,0.8,1.6,0.2,0.6
1.9017e-01,-4,-6,1,-3,0.8,-7.15256e-08,0.2,-0.6
1.9025e-01,-4,2,1,3,0.8,1.6,0.2,0.6
1.9032e-01,-4,-6,1,-3,0.8,-7.15256e-08,0.2,-0.6
1.9040e-01,-2,2,-1,3,0.8,1.6,0.2,0.6
1.9048e-01,-2,-6,-1,-3,0.8,-0.8,0.2,-0.6
1.9055e-01,-2,2,-1,3,0.8,1.6,0.2,0.6
1.9063e-01,-1.3411e-07,-6,1,-3,0.8,-7.15256e-08,0.2,-0.6
1.9071e-01,-2,2,-1,3,0.8,1.6,0.2,0.6
1.9078e-01,-2,-6,-1,-3,0.8,-7.15256e-08,0.2,-0.6
1.9086e-01,-2,2,1,3,0.8,1.6,0.2,0.6
1.9094e-01,-4,-6,-1,-3,0.8,-0.8,0.2,-0.6
1.9101e-01,-4,2,-1,3,0.8,1.6,0.2,0.6
1.9109e-01,-2,-6,-1,-3,-7.15256e-08,-0.8,0.2,-0.6
1.9117e-01,-2,2,-1,1,0.8,1.6,0.2,0.6
1.9124e-01,-2,-6,1,-3,0.8,-7.15256e-08,0.2,-0.6
1.9132e-01,-2,2,-1,3,0.8,1.6,0.2,0.6
1.9140e-01,-2,-6,1,-3,0.8,-7.15256e-08,-0.2,-0.6
1.9147e-01,-4,2,-1,3,0.8,1.6,0.2,0.6
1.9155e-01,-2,-6,-1,-3,-7.15256e-08,-7.15256e-08,-0.2,-0.6
1.9163e-01,-2,2,-1,3,0.8,1.6,0.2,0.6
1.9171e-01,-4,-6,1,-3,0.8,-7.15256e-08,-0.2,-0.6
1.9178e-01,-2,2,1,3,0.8,1.6,0.2,0.6
1.9186e-01,-2,-6,-1,-3,0.8,-0.8,0.2,-0.6
1.9194e-01,-2,2,-1,3,0.8,1.6,0.2,0.6
1.9201e-01,-2,-6,-1,-3,0.8,-0.8,0.2,-0.6
1.9209e-01,-2,2,-1,3,0.8,1.6,0.2,0.6
1.9217e-01,-4,-8,-1,-3,0.8,-7.15256e-08,0.2,-0.2
1.9224e-01,-4,2,-1,3,0.8,1.6,0.2,0.6
1.9232e-01,-4,-6,1,-3,0.8,-7.15256e-08,0.2,-0.6
1.9240e-01,-4,2,1,1,0.8,1.6,0.2,0.6
1.9247e-01,-4,-6,1,-3,0.8,-0.8,0.2,-0.6
1.9255e-01,-4,2,-1,3,0.8,1.6,0.2,0.6
1.9263e-01,-2,-6,-1,-3,0.8,-0.8,0.2,-0.2
1.9270e-01,-2,2,-1,3,0.8,1.6,0.2,0.6
1.9278e-01,-4,-6,-1,-3,0.8,-0.8,0.2,-0.6
1.9286e-01,-4,2,-1,3,0.8,1.6,-0.2,0.6
1.9293e-01,-2,-6,1,-3,0.8,-0.8,0.2,-0.6
1.9301e-01,-2,2,1,3,-7.15256e-08,1.6,-0.2,0.6
1.9309e-01,-2,-6,-1,-3,0.8,-0.8,0.2,-0.6
1.9316e-01,-2,2,-1,3,0.8,1.6,0.2,0.6
1.9324e-01,-2,-6,-1,-3,0.8,-7.15256e-08,0.2,-0.6
1.9332e-01,-6,2,-1,3,0.8,1.6,0.2,0.6
1.9339e-01,-4,-6,1,-3,0.8,-7.15256e-08,0.2,-0.6
1.9347e-01,-4,2,1,3,0.8,1.6,0.2,0.6
1.9355e-01,-4,-6,-1,-3,0.8,-7.15256e-08,-0.2,-0.6
1.9363e-01,-2,2,-1,3,0.8,1.6,0.2,0.6
1.9370e-01,-4,-6,-1,-3,0.8,-7.15256e-08,0.2,-0.6
1.9378e-01,-4,2,-1,3,0.8,1.6,0.2,0.6
1.9386e-01,-2,-8,1,-3,0.8,-7.15256e-08,0.2,-0.6
1.9393e-01,-2,2,-1,3,0.8,1.6,0.2,0.6
1.9401e-01,-2,-6,-1,-3,0.8,-7.15256e-08,-0.2,-0.6
1.9409e-01,-2,2,-1,3,0.8,1.6,0.2,0.6
1.9416e-01,-4,-6,1,-3,-7.15256e-08,-7.15256e-08,0.2,-0.6
1.9424e-01,-2,2,1,3,0.8,1.6,0.2,0.6
1.9432e-01,-1.3411e-07,-6,-1,-3,0.8,-0.8,0.2,-0.6
1.9439e-01,-2,2,1,3,-7.15256e-08,1.6,0.2,0.6
1.9447e-01,-4,-6,-1,-3,0.8,-7.15256e-08,0.2,-0.6
1.9455e-01,-4,2,-1,3,0.8,1.6,0.2,0.6
1.9462e-01,-1.3411e-07,-6,-1,-3,0.8,-7.15256e-08,0.2,-0.6
1.9470e-01,-2,2,1,3,0.8,1.6,0.2,0.6
1.9478e-01,-2,-6,-1,-3,0.8,-0.8,0.2,-0.6
1.9485e-01,-1.3411e-07,2,-1,3,0.8,1.6,-0.2,0.6
1.9493e-01,-2,-6,-1,-3,0.8,-7.15256e-08,0.2,-0.6
1.9501e-01,-2,2,-1,3,0.8,1.6,0.2,0.6
1.9508e-01,-4,-6,-1,-3,0.8,-0.8,0.2,-0.2
1.9516e-01,-2,2,-1,3,0.8,1.6,0.2,0.6
1.9524e-01,-2,-6,1,-3,0.8,-7.15256e-08,0.2,-0.6
1.9531e-01,-4,2,-1,3,0.8,1.6,0.2,0.6
1.9539e-01,-2,-6,-1,-3,0.8,-7.15256e-08,0.2,-0.6
1.9547e-01,-4,2,-1,3,0.8,1.6,0.2,0.6
1.9555e-01,-4,-6,-1,-3,1.6,-7.15256e-08,-0.2,-0.6
1.9562e-01,-2,-1.3411e-07,1,3,0.8,1.6,-0.2,0.6
1.9570e-01,-2,-6,-1,-3,0.8,-0.8,0.2,-0.6
1.9578e-01,-2,2,-1,3,0.8,1.6,-0.2,0.6
1.9585e-01,-2,-6,-1,-3,0.8,-0.8,0.2,-0.6
1.9593e-01,-4,2,-1,3,0.8,1.6,0.2,0.6
1.9601e-01,-4,-6,-1,-3,0.8,-7.15256e-08,0.2,-0.6
1.9608e-01,-2,2,-1,1,0.8,1.6,0.2,0.6
1.9616e-01,-2,-6,-1,-3,0.8,-0.8,-0.2,-0.6
1.9624e-01,-2,2,-1,3,0.8,1.6,0.2,0.6
1.9631e-01,-4,-6,-1,-3,0.8,-7.15256e-08,0.2,-0.6
1.9639e-01,-4,2,-1,3,0.8,1.6,0.2,0.6
1.9647e-01,-4,-6,-1,-3,0.8,-7.15256e-08,0.2,-0.6
1.9654e-01,-4,2,-1,1,0.8,1.6,0.2,0.6
1.9662e-01,-4,-6,1,-3,0.8,-7.15256e-08,0.2,-0.6
1.9670e-01,-2,2,1,1,0.8,1.6,0.2,0.6
1.9677e-01,-2,-6,-1,-3,0.8,-0.8,-0.2,-0.6
1.9685e-01,-4,2,-1,3,0.8,1.6,0.2,0.6
1.9693e-01,-2,-6,1,-3,0.8,-0.8,-0.2,-0.6
1.9700e-01,-2,2,1,3,0.8,1.6,0.2,0.6
1.9708e-01,-2,-6,-1,-3,0.8,-0.8,0.2,-0.6
1.9716e-01,-4,2,1,3,0.8,1.6,0.2,0.6
1.9724e-01,-2,-6,-1,-3,1.6,-7.15256e-08,0.2,-0.6
1.9731e-01,-2,2,-1,3,0.8,1.6,0.2,0.6
1.9739e-01,-4,-6,-1,-3,0.8,-7.15256e-08,0.2,-0.6
1.9747e-01,-2,2,1,3,0.8,1.6,0.2,0.6
1.9754e-01,-4,-6,1,-3,0.8,-0.8,0.2,-0.6
1.9762e-01,-4,2,1,3,0.8,1.6,0.2,0.6
1.9770e-01,-2,-6,-1,-3,0.8,-7.15256e-08,0.2,-0.6
1.9777e-01,-2,2,-1,3,0.8,1.6,-0.2,0.6
1.9785e-01,-4,-6,-1,-3,0.8,-7.15256e-08,-0.2,-0.6
1.9793e-01,-4,2,-1,1,0.8,1.6,0.2,0.6
1.9800e-01,-2,-6,-1,-3,0.8,-0.8,0.2,-0.6
1.9808e-01,-2,2,-1,3,0.8,1.6,0.2,0.6
1.9816e-01,-4,-6,-1,-3,0.8,-7.15256e-08,-0.2,-0.6
1.9823e-01,-2,2,-1,1,0.8,1.6,0.2,0.6
1.9831e-01,-2,-6,1,-3,0.8,-7.15256e-08,0.2,-0.6
1.9839e-01,-4,2,-1,3,0.8,1.6,0.2,0.6
1.9846e-01,-2,-6,1,-3,0.8,-7.15256e-08,0.2,-0.6
1.9854e-01,-2,2,-1,3,0.8,1.6,0.2,0.6
1.9862e-01,-2,-6,1,-3,0.8,-7.15256e-08,-0.2,-0.6
1.9869e-01,-2,2,-1,3,0.8,1.6,0.2,0.6
1.9877e-01,-4,-6,-1,-3,0.8,-0.8,0.2,-0.6
1.9885e-01,-2,2,1,3,-7.15256e-08,1.6,0.2,0.6
1.9892e-01,-4,-6,-1,-3,-7.15256e-08,-7.15256e-08,0.2,-0.6
1.9900e-01,-2,2,-1,3,0.8,1.6,0.2,0.6
1.9908e-01,-2,-6,-1,-3,0.8,-7.15256e-08,0.2,-0.6
1.9916e-01,-4,2,-1,1,0.8,1.6,0.2,0.6
1.9923e-01,-2,-6,-1,-3,0.8,-0.8,0.2,-0.6
1.9931e-01,-2,2,-1,3,0.8,1.6,0.2,0.6
1.9939e-01,-4,-6,1,-3,0.8,-7.15256e-08,0.2,-0.6
1.9946e-01,-2,2,1,3,0.8,1.6,-0.2,0.6
1.9954e-01,-2,-6,-1,-3,0.8,-7.15256e-08,0.2,-0.6
1.9962e-01,-2,2,1,3,0.8,1.6,0.2,0.6
1.9969e-01,-2,-6,-1,-3,0.8,-7.15256e-08,0.2,-0.6
1.9977e-01,-2,2,-1,1,0.8,1.6,0.2,0.6
1.9985e-01,-4,-6,1,-3,0.8,-7.15256e-08,-0.2,-0.6
1.9992e-01,-2,2,-1,3,0.8,1.6,0.2,0.6

