Model,DPO2014B
Firmware Version,1.52

Point Format,Y,,,,,,,
Horizontal Units,S,,,,,,,
Horizontal Scale,0.1,,,,,,,
Sample Interval,0.000192012,,,,,,,
Filter Frequency,1e+08,,,,,,,
Record Length,5207,,,,,,,
Gating,0.0% to 100.0%,,0.0% to 100.0%,,0.0% to 100.0%,,0.0% to 100.0%,
Probe Attenuation,100,,50,,10,,10,
Vertical Units,V,,V,,A,,A,
Vertical Offset,0,,0,,0,,0,
Vertical Scale,50,,50,,20,,10,
Label,,,,,,,,
TIME,CH1,CH1 Peak Detect,CH2,CH2 Peak Detect,CH3,CH3 Peak Detect,CH4,CH4 Peak Detect
-2.040e-01,-4,-6,3,1,-7.15256e-08,-0.8,-1,-1.8
-2.038e-01,-2,2,9,15,-7.15256e-08,0.8,-0.6,-0.2
-2.036e-01,-2,-6,13,9,-7.15256e-08,-0.8,-0.6,-1.4
-2.034e-01,-4,2,17,25,0.8,1.6,-0.6,0.2
-2.032e-01,-2,-6,23,21,0.8,-7.15256e-08,-0.2,-1
-2.030e-01,-2,2,27,35,0.8,1.6,-0.2,0.6
-2.028e-01,-2,-6,33,31,0.8,-7.15256e-08,0.2,-0.6
-2.027e-01,-4,2,39,45,1.6,2.4,0.2,1
-2.025e-01,-2,-6,43,41,1.6,-7.15256e-08,0.6,-0.2
-2.023e-01,-4,2,47,55,1.6,2.4,0.6,1.4
-2.021e-01,-2,-6,53,51,1.6,0.8,0.6,0.6
-2.019e-01,-2,2,57,63,1.6,3.2,1.4,1.8
-2.017e-01,-2,-6,61,59,2.4,0.8,1.4,1
-2.015e-01,-2,2,65,71,2.4,3.2,1.8,2.2
-2.013e-01,-2,-6,69,67,2.4,1.6,1.8,1.4
-2.011e-01,-2,2,73,77,2.4,4,1.8,2.6
-2.009e-01,-2,-6,75,73,3.2,1.6,2.2,1.4
-2.007e-01,-4,2,77,81,3.2,4,2.2,2.6
-2.005e-01,-2,-6,79,77,3.2,1.6,2.2,1.8
-2.004e-01,-2,2,81,87,3.2,4.8,2.6,3
-2.002e-01,-4,-6,83,81,4,2.4,2.6,2.2
-2.000e-01,-2,2,85,89,3.2,4.8,2.6,3.4
-1.998e-01,-2,-6,87,85,4,2.4,2.6,2.6
-1.996e-01,-1.3411e-07,2,89,91,3.2,4.8,3,3.8
-1.994e-01,-2,-6,91,87,3.2,2.4,3,2.6
-1.992e-01,-2,2,89,91,4,4.8,3.4,3.8
-1.990e-01,-2,-6,89,83,3.2,2.4,3,2.6
-1.988e-01,-4,2,87,91,4,4.8,3,3.8
-1.986e-01,-4,-6,87,81,4,2.4,3.4,3
-1.984e-01,-2,2,85,89,4,4.8,3,3.8
-1.982e-01,-2,-6,83,77,4,2.4,3,3
-1.980e-01,-2,2,81,85,4,4.8,3.4,3.8
-1.979e-01,-2,-6,79,73,4,2.4,3.4,3
-1.977e-01,-2,2,77,81,4,4.8,3.4,3.8
-1.975e-01,-2,-6,75,67,4,2.4,3.4,2.6
-1.973e-01,-2,2,73,77,4,4.8,3.4,3.8
-1.971e-01,-4,-6,69,61,4,2.4,3.4,2.6
-1.969e-01,-2,2,67,71,4,4.8,3.4,3.8
-1.967e-01,-4,-6,63,53,3.2,2.4,3,2.6
-1.965e-01,-4,2,59,65,4,4.8,3,3.8
-1.963e-01,-4,-6,55,45,3.2,2.4,3,2.6
-1.961e-01,-2,2,51,57,3.2,4,3,3.4
-1.959e-01,-4,-6,45,33,3.2,1.6,3,2.2
-1.957e-01,-4,2,41,49,3.2,4,2.6,3.4
-1.956e-01,-2,-6,35,23,3.2,1.6,2.6,1.8
-1.954e-01,-2,2,29,37,2.4,4,2.6,3
-1.952e-01,-2,-6,25,11,2.4,0.8,2.2,1.4
-1.950e-01,-4,2,19,27,2.4,3.2,2.2,2.6
-1.948e-01,-4,-6,13,1,2.4,0.8,1.8,1
-1.946e-01,-2,2,7,15,2.4,3.2,1.8,2.2
-1.944e-01,-2,-6,3,-9,2.4,0.8,1.8,1
-1.942e-01,-2,2,-1,5,1.6,3.2,1.4,2.2
-1.940e-01,-2,-6,-7,-17,1.6,-7.15256e-08,1.4,0.6
-1.938e-01,-2,2,-9,-5,1.6,2.4,1,1.8
-1.936e-01,-2,-6,-15,-27,1.6,-7.15256e-08,1.4,0.2
-1.934e-01,-2,2,-21,-13,1.6,2.4,0.6,1.4
-1.932e-01,-4,-6,-25,-37,0.8,-0.8,0.6,-0.2
-1.931e-01,-2,2,-29,-23,-7.15256e-08,1.6,0.6,1
-1.929e-01,-2,-6,-37,-49,0.8,-0.8,0.2,-0.6
-1.927e-01,-2,2,-41,-33,-7.15256e-08,1.6,-0.2,0.6
-1.925e-01,-2,-6,-47,-57,0.8,-1.6,-0.2,-1
-1.923e-01,-4,2,-51,-43,-7.15256e-08,0.8,-0.2,0.2
-1.921e-01,-1.3411e-07,-6,-55,-67,-7.15256e-08,-1.6,-0.6,-1.4
-1.919e-01,-2,2,-59,-53,-0.8,0.8,-1,-0.2
-1.917e-01,-2,-6,-65,-75,-0.8,-2.4,-1,-1.8
-1.915e-01,-4,2,-69,-63,-0.8,-7.15256e-08,-1.4,-0.6
-1.913e-01,-4,-6,-73,-81,-0.8,-2.4,-1.4,-2.2
-1.911e-01,-4,2,-73,-71,-1.6,-7.15256e-08,-1.8,-1
-1.909e-01,-4,-6,-77,-85,-1.6,-2.4,-1.8,-2.6
-1.908e-01,-2,2,-81,-75,-0.8,-7.15256e-08,-2.2,-1.4
-1.906e-01,-4,-6,-83,-89,-1.6,-3.2,-2.2,-3
-1.904e-01,-2,2,-85,-81,-1.6,-0.8,-2.2,-1.8
-1.902e-01,-2,-6,-87,-93,-1.6,-3.2,-2.6,-3
-1.900e-01,-2,2,-89,-85,-1.6,-0.8,-2.6,-1.8
-1.898e-01,-2,-8,-91,-95,-1.6,-3.2,-2.6,-3.4
-1.896e-01,-4,2,-91,-89,-1.6,-0.8,-2.6,-2.2
-1.894e-01,-2,-6,-93,-95,-1.6,-3.2,-3,-3.4
-1.892e-01,-2,2,-93,-89,-2.4,-0.8,-3,-2.6
-1.890e-01,-4,-6,-93,-93,-2.4,-3.2,-3,-3.8
-1.888e-01,-2,2,-91,-87,-1.6,-0.8,-3,-2.6
-1.886e-01,-4,-6,-89,-91,-2.4,-3.2,-3,-3.8
-1.884e-01,-4,2,-87,-85,-1.6,-1.6,-3,-2.6
-1.883e-01,-2,-6,-87,-89,-1.6,-3.2,-3,-3.8
-1.881e-01,-2,2,-85,-81,-2.4,-1.6,-3,-2.6
-1.879e-01,-4,-6,-83,-85,-2.4,-3.2,-3,-3.8
-1.877e-01,-4,2,-79,-75,-2.4,-0.8,-3.4,-2.6
-1.875e-01,-4,-6,-77,-79,-2.4,-3.2,-3,-3.8
-1.873e-01,-4,2,-75,-71,-2.4,-1.6,-3.4,-2.6
-1.871e-01,-4,-6,-75,-75,-2.4,-3.2,-3.4,-3.8
-1.869e-01,-4,2,-71,-65,-1.6,-0.8,-3,-2.6
-1.867e-01,-4,-6,-67,-69,-2.4,-3.2,-3,-3.4
-1.865e-01,-2,2,-63,-57,-2.4,-0.8,-3,-2.6
-1.863e-01,-2,-6,-61,-61,-2.4,-3.2,-3,-3.4
-1.861e-01,-2,2,-55,-49,-1.6,-0.8,-2.6,-2.2
-1.860e-01,-4,-6,-51,-53,-0.8,-2.4,-2.6,-3.4
-1.858e-01,-2,2,-45,-37,-0.8,-7.15256e-08,-2.6,-1.8
-1.856e-01,-2,-6,-39,-41,-1.6,-2.4,-2.6,-3
-1.854e-01,-1.3411e-07,2,-33,-25,-0.8,-7.15256e-08,-2.2,-1.4
-1.852e-01,-4,-6,-27,-29,-0.8,-2.4,-1.8,-2.6
-1.850e-01,-4,2,-23,-15,-0.8,-7.15256e-08,-1.8,-1.4
-1.848e-01,-4,-6,-17,-19,-0.8,-2.4,-1.4,-2.2
-1.846e-01,-2,2,-13,-5,-0.8,0.8,-1.4,-1
-1.844e-01,-4,-6,-7,-9,-0.8,-1.6,-1.4,-1.8
-1.842e-01,-2,2,-3,5,-0.8,0.8,-1.4,-0.6
-1.840e-01,-4,-6,3,1,-0.8,-1.6,-1,-1.8
-1.838e-01,-4,2,7,13,0.8,0.8,-0.6,-0.2
-1.836e-01,-2,-6,11,9,-7.15256e-08,-0.8,-1,-1.4
-1.835e-01,-2,2,15,23,-7.15256e-08,1.6,-0.6,0.2
-1.833e-01,-4,-6,23,19,-7.15256e-08,-0.8,-0.2,-1
-1.831e-01,-2,2,27,33,0.8,1.6,-0.2,0.6
-1.829e-01,-6,-8,31,29,1.6,-7.15256e-08,0.2,-0.6
-1.827e-01,-4,2,37,43,0.8,2.4,0.2,1
-1.825e-01,-4,-6,41,39,0.8,-7.15256e-08,0.2,0.2
-1.823e-01,-4,2,47,53,1.6,2.4,0.6,1.4
-1.821e-01,-2,-6,51,49,2.4,0.8,1.4,0.6
-1.819e-01,-2,2,55,61,1.6,3.2,1,1.8
-1.817e-01,-2,-6,61,57,2.4,0.8,1.4,1
-1.815e-01,-2,2,65,69,2.4,3.2,1.4,2.2
-1.813e-01,-2,-6,67,65,2.4,1.6,1.8,1.4
-1.812e-01,-2,2,71,77,2.4,4,1.8,2.6
-1.810e-01,-2,-6,75,71,3.2,1.6,2.2,1.4
-1.808e-01,-2,2,77,81,3.2,4,2.6,2.6
-1.806e-01,-4,-6,81,77,3.2,1.6,2.2,1.8
-1.804e-01,-2,2,81,85,3.2,4,2.6,3
-1.802e-01,-4,-6,83,81,3.2,2.4,2.2,2.2
-1.800e-01,-4,2,85,89,3.2,4.8,2.6,3.4
-1.798e-01,-4,-6,87,85,4,2.4,2.6,2.2
-1.796e-01,-2,2,89,91,3.2,4.8,3,3.4
-1.794e-01,-4,-6,89,85,3.2,2.4,3,2.6
-1.792e-01,-2,2,89,91,4,4.8,3,3.8
-1.790e-01,-2,-6,87,83,4,2.4,3.4,2.6
-1.788e-01,-2,2,87,91,4,4.8,3,3.8
-1.787e-01,-2,-6,87,81,4,2.4,3.4,2.6
-1.785e-01,-4,2,85,89,4,4.8,3.4,3.8
-1.783e-01,-2,-6,83,77,4,2.4,3.4,3
-1.781e-01,-2,2,83,85,4,4.8,3.4,3.8
-1.779e-01,-2,-6,79,73,4,2.4,3.4,3
-1.777e-01,-2,2,77,81,3.2,4.8,3.4,3.8
-1.775e-01,-2,-6,75,69,3.2,2.4,3.4,3
-1.773e-01,-4,2,71,77,3.2,4.8,3.4,3.8
-1.771e-01,-2,-6,69,61,4,2.4,3.4,3
-1.769e-01,-2,2,67,73,4,4.8,3.4,3.8
-1.767e-01,-2,-6,63,55,3.2,2.4,3,2.6
-1.765e-01,-4,2,59,67,4,4.8,3,3.8
-1.764e-01,-2,-6,55,45,4,2.4,3,2.6
-1.762e-01,-2,2,53,59,3.2,4,3,3.4
-1.760e-01,-2,-6,47,35,3.2,1.6,3,2.2
-1.758e-01,-2,2,43,49,3.2,4,2.6,3.4
-1.756e-01,-2,-8,37,23,3.2,1.6,2.6,1.8
-1.754e-01,-2,2,31,39,2.4,4,2.6,3
-1.752e-01,-2,-6,25,13,3.2,0.8,2.2,1.4
-1.750e-01,-2,2,21,27,2.4,4,2.2,2.6
-1.748e-01,-2,-6,13,3,2.4,0.8,2.2,1
-1.746e-01,-4,2,9,17,2.4,3.2,1.8,2.2
-1.744e-01,-4,-6,3,-7,2.4,0.8,1.4,1
-1.742e-01,-4,2,-1,7,1.6,3.2,1.4,2.2
-1.740e-01,-4,-6,-5,-15,1.6,-7.15256e-08,1.4,0.6
-1.739e-01,-4,2,-9,-3,1.6,2.4,1,1.8
-1.737e-01,-2,-6,-13,-25,1.6,-7.15256e-08,1,0.2
-1.735e-01,-2,2,-19,-11,0.8,2.4,1,1.4
-1.733e-01,-4,-6,-23,-37,1.6,-0.8,0.6,-0.2
-1.731e-01,-2,2,-29,-21,0.8,1.6,0.6,1
-1.729e-01,-2,-6,-35,-47,0.8,-0.8,0.2,-0.6
-1.727e-01,-4,2,-41,-33,-7.15256e-08,1.6,0.2,0.6
-1.725e-01,-4,-6,-43,-57,0.8,-1.6,-0.2,-1
-1.723e-01,-2,2,-49,-43,-7.15256e-08,0.8,-0.6,0.2
-1.721e-01,-2,-6,-55,-65,-7.15256e-08,-1.6,-0.6,-1.4
-1.719e-01,-2,2,-59,-51,-7.15256e-08,0.8,-1,-0.2
-1.717e-01,-2,-6,-63,-73,-0.8,-2.4,-1,-1.8
-1.715e-01,-2,2,-69,-61,-0.8,-7.15256e-08,-1.4,-0.6
-1.714e-01,-4,-6,-71,-79,-0.8,-2.4,-1.4,-2.2
-1.712e-01,-4,2,-75,-69,-0.8,-7.15256e-08,-1.8,-1
-1.710e-01,-2,-6,-77,-85,-0.8,-2.4,-1.8,-2.6
-1.708e-01,-2,2,-79,-75,-1.6,-7.15256e-08,-1.8,-1.4
-1.706e-01,-2,-6,-83,-89,-1.6,-2.4,-1.8,-3
-1.704e-01,-4,2,-85,-81,-1.6,-0.8,-2.2,-1.8
-1.702e-01,-4,-6,-87,-93,-1.6,-3.2,-2.2,-3
-1.700e-01,-2,2,-89,-85,-2.4,-0.8,-2.6,-1.8
-1.698e-01,-4,-6,-91,-95,-2.4,-3.2,-2.6,-3.4
-1.696e-01,-2,2,-93,-89,-1.6,-0.8,-3,-2.2
-1.694e-01,-4,-6,-93,-95,-1.6,-3.2,-3,-3.4
-1.692e-01,-2,2,-93,-89,-1.6,-0.8,-3,-2.6
-1.691e-01,-6,-6,-91,-93,-2.4,-3.2,-3,-3.8
-1.689e-01,-4,2,-91,-87,-2.4,-0.8,-3,-2.6
-1.687e-01,-2,-6,-89,-91,-2.4,-3.2,-3,-3.8
-1.685e-01,-4,2,-89,-85,-2.4,-1.6,-3,-2.6
-1.683e-01,-4,-6,-87,-89,-2.4,-3.2,-3.4,-3.8
-1.681e-01,-2,2,-85,-81,-2.4,-0.8,-3,-2.6
-1.679e-01,-4,-6,-83,-85,-2.4,-3.2,-3,-3.8
-1.677e-01,-2,2,-79,-77,-1.6,-0.8,-3,-2.6
-1.675e-01,-4,-6,-79,-81,-1.6,-3.2,-3,-3.8
-1.673e-01,-4,2,-77,-73,-2.4,-0.8,-3.4,-2.6
-1.671e-01,-2,-6,-75,-77,-2.4,-3.2,-3,-3.8
-1.669e-01,-4,2,-71,-67,-1.6,-0.8,-3,-2.6
-1.667e-01,-2,-6,-67,-71,-1.6,-3.2,-3,-3.8
-1.666e-01,-2,2,-65,-59,-1.6,-0.8,-3,-2.6
-1.664e-01,-2,-6,-61,-63,-1.6,-3.2,-3,-3.4
-1.662e-01,-4,2,-57,-49,-1.6,-0.8,-3,-2.2
-1.660e-01,-2,-6,-51,-53,-1.6,-2.4,-2.6,-3.4
-1.658e-01,-2,2,-45,-39,-1.6,-0.8,-2.6,-2.2
-1.656e-01,-2,-6,-41,-43,-0.8,-2.4,-2.6,-3
-1.654e-01,-2,2,-33,-27,-1.6,-7.15256e-08,-2.2,-1.8
-1.652e-01,-4,-6,-29,-31,-0.8,-2.4,-2.2,-2.6
-1.650e-01,-2,2,-23,-15,-0.8,-7.15256e-08,-2.2,-1.4
-1.648e-01,-2,-6,-19,-21,-0.8,-1.6,-1.8,-2.2
-1.646e-01,-2,2,-13,-5,-7.15256e-08,0.8,-1.4,-1
-1.644e-01,-4,-6,-7,-9,-7.15256e-08,-1.6,-1.4,-1.8
-1.643e-01,-2,2,-3,3,-7.15256e-08,0.8,-1.4,-0.6
-1.641e-01,-2,-8,3,-1,-7.15256e-08,-1.6,-1,-1.8
-1.639e-01,-4,2,5,11,-0.8,0.8,-0.6,-0.2
-1.637e-01,-2,-6,11,7,-7.15256e-08,-0.8,-1,-1.4
-1.635e-01,-2,2,15,21,0.8,1.6,-0.6,-0.2
-1.633e-01,-2,-6,19,17,-7.15256e-08,-0.8,-0.2,-1
-1.631e-01,-4,2,25,33,0.8,1.6,-0.2,0.2
-1.629e-01,-4,-6,31,29,0.8,-7.15256e-08,0.2,-0.6
-1.627e-01,-4,2,35,43,0.8,2.4,0.2,1
-1.625e-01,-2,-6,41,39,1.6,-7.15256e-08,0.6,-0.2
-1.623e-01,-4,2,45,51,1.6,2.4,0.6,1.4
-1.621e-01,-2,-6,49,47,1.6,0.8,1,0.2
-1.619e-01,-2,2,55,61,1.6,3.2,1,1.8
-1.618e-01,-2,-6,59,57,2.4,0.8,1.4,0.6
-1.616e-01,-2,2,63,69,2.4,3.2,1.4,2.2
-1.614e-01,-4,-6,67,65,2.4,1.6,1.8,1.4
-1.612e-01,-2,2,71,75,2.4,4,1.8,2.2
-1.610e-01,-4,-6,73,71,2.4,1.6,1.8,1.4
-1.608e-01,-2,2,77,81,2.4,4,2.2,2.6
-1.606e-01,-2,-6,79,77,3.2,1.6,2.2,1.8
-1.604e-01,-4,2,81,85,3.2,4,2.6,3
-1.602e-01,-2,-6,83,81,3.2,2.4,2.6,2.2
-1.600e-01,-4,2,85,89,4,4,2.6,3.4
-1.598e-01,-2,-6,85,85,3.2,2.4,3,2.2
-1.596e-01,-2,2,87,91,4,4.8,3,3.4
-1.595e-01,-2,-6,89,85,4,2.4,3,2.6
-1.593e-01,-2,2,89,91,4,4.8,3.4,3.8
-1.591e-01,-2,-6,87,85,4,2.4,3,2.6
-1.589e-01,-4,2,87,91,4,4.8,3.4,3.8
-1.587e-01,-2,-6,85,81,3.2,2.4,3.4,3
-1.585e-01,-2,2,85,89,4,4.8,3.4,3.8
-1.583e-01,-4,-6,83,77,4,2.4,3.4,3
-1.581e-01,-4,2,83,85,4,4.8,3.4,3.8
-1.579e-01,-2,-6,81,73,3.2,2.4,3.4,3
-1.577e-01,-2,2,77,83,4,4.8,3.4,3.8
-1.575e-01,-4,-6,75,69,4,2.4,3.4,2.6
-1.573e-01,-4,2,73,77,3.2,4.8,3.4,3.8
-1.571e-01,-4,-6,71,63,4,2.4,3.4,2.6
-1.570e-01,-2,2,69,73,3.2,4.8,3.4,3.8
-1.568e-01,-2,-6,65,55,4,2.4,3,2.6
-1.566e-01,-2,2,61,67,4,4.8,3.4,3.8
-1.564e-01,-4,-6,57,47,3.2,2.4,3,2.6
-1.562e-01,-2,2,53,59,3.2,4,3,3.4
-1.560e-01,-4,-6,49,35,3.2,1.6,3,2.2
-1.558e-01,-1.3411e-07,2,43,51,3.2,4,2.6,3.4
-1.556e-01,-2,-6,37,25,3.2,1.6,2.6,1.8
-1.554e-01,-2,2,33,39,3.2,4,2.6,3
-1.552e-01,-4,-8,27,13,2.4,1.6,2.2,1.4
-1.550e-01,-4,2,19,29,2.4,4,2.2,3
-1.548e-01,-2,-6,15,3,2.4,0.8,1.8,1.4
-1.547e-01,-4,2,11,19,2.4,3.2,1.8,2.6
-1.545e-01,-4,-6,5,-7,2.4,0.8,1.8,1
-1.543e-01,-2,2,-1,7,1.6,3.2,1.4,2.2
-1.541e-01,-2,-6,-5,-15,1.6,-7.15256e-08,1.4,0.6
-1.539e-01,-4,2,-9,-3,1.6,3.2,1.4,1.8
-1.537e-01,-2,-6,-13,-25,0.8,-7.15256e-08,1.4,0.2
-1.535e-01,-2,2,-17,-11,1.6,2.4,1,1.4
-1.533e-01,-2,-6,-23,-35,0.8,-0.8,0.6,-0.2
-1.531e-01,-2,2,-29,-21,0.8,1.6,0.6,1
-1.529e-01,-2,-6,-33,-45,0.8,-0.8,0.2,-0.6
-1.527e-01,-4,2,-39,-31,-7.15256e-08,1.6,0.2,0.6
-1.525e-01,-2,-6,-43,-55,-7.15256e-08,-0.8,-0.2,-1
-1.523e-01,-4,2,-49,-41,-7.15256e-08,1.6,-0.2,0.2
-1.522e-01,-2,-6,-53,-63,-0.8,-1.6,-0.6,-1.4
-1.520e-01,-4,2,-59,-51,-0.8,0.8,-1,-0.2
-1.518e-01,-4,-6,-63,-73,-0.8,-1.6,-1,-1.8
-1.516e-01,-2,2,-67,-59,-0.8,0.8,-1,-0.6
-1.514e-01,-2,-6,-71,-79,-0.8,-2.4,-1.4,-2.2
-1.512e-01,-4,2,-73,-69,-1.6,-7.15256e-08,-1.8,-1
-1.510e-01,-4,-6,-75,-85,-0.8,-2.4,-1.8,-2.6
-1.508e-01,-4,2,-79,-75,-1.6,-7.15256e-08,-1.4,-1.4
-1.506e-01,-4,-6,-83,-89,-1.6,-3.2,-2.2,-2.6
-1.504e-01,-2,2,-85,-79,-1.6,-0.8,-2.2,-1.4
-1.502e-01,-2,-6,-85,-93,-1.6,-3.2,-2.6,-3
-1.500e-01,-4,2,-89,-83,-1.6,-0.8,-2.6,-1.8
-1.499e-01,-4,-6,-89,-95,-1.6,-3.2,-2.6,-3.4
-1.497e-01,-2,2,-91,-87,-2.4,-0.8,-3,-2.2
-1.495e-01,-4,-6,-93,-95,-1.6,-3.2,-3,-3.4
-1.493e-01,-2,2,-93,-89,-2.4,-0.8,-3,-2.6
-1.491e-01,-2,-6,-91,-95,-2.4,-3.2,-2.6,-3.4
-1.489e-01,-2,2,-91,-87,-1.6,-0.8,-3,-2.6
-1.487e-01,-2,-6,-91,-93,-2.4,-3.2,-3,-3.8
-1.485e-01,-4,2,-89,-85,-2.4,-0.8,-3.4,-2.6
-1.483e-01,-4,-6,-87,-89,-1.6,-3.2,-3.4,-3.8
-1.481e-01,-2,2,-85,-81,-2.4,-1.6,-3.4,-2.6
-1.479e-01,-2,-6,-83,-85,-2.4,-3.2,-3.4,-3.8
-1.477e-01,-2,2,-83,-77,-2.4,-1.6,-3.4,-2.6
-1.475e-01,-4,-6,-79,-81,-1.6,-3.2,-3,-3.8
-1.474e-01,-4,2,-77,-73,-2.4,-1.6,-3,-2.6
-1.472e-01,-2,-6,-75,-77,-2.4,-3.2,-3,-3.8
-1.470e-01,-4,2,-71,-67,-1.6,-0.8,-3.4,-2.6
-1.468e-01,-4,-6,-69,-71,-2.4,-3.2,-3,-3.8
-1.466e-01,-2,2,-65,-59,-2.4,-0.8,-3,-2.6
-1.464e-01,-2,-6,-61,-63,-1.6,-3.2,-3,-3.4
-1.462e-01,-2,2,-57,-51,-1.6,-0.8,-2.6,-2.2
-1.460e-01,-2,-6,-53,-55,-0.8,-2.4,-3,-3.4
-1.458e-01,-2,2,-47,-39,-1.6,-0.8,-2.6,-2.2
-1.456e-01,-2,-6,-41,-43,-1.6,-2.4,-2.6,-3
-1.454e-01,-4,2,-35,-27,-0.8,-7.15256e-08,-2.2,-1.8
-1.452e-01,-2,-6,-31,-33,-1.6,-2.4,-2.2,-2.6
-1.451e-01,-2,2,-25,-17,-0.8,-7.15256e-08,-1.8,-1.4
-1.449e-01,-2,-6,-19,-21,-0.8,-1.6,-1.8,-2.6
-1.447e-01,-2,2,-13,-7,-0.8,-7.15256e-08,-1.8,-1
-1.445e-01,-2,-6,-9,-11,-0.8,-1.6,-1.4,-2.2
-1.443e-01,-4,2,-5,3,-7.15256e-08,0.8,-1.4,-0.6
-1.441e-01,-4,-6,-1,-1,-7.15256e-08,-1.6,-1,-1.8
-1.439e-01,-2,2,5,11,-7.15256e-08,0.8,-1,-0.2
-1.437e-01,-4,-6,9,7,-7.15256e-08,-0.8,-0.6,-1.4
-1.435e-01,-2,2,13,21,0.8,1.6,-0.6,-0.2
-1.433e-01,-2,-6,19,17,0.8,-0.8,-0.2,-1
-1.431e-01,-2,2,25,31,0.8,1.6,-0.2,0.2
-1.429e-01,-2,-6,29,27,0.8,-7.15256e-08,-0.2,-0.6
-1.427e-01,-2,2,35,41,0.8,2.4,0.2,0.6
-1.426e-01,-4,-6,41,37,0.8,-7.15256e-08,0.2,-0.2
-1.424e-01,-2,2,45,51,1.6,2.4,0.6,1.4
-1.422e-01,-4,-6,49,47,1.6,0.8,0.6,0.2
-1.420e-01,-4,2,53,59,1.6,3.2,1.4,1.8
-1.418e-01,-2,-6,57,55,2.4,0.8,1,0.6
-1.416e-01,-2,2,63,69,2.4,3.2,1.4,2.2
-1.414e-01,-4,-6,67,65,2.4,1.6,1.8,1
-1.412e-01,-2,2,71,75,2.4,4,1.8,2.2
-1.410e-01,-4,-6,75,71,2.4,1.6,1.8,1.4
-1.408e-01,-4,2,75,79,2.4,4,1.8,2.6
-1.406e-01,-2,-6,77,77,3.2,1.6,2.2,1.8
-1.404e-01,-2,2,81,85,3.2,4,2.2,3
-1.403e-01,-4,-6,83,81,3.2,2.4,2.6,2.2
-1.401e-01,-4,2,83,89,3.2,4.8,2.6,3.4
-1.399e-01,-2,-6,87,85,3.2,2.4,2.6,2.2
-1.397e-01,-4,2,87,91,3.2,4.8,3,3.4
-1.395e-01,-2,-6,87,87,4,2.4,3,2.6
-1.393e-01,-4,2,89,91,4,4.8,3,3.8
-1.391e-01,-2,-6,89,85,4,2.4,3,2.6
-1.389e-01,-2,2,89,91,4,4.8,3.4,3.8
-1.387e-01,-2,-6,87,81,4,2.4,3.4,2.6
-1.385e-01,-2,2,85,89,4,4.8,3.4,3.8
-1.383e-01,-2,-6,85,79,3.2,2.4,3.4,3
-1.381e-01,-4,2,83,87,3.2,4.8,3.4,3.8
-1.379e-01,-2,-6,81,73,4,2.4,3.4,3
-1.378e-01,-2,2,79,83,4,4.8,3.4,3.8
-1.376e-01,-4,-6,77,69,4,2.4,3,3
-1.374e-01,-4,2,73,77,4,4.8,3.4,3.8
-1.372e-01,-2,-6,71,63,4,2.4,3.4,2.6
-1.370e-01,-4,2,69,73,4,4.8,3.4,3.8
-1.368e-01,-2,-8,65,57,3.2,2.4,3.4,2.6
-1.366e-01,-2,2,61,69,3.2,4.8,3.4,3.8
-1.364e-01,-4,-6,57,47,4,2.4,3,2.6
-1.362e-01,-2,2,55,61,3.2,4.8,3,3.8
-1.360e-01,-2,-6,49,37,3.2,1.6,3,2.2
-1.358e-01,-2,2,45,51,4,4,3,3.4
-1.356e-01,-2,-6,39,25,3.2,1.6,2.6,1.8
-1.355e-01,-4,2,33,41,2.4,4,2.6,3.4
-1.353e-01,-4,-6,27,15,3.2,1.6,2.6,1.4
-1.351e-01,-4,2,21,29,2.4,4,2.2,3
-1.349e-01,-4,-6,17,5,2.4,0.8,2.2,1.4
-1.347e-01,-4,2,11,19,2.4,3.2,2.2,2.6
-1.345e-01,-2,-6,7,-5,2.4,0.8,1.8,1
-1.343e-01,-2,2,1,9,1.6,3.2,1.8,2.2
-1.341e-01,-2,-6,-3,-13,1.6,-7.15256e-08,1.8,0.6
-1.339e-01,-2,2,-7,-1,1.6,2.4,1.4,1.8
-1.337e-01,-2,-6,-11,-23,1.6,-7.15256e-08,1,0.2
-1.335e-01,-2,2,-17,-9,1.6,2.4,1,1.4
-1.333e-01,-2,-8,-21,-35,0.8,-0.8,1,-0.2
-1.331e-01,-2,2,-27,-19,1.6,2.4,0.6,1.4
-1.330e-01,-2,-6,-31,-45,0.8,-0.8,0.2,-0.6
-1.328e-01,-2,2,-39,-31,0.8,1.6,0.2,0.6
-1.326e-01,-4,-6,-43,-55,0.8,-0.8,-0.2,-1
-1.324e-01,-2,2,-49,-41,-7.15256e-08,0.8,-0.2,0.2
-1.322e-01,-4,-6,-53,-63,-7.15256e-08,-1.6,-0.6,-1.4
-1.320e-01,-2,2,-57,-49,-7.15256e-08,0.8,-0.6,-0.2
-1.318e-01,-2,-6,-61,-71,-7.15256e-08,-1.6,-1,-1.8
-1.316e-01,-2,2,-67,-59,-0.8,-7.15256e-08,-1,-0.6
-1.314e-01,-2,-6,-71,-79,-7.15256e-08,-2.4,-1.4,-2.2
-1.312e-01,-2,2,-73,-67,-0.8,-7.15256e-08,-1.4,-1
-1.310e-01,-4,-6,-75,-83,-0.8,-2.4,-1.8,-2.6
-1.308e-01,-2,2,-79,-73,-1.6,-7.15256e-08,-1.8,-1
-1.307e-01,-2,-6,-81,-87,-0.8,-2.4,-1.8,-3
-1.305e-01,-4,2,-83,-79,-0.8,-0.8,-2.2,-1.4
-1.303e-01,-2,-6,-87,-91,-1.6,-3.2,-2.6,-3
-1.301e-01,-2,2,-87,-83,-2.4,-0.8,-2.6,-1.8
-1.299e-01,-4,-6,-89,-95,-1.6,-3.2,-2.6,-3.4
-1.297e-01,-2,2,-91,-87,-2.4,-0.8,-2.6,-2.2
-1.295e-01,-2,-6,-93,-95,-2.4,-3.2,-2.6,-3.4
-1.293e-01,-2,2,-93,-89,-2.4,-0.8,-3,-2.6
-1.291e-01,-4,-6,-93,-95,-2.4,-3.2,-3,-3.8
-1.289e-01,-2,2,-91,-89,-2.4,-0.8,-3,-2.6
-1.287e-01,-2,-6,-91,-93,-2.4,-3.2,-3,-3.8
-1.285e-01,-2,2,-89,-85,-2.4,-0.8,-3,-2.6
-1.283e-01,-4,-6,-89,-89,-2.4,-3.2,-3,-3.8
-1.282e-01,-2,2,-85,-81,-2.4,-1.6,-3.4,-2.6
-1.280e-01,-4,-6,-85,-87,-2.4,-3.2,-3,-3.8
-1.278e-01,-2,2,-83,-77,-2.4,-0.8,-3.4,-2.6
-1.276e-01,-4,-6,-81,-81,-2.4,-3.2,-3.4,-3.8
-1.274e-01,-2,2,-75,-73,-1.6,-0.8,-3,-2.6
-1.272e-01,-4,-6,-75,-77,-2.4,-3.2,-3,-3.8
-1.270e-01,-2,2,-73,-67,-2.4,-0.8,-3,-2.6
-1.268e-01,-2,-6,-69,-71,-1.6,-3.2,-3.4,-3.8
-1.266e-01,-4,2,-65,-61,-2.4,-0.8,-3.4,-2.6
-1.264e-01,-2,-6,-61,-65,-1.6,-3.2,-3,-3.4
-1.262e-01,-2,2,-57,-51,-1.6,-0.8,-3,-2.2
-1.260e-01,-2,-6,-53,-55,-1.6,-3.2,-2.6,-3.4
-1.259e-01,-4,2,-49,-41,-1.6,-0.8,-2.6,-2.2
-1.257e-01,-2,-8,-43,-45,-1.6,-2.4,-2.6,-3
-1.255e-01,-2,2,-37,-29,-1.6,-7.15256e-08,-2.2,-1.8
-1.253e-01,-2,-6,-31,-33,-1.6,-2.4,-2.2,-2.6
-1.251e-01,-4,2,-25,-19,-0.8,-7.15256e-08,-2.2,-1.4
-1.249e-01,-4,-6,-21,-23,-0.8,-1.6,-1.8,-2.6
-1.247e-01,-2,2,-15,-7,-0.8,0.8,-1.8,-1
-1.245e-01,-4,-8,-9,-13,-7.15256e-08,-1.6,-1.8,-2.2
-1.243e-01,-2,2,-5,1,-7.15256e-08,0.8,-1,-0.6
-1.241e-01,-4,-6,-1,-1,-7.15256e-08,-1.6,-1.4,-1.8
-1.239e-01,-2,2,5,11,-7.15256e-08,0.8,-1,-0.2
-1.237e-01,-2,-6,9,7,-7.15256e-08,-0.8,-0.6,-1.4
-1.235e-01,-4,2,13,19,-7.15256e-08,1.6,-0.6,-0.2
-1.234e-01,-2,-6,19,15,-7.15256e-08,-0.8,-0.6,-1
-1.232e-01,-2,2,23,31,0.8,1.6,-0.2,0.2
-1.230e-01,-2,-8,29,27,0.8,-7.15256e-08,-0.2,-0.6
-1.228e-01,-2,2,33,41,0.8,2.4,0.2,0.6
-1.226e-01,-2,-6,39,37,0.8,-7.15256e-08,0.2,-0.2
-1.224e-01,-2,2,43,49,1.6,2.4,0.6,1
-1.222e-01,-4,-6,49,45,1.6,0.8,0.6,0.2
-1.220e-01,-2,2,53,59,1.6,3.2,1,1.8
-1.218e-01,-2,-6,57,55,2.4,0.8,1,0.6
-1.216e-01,-4,2,61,67,2.4,3.2,1.4,1.8
-1.214e-01,-2,-6,65,63,2.4,1.6,1.4,1
-1.212e-01,-2,2,69,75,2.4,4,1.8,2.2
-1.211e-01,-2,-6,71,71,2.4,1.6,2.2,1.4
-1.209e-01,-2,2,75,79,3.2,4,2.2,2.6
-1.207e-01,-4,-6,77,75,3.2,1.6,2.2,1.8
-1.205e-01,-2,2,81,83,2.4,4,2.2,3
-1.203e-01,-2,-6,83,79,4,2.4,2.2,2.2
-1.201e-01,-2,2,83,87,4,4.8,2.6,3
-1.199e-01,-4,-6,85,83,3.2,2.4,2.6,2.2
-1.197e-01,-2,2,89,91,3.2,4.8,3,3.4
-1.195e-01,-2,-6,89,87,4,2.4,3,2.6
-1.193e-01,-4,2,89,91,3.2,4.8,3,3.8
-1.191e-01,-4,-6,89,85,4,2.4,3,2.6
-1.189e-01,-2,2,89,91,3.2,4.8,3.4,3.8
-1.187e-01,-2,-6,87,81,4,2.4,3,2.6
-1.186e-01,-4,2,85,89,4,4.8,3.4,3.8
-1.184e-01,-2,-6,83,79,4,2.4,3,3
-1.182e-01,-2,2,83,87,4,4.8,3.4,3.8
-1.180e-01,-2,-6,81,73,3.2,2.4,3.4,3
-1.178e-01,-4,2,79,83,4,4.8,3,3.8
-1.176e-01,-2,-6,75,69,3.2,2.4,3.4,3
-1.174e-01,-1.3411e-07,2,75,79,4,4.8,3.4,3.8
-1.172e-01,-2,-6,71,65,3.2,2.4,3,3
-1.170e-01,-4,2,69,73,4,4.8,3.4,3.8
-1.168e-01,-2,-6,67,57,4,2.4,3.4,2.6
-1.166e-01,-4,2,63,69,3.2,4.8,3,3.8
-1.164e-01,-2,-6,59,49,4,2.4,3,2.6
-1.163e-01,-2,2,55,61,3.2,4.8,3,3.8
-1.161e-01,-2,-6,51,39,3.2,1.6,3.4,2.2
-1.159e-01,-4,2,45,53,3.2,4,3,3.4
-1.157e-01,-4,-6,39,27,3.2,1.6,2.6,2.2
-1.155e-01,-2,2,35,41,3.2,4,2.6,3
-1.153e-01,-2,-6,29,15,2.4,1.6,2.6,1.8
-1.151e-01,-2,2,23,31,2.4,4,2.2,3
-1.149e-01,-2,-8,17,5,2.4,0.8,2.2,1.4
-1.147e-01,-2,2,13,21,2.4,3.2,2.2,2.6
-1.145e-01,-4,-6,7,-3,2.4,0.8,1.8,1
-1.143e-01,-2,2,1,9,2.4,3.2,1.4,2.2
-1.141e-01,-2,-6,-1,-13,1.6,-7.15256e-08,1.4,0.6
-1.139e-01,-4,2,-7,1,1.6,3.2,1.4,1.8
-1.138e-01,-2,-6,-11,-23,1.6,-7.15256e-08,1,0.2
-1.136e-01,-2,2,-15,-9,1.6,2.4,1,1.4
-1.134e-01,-2,-6,-19,-33,1.6,-7.15256e-08,0.6,-0.2
-1.132e-01,-2,2,-27,-17,0.8,2.4,0.6,1
-1.130e-01,-4,-6,-31,-43,0.8,-0.8,0.6,-0.6
-1.128e-01,-4,2,-37,-29,0.8,1.6,0.2,0.6
-1.126e-01,-2,-6,-43,-53,-7.15256e-08,-0.8,-0.2,-1
-1.124e-01,-2,2,-47,-39,-7.15256e-08,0.8,-0.2,0.2
-1.122e-01,-2,-6,-53,-63,-7.15256e-08,-1.6,-0.2,-1.4
-1.120e-01,-2,2,-57,-49,-0.8,0.8,-0.6,-0.2
-1.118e-01,-4,-6,-61,-71,-0.8,-2.4,-0.6,-1.8
-1.116e-01,-2,2,-65,-57,-0.8,-7.15256e-08,-1,-0.6
-1.115e-01,-4,-6,-69,-77,-0.8,-2.4,-1.4,-2.2
-1.113e-01,-4,2,-73,-67,-0.8,-7.15256e-08,-1.4,-0.6
-1.111e-01,-2,-6,-75,-83,-0.8,-2.4,-1.4,-2.6
-1.109e-01,-2,2,-79,-73,-0.8,-7.15256e-08,-1.8,-1
-1.107e-01,-2,-6,-81,-87,-0.8,-2.4,-2.2,-2.6
-1.105e-01,-2,2,-85,-79,-0.8,-7.15256e-08,-2.2,-1.4
-1.103e-01,-4,-6,-85,-91,-1.6,-3.2,-2.2,-3
-1.101e-01,-4,2,-87,-83,-1.6,-0.8,-2.6,-1.8
-1.099e-01,-4,-8,-89,-95,-1.6,-3.2,-2.6,-3.4
-1.097e-01,-2,2,-91,-87,-1.6,-0.8,-3,-2.2
-1.095e-01,-2,-6,-91,-95,-1.6,-3.2,-2.6,-3.4
-1.093e-01,-4,2,-91,-89,-1.6,-0.8,-2.6,-2.2
-1.091e-01,-2,-6,-91,-95,-1.6,-3.2,-3,-3.8
-1.090e-01,-4,2,-91,-89,-1.6,-0.8,-3,-2.6
-1.088e-01,-2,-6,-89,-93,-2.4,-3.2,-3,-3.8
-1.086e-01,-2,2,-91,-85,-2.4,-0.8,-3,-2.6
-1.084e-01,-2,-6,-89,-91,-2.4,-3.2,-3.4,-3.8
-1.082e-01,-2,2,-87,-83,-1.6,-1.6,-3.4,-2.6
-1.080e-01,-4,-6,-83,-87,-2.4,-3.2,-3.4,-3.8
-1.078e-01,-2,2,-83,-79,-2.4,-1.6,-3,-2.6
-1.076e-01,-4,-6,-79,-83,-2.4,-3.2,-3,-3.8
-1.074e-01,-2,2,-77,-73,-2.4,-0.8,-3.4,-2.6
-1.072e-01,-4,-6,-77,-77,-1.6,-3.2,-3,-3.8
-1.070e-01,-2,2,-73,-69,-2.4,-0.8,-3,-2.6
-1.068e-01,-4,-6,-71,-73,-2.4,-3.2,-3,-3.8
-1.066e-01,-2,2,-67,-61,-2.4,-0.8,-3,-2.6
-1.065e-01,-4,-6,-63,-65,-1.6,-3.2,-3,-3.4
-1.063e-01,-2,2,-59,-53,-1.6,-0.8,-3,-2.2
-1.061e-01,-2,-6,-53,-57,-1.6,-3.2,-2.6,-3.4
-1.059e-01,-4,2,-49,-43,-1.6,-0.8,-2.6,-2.2
-1.057e-01,-2,-6,-43,-47,-1.6,-2.4,-2.6,-3
-1.055e-01,-2,2,-39,-31,-0.8,-7.15256e-08,-2.6,-1.8
-1.053e-01,-4,-6,-33,-35,-0.8,-2.4,-2.2,-2.6
-1.051e-01,-2,2,-27,-19,-0.8,-7.15256e-08,-1.8,-1.4
-1.049e-01,-2,-6,-21,-23,-0.8,-2.4,-1.8,-2.2
-1.047e-01,-2,2,-15,-9,-0.8,0.8,-1.8,-1
-1.045e-01,-4,-6,-11,-13,-0.8,-1.6,-1.8,-2.2
-1.043e-01,-2,2,-7,1,-7.15256e-08,0.8,-1.4,-0.6
-1.042e-01,-2,-6,-1,-3,-7.15256e-08,-1.6,-1,-1.8
-1.040e-01,-2,2,3,9,-0.8,0.8,-1,-0.6
-1.038e-01,-4,-6,7,5,-7.15256e-08,-0.8,-0.6,-1.4
-1.036e-01,-2,2,11,19,-7.15256e-08,1.6,-0.6,-0.2
-1.034e-01,-4,-6,17,15,0.8,-0.8,-0.2,-1
-1.032e-01,-4,2,21,29,0.8,1.6,-0.2,0.2
-1.030e-01,-4,-6,27,25,0.8,-7.15256e-08,-0.2,-0.6
-1.028e-01,-4,2,33,39,0.8,2.4,0.2,0.6
-1.026e-01,-4,-6,37,35,0.8,-7.15256e-08,0.2,-0.2
-1.024e-01,-2,2,43,49,1.6,2.4,0.2,1
-1.022e-01,-4,-6,47,45,1.6,-7.15256e-08,0.6,0.2
-1.020e-01,-2,2,53,57,1.6,3.2,1,1.4
-1.018e-01,-2,-6,57,55,1.6,0.8,1.4,0.6
-1.017e-01,-4,2,61,67,2.4,3.2,1.4,1.8
-1.015e-01,-2,-6,65,63,1.6,1.6,1.4,1
-1.013e-01,-2,2,69,73,2.4,4,1.8,2.2
-1.011e-01,-2,-6,71,69,3.2,1.6,1.8,1.4
-1.009e-01,-4,2,75,79,2.4,4,2.2,2.6
-1.007e-01,-2,-6,77,75,3.2,1.6,2.2,1.8
-1.005e-01,-2,2,79,83,3.2,4,2.6,3
-1.003e-01,-4,-6,81,79,3.2,2.4,2.2,2.2
-1.001e-01,-2,2,83,87,3.2,4,2.6,3.4
-9.993e-02,-2,-6,83,83,3.2,2.4,2.6,2.2
-9.974e-02,-2,2,89,91,3.2,4.8,3,3.4
-9.955e-02,-4,-6,89,87,3.2,2.4,3,2.6
-9.935e-02,-2,2,89,91,4,4.8,3,3.8
-9.916e-02,-2,-6,91,85,4,2.4,3,2.6
-9.897e-02,-4,2,89,91,4,4.8,3.4,3.8
-9.878e-02,-2,-6,87,83,4,2.4,3,2.6
-9.859e-02,-2,2,87,89,4,4.8,3.4,3.8
-9.839e-02,-2,-6,85,79,4,2.4,3.4,3
-9.820e-02,-2,2,83,87,4,4.8,3.4,3.8
-9.801e-02,-4,-6,81,75,4,2.4,3.4,3
-9.782e-02,-4,2,81,83,4,4.8,3.4,3.8
-9.763e-02,-4,-6,77,71,4,2.4,3.4,3
-9.743e-02,-4,2,73,79,3.2,4.8,3,3.8
-9.724e-02,-4,-6,73,65,4,2.4,3.4,3
-9.705e-02,-2,2,69,75,3.2,4.8,3.4,3.8
-9.686e-02,-2,-6,67,57,4,2.4,3.4,2.6
-9.667e-02,-4,2,63,69,3.2,4.8,3,3.8
-9.647e-02,-4,-6,59,49,3.2,2.4,3.4,2.6
-9.628e-02,-4,2,55,61,3.2,4.8,3,3.8
-9.609e-02,-2,-6,51,39,3.2,2.4,3,2.2
-9.590e-02,-2,2,47,53,3.2,4,3,3.4
-9.571e-02,-2,-6,41,27,3.2,1.6,2.6,2.2
-9.551e-02,-4,2,35,43,2.4,4,2.6,3.4
-9.532e-02,-2,-6,29,17,2.4,1.6,2.6,1.8
-9.513e-02,-2,2,25,33,2.4,4,2.2,3
-9.494e-02,-2,-6,19,7,2.4,0.8,2.2,1.4
-9.475e-02,-2,2,13,21,2.4,3.2,2.2,2.6
-9.455e-02,-2,-6,9,-3,2.4,0.8,1.8,1
-9.436e-02,-4,2,3,11,2.4,3.2,1.8,2.2
-9.417e-02,-4,-6,-3,-11,2.4,-7.15256e-08,1.8,0.6
-9.398e-02,-4,2,-5,1,1.6,2.4,1.4,1.8
-9.378e-02,-2,-6,-11,-21,1.6,-7.15256e-08,1.4,0.2
-9.359e-02,-4,2,-15,-7,1.6,2.4,1,1.4
-9.340e-02,-4,-6,-19,-33,1.6,-7.15256e-08,0.6,-0.2
-9.321e-02,-2,2,-25,-17,0.8,2.4,0.6,1.4
-9.302e-02,-2,-6,-29,-43,0.8,-0.8,0.2,-0.6
-9.282e-02,-4,2,-35,-27,-7.15256e-08,1.6,0.2,1
-9.263e-02,-2,-6,-41,-53,-7.15256e-08,-0.8,-0.2,-1
-9.244e-02,-2,2,-45,-39,0.8,1.6,-0.2,0.6
-9.225e-02,-2,-6,-51,-61,-7.15256e-08,-1.6,-0.2,-1.4
-9.206e-02,-2,2,-55,-47,-7.15256e-08,0.8,-0.6,-0.2
-9.186e-02,-2,-6,-59,-71,-7.15256e-08,-1.6,-0.6,-1.8
-9.167e-02,-2,2,-65,-57,-0.8,0.8,-1,-0.2
-9.148e-02,-4,-6,-69,-77,-0.8,-2.4,-1,-2.2
-9.129e-02,-2,2,-73,-65,-0.8,-7.15256e-08,-1.4,-1
-9.110e-02,-2,-6,-75,-83,-0.8,-2.4,-1.4,-2.6
-9.090e-02,-4,2,-77,-73,-1.6,-7.15256e-08,-1.8,-1
-9.071e-02,-4,-6,-81,-87,-1.6,-2.4,-1.8,-2.6
-9.052e-02,-4,2,-83,-79,-1.6,-0.8,-2.2,-1.4
-9.033e-02,-2,-6,-85,-91,-1.6,-3.2,-2.2,-3
-9.014e-02,-4,2,-87,-83,-2.4,-0.8,-2.6,-1.8
-8.994e-02,-2,-6,-89,-95,-1.6,-3.2,-2.6,-3.4
-8.975e-02,-4,2,-91,-87,-1.6,-0.8,-2.6,-2.2
-8.956e-02,-4,-6,-93,-95,-1.6,-3.2,-3,-3.4
-8.937e-02,-2,2,-93,-89,-1.6,-0.8,-3,-2.6
-8.918e-02,-4,-6,-91,-95,-2.4,-3.2,-3,-3.8
-8.898e-02,-4,2,-93,-89,-1.6,-0.8,-3,-2.6
-8.879e-02,-4,-6,-91,-93,-2.4,-3.2,-3,-3.8
-8.860e-02,-4,2,-89,-85,-2.4,-1.6,-3,-2.6
-8.841e-02,-4,-6,-89,-91,-2.4,-3.2,-3,-3.8
-8.822e-02,-4,2,-87,-83,-2.4,-1.6,-3,-2.6
-8.802e-02,-4,-6,-85,-87,-2.4,-3.2,-3.4,-3.8
-8.783e-02,-4,2,-83,-79,-2.4,-1.6,-3.4,-2.6
-8.764e-02,-4,-6,-81,-83,-2.4,-3.2,-3.4,-3.8
-8.745e-02,-4,2,-79,-75,-2.4,-0.8,-3.4,-2.6
-8.726e-02,-2,-6,-77,-79,-2.4,-3.2,-3,-3.8
-8.706e-02,-4,2,-75,-69,-1.6,-0.8,-3.4,-2.6
-8.687e-02,-4,-6,-71,-73,-2.4,-3.2,-3,-3.8
-8.668e-02,-2,2,-69,-61,-2.4,-0.8,-3,-2.6
-8.649e-02,-4,-6,-65,-67,-1.6,-3.2,-3,-3.4
-8.630e-02,-2,2,-61,-53,-2.4,-0.8,-2.6,-2.6
-8.610e-02,-2,-6,-57,-57,-1.6,-3.2,-3,-3.4
-8.591e-02,-2,2,-51,-43,-1.6,-0.8,-2.6,-2.2
-8.572e-02,-2,-6,-45,-47,-1.6,-2.4,-2.6,-3
-8.553e-02,-2,2,-39,-31,-1.6,-7.15256e-08,-2.2,-1.8
-8.534e-02,-2,-6,-33,-35,-0.8,-2.4,-2.2,-2.6
-8.514e-02,-2,2,-29,-21,-1.6,-7.15256e-08,-2.2,-1.4
-8.495e-02,-4,-6,-23,-25,-0.8,-2.4,-1.8,-2.6
-8.476e-02,-2,2,-17,-11,-0.8,-7.15256e-08,-1.8,-1
-8.457e-02,-4,-6,-11,-15,-0.8,-1.6,-1.4,-2.2
-8.438e-02,-4,2,-7,-1,-0.8,0.8,-1.4,-0.6
-8.418e-02,-2,-6,-3,-5,-7.15256e-08,-1.6,-1,-1.8
-8.399e-02,-2,2,3,9,-7.15256e-08,0.8,-1.4,-0.6
-8.380e-02,-4,-6,7,5,-7.15256e-08,-0.8,-1,-1.4
-8.361e-02,-2,2,11,17,-7.15256e-08,1.6,-0.6,-0.2
-8.342e-02,-2,-6,15,13,0.8,-0.8,-0.6,-1
-8.322e-02,-2,2,21,27,0.8,1.6,-0.6,0.2
-8.303e-02,-2,-8,25,25,0.8,-7.15256e-08,-0.2,-0.6
-8.284e-02,-2,2,31,39,0.8,1.6,-0.2,0.6
-8.265e-02,-4,-6,37,35,0.8,-7.15256e-08,0.2,-0.2
-8.246e-02,-2,2,43,49,1.6,2.4,0.6,1
-8.226e-02,-4,-8,45,45,1.6,0.8,0.6,0.2
-8.207e-02,-2,2,49,57,1.6,3.2,0.6,1.4
-8.188e-02,-2,-6,55,53,2.4,0.8,1,0.6
-8.169e-02,-4,2,59,65,1.6,3.2,1.4,1.8
-8.150e-02,-4,-6,63,61,2.4,0.8,1.4,1
-8.130e-02,-2,2,69,73,2.4,4,1.4,2.2
-8.111e-02,-2,-6,71,69,2.4,1.6,1.8,1.4
-8.092e-02,-4,2,73,79,2.4,4,1.8,2.6
-8.073e-02,-2,-6,77,73,3.2,1.6,2.2,1.8
-8.054e-02,-2,2,79,83,3.2,4,2.2,3
-8.034e-02,-2,-6,81,79,3.2,2.4,2.2,1.8
-8.015e-02,-2,2,83,87,3.2,4,2.6,3
-7.996e-02,-2,-6,85,83,3.2,2.4,2.6,2.2
-7.977e-02,-2,2,87,91,4,4.8,2.6,3.4
-7.958e-02,-2,-6,89,87,3.2,2.4,3,2.6
-7.938e-02,-2,2,89,91,4,4.8,3,3.4
-7.919e-02,-4,-6,89,85,4,2.4,3,2.6
-7.900e-02,-2,2,89,91,4,4.8,3,3.8
-7.881e-02,-2,-6,87,83,4,2.4,3,2.6
-7.862e-02,-4,2,85,89,4,4.8,3.4,3.8
-7.842e-02,-4,-6,85,79,4,2.4,3.4,3
-7.823e-02,-4,2,83,87,4,4.8,3,3.8
-7.804e-02,-4,-6,81,75,4,2.4,3.4,3
-7.785e-02,-2,2,79,85,4,4.8,3.4,3.8
-7.766e-02,-2,-6,77,71,4,2.4,3.4,3
-7.746e-02,-2,2,75,79,4,4.8,3.4,3.8
-7.727e-02,-2,-6,73,65,4,2.4,3,3
-7.708e-02,-4,2,69,75,3.2,4.8,3.4,3.8
-7.689e-02,-2,-6,67,59,4,2.4,3.4,2.6
-7.670e-02,-2,2,65,69,4,4.8,3.4,3.8
-7.650e-02,-2,-6,61,51,4,2.4,3.4,2.6
-7.631e-02,-2,2,57,63,4,4.8,3,3.8
-7.612e-02,-2,-6,53,41,3.2,2.4,3,2.2
-7.593e-02,-4,2,49,55,3.2,4,3,3.4
-7.574e-02,-2,-6,41,29,3.2,1.6,2.6,2.2
-7.554e-02,-4,2,37,45,3.2,4,2.6,3.4
-7.535e-02,-2,-6,31,19,2.4,1.6,2.2,1.8
-7.516e-02,-2,2,27,33,2.4,4,2.2,3
-7.497e-02,-2,-6,19,7,2.4,0.8,2.2,1.4
-7.478e-02,-2,2,13,23,1.6,3.2,1.8,2.6
-7.458e-02,-4,-6,9,-1,2.4,0.8,2.2,1
-7.439e-02,-4,2,5,11,1.6,3.2,1.4,2.2
-7.420e-02,-2,-6,-1,-11,2.4,-7.15256e-08,1.4,0.6
-7.401e-02,-4,2,-5,1,1.6,2.4,1,1.8
-7.382e-02,-2,-6,-9,-21,1.6,-7.15256e-08,1,0.2
-7.362e-02,-1.3411e-07,2,-13,-7,0.8,2.4,1,1.4
-7.343e-02,-2,-6,-19,-31,0.8,-7.15256e-08,0.6,-0.2
-7.324e-02,-2,2,-23,-15,0.8,2.4,0.6,1.4
-7.305e-02,-4,-6,-29,-41,1.6,-0.8,0.6,-0.6
-7.286e-02,-4,2,-33,-25,0.8,1.6,0.2,1
-7.266e-02,-4,-6,-41,-51,0.8,-0.8,-0.2,-1
-7.247e-02,-4,2,-45,-37,-7.15256e-08,1.6,-0.2,0.6
-7.228e-02,-4,-6,-51,-61,-7.15256e-08,-1.6,-0.2,-1.4
-7.209e-02,-2,2,-53,-47,-7.15256e-08,0.8,-0.6,-0.2
-7.190e-02,-4,-6,-59,-69,-0.8,-1.6,-0.6,-1.8
-7.170e-02,-4,2,-63,-55,-0.8,0.8,-1,-0.2
-7.151e-02,-2,-6,-67,-75,-7.15256e-08,-2.4,-1.4,-2.2
-7.132e-02,-2,2,-71,-65,-0.8,-7.15256e-08,-1.4,-0.6
-7.113e-02,-2,-6,-73,-81,-0.8,-2.4,-1.4,-2.2
-7.094e-02,-6,2,-77,-73,-0.8,-7.15256e-08,-1.8,-1
-7.074e-02,-2,-6,-79,-87,-0.8,-2.4,-1.8,-2.6
-7.055e-02,-4,2,-81,-77,-1.6,-7.15256e-08,-2.2,-1.4
-7.036e-02,-4,-6,-85,-91,-1.6,-3.2,-2.2,-3
-7.017e-02,-2,2,-87,-83,-1.6,-0.8,-2.2,-1.8
-6.998e-02,-4,-6,-89,-93,-2.4,-3.2,-2.6,-3.4
-6.978e-02,-2,2,-91,-85,-1.6,-0.8,-2.6,-1.8
-6.959e-02,-2,-6,-91,-95,-1.6,-3.2,-2.6,-3.4
-6.940e-02,-6,2,-93,-89,-1.6,-0.8,-3,-2.2
-6.921e-02,-4,-6,-93,-95,-2.4,-3.2,-3,-3.8
-6.902e-02,-4,2,-91,-89,-2.4,-0.8,-3,-2.6
-6.882e-02,-4,-6,-91,-93,-2.4,-3.2,-3,-3.8
-6.863e-02,-2,2,-89,-87,-2.4,-0.8,-3,-2.6
-6.844e-02,-4,-6,-89,-91,-1.6,-3.2,-3,-3.8
-6.825e-02,-4,2,-87,-83,-2.4,-1.6,-3,-2.6
-6.806e-02,-2,-6,-85,-87,-1.6,-3.2,-3,-3.8
-6.786e-02,-4,2,-83,-79,-2.4,-1.6,-3.4,-2.6
-6.767e-02,-4,-6,-81,-83,-1.6,-3.2,-3,-3.8
-6.748e-02,-2,2,-79,-75,-2.4,-0.8,-3.4,-2.6
-6.729e-02,-4,-6,-77,-79,-2.4,-3.2,-3.4,-3.8
-6.710e-02,-4,2,-75,-71,-2.4,-0.8,-3,-2.6
-6.690e-02,-4,-6,-73,-75,-2.4,-3.2,-3.4,-3.8
-6.671e-02,-4,2,-69,-63,-1.6,-0.8,-3,-2.6
-6.652e-02,-2,-8,-65,-67,-1.6,-3.2,-3,-3.4
-6.633e-02,-4,2,-61,-55,-1.6,-0.8,-2.6,-2.6
-6.614e-02,-2,-6,-57,-59,-2.4,-3.2,-3,-3.4
-6.594e-02,-4,2,-53,-45,-1.6,-0.8,-2.6,-2.2
-6.575e-02,-4,-6,-47,-49,-1.6,-2.4,-2.6,-3
-6.556e-02,-2,2,-41,-33,-1.6,-7.15256e-08,-2.6,-1.8
-6.537e-02,-4,-6,-35,-37,-0.8,-2.4,-2.2,-2.6
-6.518e-02,-2,2,-29,-21,-0.8,-7.15256e-08,-2.2,-1.4
-6.498e-02,-4,-6,-23,-27,-0.8,-2.4,-1.8,-2.6
-6.479e-02,-4,2,-19,-11,-0.8,-7.15256e-08,-1.8,-1
-6.460e-02,-4,-6,-13,-15,-0.8,-1.6,-1.8,-2.2
-6.441e-02,-2,2,-9,-1,-0.8,0.8,-1.8,-1
-6.422e-02,-2,-6,-3,-5,-0.8,-1.6,-1.4,-1.8
-6.402e-02,-2,2,1,7,-7.15256e-08,0.8,-1,-0.6
-6.383e-02,-2,-6,5,3,-7.15256e-08,-0.8,-1,-1.4
-6.364e-02,-2,2,9,17,-7.15256e-08,1.6,-0.6,-0.2
-6.345e-02,-2,-6,13,13,0.8,-0.8,-0.6,-1
-6.325e-02,-2,2,19,27,0.8,1.6,-0.6,0.2
-6.306e-02,-2,-6,25,23,0.8,-0.8,-0.2,-0.6
-6.287e-02,-2,2,29,37,0.8,1.6,0.2,0.6
-6.268e-02,-4,-6,37,33,0.8,-7.15256e-08,0.2,-0.2
-6.249e-02,-2,2,41,47,0.8,2.4,0.6,1
-6.229e-02,-2,-6,45,43,1.6,0.8,0.6,0.2
-6.210e-02,-4,2,49,57,1.6,3.2,1,1.4
-6.191e-02,-4,-8,53,51,1.6,0.8,1,0.6
-6.172e-02,-2,2,59,65,2.4,3.2,1,1.8
-6.153e-02,-2,-6,63,61,2.4,0.8,1.4,1
-6.133e-02,-2,2,67,71,2.4,3.2,1.4,2.2
-6.114e-02,-4,-6,71,67,2.4,1.6,1.8,1.4
-6.095e-02,-2,2,75,79,2.4,4,2.2,2.6
-6.076e-02,-2,-6,77,73,3.2,1.6,2.2,1.8
-6.057e-02,-4,2,79,83,3.2,4,2.2,2.6
-6.037e-02,-2,-6,81,79,3.2,1.6,2.6,1.8
-6.018e-02,-4,2,83,87,3.2,4.8,2.6,3
-5.999e-02,-2,-6,85,83,3.2,2.4,2.6,2.2
-5.980e-02,-2,2,85,91,4,4.8,3,3.4
-5.961e-02,-2,-8,89,85,4,2.4,3,2.6
-5.941e-02,-1.3411e-07,2,89,91,3.2,4.8,3,3.8
-5.922e-02,-4,-6,89,85,3.2,2.4,3,2.6
-5.903e-02,-4,2,89,91,4,4.8,3,3.8
-5.884e-02,-2,-6,89,83,4,2.4,3,2.6
-5.865e-02,-2,2,87,89,4,4.8,3,3.8
-5.845e-02,-4,-6,83,81,4,2.4,3.4,2.6
-5.826e-02,-4,2,83,87,4,4.8,3.4,3.8
-5.807e-02,-2,-6,83,75,4,2.4,3,3
-5.788e-02,-2,2,81,85,4,4.8,3.4,3.8
-5.769e-02,-2,-6,79,71,4.8,2.4,3.4,3
-5.749e-02,-2,2,75,81,4,4.8,3.4,3.8
-5.730e-02,-2,-6,73,67,4,2.4,3.4,3
-5.711e-02,-2,2,71,75,4,4.8,3.4,3.8
-5.692e-02,-4,-8,69,59,4,2.4,3,2.6
-5.673e-02,-4,2,65,71,4,4.8,3.4,3.8
-5.653e-02,-4,-6,61,51,4,2.4,3,2.6
-5.634e-02,-2,2,57,63,3.2,4.8,3,3.8
-5.615e-02,-2,-6,53,43,3.2,2.4,3,2.2
-5.596e-02,-2,2,49,55,3.2,4,3,3.4
-5.577e-02,-2,-6,43,31,3.2,1.6,2.6,2.2
-5.557e-02,-2,2,39,45,3.2,4,2.6,3.4
-5.538e-02,-2,-6,33,19,2.4,1.6,2.2,1.8
-5.519e-02,-2,2,27,35,3.2,4,2.2,3
-5.500e-02,-4,-6,21,9,2.4,1.6,2.2,1.4
-5.481e-02,-4,2,15,23,2.4,3.2,1.8,2.6
-5.461e-02,-4,-6,11,-1,2.4,0.8,2.2,1
-5.442e-02,-2,2,5,13,1.6,3.2,1.8,2.2
-5.423e-02,-2,-6,1,-11,1.6,0.8,1.4,0.6
-5.404e-02,-4,2,-3,3,1.6,3.2,1.4,1.8
-5.385e-02,-2,-6,-7,-19,1.6,-7.15256e-08,1,0.6
-5.365e-02,-2,2,-13,-5,1.6,2.4,1,1.8
-5.346e-02,-4,-6,-17,-29,1.6,-7.15256e-08,0.6,0.2
-5.327e-02,-2,2,-23,-15,0.8,2.4,0.6,1.4
-5.308e-02,-2,-6,-27,-41,0.8,-0.8,0.6,-0.6
-5.289e-02,-4,2,-33,-25,0.8,1.6,0.6,1
-5.269e-02,-2,-6,-37,-49,0.8,-0.8,0.2,-0.6
-5.250e-02,-4,2,-43,-35,-7.15256e-08,1.6,-0.2,0.6
-5.231e-02,-2,-6,-47,-59,0.8,-1.6,-0.2,-1.4
-5.212e-02,-2,2,-53,-45,-7.15256e-08,0.8,-0.6,0.2
-5.193e-02,-4,-6,-59,-67,-0.8,-1.6,-1,-1.8
-5.173e-02,-4,2,-61,-55,-0.8,0.8,-1,-0.2
-5.154e-02,-2,-6,-65,-75,-7.15256e-08,-2.4,-1,-2.2
-5.135e-02,-4,2,-69,-63,-0.8,-7.15256e-08,-1.4,-0.6
-5.116e-02,-2,-6,-73,-81,-0.8,-2.4,-1.4,-2.6
-5.097e-02,-2,2,-77,-71,-1.6,-7.15256e-08,-1.8,-1
-5.077e-02,-4,-6,-79,-85,-1.6,-2.4,-2.2,-2.6
-5.058e-02,-2,2,-83,-77,-1.6,-7.15256e-08,-2.2,-1.4
-5.039e-02,-2,-8,-85,-89,-1.6,-3.2,-2.2,-3
-5.020e-02,-2,2,-87,-81,-1.6,-0.8,-2.2,-1.8
-5.001e-02,-2,-6,-89,-93,-1.6,-3.2,-2.2,-3.4
-4.981e-02,-4,2,-89,-85,-2.4,-0.8,-2.6,-2.2
-4.962e-02,-2,-8,-91,-95,-1.6,-3.2,-2.6,-3.4
-4.943e-02,-4,2,-93,-89,-2.4,-0.8,-3,-2.2
-4.924e-02,-2,-6,-91,-95,-2.4,-3.2,-3,-3.8
-4.905e-02,-4,2,-93,-89,-2.4,-0.8,-3,-2.6
-4.885e-02,-2,-6,-93,-93,-2.4,-3.2,-3.4,-3.8
-4.866e-02,-2,2,-89,-87,-1.6,-0.8,-3,-2.6
-4.847e-02,-2,-6,-89,-91,-2.4,-3.2,-3,-3.8
-4.828e-02,-4,2,-87,-83,-2.4,-1.6,-3.4,-2.6
-4.809e-02,-1.3411e-07,-6,-85,-87,-2.4,-3.2,-3.4,-3.8
-4.789e-02,-4,2,-83,-79,-2.4,-1.6,-3,-2.6
-4.770e-02,-4,-8,-81,-83,-2.4,-3.2,-3,-3.8
-4.751e-02,-4,2,-79,-75,-2.4,-1.6,-3.4,-2.6
-4.732e-02,-4,-6,-77,-79,-1.6,-3.2,-3.4,-3.8
-4.713e-02,-2,2,-75,-71,-1.6,-0.8,-3.4,-2.6
-4.693e-02,-4,-6,-71,-75,-2.4,-3.2,-3.4,-3.8
-4.674e-02,-2,2,-69,-65,-2.4,-0.8,-3,-2.6
-4.655e-02,-2,-6,-67,-69,-1.6,-3.2,-3,-3.4
-4.636e-02,-2,2,-63,-55,-2.4,-0.8,-2.6,-2.6
-4.617e-02,-4,-6,-59,-61,-1.6,-3.2,-3,-3.4
-4.597e-02,-2,2,-53,-45,-1.6,-0.8,-3,-2.2
-4.578e-02,-4,-6,-47,-51,-1.6,-2.4,-2.6,-3
-4.559e-02,-4,2,-43,-35,-1.6,-7.15256e-08,-2.6,-1.8
-4.540e-02,-2,-6,-37,-39,-0.8,-2.4,-2.2,-3
-4.521e-02,-4,2,-31,-23,-1.6,-7.15256e-08,-2.2,-1.4
-4.501e-02,-2,-6,-27,-27,-0.8,-2.4,-1.8,-2.6
-4.482e-02,-4,2,-19,-13,-0.8,-7.15256e-08,-1.8,-1.4
-4.463e-02,-2,-6,-15,-17,-0.8,-1.6,-1.8,-2.2
-4.444e-02,-4,2,-9,-3,-0.8,0.8,-1.4,-1
-4.425e-02,-2,-6,-5,-7,-0.8,-1.6,-1.4,-1.8
-4.405e-02,-1.3411e-07,2,1,7,-7.15256e-08,0.8,-1,-0.6
-4.386e-02,-2,-6,5,3,-7.15256e-08,-1.6,-1,-1.4
-4.367e-02,-4,2,9,15,-7.15256e-08,1.6,-1,-0.2
-4.348e-02,-4,-6,11,11,0.8,-0.8,-0.6,-1
-4.329e-02,-4,2,19,25,0.8,1.6,-0.2,0.2
-4.309e-02,-2,-6,25,21,0.8,-0.8,-0.2,-0.6
-4.290e-02,-4,2,29,37,0.8,1.6,-0.2,0.6
-4.271e-02,-2,-6,35,33,0.8,-7.15256e-08,-0.2,-0.2
-4.252e-02,-4,2,39,45,1.6,2.4,0.2,1
-4.233e-02,-2,-6,43,41,1.6,0.8,0.6,0.2
-4.213e-02,-2,2,47,55,1.6,2.4,0.6,1.4
-4.194e-02,-2,-6,53,51,1.6,0.8,1,0.6
-4.175e-02,-4,2,59,63,1.6,3.2,1,1.8
-4.156e-02,-4,-8,63,61,3.2,0.8,1.4,1
-4.137e-02,-4,2,65,71,2.4,3.2,1.4,2.2
-4.117e-02,-4,-6,69,67,2.4,1.6,1.4,1.4
-4.098e-02,-2,2,73,77,3.2,4,2.2,2.6
-4.079e-02,-2,-6,75,73,3.2,1.6,1.8,1.8
-4.060e-02,-2,2,77,81,3.2,4,2.2,3
-4.041e-02,-4,-6,79,77,3.2,1.6,2.2,1.8
-4.021e-02,-2,2,83,87,3.2,4,2.6,3
-4.002e-02,-2,-6,85,83,4,2.4,3,2.2
-3.983e-02,-2,2,85,89,4,4.8,2.6,3.4
-3.964e-02,-2,-6,89,85,3.2,2.4,3,2.6
-3.945e-02,-4,2,89,91,3.2,4.8,3,3.4
-3.925e-02,-2,-6,89,85,3.2,2.4,3.4,2.6
-3.906e-02,-2,2,89,91,3.2,4.8,3,3.8
-3.887e-02,-4,-6,89,83,4,2.4,3,2.6
-3.868e-02,-2,2,87,91,4,4.8,3.4,3.8
-3.849e-02,-2,-6,87,81,3.2,2.4,3.4,3
-3.829e-02,-4,2,83,89,4,4.8,3.4,3.8
-3.810e-02,-2,-6,83,77,4,2.4,3.4,3
-3.791e-02,-2,2,81,85,4,4.8,3.4,3.8
-3.772e-02,-2,-6,79,71,4,2.4,3.4,3
-3.753e-02,-2,2,77,81,4,4.8,3.4,3.8
-3.733e-02,-2,-6,73,67,3.2,2.4,3,2.6
-3.714e-02,-2,2,71,77,4,4.8,3.4,3.8
-3.695e-02,-2,-6,69,61,4,2.4,3.4,2.6
-3.676e-02,-4,2,65,71,4,4.8,3,3.8
-3.657e-02,-2,-6,61,53,4,2.4,3,2.6
-3.637e-02,-2,2,59,65,4,4.8,3,3.8
-3.618e-02,-4,-6,55,43,3.2,2.4,3,2.2
-3.599e-02,-2,2,49,57,3.2,4.8,3,3.4
-3.580e-02,-2,-6,45,33,3.2,1.6,3,2.2
-3.561e-02,-4,2,39,47,3.2,4,2.6,3.4
-3.541e-02,-4,-6,35,21,3.2,1.6,2.6,1.8
-3.522e-02,-2,2,29,37,2.4,4,2.6,3
-3.503e-02,-2,-6,23,11,3.2,0.8,2.2,1.4
-3.484e-02,-2,2,19,25,2.4,3.2,2.2,2.6
-3.465e-02,-4,-6,11,1,2.4,0.8,1.8,1
-3.445e-02,-2,2,5,15,2.4,3.2,1.8,2.2
-3.426e-02,-4,-6,1,-9,1.6,0.8,1.4,0.6
-3.407e-02,-4,2,-3,5,1.6,3.2,1.4,2.2
-3.388e-02,-2,-6,-7,-17,1.6,-7.15256e-08,1.4,0.6
-3.369e-02,-2,2,-13,-5,1.6,2.4,1.4,1.8
-3.349e-02,-2,-6,-17,-27,1.6,-7.15256e-08,1,0.2
-3.330e-02,-4,2,-21,-13,1.6,2.4,0.6,1.4
-3.311e-02,-2,-6,-27,-39,0.8,-0.8,0.2,-0.2
-3.292e-02,-2,2,-31,-23,0.8,1.6,0.2,1
-3.273e-02,-2,-6,-39,-49,0.8,-0.8,0.2,-0.6
-3.253e-02,-4,2,-43,-35,-7.15256e-08,1.6,-0.2,0.6
-3.234e-02,-2,-6,-47,-59,-7.15256e-08,-1.6,-0.2,-1
-3.215e-02,-4,2,-51,-45,-7.15256e-08,0.8,-0.6,0.2
-3.196e-02,-2,-8,-57,-67,-0.8,-1.6,-0.6,-1.8
-3.176e-02,-6,2,-63,-53,-0.8,0.8,-1,-0.2
-3.157e-02,-2,-6,-65,-75,-0.8,-2.4,-1,-2.2
-3.138e-02,-4,2,-69,-63,-0.8,-7.15256e-08,-1.4,-0.6
-3.119e-02,-2,-6,-73,-81,-1.6,-2.4,-1.8,-2.2
-3.100e-02,-2,2,-77,-71,-0.8,-7.15256e-08,-1.8,-1
-3.080e-02,-2,-6,-79,-85,-0.8,-2.4,-1.8,-2.6
-3.061e-02,-2,2,-81,-77,-1.6,-7.15256e-08,-2.2,-1.4
-3.042e-02,-2,-6,-85,-89,-1.6,-3.2,-2.2,-3
-3.023e-02,-2,2,-87,-81,-1.6,-0.8,-2.6,-1.8
-3.004e-02,-2,-6,-87,-93,-1.6,-3.2,-2.6,-3.4
-2.984e-02,-2,2,-89,-85,-1.6,-0.8,-2.6,-2.2
-2.965e-02,-4,-6,-91,-95,-1.6,-3.2,-2.6,-3.4
-2.946e-02,-2,2,-93,-89,-2.4,-0.8,-2.6,-2.2
-2.927e-02,-4,-8,-93,-95,-2.4,-3.2,-3,-3.8
-2.908e-02,-2,2,-93,-89,-2.4,-0.8,-3,-2.6
-2.888e-02,-2,-6,-91,-93,-2.4,-3.2,-3,-3.8
-2.869e-02,-2,2,-89,-87,-2.4,-1.6,-3.4,-2.6
-2.850e-02,-2,-6,-89,-91,-2.4,-3.2,-3,-3.8
-2.831e-02,-2,2,-89,-83,-1.6,-1.6,-3.4,-2.6
-2.812e-02,-2,-6,-87,-89,-2.4,-3.2,-3.4,-3.8
-2.792e-02,-4,2,-85,-79,-2.4,-1.6,-3,-2.6
-2.773e-02,-2,-6,-83,-85,-2.4,-3.2,-3,-3.8
-2.754e-02,-2,2,-81,-75,-1.6,-0.8,-3.4,-2.6
-2.735e-02,-2,-6,-77,-79,-2.4,-3.2,-3,-3.8
-2.716e-02,-4,2,-75,-71,-2.4,-0.8,-3,-2.6
-2.696e-02,-2,-6,-73,-75,-2.4,-3.2,-3.4,-3.8
-2.677e-02,-4,2,-71,-65,-2.4,-0.8,-3.4,-2.6
-2.658e-02,-2,-6,-67,-69,-2.4,-3.2,-3,-3.8
-2.639e-02,-4,2,-63,-57,-2.4,-0.8,-3,-2.6
-2.620e-02,-4,-6,-59,-61,-1.6,-3.2,-2.6,-3.4
-2.600e-02,-2,2,-55,-47,-1.6,-0.8,-2.6,-2.2
-2.581e-02,-2,-6,-49,-51,-1.6,-2.4,-2.6,-3
-2.562e-02,-4,2,-43,-37,-0.8,-0.8,-2.6,-1.8
-2.543e-02,-2,-8,-37,-39,-1.6,-2.4,-2.2,-3
-2.524e-02,-2,2,-33,-25,-1.6,-7.15256e-08,-2.2,-1.4
-2.504e-02,-2,-6,-27,-29,-1.6,-2.4,-2.2,-2.6
-2.485e-02,-4,2,-21,-13,-0.8,-7.15256e-08,-1.8,-1.4
-2.466e-02,-2,-6,-15,-17,-0.8,-1.6,-1.8,-2.2
-2.447e-02,-4,2,-9,-3,-7.15256e-08,0.8,-1.4,-1
-2.428e-02,-4,-6,-5,-7,-7.15256e-08,-1.6,-1.4,-1.8
-2.408e-02,-2,2,-1,5,-7.15256e-08,0.8,-1,-0.6
-2.389e-02,-2,-6,3,1,-7.15256e-08,-0.8,-1,-1.4
-2.370e-02,-4,2,9,13,-7.15256e-08,0.8,-1,-0.2
-2.351e-02,-2,-6,11,9,-7.15256e-08,-0.8,-0.6,-1.4
-2.332e-02,-2,2,17,25,-7.15256e-08,1.6,-0.6,0.2
-2.312e-02,-2,-6,21,19,0.8,-0.8,-0.2,-1
-2.293e-02,-2,2,27,35,0.8,1.6,-0.2,0.6
-2.274e-02,-2,-6,33,31,0.8,-7.15256e-08,0.2,-0.6
-2.255e-02,-4,2,37,45,1.6,2.4,0.2,1
-2.236e-02,-4,-6,43,41,1.6,-7.15256e-08,0.2,0.2
-2.216e-02,-4,2,49,53,1.6,3.2,0.6,1.4
-2.197e-02,-2,-6,53,49,1.6,0.8,1,0.6
-2.178e-02,-2,2,55,63,2.4,3.2,1,1.8
-2.159e-02,-2,-8,61,59,1.6,0.8,1.4,1
-2.140e-02,-2,2,65,71,2.4,3.2,1.8,2.2
-2.120e-02,-4,-6,69,67,3.2,1.6,1.8,1.4
-2.101e-02,-4,2,71,77,2.4,4,2.2,2.6
-2.082e-02,-2,-6,73,73,3.2,1.6,2.2,1.4
-2.063e-02,-2,2,77,81,3.2,4,2.2,2.6
-2.044e-02,-4,-6,79,77,2.4,1.6,2.6,1.8
-2.024e-02,-2,2,81,85,3.2,4,2.2,3
-2.005e-02,-2,-6,83,81,3.2,2.4,2.6,2.2
-1.986e-02,-2,2,87,89,3.2,4.8,2.6,3.4
-1.967e-02,-1.3411e-07,-6,87,85,4,2.4,3,2.6
-1.948e-02,-4,2,89,91,3.2,4.8,3,3.4
-1.928e-02,-2,-6,89,85,4,2.4,3,2.6
-1.909e-02,-4,2,87,91,3.2,4.8,3.4,3.8
-1.890e-02,-2,-6,87,83,3.2,2.4,3,2.6
-1.871e-02,-4,2,87,91,4,4.8,3.4,3.8
-1.852e-02,-2,-6,85,81,4,2.4,3.4,3
-1.832e-02,-4,2,85,87,4,4.8,3.4,3.8
-1.813e-02,-4,-6,83,77,4,2.4,3.4,3
-1.794e-02,-4,2,81,85,4,4.8,3.4,3.8
-1.775e-02,-4,-6,79,71,4,2.4,3.4,3
-1.756e-02,-2,2,77,81,3.2,4.8,3.4,3.8
-1.736e-02,-4,-6,73,67,4,2.4,3.4,3
-1.717e-02,-2,2,71,77,4,4.8,3.4,3.8
-1.698e-02,-4,-6,69,61,4,2.4,3.4,2.6
-1.679e-02,-4,2,65,71,3.2,4.8,3.4,3.8
-1.660e-02,-2,-6,63,53,3.2,2.4,3,2.6
-1.640e-02,-4,2,59,65,3.2,4.8,3.4,3.8
-1.621e-02,-4,-6,55,45,3.2,2.4,3,2.6
-1.602e-02,-2,2,51,57,3.2,4,3,3.4
-1.583e-02,-4,-6,47,33,2.4,1.6,3,2.2
-1.564e-02,-4,2,39,47,3.2,4,3,3.4
-1.544e-02,-2,-6,35,21,2.4,1.6,2.6,1.8
-1.525e-02,-4,2,29,37,2.4,4,2.6,3
-1.506e-02,-2,-6,25,11,2.4,0.8,2.6,1.4
-1.487e-02,-2,2,19,25,2.4,3.2,2.2,2.6
-1.468e-02,-2,-6,13,1,2.4,0.8,1.8,1.4
-1.448e-02,-2,2,7,15,2.4,3.2,1.8,2.6
-1.429e-02,-4,-6,3,-9,1.6,0.8,1.4,1
-1.410e-02,-2,2,-1,5,2.4,3.2,1.4,2.2
-1.391e-02,-4,-6,-7,-17,1.6,-7.15256e-08,1.4,0.6
-1.372e-02,-2,2,-11,-5,0.8,2.4,1.4,1.8
-1.352e-02,-2,-6,-13,-27,1.6,-7.15256e-08,1,0.2
-1.333e-02,-4,2,-21,-13,1.6,2.4,1,1.4
-1.314e-02,-2,-6,-25,-37,0.8,-0.8,0.6,-0.2
-1.295e-02,-2,2,-31,-23,1.6,1.6,0.2,1
-1.276e-02,-4,-6,-37,-47,0.8,-0.8,0.2,-0.6
-1.256e-02,-1.3411e-07,2,-41,-33,-7.15256e-08,1.6,-0.2,0.6
-1.237e-02,-2,-6,-45,-57,-7.15256e-08,-1.6,-0.2,-1
-1.218e-02,-2,2,-51,-43,-7.15256e-08,0.8,-0.6,0.2
-1.199e-02,-2,-6,-55,-65,-0.8,-1.6,-0.6,-1.4
-1.180e-02,-4,2,-61,-53,-0.8,0.8,-1,-0.2
-1.160e-02,-4,-6,-65,-73,-0.8,-2.4,-1,-1.8
-1.141e-02,-4,2,-67,-61,-0.8,-7.15256e-08,-1,-0.6
-1.122e-02,-2,-6,-71,-81,-0.8,-2.4,-1.4,-2.2
-1.103e-02,-2,2,-75,-69,-1.6,-7.15256e-08,-1.4,-1
-1.084e-02,-2,-6,-79,-85,-1.6,-2.4,-1.8,-2.6
-1.064e-02,-2,2,-81,-75,-1.6,-7.15256e-08,-2.2,-1.4
-1.045e-02,-4,-6,-83,-89,-1.6,-2.4,-2.2,-3
-1.026e-02,-2,2,-85,-81,-1.6,-0.8,-2.6,-1.8
-1.007e-02,-2,-6,-87,-93,-1.6,-3.2,-2.6,-3
-9.876e-03,-2,2,-89,-85,-1.6,-0.8,-2.6,-1.8
-9.684e-03,-2,-8,-89,-95,-2.4,-3.2,-2.6,-3.4
-9.492e-03,-2,2,-91,-89,-1.6,-0.8,-2.6,-2.2
-9.300e-03,-2,-6,-93,-95,-2.4,-3.2,-3,-3.4
-9.108e-03,-2,2,-91,-89,-1.6,-0.8,-3,-2.6
-8.916e-03,-4,-6,-91,-95,-2.4,-3.2,-3,-3.8
-8.724e-03,-2,2,-91,-87,-1.6,-0.8,-3.4,-2.6
-8.531e-03,-4,-8,-89,-91,-2.4,-3.2,-3,-3.8
-8.339e-03,-4,2,-87,-83,-2.4,-0.8,-3.4,-2.6
-8.147e-03,-2,-6,-85,-89,-2.4,-3.2,-3,-3.8
-7.955e-03,-2,2,-85,-81,-2.4,-1.6,-3.4,-2.6
-7.763e-03,-4,-6,-83,-85,-2.4,-3.2,-3.4,-3.8
-7.571e-03,-2,2,-81,-75,-2.4,-0.8,-3.4,-2.6
-7.379e-03,-2,-6,-77,-79,-2.4,-3.2,-3.4,-3.8
-7.187e-03,-2,2,-75,-71,-2.4,-0.8,-3,-2.6
-6.995e-03,-4,-6,-73,-75,-2.4,-3.2,-3,-3.8
-6.803e-03,-2,2,-71,-65,-2.4,-0.8,-3,-2.6
-6.611e-03,-2,-6,-67,-69,-2.4,-3.2,-3,-3.4
-6.419e-03,-2,2,-63,-57,-1.6,-0.8,-3,-2.6
-6.227e-03,-4,-6,-61,-61,-2.4,-3.2,-3,-3.4
-6.035e-03,-4,2,-55,-49,-1.6,-0.8,-2.6,-2.2
-5.843e-03,-2,-6,-51,-53,-1.6,-2.4,-2.6,-3
-5.651e-03,-2,2,-45,-37,-1.6,-7.15256e-08,-2.6,-2.2
-5.459e-03,-4,-6,-39,-41,-1.6,-2.4,-2.6,-3
-5.267e-03,-4,2,-33,-25,-0.8,-7.15256e-08,-2.2,-1.8
-5.075e-03,-4,-8,-27,-29,-0.8,-2.4,-2.2,-2.6
-4.883e-03,-4,2,-23,-15,-0.8,-7.15256e-08,-1.8,-1.4
-4.691e-03,-2,-6,-17,-19,-0.8,-1.6,-1.8,-2.2
-4.499e-03,-2,2,-13,-5,-0.8,0.8,-1.4,-1
-4.307e-03,-2,-6,-7,-9,-0.8,-1.6,-1.4,-1.8
-4.115e-03,-2,2,-1,5,-7.15256e-08,0.8,-1.4,-0.6
-3.923e-03,-2,-6,3,1,-7.15256e-08,-1.6,-1,-1.8
-3.731e-03,-4,2,7,13,-7.15256e-08,0.8,-1,-0.2
-3.539e-03,-2,-6,11,9,-7.15256e-08,-0.8,-0.6,-1.4
-3.347e-03,-2,2,15,23,0.8,1.6,-0.6,0.2
-3.155e-03,-4,-6,21,19,0.8,-0.8,-0.2,-1
-2.963e-03,-2,2,27,33,0.8,1.6,-0.2,0.6
-2.771e-03,-2,-8,33,29,0.8,-7.15256e-08,0.2,-0.6
-2.579e-03,-2,2,37,43,1.6,2.4,0.2,1
-2.387e-03,-2,-6,43,39,1.6,-7.15256e-08,0.6,0.2
-2.195e-03,-4,2,47,53,1.6,2.4,0.6,1.4
-2.003e-03,-2,-6,51,49,2.4,0.8,1,0.6
-1.811e-03,-2,2,55,63,2.4,3.2,1.4,1.8
-1.619e-03,-2,-6,59,57,2.4,0.8,1.4,0.6
-1.427e-03,-4,2,65,71,2.4,3.2,1.4,2.2
-1.235e-03,-4,-6,69,65,2.4,1.6,1.8,1.4
-1.043e-03,-4,2,73,79,3.2,4,1.8,2.6
-8.510e-04,-4,-6,73,-25,2.4,1.6,1.8,0.2
-6.590e-04,-4,2,27,77,3.2,6.4,1.4,2.6
-4.670e-04,-2,-6,-23,-27,5.6,4.8,0.6,0.2
-2.750e-04,-2,2,-1,17,6.4,7.2,1.4,2.6
-8.295e-05,-2,-6,13,-1,6.4,5.6,1.8,1
1.091e-04,-2,2,3,15,8,10.4,1.4,2.6
3.011e-04,-2,-6,7,1,10.4,8.8,1.4,1
4.931e-04,-2,2,13,15,10.4,12,1.4,2.2
6.851e-04,-4,-6,1,-9,11.2,10.4,1.8,0.6
8.771e-04,-2,2,-7,5,12.8,14.4,1.4,1.8
1.069e-03,-4,-6,1,-9,13.6,12.8,1.4,1
1.261e-03,-4,2,3,5,14.4,16,1.4,2.2
1.453e-03,-2,-6,-7,-11,15.2,14.4,1.8,1
1.645e-03,-2,2,-7,5,16,17.6,1.8,2.2
1.837e-03,-4,-6,3,-3,16.8,16,1.8,1.4
2.029e-03,-2,2,3,7,17.6,19.2,1.8,2.2
2.221e-03,-4,-6,-1,-3,18.4,17.6,1.4,1
2.413e-03,-4,2,1,5,19.2,20,1.8,2.2
2.605e-03,-2,-6,3,-3,19.2,18.4,1.8,1
2.797e-03,-2,2,-1,5,20,20.8,1.8,2.2
2.989e-03,-4,-6,1,-3,20,18.4,1.8,1
3.181e-03,-4,2,1,3,20,21.6,1.8,2.2
3.373e-03,-2,-6,1,-3,20.8,19.2,1.8,1
3.565e-03,-2,2,1,5,20,21.6,1.8,2.2
3.757e-03,-2,-6,3,1,20.8,18.4,1.8,1
3.949e-03,-2,2,3,7,20,21.6,1.8,2.2
4.141e-03,-4,-6,1,1,20,18.4,1.4,1
4.333e-03,-2,2,3,7,20,20.8,1.4,1.8
4.525e-03,-2,-8,3,1,19.2,16.8,1.4,0.6
4.717e-03,-4,2,3,7,19.2,20,1.4,1.8
4.909e-03,-4,-6,3,1,18.4,16,1,0.6
5.101e-03,-2,2,3,7,17.6,19.2,1,1.4
5.293e-03,-4,-6,3,1,16.8,13.6,1,0.2
5.485e-03,-4,2,3,7,16,17.6,1,1.4
5.677e-03,-4,-6,3,-1,14.4,12,1,0.2
5.869e-03,-4,2,3,7,15.2,16,0.6,1.4
6.061e-03,-2,-6,3,-1,12.8,10.4,0.6,0.2
6.253e-03,-4,2,3,7,12,14.4,0.6,1.4
6.445e-03,-2,-6,1,-1,11.2,8,0.6,-0.2
6.637e-03,-2,2,3,5,9.6,12,0.6,1
6.829e-03,-2,-6,3,1,8.8,5.6,0.6,-0.2
7.022e-03,-2,2,5,7,6.4,9.6,0.2,1
7.214e-03,-4,-6,5,3,6.4,3.2,0.2,-1
7.406e-03,-2,2,5,7,4.8,7.2,0.2,0.6
7.598e-03,-4,-6,3,-1,4,0.8,-0.2,-1
7.790e-03,-2,2,3,7,3.2,4.8,-0.2,0.2
7.982e-03,-4,-6,1,-1,1.6,-1.6,-0.2,-1
8.174e-03,-2,2,1,5,0.8,2.4,-0.2,0.2
8.366e-03,-4,-6,3,1,-0.8,-4,-0.6,-1
8.558e-03,-4,2,3,5,-1.6,-7.15256e-08,-0.2,-0.2
8.750e-03,-2,-6,3,-1,-3.2,-6.4,-0.6,-1.4
8.942e-03,-4,2,1,5,-4.8,-2.4,-0.6,-0.2
9.134e-03,-4,-6,1,-1,-5.6,-8.8,-0.6,-1.4
9.326e-03,-4,2,3,5,-7.2,-4.8,-0.6,-0.2
9.518e-03,-4,-6,1,-1,-7.2,-11.2,-1,-1.8
9.710e-03,-4,2,1,3,-8.8,-6.4,-1.4,-0.6
9.902e-03,-2,-6,1,-3,-9.6,-12.8,-1,-1.8
1.009e-02,-2,2,1,3,-10.4,-8.8,-1,-0.6
1.029e-02,-2,-8,1,-3,-11.2,-14.4,-1.4,-1.8
1.048e-02,-4,2,1,3,-12.8,-10.4,-1.4,-1
1.067e-02,-2,-6,-1,-7,-12.8,-16.8,-1.4,-2.2
1.086e-02,-2,2,-1,7,-13.6,-12.8,-1.4,-1
1.105e-02,-4,-6,-1,-7,-15.2,-17.6,-1.4,-2.2
1.125e-02,-4,2,-1,3,-16,-14.4,-1.8,-1
1.144e-02,-4,-6,-3,-5,-16.8,-19.2,-1.4,-2.2
1.163e-02,-2,2,-1,1,-17.6,-16,-1.8,-1
1.182e-02,-2,-6,-3,-5,-18.4,-20,-1.4,-2.2
1.201e-02,-2,2,-3,1,-18.4,-16.8,-1.4,-1
1.221e-02,-2,-6,-3,-7,-19.2,-20.8,-1.4,-2.2
1.240e-02,-4,2,-3,-1,-19.2,-18.4,-1.8,-1
1.259e-02,-2,-6,-5,-7,-20,-21.6,-1.4,-2.2
1.278e-02,-4,2,-5,-1,-20,-19.2,-1.8,-1
1.297e-02,-4,-6,-3,-7,-20.8,-22.4,-1.8,-2.2
1.317e-02,-4,2,-5,-1,-20.8,-20,-1.8,-1
1.336e-02,-2,-8,-3,-9,-20.8,-22.4,-1.4,-2.2
1.355e-02,-4,2,-3,1,-20.8,-20,-1.4,-1
1.374e-02,-2,-6,-5,-11,-20.8,-22.4,-1.4,-2.2
1.393e-02,-2,2,-5,1,-20.8,-20,-1.4,-1
1.413e-02,-4,-6,-5,-9,-20.8,-21.6,-1.4,-1.8
1.432e-02,-2,2,-7,-3,-20,-19.2,-1.4,-0.6
1.451e-02,-2,-6,-7,-11,-19.2,-20.8,-1.4,-1.8
1.470e-02,-2,2,-7,-3,-19.2,-17.6,-1,-0.6
1.489e-02,-4,-6,-7,-9,-19.2,-20,-1,-1.8
1.509e-02,-4,2,-7,-3,-17.6,-16,-1,-0.6
1.528e-02,-4,-6,-7,-9,-16.8,-18.4,-0.6,-1.4
1.547e-02,-4,2,-7,-3,-16,-14.4,-0.6,-0.2
1.566e-02,-4,-6,-5,-9,-15.2,-16.8,-0.6,-1.4
1.585e-02,-2,2,-7,-3,-14.4,-12.8,-0.6,-0.2
1.605e-02,-2,-6,-5,-9,-13.6,-14.4,-0.2,-1
1.624e-02,-2,2,-5,-3,-12,-10.4,-0.2,-0.2
1.643e-02,-4,-6,-7,-9,-11.2,-12.8,-0.6,-1
1.662e-02,-4,2,-5,-3,-10.4,-8.8,-0.2,0.2
1.681e-02,-2,-6,-7,-9,-9.6,-10.4,-0.2,-0.6
1.701e-02,-2,2,-5,-3,-8.8,-6.4,-0.2,0.2
1.720e-02,-4,-6,-7,-9,-7.2,-8.8,-0.2,-0.6
1.739e-02,-2,2,-7,-3,-5.6,-4,0.2,0.6
1.758e-02,-2,-6,-5,-9,-4,-6.4,0.2,-0.2
1.777e-02,-2,2,-5,-3,-3.2,-1.6,0.2,1
1.797e-02,-4,-6,-7,-9,-2.4,-3.2,0.2,-0.2
1.816e-02,-4,2,-5,-1,-1.6,0.8,0.6,1
1.835e-02,-2,-8,-5,-7,-7.15256e-08,-0.8,0.6,0.2
1.854e-02,-2,2,-5,-3,1.6,3.2,0.6,1.4
1.873e-02,-4,-6,-5,-7,2.4,1.6,1,0.2
1.893e-02,-2,2,-5,-3,4,5.6,1,1.4
1.912e-02,-2,-6,-5,-7,4.8,4,1,0.2
1.931e-02,-4,2,-5,-1,6.4,8,1,1.4
1.950e-02,-4,-6,-5,-9,7.2,6.4,1,0.6
1.969e-02,-4,2,-5,1,8.8,10.4,1,1.8
1.989e-02,-2,-6,-3,-7,9.6,8.8,1.4,1
2.008e-02,-2,2,-3,1,11.2,12,1.4,1.8
2.027e-02,-2,-6,-3,-7,11.2,10.4,1.4,1
2.046e-02,-2,2,-5,1,12,14.4,1.4,2.2
2.065e-02,-2,-6,-3,-7,13.6,12,1.4,1
2.085e-02,-4,2,-3,1,14.4,16,1.8,2.2
2.104e-02,-4,-6,-1,-5,15.2,14.4,1.8,1.4
2.123e-02,-2,2,-1,3,16,17.6,1.8,2.2
2.142e-02,-4,-6,-1,-3,16.8,15.2,1.8,1.4
2.161e-02,-2,2,-1,3,17.6,19.2,1.8,2.2
2.181e-02,-2,-6,-1,-3,17.6,16.8,1.8,1.4
2.200e-02,-2,2,-1,3,18.4,20,1.8,2.2
2.219e-02,-2,-6,1,-3,19.2,17.6,1.8,1.4
2.238e-02,-2,2,-1,3,19.2,20.8,1.8,2.2
2.257e-02,-4,-6,1,-3,20,18.4,1.8,1.4
2.277e-02,-4,2,1,5,20.8,21.6,1.8,2.2
2.296e-02,-2,-6,3,-1,20,19.2,1.8,1.4
2.315e-02,-2,2,3,5,20.8,21.6,1.8,2.2
2.334e-02,-4,-6,1,-1,20,19.2,1.8,1.4
2.353e-02,-2,2,3,5,20.8,22.4,1.8,2.2
2.373e-02,-2,-6,1,-1,21.6,19.2,1.8,1
2.392e-02,-2,2,3,5,21.6,22.4,1.8,2.2
2.411e-02,-4,-6,1,1,20.8,18.4,1.4,1
2.430e-02,-2,2,3,5,20,21.6,1.8,2.2
2.449e-02,-2,-6,3,1,20,17.6,1.4,1
2.469e-02,-2,2,5,7,19.2,20.8,1.4,1.8
2.488e-02,-2,-6,5,1,19.2,16,1.4,0.6
2.507e-02,-2,2,3,7,17.6,19.2,1.4,1.8
2.526e-02,-2,-8,3,1,17.6,14.4,1,0.6
2.545e-02,-2,2,3,5,16.8,17.6,1,1.4
2.565e-02,-4,-6,3,1,15.2,12.8,1,0.2
2.584e-02,-4,2,3,5,15.2,16.8,1,1.4
2.603e-02,-4,-6,3,1,13.6,11.2,0.6,0.2
2.622e-02,-4,2,3,5,12.8,15.2,0.6,1.4
2.641e-02,-2,-6,3,1,11.2,8.8,0.6,-0.2
2.661e-02,-2,2,3,5,10.4,12.8,0.6,1
2.680e-02,-4,-6,3,1,9.6,6.4,0.2,-0.2
2.699e-02,-2,2,3,7,8.8,10.4,0.2,1
2.718e-02,-2,-6,3,1,7.2,4,0.2,-0.6
2.737e-02,-4,2,3,7,6.4,8.8,0.2,0.6
2.757e-02,-4,-6,3,1,5.6,1.6,-0.2,-0.6
2.776e-02,-2,2,3,7,4,6.4,-0.2,0.6
2.795e-02,-6,-6,3,1,3.2,-0.8,-0.2,-1
2.814e-02,-2,2,3,5,0.8,4,-0.2,0.2
2.833e-02,-4,-6,3,1,0.8,-3.2,-0.2,-1
2.853e-02,-2,2,3,5,-0.8,0.8,-0.2,0.2
2.872e-02,-2,-6,3,-1,-2.4,-5.6,-0.6,-1.4
2.891e-02,-4,2,1,5,-2.4,-1.6,-0.6,-0.2
2.910e-02,-2,-6,3,-1,-4.8,-8,-1,-1.4
2.929e-02,-2,2,1,5,-5.6,-3.2,-1,-0.2
2.949e-02,-4,-6,1,-1,-7.2,-10.4,-1,-1.8
2.968e-02,-2,2,1,3,-8,-6.4,-1,-0.6
2.987e-02,-2,-6,1,-1,-8,-12,-1,-1.8
3.006e-02,-4,2,1,3,-9.6,-8,-1,-0.6
3.025e-02,-4,-8,1,-3,-10.4,-14.4,-1,-1.8
3.045e-02,-4,2,1,3,-12,-10.4,-1.4,-0.6
3.064e-02,-2,-6,-1,-3,-13.6,-16,-1.4,-1.8
3.083e-02,-2,2,1,3,-14.4,-12,-1.4,-1
3.102e-02,-2,-6,-1,-5,-14.4,-17.6,-1.4,-2.2
3.122e-02,-4,2,-1,1,-15.2,-13.6,-1.4,-1
3.141e-02,-2,-6,-3,-5,-16,-19.2,-1.4,-2.2
3.160e-02,-2,2,-3,1,-16.8,-15.2,-1.8,-1
3.179e-02,-2,-6,-1,-5,-17.6,-20,-1.4,-2.2
3.198e-02,-4,2,-3,1,-18.4,-16.8,-1.4,-1
3.218e-02,-2,-6,-3,-5,-19.2,-20.8,-1.4,-2.2
3.237e-02,-4,2,-3,1,-19.2,-17.6,-1.4,-1
3.256e-02,-2,-8,-3,-7,-20,-21.6,-1.8,-2.2
3.275e-02,-4,2,-3,-1,-20,-18.4,-1.8,-1
3.294e-02,-4,-6,-5,-7,-20.8,-21.6,-1.8,-2.2
3.314e-02,-2,2,-5,-1,-20.8,-19.2,-1.4,-1
3.333e-02,-2,-6,-3,-7,-20.8,-22.4,-1.8,-2.2
3.352e-02,-2,2,-5,-1,-20.8,-20,-1.4,-1
3.371e-02,-2,-6,-5,-7,-20.8,-21.6,-1.4,-1.8
3.390e-02,-2,2,-5,-1,-20.8,-19.2,-1.4,-1
3.410e-02,-2,-6,-5,-9,-20,-21.6,-1.4,-1.8
3.429e-02,-2,2,-5,-3,-20,-18.4,-1.4,-0.6
3.448e-02,-4,-6,-7,-9,-19.2,-20.8,-1.4,-1.8
3.467e-02,-4,2,-7,-3,-18.4,-17.6,-1,-0.6
3.486e-02,-1.3411e-07,-6,-7,-9,-18.4,-19.2,-1,-1.4
3.506e-02,-4,2,-7,-3,-17.6,-16,-1,-0.2
3.525e-02,-2,-6,-7,-9,-16.8,-18.4,-1,-1.4
3.544e-02,-2,2,-7,-3,-16,-14.4,-0.6,-0.2
3.563e-02,-2,-6,-7,-9,-15.2,-16.8,-0.6,-1.4
3.582e-02,-2,2,-7,-3,-14.4,-12.8,-0.6,-0.2
3.602e-02,-4,-6,-7,-9,-13.6,-14.4,-0.6,-1
3.621e-02,-2,2,-7,-3,-12,-10.4,-0.6,-0.2
3.640e-02,-4,-6,-7,-9,-12,-12.8,-0.2,-1
3.659e-02,-2,2,-5,-3,-10.4,-8.8,-0.6,0.2
3.678e-02,-2,-6,-7,-9,-8.8,-10.4,-0.2,-0.6
3.698e-02,-2,2,-7,-3,-8,-6.4,-0.2,0.6
3.717e-02,-2,-6,-5,-9,-7.2,-8,0.2,-0.6
3.736e-02,-4,2,-7,-3,-5.6,-4,0.2,0.6
3.755e-02,-2,-6,-7,-9,-4.8,-6.4,0.2,-0.2
3.774e-02,-4,2,-7,-3,-3.2,-1.6,0.2,1
3.794e-02,-2,-6,-5,-9,-2.4,-3.2,0.2,-0.2
3.813e-02,-2,2,-5,-3,-0.8,0.8,0.6,1
3.832e-02,-2,-6,-5,-7,0.8,-0.8,0.6,0.2
3.851e-02,-4,2,-5,-3,1.6,3.2,1,1.4
3.870e-02,-2,-6,-5,-7,2.4,1.6,0.6,0.2
3.890e-02,-2,2,-5,-3,3.2,5.6,1,1.4
3.909e-02,-4,-6,-5,-7,5.6,4,1,0.6
3.928e-02,-4,2,-5,-1,6.4,8,1.4,1.8
3.947e-02,-4,-6,-3,-7,7.2,6.4,1,0.6
3.966e-02,-2,2,-3,-1,8.8,10.4,1.4,1.8
3.986e-02,-4,-6,-3,-7,9.6,8.8,1.4,1
4.005e-02,-4,2,-3,-1,10.4,12.8,1.4,1.8
4.024e-02,-2,-6,-5,-5,12,10.4,1.4,1
4.043e-02,-2,2,-3,-1,12.8,14.4,1.4,2.2
4.062e-02,-4,-6,-3,-5,14.4,12.8,1.4,1.4
4.082e-02,-2,2,-3,1,14.4,16,1.8,2.2
4.101e-02,-2,-6,-3,-3,15.2,14.4,1.4,1.4
4.120e-02,-2,2,-1,1,16,17.6,1.8,2.2
4.139e-02,-4,-6,-1,-3,16.8,16,1.8,1.4
4.158e-02,-2,2,-1,1,17.6,19.2,2.2,2.2
4.178e-02,-4,-6,-1,-3,18.4,16.8,1.8,1.4
4.197e-02,-4,2,-1,3,18.4,20,1.8,2.2
4.216e-02,-2,-6,1,-3,19.2,18.4,1.8,1.4
4.235e-02,-4,2,-1,3,19.2,20.8,1.8,2.2
4.254e-02,-4,-6,1,-1,20,19.2,1.8,1.4
4.274e-02,-4,2,1,3,20.8,21.6,1.8,2.6
4.293e-02,-2,-6,1,-1,20.8,19.2,1.8,1.4
4.312e-02,-2,2,1,5,20.8,22.4,1.8,2.6
4.331e-02,-2,-8,1,-1,21.6,20,1.8,1.4
4.350e-02,-4,2,1,5,20.8,22.4,1.8,2.2
4.370e-02,-2,-6,1,-1,21.6,19.2,1.8,1
4.389e-02,-2,2,1,5,21.6,22.4,1.8,2.2
4.408e-02,-4,-6,1,-1,20.8,19.2,1.8,1
4.427e-02,-4,2,1,5,20,21.6,1.8,2.2
4.446e-02,-2,-6,3,1,20,17.6,1.8,1
4.466e-02,-4,2,3,7,19.2,20.8,1.4,1.8
4.485e-02,-2,-6,3,1,19.2,16.8,1.4,0.6
4.504e-02,-4,2,5,7,18.4,20,1.4,1.8
4.523e-02,-2,-6,3,1,17.6,15.2,1.4,0.6
4.542e-02,-2,2,3,7,16.8,18.4,1.4,1.8
4.562e-02,-2,-6,3,1,16,13.6,1,0.2
4.581e-02,-4,2,3,5,15.2,16.8,1,1.4
4.600e-02,-2,-6,3,1,14.4,11.2,1,0.2
4.619e-02,-4,2,3,5,13.6,15.2,0.6,1.4
4.638e-02,-2,-6,3,1,12,9.6,0.6,0.2
4.658e-02,-2,2,3,5,11.2,13.6,0.6,1
4.677e-02,-2,-6,3,1,10.4,7.2,0.6,-0.2
4.696e-02,-2,2,3,7,8.8,11.2,0.6,1
4.715e-02,-4,-6,1,1,8,4.8,0.2,-0.6
4.734e-02,-2,2,3,7,7.2,8.8,0.2,0.6
4.754e-02,-2,-6,3,1,5.6,2.4,0.2,-0.6
4.773e-02,-2,2,3,7,4.8,6.4,-0.2,0.6
4.792e-02,-2,-8,3,1,3.2,-7.15256e-08,-0.2,-1
4.811e-02,-2,2,3,5,1.6,4,-0.2,0.2
4.830e-02,-2,-6,3,-1,0.8,-2.4,-0.2,-1
4.850e-02,-2,2,3,5,-0.8,1.6,-0.2,0.2
4.869e-02,-2,-6,3,-1,-1.6,-4.8,-0.6,-1
4.888e-02,-2,2,3,5,-2.4,-0.8,-0.6,-0.2
4.907e-02,-6,-6,1,-1,-4,-7.2,-0.6,-1.4
4.926e-02,-2,2,1,5,-5.6,-3.2,-0.6,-0.2
4.946e-02,-6,-6,1,-1,-6.4,-9.6,-0.6,-1.4
4.965e-02,-2,2,1,3,-8,-5.6,-1,-0.6
4.984e-02,-2,-6,1,-1,-8.8,-12,-1,-1.8
5.003e-02,-4,2,1,3,-9.6,-8,-1.4,-0.6
5.022e-02,-4,-6,-1,-3,-10.4,-13.6,-1,-1.8
5.042e-02,-4,2,1,3,-11.2,-9.6,-1.4,-0.6
5.061e-02,-2,-6,-1,-3,-12.8,-15.2,-1.4,-2.2
5.080e-02,-4,2,1,3,-13.6,-11.2,-1.4,-1
5.099e-02,-2,-6,-1,-5,-14.4,-16.8,-1.4,-2.2
5.118e-02,-2,2,-1,1,-15.2,-13.6,-1.4,-1
5.138e-02,-4,-6,-3,-5,-15.2,-18.4,-1.4,-2.2
5.157e-02,-4,2,-3,1,-16.8,-15.2,-1.4,-1
5.176e-02,-2,-6,-3,-5,-17.6,-19.2,-1.4,-2.2
5.195e-02,-2,2,-3,1,-17.6,-16,-1.8,-1
5.214e-02,-2,-6,-1,-5,-18.4,-20.8,-1.8,-2.2
5.234e-02,-4,2,-3,-1,-19.2,-17.6,-1.4,-1
5.253e-02,-4,-6,-3,-7,-20,-20.8,-1.4,-2.2
5.272e-02,-2,2,-3,-1,-20,-18.4,-1.4,-1
5.291e-02,-4,-6,-5,-7,-20,-21.6,-1.4,-2.2
5.310e-02,-4,2,-5,-1,-20,-19.2,-1.8,-1
5.330e-02,-2,-6,-5,-7,-20,-21.6,-1.4,-2.2
5.349e-02,-2,2,-5,-1,-20.8,-19.2,-1.4,-1
5.368e-02,-2,-6,-5,-7,-20,-21.6,-1.4,-2.2
5.387e-02,-4,2,-5,-3,-20,-19.2,-1.4,-1
5.406e-02,-2,-6,-5,-9,-20,-21.6,-1.4,-1.8
5.426e-02,-6,2,-7,-3,-20,-18.4,-1.4,-0.6
5.445e-02,-4,-6,-7,-9,-19.2,-20.8,-1.4,-1.8
5.464e-02,-4,2,-7,-3,-19.2,-17.6,-1,-0.6
5.483e-02,-2,-6,-7,-9,-18.4,-19.2,-1,-1.8
5.502e-02,-2,2,-7,-3,-17.6,-16,-1,-0.2
5.522e-02,-2,-6,-7,-9,-16.8,-18.4,-0.6,-1.4
5.541e-02,-2,2,-7,-3,-16,-14.4,-1,-0.2
5.560e-02,-2,-6,-7,-9,-15.2,-16.8,-0.6,-1.4
5.579e-02,-2,2,-5,-3,-14.4,-12,-0.6,-0.2
5.598e-02,-4,-6,-7,-9,-13.6,-14.4,-0.6,-1
5.618e-02,-2,2,-5,-3,-12.8,-10.4,-0.6,0.2
5.637e-02,-2,-6,-7,-9,-11.2,-12.8,-0.2,-1
5.656e-02,-2,2,-5,-3,-9.6,-8.8,-0.2,0.2
5.675e-02,-2,-6,-5,-9,-8.8,-10.4,-0.6,-0.6
5.694e-02,-4,2,-7,-3,-8,-6.4,-0.2,0.2
5.714e-02,-4,-6,-7,-9,-7.2,-8.8,0.2,-0.6
5.733e-02,-2,2,-7,-3,-5.6,-4,0.2,0.6
5.752e-02,-2,-6,-7,-9,-4.8,-5.6,0.2,-0.2
5.771e-02,-2,2,-5,-3,-3.2,-1.6,0.2,1
5.790e-02,-6,-6,-7,-9,-2.4,-3.2,0.6,-0.2
5.810e-02,-2,2,-5,-3,-1.6,0.8,0.6,1
5.829e-02,-2,-6,-5,-9,-7.15256e-08,-0.8,1,0.2
5.848e-02,-2,2,-5,-3,1.6,3.2,0.6,1.4
5.867e-02,-2,-6,-5,-9,2.4,1.6,0.6,0.2
5.886e-02,-2,2,-5,-3,4,5.6,1,1.4
5.906e-02,-4,-6,-5,-7,4.8,4,1,0.6
5.925e-02,-2,2,-5,-1,6.4,8,1,1.8
5.944e-02,-2,-8,-3,-7,7.2,6.4,1.4,0.6
5.963e-02,-2,2,-3,-1,8.8,10.4,1,1.8
5.982e-02,-4,-6,-3,-7,8.8,8.8,1.4,1
6.002e-02,-2,2,-3,-1,10.4,12,1.4,1.8
6.021e-02,-4,-6,-3,-7,12,10.4,1.4,1
6.040e-02,-4,2,-3,-1,12.8,14.4,1.8,2.2
6.059e-02,-2,-6,-3,-5,12.8,12,1.4,1
6.078e-02,-2,2,-3,1,14.4,16,1.8,2.2
6.098e-02,-4,-6,-3,-3,15.2,14.4,1.8,1.4
6.117e-02,-2,2,-3,1,16,17.6,1.8,2.2
6.136e-02,-2,-6,-1,-3,16.8,16,1.4,1.4
6.155e-02,-2,2,-1,1,17.6,19.2,1.8,2.2
6.175e-02,-2,-6,-1,-3,18.4,16.8,1.8,1.4
6.194e-02,-2,2,-1,1,18.4,20,1.8,2.2
6.213e-02,-4,-6,1,-3,19.2,18.4,1.8,1.4
6.232e-02,-1.3411e-07,2,-1,3,20,20.8,1.8,2.6
6.251e-02,-4,-6,1,-1,20,19.2,1.8,1.4
6.271e-02,-2,2,1,3,20.8,21.6,1.8,2.2
6.290e-02,-2,-6,1,-1,20.8,20,2.2,1.4
6.309e-02,-2,2,1,5,21.6,22.4,1.8,2.2
6.328e-02,-4,-6,1,-1,21.6,20,1.8,1.4
6.347e-02,-2,2,1,5,21.6,22.4,1.8,2.2
6.367e-02,-2,-6,3,-1,21.6,20,1.8,1.4
6.386e-02,-2,2,3,5,21.6,22.4,1.4,2.2
6.405e-02,-2,-6,1,1,21.6,19.2,1.8,1
6.424e-02,-4,2,1,5,20.8,21.6,1.8,2.2
6.443e-02,-2,-6,3,1,20,18.4,1.4,1
6.463e-02,-2,2,3,7,20,21.6,1.4,1.8
6.482e-02,-2,-6,5,1,18.4,16.8,1.4,0.6
6.501e-02,-2,2,5,7,18.4,20,1.4,1.8
6.520e-02,-2,-6,3,1,18.4,15.2,1.4,0.6
6.539e-02,-2,2,3,7,16.8,18.4,1,1.8
6.559e-02,-2,-6,3,1,16.8,13.6,1,0.2
6.578e-02,-2,2,3,5,16,17.6,1,1.4
6.597e-02,-2,-6,3,1,14.4,12,1,0.2
6.616e-02,-2,2,3,5,13.6,15.2,0.6,1.4
6.635e-02,-2,-6,3,1,12.8,9.6,0.6,0.2
6.655e-02,-2,2,3,5,12,13.6,0.6,1.4
6.674e-02,-4,-6,3,1,10.4,7.2,0.6,-0.2
6.693e-02,-2,2,3,7,9.6,12,0.6,1
6.712e-02,-1.3411e-07,-6,5,1,8,4.8,0.6,-0.2
6.731e-02,-4,2,3,7,7.2,9.6,0.2,1
6.751e-02,-2,-6,3,1,6.4,2.4,0.2,-0.6
6.770e-02,-2,2,3,7,4.8,6.4,0.2,0.6
6.789e-02,-4,-6,1,1,4,-7.15256e-08,-0.2,-1
6.808e-02,-2,2,3,5,2.4,4.8,-0.2,0.2
6.827e-02,-2,-6,3,-1,1.6,-2.4,-0.2,-1
6.847e-02,-4,2,3,5,-7.15256e-08,1.6,-0.2,0.2
6.866e-02,-1.3411e-07,-6,1,-1,-1.6,-4.8,-0.6,-1
6.885e-02,-2,2,3,5,-2.4,-0.8,-0.6,-0.2
6.904e-02,-2,-6,3,-1,-4,-7.2,-0.6,-1.4
6.923e-02,-2,2,1,5,-4.8,-3.2,-1,-0.2
6.943e-02,-2,-6,1,-1,-6.4,-9.6,-1,-1.4
6.962e-02,-2,2,1,3,-7.2,-5.6,-1,-0.2
6.981e-02,-2,-6,1,-1,-8,-11.2,-1,-1.8
7.000e-02,-2,2,1,3,-9.6,-7.2,-1,-0.6
7.019e-02,-1.3411e-07,-6,1,-3,-10.4,-13.6,-1.4,-1.8
7.039e-02,-2,2,1,3,-11.2,-9.6,-1,-0.6
7.058e-02,-2,-6,-1,-3,-12,-15.2,-1.4,-1.8
7.077e-02,-2,2,-1,3,-12.8,-11.2,-1.4,-1
7.096e-02,-4,-6,-1,-5,-14.4,-16.8,-1.4,-1.8
7.115e-02,-2,2,-1,1,-14.4,-12.8,-1.4,-1
7.135e-02,-2,-6,-3,-5,-16,-18.4,-1.4,-2.2
7.154e-02,-2,2,-1,1,-16,-14.4,-1.4,-1
7.173e-02,-2,-6,-3,-5,-17.6,-19.2,-1.4,-2.2
7.192e-02,-2,2,-3,1,-17.6,-16,-1.4,-1
7.211e-02,-2,-6,-3,-5,-18.4,-20,-1.4,-2.2
7.231e-02,-2,2,-1,1,-18.4,-17.6,-1.4,-1
7.250e-02,-2,-6,-3,-7,-19.2,-20.8,-1.4,-2.2
7.269e-02,-2,2,-3,-1,-20,-18.4,-1.8,-1
7.288e-02,-2,-6,-5,-7,-19.2,-21.6,-1.8,-2.2
7.307e-02,-2,2,-3,-3,-20,-18.4,-1.8,-1
7.327e-02,-4,-6,-3,-7,-20,-21.6,-1.4,-2.2
7.346e-02,-2,2,-3,-1,-20,-19.2,-1.8,-1
7.365e-02,-4,-6,-3,-7,-20,-21.6,-1.4,-1.8
7.384e-02,-1.3411e-07,2,-5,-3,-20,-19.2,-1.4,-1
7.403e-02,-4,-6,-5,-9,-20,-20.8,-1.4,-1.8
7.423e-02,-4,2,-5,-3,-19.2,-18.4,-1.4,-0.6
7.442e-02,-2,-6,-5,-9,-19.2,-20.8,-1,-1.8
7.461e-02,-2,2,-5,-3,-19.2,-17.6,-1,-0.6
7.480e-02,-2,-6,-7,-9,-18.4,-19.2,-1,-1.4
7.499e-02,-2,2,-7,-3,-17.6,-16,-1,-0.6
7.519e-02,-2,-6,-7,-9,-16.8,-18.4,-1,-1.4
7.538e-02,-4,2,-7,-3,-16,-14.4,-0.6,-0.2
7.557e-02,-2,-6,-5,-9,-15.2,-16.8,-0.6,-1
7.576e-02,-2,2,-7,-3,-14.4,-12.8,-0.6,-0.2
7.595e-02,-2,-6,-5,-9,-13.6,-14.4,-0.6,-1.4
7.615e-02,-4,2,-5,-3,-12,-10.4,-0.6,0.2
7.634e-02,-2,-6,-5,-9,-11.2,-12.8,-0.6,-1
7.653e-02,-2,2,-5,-3,-10.4,-8.8,-0.2,0.2
7.672e-02,-2,-8,-7,-9,-9.6,-11.2,-0.2,-0.6
7.691e-02,-2,2,-7,-3,-8,-6.4,-0.2,0.2
7.711e-02,-4,-6,-7,-9,-7.2,-8.8,0.2,-0.6
7.730e-02,-2,2,-7,-5,-6.4,-4,0.2,0.6
7.749e-02,-4,-6,-7,-9,-4.8,-6.4,0.2,-0.2
7.768e-02,-2,2,-7,-3,-4,-1.6,0.2,1
7.787e-02,-2,-6,-7,-9,-2.4,-4,0.6,-0.2
7.807e-02,-2,2,-5,-3,-1.6,0.8,0.6,1
7.826e-02,-2,-6,-5,-7,-7.15256e-08,-0.8,0.6,0.2
7.845e-02,-1.3411e-07,2,-5,-3,1.6,3.2,0.6,1.4
7.864e-02,-2,-6,-7,-7,2.4,1.6,1,0.2
7.883e-02,-2,2,-5,-3,4,5.6,1,1.4
7.903e-02,-2,-6,-5,-7,4.8,4,1,0.6
7.922e-02,-4,2,-5,-1,5.6,8,1,1.8
7.941e-02,-2,-6,-3,-7,7.2,6.4,1.4,0.6
7.960e-02,-4,2,-3,-1,8,10.4,1,1.8
7.979e-02,-2,-6,-3,-7,8.8,8,1.4,1
7.999e-02,-2,2,-3,-1,10.4,12,1.4,2.2
8.018e-02,-4,-6,-3,-7,12,10.4,1.8,1
8.037e-02,-2,2,-3,-1,12.8,14.4,1.4,2.2
8.056e-02,-4,-6,-3,-5,13.6,12,1.4,1
8.075e-02,-4,2,-1,1,14.4,16,1.8,2.2
8.095e-02,-2,-6,-3,-5,15.2,14.4,1.8,1.4
8.114e-02,-4,2,-1,1,16,17.6,1.8,2.2
8.133e-02,-2,-6,-1,-3,16.8,15.2,1.8,1.4
8.152e-02,-2,2,-1,1,17.6,19.2,1.8,2.2
8.171e-02,-4,-6,-1,-3,17.6,16.8,1.8,1.4
8.191e-02,-2,2,-1,1,18.4,20,2.2,2.6
8.210e-02,-2,-6,-1,-3,19.2,18.4,1.8,1.4
8.229e-02,-1.3411e-07,2,-1,3,20,20.8,1.8,2.6
8.248e-02,-2,-6,-1,-1,20,19.2,2.2,1.4
8.267e-02,-2,2,1,3,20,21.6,1.8,2.2
8.287e-02,-4,-6,1,-1,20.8,20,1.8,1.4
8.306e-02,-2,2,1,5,21.6,22.4,1.8,2.2
8.325e-02,-2,-6,1,-1,21.6,20,1.8,1.4
8.344e-02,-2,2,1,5,21.6,22.4,1.8,2.2
8.363e-02,-2,-6,1,-1,21.6,20,1.8,1
8.383e-02,-4,2,1,5,21.6,22.4,1.4,2.2
8.402e-02,-2,-6,1,-1,21.6,19.2,1.8,1
8.421e-02,-4,2,3,5,21.6,22.4,1.8,2.2
8.440e-02,-4,-6,3,1,20.8,18.4,1.4,1
8.459e-02,-2,2,3,7,20.8,21.6,1.4,2.2
8.479e-02,-2,-6,3,1,19.2,16.8,1.4,0.6
8.498e-02,-2,2,3,7,19.2,20.8,1.4,1.8
8.517e-02,-2,-6,3,1,18.4,16,1,0.6
8.536e-02,-4,2,3,7,17.6,19.2,1,1.8
8.555e-02,-4,-6,3,1,16.8,13.6,1,0.6
8.575e-02,-2,2,3,5,16,17.6,1,1.4
8.594e-02,-2,-6,3,1,14.4,12,1,0.2
8.613e-02,-4,2,5,5,13.6,16,0.6,1.4
8.632e-02,-2,-6,3,1,12.8,10.4,0.6,0.2
8.651e-02,-4,2,3,7,12,13.6,1,1.4
8.671e-02,-2,-6,3,1,11.2,8,0.6,-0.2
8.690e-02,-2,2,3,5,9.6,12,0.6,1
8.709e-02,-2,-6,3,1,8.8,5.6,0.6,-0.6
8.728e-02,-2,2,3,7,7.2,9.6,0.2,1
8.747e-02,-4,-6,5,1,6.4,3.2,0.2,-0.6
8.767e-02,-2,2,3,7,5.6,7.2,0.2,0.6
8.786e-02,-2,-6,3,1,4,0.8,0.2,-1
8.805e-02,-2,2,3,5,2.4,4.8,-0.2,0.2
8.824e-02,-2,-6,3,-1,1.6,-1.6,-0.2,-1
8.843e-02,-4,2,3,5,-7.15256e-08,2.4,-0.2,0.2
8.863e-02,-4,-6,3,-1,-0.8,-4.8,-0.6,-1.4
8.882e-02,-2,2,3,5,-2.4,-7.15256e-08,-0.6,-0.2
8.901e-02,-2,-6,1,-1,-3.2,-7.2,-1,-1.4
8.920e-02,-2,2,1,5,-4.8,-2.4,-0.6,-0.2
8.939e-02,-2,-6,1,-1,-5.6,-8.8,-0.6,-1.4
8.959e-02,-2,2,1,3,-6.4,-4.8,-1,-0.2
8.978e-02,-2,-6,-1,-1,-8,-11.2,-1,-1.8
8.997e-02,-4,2,1,3,-8.8,-7.2,-1,-0.6
9.016e-02,-2,-6,1,-3,-9.6,-12.8,-1,-1.8
9.035e-02,-2,2,-1,3,-10.4,-8.8,-1.4,-0.6
9.055e-02,-2,-6,-1,-3,-12,-14.4,-1,-2.2
9.074e-02,-2,2,-1,3,-12.8,-10.4,-1.4,-0.6
9.093e-02,-2,-6,-1,-5,-13.6,-16.8,-1,-2.2
9.112e-02,-2,2,-1,1,-14.4,-12.8,-1.4,-1
9.131e-02,-2,-6,-3,-5,-16,-18.4,-1.4,-2.2
9.151e-02,-2,2,-3,1,-16,-14.4,-1.4,-1
9.170e-02,-2,-6,-3,-5,-16.8,-19.2,-1.4,-2.2
9.189e-02,-2,2,-3,1,-17.6,-16,-1.4,-1
9.208e-02,-2,-6,-3,-5,-18.4,-20,-1.4,-2.2
9.227e-02,-4,2,-3,1,-18.4,-16.8,-1.4,-1
9.247e-02,-2,-6,-3,-7,-18.4,-20.8,-1.4,-2.2
9.266e-02,-4,2,-3,-1,-19.2,-18.4,-1.8,-1
9.285e-02,-2,-6,-3,-7,-19.2,-21.6,-1.4,-2.2
9.304e-02,-4,2,-3,-1,-20,-18.4,-1.4,-1
9.324e-02,-1.3411e-07,-8,-5,-7,-20,-21.6,-1.4,-2.2
9.343e-02,-2,2,-3,-1,-20.8,-19.2,-1.4,-1
9.362e-02,-2,-6,-5,-7,-20.8,-21.6,-1.4,-2.2
9.381e-02,-4,2,-5,-3,-20.8,-19.2,-1.4,-1
9.400e-02,-2,-6,-5,-7,-20,-20.8,-1.4,-1.8
9.420e-02,-2,2,-7,-3,-20,-18.4,-1,-0.6
9.439e-02,-2,-6,-5,-9,-19.2,-20.8,-1,-1.8
9.458e-02,-2,2,-7,-3,-19.2,-17.6,-1,-0.6
9.477e-02,-2,-6,-7,-9,-18.4,-19.2,-1,-1.4
9.496e-02,-2,2,-7,-3,-17.6,-16,-1,-0.6
9.516e-02,-4,-6,-7,-9,-17.6,-18.4,-0.6,-1.4
9.535e-02,-4,2,-7,-3,-16,-14.4,-1,-0.2
9.554e-02,-2,-6,-7,-9,-15.2,-16.8,-0.6,-1.4
9.573e-02,-2,2,-7,-3,-14.4,-12.8,-0.6,-0.2
9.592e-02,-4,-6,-7,-9,-13.6,-14.4,-0.6,-1
9.612e-02,-4,2,-7,-3,-13.6,-11.2,-0.2,0.2
9.631e-02,-4,-6,-5,-9,-11.2,-12.8,-0.2,-1
9.650e-02,-2,2,-5,-3,-10.4,-8.8,-0.2,0.2
9.669e-02,-2,-6,-5,-9,-9.6,-11.2,-0.2,-0.6
9.688e-02,-4,2,-5,-3,-8.8,-6.4,-0.2,0.2
9.708e-02,-2,-6,-7,-9,-7.2,-8.8,-0.2,-0.6
9.727e-02,-2,2,-7,-5,-6.4,-4.8,0.2,0.6
9.746e-02,-1.3411e-07,-6,-7,-9,-4.8,-6.4,0.2,-0.6
9.765e-02,-2,2,-7,-3,-4,-1.6,0.2,1
9.784e-02,-1.3411e-07,-6,-5,-9,-2.4,-4,0.6,-0.2
9.804e-02,-2,2,-5,-3,-1.6,0.8,0.6,1
9.823e-02,-2,-6,-5,-9,-7.15256e-08,-1.6,0.6,0.2
9.842e-02,-4,2,-7,-3,0.8,3.2,0.6,1.4
9.861e-02,-2,-6,-5,-9,2.4,0.8,1,0.2
9.880e-02,-2,2,-5,-3,4,5.6,1,1.4
9.900e-02,-2,-6,-5,-7,4.8,4,1,0.6
9.919e-02,-4,2,-3,-1,5.6,8,1,1.8
9.938e-02,-2,-6,-5,-7,7.2,5.6,1.4,0.6
9.957e-02,-1.3411e-07,2,-5,-1,8,9.6,1.4,1.8
9.976e-02,-4,-6,-5,-7,8.8,8,1.4,1
9.996e-02,-2,2,-3,-1,10.4,12,1.4,1.8
1.001e-01,-2,-6,-3,-7,11.2,10.4,1.4,1
1.003e-01,-2,2,-3,-1,12,14.4,1.4,2.2
1.005e-01,-4,-6,-3,-5,12.8,12,1.4,1
1.007e-01,-2,2,-3,-1,13.6,16,1.8,2.2
1.009e-01,-2,-6,-3,-5,15.2,13.6,1.8,1.4
1.011e-01,-2,2,-1,1,15.2,17.6,1.8,2.2
1.013e-01,-2,-8,-1,-3,16.8,15.2,1.8,1.4
1.015e-01,-2,2,-1,1,16.8,19.2,1.8,2.2
1.017e-01,-2,-6,-1,-3,17.6,16.8,1.8,1.4
1.019e-01,-4,2,-1,1,18.4,20,1.8,2.2
1.021e-01,-4,-6,-1,-3,19.2,18.4,1.8,1.4
1.023e-01,-2,2,-1,3,20,20.8,2.2,2.6
1.025e-01,-4,-6,1,-3,20,19.2,1.8,1.4
1.026e-01,-2,2,1,3,20,21.6,1.8,2.6
1.028e-01,-4,-6,1,-1,20.8,20,2.2,1.4
1.030e-01,-2,2,3,5,21.6,22.4,1.8,2.2
1.032e-01,-2,-6,1,-1,21.6,20,1.8,1.4
1.034e-01,-2,2,1,5,21.6,22.4,1.8,2.2
1.036e-01,-2,-6,1,-1,21.6,20,1.8,1
1.038e-01,-4,2,1,5,21.6,22.4,1.8,2.2
1.040e-01,-4,-6,1,-1,21.6,19.2,1.8,1
1.042e-01,-2,2,3,5,20.8,22.4,1.8,2.2
1.044e-01,-4,-6,3,1,20.8,18.4,1.8,1
1.046e-01,-2,2,3,5,20.8,21.6,1.4,2.2
1.048e-01,-2,-6,5,1,19.2,17.6,1.4,0.6
1.049e-01,-2,2,3,7,19.2,20.8,1.4,1.8
1.051e-01,-2,-6,3,1,18.4,16,1.4,0.6
1.053e-01,-4,2,3,5,17.6,19.2,1.4,1.8
1.055e-01,-2,-6,3,1,16.8,14.4,1,0.2
1.057e-01,-2,2,3,5,16,17.6,1,1.4
1.059e-01,-2,-6,3,1,15.2,12.8,1,0.2
1.061e-01,-4,2,3,5,14.4,16,1,1.4
1.063e-01,-4,-6,3,1,13.6,10.4,0.6,0.2
1.065e-01,-2,2,3,5,12,14.4,0.6,1.4
1.067e-01,-2,-6,3,1,11.2,8,0.6,-0.2
1.069e-01,-2,2,3,5,10.4,12,0.6,1
1.071e-01,-4,-6,3,1,8.8,5.6,0.6,-0.2
1.073e-01,-4,2,3,7,8,9.6,0.2,1
1.074e-01,-2,-6,3,1,6.4,3.2,0.2,-0.6
1.076e-01,-2,2,3,7,5.6,7.2,-0.2,0.6
1.078e-01,-4,-6,3,1,4,0.8,-0.2,-0.6
1.080e-01,-2,2,3,5,3.2,5.6,-0.2,0.2
1.082e-01,-2,-6,3,-1,1.6,-1.6,-0.2,-1
1.084e-01,-2,2,3,5,0.8,2.4,-0.2,0.2
1.086e-01,-2,-6,3,-1,-0.8,-4,-0.6,-1
1.088e-01,-4,2,3,5,-1.6,-7.15256e-08,-0.6,-0.2
1.090e-01,-2,-6,1,-1,-3.2,-6.4,-0.2,-1.4
1.092e-01,-2,2,1,5,-4,-2.4,-1,-0.2
1.094e-01,-1.3411e-07,-6,1,-1,-5.6,-8.8,-1,-1.4
1.096e-01,-2,2,3,3,-6.4,-4.8,-1,-0.2
1.097e-01,-4,-6,1,-1,-7.2,-10.4,-1,-1.8
1.099e-01,-2,2,1,3,-8.8,-7.2,-1,-0.6
1.101e-01,-4,-6,-1,-3,-8.8,-12.8,-1,-1.8
1.103e-01,-2,2,1,3,-10.4,-8.8,-1,-0.6
1.105e-01,-2,-6,1,-3,-11.2,-14.4,-1.4,-1.8
1.107e-01,-4,2,-1,3,-12.8,-10.4,-1.4,-1
1.109e-01,-2,-6,-1,-5,-13.6,-16,-1.4,-1.8
1.111e-01,-2,2,-1,1,-14.4,-12.8,-1.8,-1
1.113e-01,-4,-6,-3,-5,-15.2,-17.6,-1.4,-2.2
1.115e-01,-4,2,-3,1,-16,-14.4,-1.4,-1
1.117e-01,-2,-6,-3,-5,-16.8,-19.2,-1.4,-2.2
1.119e-01,-4,2,-3,1,-17.6,-15.2,-1.4,-1
1.121e-01,-2,-6,-1,-5,-17.6,-20,-1.4,-2.2
1.122e-01,-2,2,-3,-1,-19.2,-16.8,-1.4,-1
1.124e-01,-2,-6,-3,-5,-19.2,-20.8,-1.4,-2.2
1.126e-01,-2,2,-3,-1,-19.2,-17.6,-1.4,-1
1.128e-01,-2,-6,-3,-7,-20,-21.6,-1.8,-2.2
1.130e-01,-2,2,-5,-1,-20,-18.4,-1.4,-1
1.132e-01,-2,-6,-3,-7,-20,-21.6,-1.4,-1.8
1.134e-01,-4,2,-5,-1,-20,-19.2,-1.8,-1
1.136e-01,-2,-6,-5,-7,-20,-21.6,-1.4,-1.8
1.138e-01,-2,2,-5,-1,-20,-19.2,-1.4,-1
1.140e-01,-2,-6,-5,-7,-20,-21.6,-1.4,-1.8
1.142e-01,-1.3411e-07,2,-7,-3,-20,-18.4,-1.4,-1
1.144e-01,-2,-6,-5,-9,-19.2,-20.8,-1.4,-1.8
1.145e-01,-2,2,-7,-3,-19.2,-17.6,-1.4,-0.6
1.147e-01,-2,-6,-7,-9,-18.4,-19.2,-1.4,-1.8
1.149e-01,-2,2,-7,-3,-18.4,-16,-1,-0.6
1.151e-01,-2,-6,-7,-9,-16.8,-18.4,-1,-1.4
1.153e-01,-2,2,-7,-3,-16.8,-14.4,-1,-0.2
1.155e-01,-2,-6,-5,-9,-15.2,-16.8,-0.6,-1.4
1.157e-01,-1.3411e-07,2,-7,-3,-14.4,-12.8,-0.6,-0.2
1.159e-01,-2,-6,-7,-9,-13.6,-15.2,-1,-1
1.161e-01,-2,2,-5,-3,-12.8,-10.4,-0.6,-0.2
1.163e-01,-4,-6,-5,-9,-12,-12.8,-0.2,-1
1.165e-01,-4,2,-5,-3,-10.4,-8.8,-0.2,0.2
1.167e-01,-4,-6,-7,-9,-9.6,-11.2,-0.2,-1
1.169e-01,-2,2,-5,-3,-9.6,-7.2,-0.2,0.2
1.170e-01,-4,-6,-5,-9,-7.2,-8.8,-0.2,-0.6
1.172e-01,-4,2,-7,-3,-6.4,-4.8,-0.2,0.6
1.174e-01,-4,-6,-7,-9,-5.6,-6.4,0.2,-0.2
1.176e-01,-4,2,-7,-3,-4,-2.4,0.2,0.6
1.178e-01,-2,-6,-7,-9,-3.2,-4,0.6,-0.2
1.180e-01,-4,2,-7,-3,-1.6,-7.15256e-08,0.6,1
1.182e-01,-4,-6,-7,-9,-0.8,-1.6,0.6,0.2
1.184e-01,-2,2,-5,-3,0.8,2.4,0.6,1
1.186e-01,-4,-6,-5,-7,1.6,0.8,0.6,0.2
1.188e-01,-2,2,-5,-3,3.2,5.6,1,1.4
1.190e-01,-2,-6,-5,-7,4.8,3.2,1,0.6
1.192e-01,-2,2,-5,-1,5.6,7.2,1,1.4
1.193e-01,-4,-6,-3,-7,6.4,5.6,1.4,0.6
1.195e-01,-2,2,-5,-1,8,9.6,1,1.8
1.197e-01,-4,-6,-3,-7,8.8,8,1.4,0.6
1.199e-01,-2,2,-3,-1,10.4,12,1.4,1.8
1.201e-01,-2,-6,-3,-5,11.2,10.4,1.4,1
1.203e-01,-2,2,-3,-1,12,13.6,1.4,1.8
1.205e-01,-2,-6,-3,-5,12.8,12,1.4,1
1.207e-01,-2,2,-3,-1,13.6,16,1.8,2.2
1.209e-01,-2,-6,-3,-5,14.4,13.6,1.8,1.4
1.211e-01,-2,2,-3,1,16,17.6,1.8,2.2
1.213e-01,-2,-6,-1,-3,16.8,15.2,1.8,1.4
1.215e-01,-2,2,-1,1,17.6,18.4,1.8,2.2
1.217e-01,-4,-6,-1,-3,17.6,16.8,1.8,1.4
1.218e-01,-4,2,-1,1,18.4,20,1.8,2.2
1.220e-01,-2,-6,-1,-3,19.2,17.6,1.8,1.4
1.222e-01,-4,2,-1,3,20,20.8,1.8,2.6
1.224e-01,-2,-6,1,-3,20,19.2,1.8,1.4
1.226e-01,-4,2,-1,3,20.8,21.6,1.8,2.2
1.228e-01,-4,-6,-1,-1,20.8,19.2,1.8,1.4
1.230e-01,-2,2,1,5,20.8,22.4,1.4,2.2
1.232e-01,-2,-6,1,-1,21.6,20,2.2,1.4
1.234e-01,-4,2,1,5,21.6,22.4,1.8,2.2
1.236e-01,-2,-6,1,-1,21.6,20,1.8,1.4
1.238e-01,-2,2,1,5,21.6,22.4,1.8,2.2
1.240e-01,-2,-6,1,-1,21.6,20,1.8,1
1.241e-01,-2,2,1,5,21.6,22.4,1.4,2.2
1.243e-01,-4,-6,3,1,20.8,18.4,1.8,1
1.245e-01,-2,2,3,5,20.8,21.6,1.4,2.2
1.247e-01,-2,-6,3,1,20,17.6,1.4,1
1.249e-01,-2,2,5,7,19.2,20.8,1.4,1.8
1.251e-01,-1.3411e-07,-6,3,1,18.4,16,1.4,0.6
1.253e-01,-2,2,3,5,17.6,19.2,1.4,1.8
1.255e-01,-2,-6,3,1,16.8,14.4,1,0.2
1.257e-01,-4,2,3,5,16,17.6,1,1.4
1.259e-01,-2,-6,3,1,15.2,12.8,1,0.2
1.261e-01,-2,2,3,5,14.4,16,1,1.4
1.263e-01,-2,-6,3,1,13.6,10.4,1,0.2
1.265e-01,-4,2,3,5,12.8,14.4,0.6,1.4
1.266e-01,-2,-6,1,1,12,8.8,0.6,-0.2
1.268e-01,-2,2,3,7,10.4,12.8,0.6,1
1.270e-01,-4,-6,3,1,8.8,6.4,0.2,-0.2
1.272e-01,-2,2,3,7,8,10.4,0.2,1
1.274e-01,-4,-6,3,1,7.2,4,0.2,-0.6
1.276e-01,-2,2,3,7,5.6,8,0.2,0.6
1.278e-01,-4,-6,3,1,4,0.8,-0.2,-0.6
1.280e-01,-2,2,3,5,4,5.6,0.2,0.2
1.282e-01,-4,-6,3,1,2.4,-1.6,-0.2,-1
1.284e-01,-2,2,3,5,0.8,3.2,-0.2,0.2
1.286e-01,-2,-6,1,1,-7.15256e-08,-4,-0.6,-1
1.288e-01,-2,2,3,5,-1.6,0.8,-0.6,-0.2
1.289e-01,-2,-6,1,-1,-2.4,-6.4,-0.6,-1.4
1.291e-01,-4,2,3,5,-4,-1.6,-0.6,-0.2
1.293e-01,-1.3411e-07,-6,1,-1,-5.6,-8.8,-1,-1.4
1.295e-01,-2,2,1,3,-6.4,-4,-1,-0.2
1.297e-01,-2,-6,1,-1,-7.2,-10.4,-1,-1.8
1.299e-01,-2,2,1,3,-8,-6.4,-1,-0.6
1.301e-01,-2,-6,1,-3,-9.6,-12.8,-1,-1.8
1.303e-01,-4,2,-1,3,-10.4,-8.8,-1,-0.6
1.305e-01,-2,-6,-1,-3,-11.2,-14.4,-1.4,-1.8
1.307e-01,-2,2,1,3,-12,-10.4,-1.8,-0.6
1.309e-01,-2,-6,-1,-3,-13.6,-16,-1.4,-2.2
1.311e-01,-4,2,-1,1,-14.4,-12.8,-1.4,-1
1.313e-01,-2,-6,-1,-5,-15.2,-17.6,-1.4,-2.2
1.314e-01,-2,2,-1,1,-16,-14.4,-1.4,-1
1.316e-01,-2,-6,-1,-5,-16,-18.4,-1.8,-2.2
1.318e-01,-4,2,-1,1,-17.6,-15.2,-1.4,-1
1.320e-01,-4,-6,-1,-5,-18.4,-20,-1.4,-2.2
1.322e-01,-2,2,-3,1,-18.4,-16.8,-1.4,-1
1.324e-01,-2,-6,-3,-7,-19.2,-20.8,-1.4,-2.2
1.326e-01,-4,2,-3,-1,-18.4,-17.6,-1.4,-1
1.328e-01,-2,-6,-3,-7,-19.2,-20.8,-1.8,-2.2
1.330e-01,-2,2,-5,-1,-20,-18.4,-1.8,-1
1.332e-01,-2,-6,-5,-7,-20,-21.6,-1.4,-2.2
1.334e-01,-2,2,-3,-1,-20,-19.2,-1.4,-1
1.336e-01,-2,-6,-3,-7,-20.8,-21.6,-1.4,-2.2
1.337e-01,-6,2,-5,-1,-20,-19.2,-1.4,-1
1.339e-01,-2,-6,-5,-7,-20,-21.6,-1.4,-1.8
1.341e-01,-2,2,-5,-3,-20,-18.4,-1.4,-0.6
1.343e-01,-2,-6,-5,-9,-19.2,-20.8,-1.4,-1.8
1.345e-01,-2,2,-5,-3,-19.2,-17.6,-1.4,-0.6
1.347e-01,-2,-6,-7,-9,-19.2,-20,-1,-1.8
1.349e-01,-2,2,-7,-5,-18.4,-16,-1,-0.6
1.351e-01,-2,-6,-7,-9,-16.8,-18.4,-0.6,-1.4
1.353e-01,-4,2,-7,-3,-16.8,-15.2,-0.6,-0.2
1.355e-01,-2,-6,-7,-9,-16,-16.8,-1,-1.4
1.357e-01,-4,2,-7,-3,-14.4,-12.8,-0.6,-0.2
1.359e-01,-2,-6,-7,-9,-14.4,-15.2,-0.6,-1
1.361e-01,-2,2,-7,-3,-13.6,-11.2,-0.6,-0.2
1.362e-01,-2,-6,-5,-9,-12.8,-13.6,-0.2,-1
1.364e-01,-2,2,-5,-3,-11.2,-9.6,-0.2,0.2
1.366e-01,-2,-6,-7,-9,-9.6,-11.2,-0.2,-1
1.368e-01,-2,2,-7,-3,-8.8,-7.2,-0.2,0.2
1.370e-01,-4,-6,-7,-9,-8,-8.8,-0.2,-0.6
1.372e-01,-2,2,-5,-3,-7.2,-4.8,-0.2,0.6
1.374e-01,-2,-6,-7,-9,-6.4,-6.4,-0.2,-0.6
1.376e-01,-4,2,-7,-3,-4.8,-2.4,0.2,0.6
1.378e-01,-2,-6,-5,-9,-3.2,-4,0.2,-0.2
1.380e-01,-2,2,-7,-3,-2.4,-7.15256e-08,0.6,1
1.382e-01,-2,-6,-5,-9,-0.8,-1.6,0.6,0.2
1.384e-01,-2,2,-5,-3,-7.15256e-08,2.4,0.6,1
1.385e-01,-2,-6,-7,-7,1.6,0.8,0.6,0.2
1.387e-01,-2,2,-5,-3,3.2,4.8,1,1.4
1.389e-01,-2,-6,-5,-7,4,3.2,1,0.6
1.391e-01,-2,2,-5,-3,5.6,7.2,1,1.4
1.393e-01,-2,-6,-5,-7,7.2,5.6,1,0.6
1.395e-01,-4,2,-5,-1,8,9.6,1.4,1.8
1.397e-01,-4,-6,-5,-7,8.8,8,1.4,0.6
1.399e-01,-4,2,-5,-1,9.6,12,1.4,1.8
1.401e-01,-2,-6,-3,-7,10.4,9.6,1.4,1
1.403e-01,-2,2,-5,-1,12,13.6,1.8,2.2
1.405e-01,-4,-6,-3,-5,12.8,12,1.8,1
1.407e-01,-2,2,-3,1,13.6,16,1.8,2.2
1.409e-01,-2,-6,-3,-5,14.4,13.6,1.8,1
1.410e-01,-2,2,-3,1,15.2,16.8,2.2,2.2
1.412e-01,-2,-6,-1,-3,16.8,15.2,1.4,1.4
1.414e-01,-2,2,-1,1,17.6,18.4,1.8,2.2
1.416e-01,-2,-6,-1,-3,17.6,16.8,2.2,1.4
1.418e-01,-2,2,-1,1,18.4,20,1.8,2.2
1.420e-01,-2,-6,-1,-3,19.2,17.6,1.8,1.4
1.422e-01,-2,2,-1,3,20,20.8,1.8,2.2
1.424e-01,-2,-6,-1,-3,20,18.4,1.8,1.4
1.426e-01,-2,2,-1,3,20.8,21.6,1.8,2.2
1.428e-01,-4,-6,1,-1,20.8,19.2,1.8,1.4
1.430e-01,-4,2,3,5,21.6,22.4,2.2,2.2
1.432e-01,-4,-6,1,-1,21.6,20,1.8,1.4
1.434e-01,-2,2,1,5,21.6,22.4,1.8,2.2
1.435e-01,-2,-6,1,-1,21.6,20,1.8,1
1.437e-01,-4,2,1,5,21.6,22.4,1.8,2.2
1.439e-01,-2,-6,1,-1,21.6,20,1.8,1
1.441e-01,-2,2,1,5,21.6,22.4,1.8,2.2
1.443e-01,-2,-6,3,1,21.6,19.2,1.4,1
1.445e-01,-4,2,3,5,20.8,21.6,1.4,2.2
1.447e-01,-4,-6,3,1,20,17.6,1.4,0.6
1.449e-01,-2,2,3,7,19.2,20.8,1.4,1.8
1.451e-01,-2,-6,1,1,19.2,16,1.4,0.6
1.453e-01,-2,2,3,7,17.6,20,1,1.8
1.455e-01,-4,-6,3,1,16.8,14.4,1,0.2
1.457e-01,-2,2,3,5,16,18.4,1,1.4
1.458e-01,-2,-6,3,1,16,12.8,1,0.2
1.460e-01,-2,2,3,5,14.4,16.8,0.6,1.4
1.462e-01,-2,-6,3,1,13.6,11.2,0.6,0.2
1.464e-01,-2,2,3,5,12.8,14.4,0.6,1.4
1.466e-01,-2,-6,3,1,12,8.8,0.6,-0.2
1.468e-01,-4,2,3,7,10.4,12.8,0.6,1
1.470e-01,-4,-6,3,1,9.6,6.4,0.2,-0.2
1.472e-01,-2,2,3,7,8,10.4,0.6,1
1.474e-01,-2,-6,3,1,7.2,4,0.2,-0.6
1.476e-01,-4,2,3,7,6.4,8,0.2,0.6
1.478e-01,-2,-6,3,1,4.8,1.6,-0.2,-0.6
1.480e-01,-2,2,3,5,4,5.6,-0.2,0.6
1.482e-01,-2,-6,3,1,2.4,-0.8,-0.2,-1
1.483e-01,-2,2,3,5,1.6,3.2,-0.2,0.2
1.485e-01,-2,-6,3,-1,-7.15256e-08,-3.2,-0.6,-1
1.487e-01,-2,2,3,5,-1.6,0.8,-0.6,0.2
1.489e-01,-2,-6,1,-1,-2.4,-5.6,-0.6,-1.4
1.491e-01,-4,2,3,5,-4,-1.6,-0.6,-0.2
1.493e-01,-4,-6,1,-1,-4.8,-8,-1,-1.4
1.495e-01,-4,2,1,3,-5.6,-4,-1,-0.2
1.497e-01,-2,-6,1,-1,-7.2,-10.4,-1,-1.8
1.499e-01,-2,2,1,3,-8,-5.6,-1,-0.6
1.501e-01,-2,-6,1,-3,-8.8,-12,-1,-1.8
1.503e-01,-4,2,1,3,-10.4,-8,-1,-0.6
1.505e-01,-2,-6,-1,-3,-11.2,-14.4,-1.4,-1.8
1.506e-01,-4,2,1,3,-12,-10.4,-1.4,-1
1.508e-01,-2,-6,1,-3,-13.6,-16,-1.4,-2.2
1.510e-01,-2,2,1,1,-13.6,-12,-1.4,-1
1.512e-01,-2,-6,-1,-5,-14.4,-17.6,-1.4,-2.2
1.514e-01,-4,2,-1,1,-15.2,-13.6,-1.4,-1
1.516e-01,-2,-6,-3,-5,-16,-18.4,-1.4,-2.2
1.518e-01,-2,2,-1,1,-16.8,-15.2,-1.4,-1
1.520e-01,-4,-6,-3,-5,-17.6,-20,-1.4,-2.2
1.522e-01,-2,2,-1,1,-18.4,-16.8,-1.4,-1
1.524e-01,-2,-6,-3,-5,-19.2,-20.8,-1.4,-2.2
1.526e-01,-2,2,-5,-1,-19.2,-17.6,-1.4,-1
1.528e-01,-4,-6,-5,-7,-20,-20.8,-1.4,-2.2
1.530e-01,-2,2,-3,-1,-19.2,-18.4,-1.4,-1
1.531e-01,-2,-6,-5,-7,-20.8,-21.6,-1.4,-2.2
1.533e-01,-2,2,-5,-3,-20.8,-19.2,-1.8,-1
1.535e-01,-2,-6,-5,-7,-20,-21.6,-1.4,-2.2
1.537e-01,-2,2,-5,-1,-20,-19.2,-1.4,-1
1.539e-01,-2,-6,-5,-7,-20,-21.6,-1.4,-1.8
1.541e-01,-2,2,-5,-3,-20,-18.4,-1.4,-1
1.543e-01,-2,-6,-5,-9,-19.2,-20.8,-1.4,-1.8
1.545e-01,-4,2,-7,-3,-19.2,-17.6,-1.4,-0.6
1.547e-01,-4,-6,-7,-9,-19.2,-20,-1,-1.8
1.549e-01,-2,2,-7,-5,-18.4,-16.8,-1,-0.6
1.551e-01,-2,-6,-7,-9,-16.8,-18.4,-1,-1.4
1.553e-01,-2,2,-7,-3,-16.8,-15.2,-1,-0.2
1.554e-01,-2,-6,-7,-9,-16,-16.8,-0.6,-1.4
1.556e-01,-2,2,-5,-3,-15.2,-13.6,-0.6,-0.2
1.558e-01,-2,-6,-5,-9,-14.4,-15.2,-0.6,-1.4
1.560e-01,-4,2,-7,-3,-13.6,-11.2,-0.6,-0.2
1.562e-01,-2,-6,-7,-9,-12.8,-13.6,-0.2,-1
1.564e-01,-4,2,-5,-3,-11.2,-9.6,-0.2,0.2
1.566e-01,-2,-6,-7,-9,-10.4,-11.2,-0.2,-1
1.568e-01,-2,2,-5,-3,-9.6,-7.2,-0.2,0.2
1.570e-01,-2,-6,-5,-9,-8.8,-9.6,-0.2,-0.6
1.572e-01,-2,2,-7,-3,-7.2,-4.8,0.2,0.6
1.574e-01,-4,-6,-7,-9,-5.6,-7.2,0.2,-0.6
1.576e-01,-2,2,-7,-3,-4.8,-2.4,0.2,0.6
1.578e-01,-2,-6,-5,-9,-3.2,-4.8,0.2,-0.2
1.579e-01,-2,2,-5,-3,-1.6,-7.15256e-08,0.6,1
1.581e-01,-2,-6,-5,-9,-0.8,-2.4,0.6,-0.2
1.583e-01,-2,2,-5,-3,-7.15256e-08,2.4,0.6,1
1.585e-01,-1.3411e-07,-6,-7,-7,1.6,-7.15256e-08,0.6,0.2
1.587e-01,-4,2,-5,-3,3.2,4.8,0.6,1.4
1.589e-01,-2,-6,-5,-7,4,3.2,1,0.2
1.591e-01,-2,2,-5,-3,4.8,7.2,1,1.4
1.593e-01,-2,-6,-5,-7,6.4,4.8,1,0.6
1.595e-01,-4,2,-5,-1,7.2,9.6,1.4,1.8
1.597e-01,-2,-6,-3,-7,8,7.2,1,0.6
1.599e-01,-2,2,-5,-1,9.6,11.2,1.4,1.8
1.601e-01,-2,-6,-3,-7,10.4,9.6,1.4,1
1.602e-01,-4,2,-3,-1,12,13.6,1.4,2.2
1.604e-01,-2,-6,-3,-5,12.8,12,1.4,1
1.606e-01,-2,2,-3,-1,13.6,15.2,1.8,2.2
1.608e-01,-2,-6,-3,-5,14.4,13.6,1.8,1.4
1.610e-01,-2,2,-3,1,15.2,16.8,1.8,2.2
1.612e-01,-2,-6,-1,-3,16,15.2,1.8,1.4
1.614e-01,-1.3411e-07,2,-1,1,16.8,18.4,1.8,2.2
1.616e-01,-1.3411e-07,-8,-1,-3,17.6,16.8,1.8,1.4
1.618e-01,-6,2,-1,1,18.4,20,1.8,2.2
1.620e-01,-2,-6,-1,-3,19.2,17.6,2.2,1.4
1.622e-01,-2,2,-1,3,19.2,20.8,2.2,2.2
1.624e-01,-2,-6,-1,-3,20,18.4,1.8,1.4
1.626e-01,-2,2,-1,3,20,21.6,1.8,2.2
1.627e-01,-2,-6,1,-1,20.8,19.2,2.2,1.4
1.629e-01,-2,2,1,3,21.6,22.4,1.8,2.2
1.631e-01,-4,-6,1,-1,20.8,20,1.8,1.4
1.633e-01,-2,2,1,5,21.6,22.4,1.8,2.2
1.635e-01,-2,-6,3,-1,21.6,20,1.8,1.4
1.637e-01,-2,2,1,5,21.6,22.4,1.8,2.2
1.639e-01,-4,-6,1,-1,21.6,20,1.8,1
1.641e-01,-2,2,3,5,21.6,22.4,1.8,2.2
1.643e-01,-4,-6,3,-1,20.8,19.2,1.4,1
1.645e-01,-2,2,3,5,20.8,21.6,1.8,2.2
1.647e-01,-4,-6,3,1,20,17.6,1.4,0.6
1.649e-01,-4,2,3,7,19.2,20.8,1.4,1.8
1.650e-01,-2,-6,5,1,18.4,16,1.4,0.6
1.652e-01,-2,2,3,7,17.6,20,1.4,1.8
1.654e-01,-2,-6,3,1,17.6,14.4,1.4,0.6
1.656e-01,-2,2,3,5,16.8,18.4,1,1.8
1.658e-01,-1.3411e-07,-6,3,1,16,12.8,1,0.2
1.660e-01,-2,2,3,5,15.2,16.8,1,1.4
1.662e-01,-4,-6,3,1,14.4,11.2,0.6,0.2
1.664e-01,-2,2,1,5,12.8,15.2,1,1.4
1.666e-01,-4,-6,3,1,12,8.8,0.6,-0.2
1.668e-01,-4,2,3,5,11.2,12.8,0.2,1
1.670e-01,-2,-6,3,1,10.4,6.4,0.6,-0.2
1.672e-01,-2,2,3,7,8,10.4,0.2,1
1.674e-01,-4,-6,3,1,8,4,0.2,-0.6
1.675e-01,-2,2,5,7,6.4,8.8,0.2,0.6
1.677e-01,-2,-6,3,1,5.6,1.6,-0.2,-0.6
1.679e-01,-2,2,3,5,4,6.4,-0.2,0.6
1.681e-01,-2,-6,3,1,2.4,-0.8,-0.2,-1
1.683e-01,-2,2,1,5,0.8,4,-0.6,0.2
1.685e-01,-2,-6,1,-1,-7.15256e-08,-3.2,-0.2,-1
1.687e-01,-4,2,3,5,-1.6,0.8,-0.2,0.2
1.689e-01,-2,-6,1,-1,-2.4,-5.6,-0.6,-1.4
1.691e-01,-4,2,1,5,-3.2,-1.6,-0.6,-0.2
1.693e-01,-2,-6,1,-1,-4.8,-8,-0.6,-1.4
1.695e-01,-4,2,1,5,-5.6,-4,-0.6,-0.2
1.697e-01,-2,-6,1,-1,-7.2,-10.4,-0.6,-1.8
1.698e-01,-4,2,1,3,-8,-5.6,-1,-0.6
1.700e-01,-2,-6,1,-1,-8.8,-12,-1.4,-1.8
1.702e-01,-2,2,1,3,-9.6,-8,-1,-0.6
1.704e-01,-2,-6,-1,-3,-11.2,-13.6,-1.4,-1.8
1.706e-01,-2,2,-1,3,-11.2,-10.4,-1.4,-0.6
1.708e-01,-2,-6,1,-3,-12.8,-16,-1.4,-1.8
1.710e-01,-4,2,-1,1,-13.6,-12,-1.4,-1
1.712e-01,-2,-6,-1,-5,-14.4,-17.6,-1.4,-2.2
1.714e-01,-2,2,-3,1,-15.2,-13.6,-1.4,-1
1.716e-01,-4,-6,-3,-5,-16,-18.4,-1.8,-2.2
1.718e-01,-2,2,-1,1,-16,-15.2,-1.8,-1
1.720e-01,-2,-8,-3,-5,-17.6,-20,-1.4,-2.2
1.722e-01,-2,2,-3,1,-18.4,-16.8,-1.4,-1
1.723e-01,-2,-6,-3,-5,-17.6,-20.8,-1.4,-2.2
1.725e-01,-2,2,-3,-1,-19.2,-17.6,-1.4,-1
1.727e-01,-2,-6,-5,-7,-19.2,-20.8,-1.8,-2.2
1.729e-01,-4,2,-5,-1,-20,-18.4,-1.8,-1
1.731e-01,-2,-6,-5,-7,-20,-21.6,-1.4,-2.2
1.733e-01,-2,2,-5,-3,-20.8,-19.2,-1.4,-1
1.735e-01,-4,-6,-5,-7,-20,-21.6,-1.4,-2.2
1.737e-01,-4,2,-5,-1,-20,-19.2,-1.4,-1
1.739e-01,-2,-6,-5,-7,-20.8,-21.6,-1.4,-1.8
1.741e-01,-2,2,-5,-1,-20,-18.4,-1.4,-1
1.743e-01,-2,-6,-5,-9,-19.2,-20.8,-1.4,-1.8
1.745e-01,-2,2,-7,-3,-19.2,-17.6,-1,-0.6
1.746e-01,-2,-6,-5,-9,-19.2,-20,-1.4,-1.8
1.748e-01,-2,2,-7,-3,-17.6,-16.8,-1,-0.6
1.750e-01,-2,-6,-7,-9,-17.6,-18.4,-1,-1.4
1.752e-01,-2,2,-7,-3,-16.8,-15.2,-1,-0.2
1.754e-01,-2,-6,-7,-9,-16,-17.6,-0.6,-1.4
1.756e-01,-2,2,-7,-3,-15.2,-13.6,-0.6,-0.2
1.758e-01,-2,-6,-5,-9,-14.4,-16,-0.6,-1.4
1.760e-01,-4,2,-5,-3,-13.6,-12,-0.6,-0.2
1.762e-01,-2,-6,-7,-9,-12.8,-13.6,-0.6,-1
1.764e-01,-2,2,-5,-3,-11.2,-9.6,-0.2,0.2
1.766e-01,-2,-6,-5,-9,-10.4,-12,-0.2,-1
1.768e-01,-1.3411e-07,2,-7,-3,-9.6,-8,-0.2,0.2
1.770e-01,-1.3411e-07,-6,-7,-9,-8,-9.6,-0.2,-0.6
1.771e-01,-2,2,-7,-3,-7.2,-5.6,0.2,0.6
1.773e-01,-4,-6,-7,-9,-5.6,-7.2,0.2,-0.6
1.775e-01,-2,2,-7,-3,-4.8,-3.2,0.2,0.6
1.777e-01,-2,-6,-7,-9,-4,-4.8,0.2,-0.2
1.779e-01,-2,2,-7,-3,-2.4,-0.8,0.2,1
1.781e-01,-2,-6,-7,-9,-1.6,-2.4,0.6,0.2
1.783e-01,-2,2,-5,-3,-7.15256e-08,1.6,0.6,1
1.785e-01,-2,-6,-7,-7,0.8,-7.15256e-08,0.6,0.2
1.787e-01,-2,2,-5,-3,2.4,4,1,1.4
1.789e-01,-2,-6,-5,-7,3.2,2.4,1,0.2
1.791e-01,-2,2,-5,-3,4.8,6.4,1,1.4
1.793e-01,-4,-6,-5,-7,5.6,4.8,1,0.6
1.794e-01,-2,2,-5,-1,7.2,8.8,1.4,1.8
1.796e-01,-2,-6,-3,-7,8,7.2,1.4,0.6
1.798e-01,-2,2,-5,-1,8.8,11.2,1.4,1.8
1.800e-01,-2,-6,-3,-7,10.4,9.6,1.8,0.6
1.802e-01,-2,2,-3,-1,12,13.6,1.4,1.8
1.804e-01,-2,-6,-3,-5,12.8,11.2,1.4,1
1.806e-01,-2,2,-3,-1,12.8,15.2,1.8,2.2
1.808e-01,-2,-6,-3,-5,14.4,13.6,1.8,1
1.810e-01,-2,2,-3,1,15.2,16.8,1.8,2.2
1.812e-01,-4,-6,-1,-3,16,14.4,1.4,1.4
1.814e-01,-2,2,-1,1,16.8,18.4,1.8,2.2
1.816e-01,-4,-6,-1,-3,17.6,16,1.8,1.4
1.818e-01,-2,2,-1,1,18.4,19.2,1.8,2.2
1.819e-01,-4,-6,-1,-3,19.2,17.6,1.8,1.4
1.821e-01,-2,2,1,1,19.2,20.8,1.8,2.2
1.823e-01,-2,-6,-1,-3,19.2,18.4,1.8,1.4
1.825e-01,-2,2,1,3,20,21.6,1.8,2.2
1.827e-01,-2,-6,1,-1,20.8,19.2,1.8,1.4
1.829e-01,-2,2,1,3,20.8,22.4,1.8,2.2
1.831e-01,-2,-6,1,-1,21.6,20,1.8,1.4
1.833e-01,-2,2,1,5,21.6,22.4,1.8,2.2
1.835e-01,-2,-6,1,-1,21.6,20,1.8,1.4
1.837e-01,-4,2,1,5,21.6,23.2,1.8,2.2
1.839e-01,-1.3411e-07,-6,1,-1,21.6,20,1.8,1
1.841e-01,-2,2,1,5,21.6,22.4,1.8,2.2
1.842e-01,-2,-6,3,1,20.8,19.2,1.4,1
1.844e-01,-2,2,3,5,20.8,22.4,1.8,2.2
1.846e-01,-4,-6,3,1,20.8,18.4,1.4,1
1.848e-01,-4,2,3,7,20,21.6,1.4,1.8
1.850e-01,-2,-6,5,1,19.2,16.8,1,0.6
1.852e-01,-4,2,3,7,18.4,20,1,1.8
1.854e-01,-2,-6,3,1,17.6,15.2,1,0.6
1.856e-01,-2,2,3,5,16.8,18.4,1,1.4
1.858e-01,-1.3411e-07,-6,3,1,16,13.6,1,0.2
1.860e-01,-2,2,3,5,16,16.8,1,1.4
1.862e-01,-2,-6,1,1,14.4,11.2,0.6,0.2
1.864e-01,-4,2,3,5,13.6,15.2,1,1.4
1.866e-01,-2,-6,3,1,12,9.6,0.6,-0.2
1.867e-01,-1.3411e-07,2,3,5,11.2,12.8,0.6,1
1.869e-01,-4,-6,3,1,10.4,7.2,0.6,-0.2
1.871e-01,-2,2,5,7,8.8,11.2,0.2,1
1.873e-01,-2,-6,3,1,8,4.8,0.2,-0.6
1.875e-01,-2,2,5,7,6.4,8.8,0.2,0.6
1.877e-01,-2,-6,3,1,5.6,2.4,-0.2,-0.6
1.879e-01,-2,2,3,5,4,6.4,-0.2,0.6
1.881e-01,-1.3411e-07,-6,3,1,3.2,-7.15256e-08,-0.2,-1
1.883e-01,-2,2,3,5,1.6,4,-0.2,0.2
1.885e-01,-4,-6,3,-1,0.8,-3.2,-0.2,-1
1.887e-01,-2,2,3,5,-0.8,1.6,-0.6,0.2
1.889e-01,-2,-6,3,-1,-1.6,-5.6,-0.6,-1.4
1.890e-01,-2,2,1,5,-3.2,-0.8,-0.6,-0.2
1.892e-01,-2,-6,3,-1,-4.8,-8,-1,-1.4
1.894e-01,-4,2,1,3,-5.6,-3.2,-0.6,-0.2
1.896e-01,-2,-6,1,-1,-7.2,-9.6,-1,-1.8
1.898e-01,-2,2,1,3,-8,-5.6,-1,-0.6
1.900e-01,-2,-6,1,-3,-8.8,-12,-1,-1.8
1.902e-01,-2,2,1,3,-9.6,-8,-1,-0.6
1.904e-01,-4,-6,-1,-3,-10.4,-13.6,-1.4,-1.8
1.906e-01,-2,2,1,3,-11.2,-9.6,-1,-0.6
1.908e-01,-2,-6,-1,-3,-12,-15.2,-1.4,-2.2
1.910e-01,-1.3411e-07,2,-1,3,-13.6,-11.2,-1.4,-1
1.912e-01,-2,-6,-1,-5,-13.6,-16.8,-1.4,-2.2
1.914e-01,-2,2,-1,1,-15.2,-13.6,-1.4,-1
1.915e-01,-2,-6,-1,-5,-16,-18.4,-1.8,-2.2
1.917e-01,-2,2,-3,1,-16.8,-15.2,-1.4,-1
1.919e-01,-2,-6,-3,-5,-16.8,-20,-1.8,-2.2
1.921e-01,-4,2,-1,1,-17.6,-16,-1.8,-1
1.923e-01,-1.3411e-07,-6,-3,-5,-18.4,-20,-1.4,-2.2
1.925e-01,-2,2,-3,-1,-19.2,-17.6,-1.8,-1
1.927e-01,-4,-6,-3,-7,-19.2,-20.8,-1.8,-2.2
1.929e-01,-2,2,-5,-1,-19.2,-18.4,-1.4,-1
1.931e-01,-2,-6,-5,-7,-20,-21.6,-1.4,-2.2
1.933e-01,-2,2,-5,-3,-20,-19.2,-1.4,-1
1.935e-01,-4,-6,-5,-7,-20.8,-21.6,-1.4,-2.2
1.937e-01,-2,2,-5,-3,-20,-19.2,-1.4,-1
1.938e-01,-2,-6,-5,-7,-20,-21.6,-1,-2.2
1.940e-01,-2,2,-5,-3,-20,-19.2,-1.4,-1
1.942e-01,-2,-6,-5,-9,-19.2,-20.8,-1.4,-1.8
1.944e-01,-2,2,-7,-3,-19.2,-17.6,-1.4,-0.6
1.946e-01,-2,-6,-5,-9,-19.2,-20,-1,-1.8
1.948e-01,-4,2,-7,-3,-18.4,-16.8,-1.4,-0.6
1.950e-01,-2,-6,-7,-9,-17.6,-18.4,-1,-1.4
1.952e-01,-2,2,-7,-3,-17.6,-15.2,-1,-0.6
1.954e-01,-2,-6,-7,-9,-16,-17.6,-0.6,-1.4
1.956e-01,-4,2,-5,-3,-15.2,-13.6,-0.6,-0.2
1.958e-01,-2,-6,-7,-9,-14.4,-16,-0.6,-1.4
1.960e-01,-2,2,-7,-3,-13.6,-12,-0.6,-0.2
1.962e-01,-2,-6,-7,-9,-12.8,-13.6,-0.6,-1
1.963e-01,-2,2,-5,-3,-11.2,-9.6,-0.6,0.2
1.965e-01,-2,-6,-5,-9,-11.2,-12,-0.2,-1
1.967e-01,-2,2,-5,-3,-9.6,-8,-0.2,0.2
1.969e-01,-2,-6,-7,-9,-8.8,-9.6,-0.2,-0.6
1.971e-01,-2,2,-7,-3,-7.2,-5.6,-0.2,0.6
1.973e-01,-2,-6,-7,-9,-6.4,-8,0.2,-0.6
1.975e-01,-4,2,-7,-3,-5.6,-3.2,0.2,0.6
1.977e-01,-2,-6,-7,-9,-4,-4.8,0.2,-0.2
1.979e-01,-2,2,-7,-3,-2.4,-0.8,0.2,1
1.981e-01,-2,-6,-5,-9,-1.6,-2.4,0.6,-0.2
1.983e-01,-2,2,-5,-3,-7.15256e-08,1.6,0.6,1
1.985e-01,-2,-6,-5,-7,0.8,-7.15256e-08,0.6,0.2
1.986e-01,-2,2,-5,-3,2.4,4,0.6,1.4
1.988e-01,-2,-6,-5,-7,3.2,2.4,1,0.2
1.990e-01,-2,2,-5,-3,4.8,6.4,1,1.4
1.992e-01,-2,-6,-5,-7,5.6,4.8,1,0.6
1.994e-01,-2,2,-5,-1,6.4,8.8,1,1.8
1.996e-01,-1.3411e-07,-6,-5,-7,8,7.2,1.4,0.6
1.998e-01,-2,2,-5,-1,8.8,11.2,1.4,1.8
2.000e-01,-2,-6,-3,-7,10.4,8.8,1.4,1
2.002e-01,-4,2,-3,-1,11.2,12.8,1.4,1.8
2.004e-01,-2,-6,-3,-5,12,11.2,1.8,1
2.006e-01,-2,2,-3,-1,12.8,15.2,1.8,2.2
2.008e-01,-2,-6,-3,-5,14.4,12.8,1.8,1
2.010e-01,-4,2,-3,1,15.2,16.8,1.8,2.2
2.011e-01,-2,-6,-1,-3,16,15.2,1.8,1.4
2.013e-01,-4,2,-1,1,16.8,18.4,1.8,2.2
2.015e-01,-1.3411e-07,-6,-1,-3,17.6,16,2.2,1.4
2.017e-01,-2,2,-1,1,18.4,19.2,1.8,2.2
2.019e-01,-2,-6,-1,-3,18.4,17.6,1.8,1.4
2.021e-01,-2,2,1,1,19.2,20.8,1.8,2.2
2.023e-01,-4,-6,-1,-3,20,18.4,1.8,1.4
2.025e-01,-2,2,-1,3,20,21.6,1.4,2.2
2.027e-01,-2,-6,-1,-1,20.8,19.2,1.8,1.4
2.029e-01,-4,2,1,3,21.6,22.4,1.8,2.2
2.031e-01,-2,-6,1,-1,21.6,20,1.8,1.4
2.033e-01,-2,2,1,5,21.6,22.4,1.8,2.2
2.035e-01,-2,-6,1,-1,21.6,20,1.8,1.4
2.036e-01,-2,2,1,5,21.6,22.4,1.8,2.2
2.038e-01,-2,-6,1,-1,21.6,20,1.8,1
2.040e-01,-2,2,3,5,21.6,22.4,1.8,2.2
2.042e-01,-2,-6,1,1,21.6,19.2,1.8,1
2.044e-01,-2,2,3,5,21.6,22.4,1.8,2.2
2.046e-01,-2,-6,3,1,20,18.4,1.4,0.6
2.048e-01,-4,2,3,7,20,21.6,1.4,1.8
2.050e-01,-2,-6,5,1,19.2,16.8,1.4,0.6
2.052e-01,-4,2,3,7,18.4,20,1,1.8
2.054e-01,-2,-6,3,1,17.6,15.2,1,0.6
2.056e-01,-2,2,5,5,17.6,18.4,1,1.8
2.058e-01,-2,-6,3,1,16.8,13.6,1,0.2
2.059e-01,-4,2,3,5,15.2,16.8,1,1.4
2.061e-01,-4,-6,3,1,14.4,12,1,0.2
2.063e-01,-2,2,3,5,13.6,15.2,1,1.4
2.065e-01,-4,-6,3,1,12.8,9.6,0.6,-0.2
2.067e-01,-1.3411e-07,2,3,5,11.2,13.6,0.6,1
2.069e-01,-2,-6,3,1,10.4,7.2,0.6,-0.2
2.071e-01,-2,2,5,7,9.6,11.2,0.2,1
2.073e-01,-2,-6,3,1,7.2,4.8,0.2,-0.6
2.075e-01,-2,2,5,7,7.2,8.8,0.2,0.6
2.077e-01,-2,-6,3,1,5.6,2.4,0.2,-0.6
2.079e-01,-2,2,3,7,4.8,6.4,-0.2,0.6
2.081e-01,-2,-6,3,1,3.2,-7.15256e-08,0.2,-1
2.083e-01,-2,2,3,5,2.4,4,-0.2,0.2
2.084e-01,-2,-6,3,-1,0.8,-2.4,-0.2,-1
2.086e-01,-2,2,3,5,-7.15256e-08,1.6,-0.6,0.2
2.088e-01,-2,-6,3,-1,-1.6,-4.8,-0.6,-1.4
2.090e-01,-2,2,3,5,-2.4,-0.8,-0.6,-0.2
2.092e-01,-2,-6,1,-1,-4,-7.2,-0.6,-1.4
2.094e-01,-4,2,1,5,-5.6,-3.2,-1,-0.2
2.096e-01,-4,-6,1,-1,-6.4,-9.6,-1,-1.8
2.098e-01,-2,2,1,3,-7.2,-5.6,-1,-0.6
2.100e-01,-1.3411e-07,-6,1,-1,-8.8,-11.2,-1,-1.8
2.102e-01,-1.3411e-07,2,1,3,-9.6,-7.2,-1,-0.6
2.104e-01,-2,-6,-1,-3,-10.4,-13.6,-1.4,-1.8
2.106e-01,-1.3411e-07,2,1,3,-11.2,-9.6,-1.4,-0.6
2.107e-01,-4,-6,-1,-3,-12,-15.2,-1.4,-1.8
2.109e-01,-2,2,-1,3,-12.8,-11.2,-1.4,-1
2.111e-01,-1.3411e-07,-6,-3,-5,-14.4,-16.8,-1.4,-2.2
2.113e-01,-4,2,-3,1,-15.2,-13.6,-1.4,-1
2.115e-01,-2,-6,-3,-5,-16,-18.4,-1.4,-2.2
2.117e-01,-2,2,-3,1,-16.8,-14.4,-1.4,-1
2.119e-01,-2,-6,-1,-5,-17.6,-19.2,-1.4,-2.2
2.121e-01,-2,2,-3,1,-17.6,-16,-1.4,-1
2.123e-01,-2,-6,-3,-5,-18.4,-20,-1.4,-2.2
2.125e-01,-2,2,-3,-1,-18.4,-17.6,-1.4,-1
2.127e-01,-4,-6,-3,-7,-19.2,-20.8,-1.4,-2.2
2.129e-01,-4,2,-5,-1,-19.2,-18.4,-1.4,-1
2.131e-01,-2,-6,-3,-7,-19.2,-21.6,-1.8,-2.2
2.132e-01,-1.3411e-07,2,-5,-3,-20,-19.2,-1.4,-1
2.134e-01,-2,-6,-3,-7,-20.8,-21.6,-1.4,-2.2
2.136e-01,-2,2,-5,-1,-20,-19.2,-1.4,-1
2.138e-01,-1.3411e-07,-6,-3,-7,-20,-21.6,-1.4,-1.8
2.140e-01,-2,2,-5,-3,-20,-18.4,-1.4,-1
2.142e-01,-2,-6,-5,-9,-20,-20.8,-1.4,-1.8
2.144e-01,-2,2,-5,-3,-19.2,-17.6,-1.4,-0.6
2.146e-01,-2,-6,-7,-9,-18.4,-20,-1.4,-1.8
2.148e-01,-2,2,-7,-3,-18.4,-16.8,-1,-0.6
2.150e-01,-2,-6,-7,-9,-17.6,-19.2,-1,-1.4
2.152e-01,-2,2,-7,-3,-17.6,-15.2,-1,-0.2
2.154e-01,-2,-6,-7,-9,-16,-17.6,-1,-1.4
2.155e-01,-2,2,-7,-3,-15.2,-13.6,-1,-0.2
2.157e-01,-4,-6,-7,-9,-14.4,-16,-0.6,-1.4
2.159e-01,-2,2,-5,-3,-14.4,-12,-0.6,-0.2
2.161e-01,-1.3411e-07,-6,-7,-9,-12.8,-14.4,-0.2,-1
2.163e-01,-2,2,-7,-3,-12,-10.4,-0.6,0.2
2.165e-01,-2,-6,-5,-9,-10.4,-12,-0.6,-1
2.167e-01,-2,2,-7,-3,-9.6,-8,-0.2,0.2
2.169e-01,-1.3411e-07,-6,-5,-9,-8.8,-10.4,-0.2,-0.6
2.171e-01,-4,2,-7,-3,-7.2,-5.6,-0.2,0.2
2.173e-01,-2,-6,-9,-9,-7.2,-8,-0.2,-0.6
2.175e-01,-2,2,-7,-3,-5.6,-3.2,0.2,0.6
2.177e-01,-2,-6,-7,-9,-4.8,-5.6,0.2,-0.2
2.179e-01,-4,2,-7,-3,-3.2,-0.8,0.2,1
2.180e-01,-2,-6,-7,-9,-1.6,-3.2,0.2,-0.2
2.182e-01,-4,2,-5,-3,-0.8,1.6,0.6,1
2.184e-01,-2,-6,-5,-7,0.8,-7.15256e-08,0.6,0.2
2.186e-01,-1.3411e-07,2,-5,-3,1.6,4,0.6,1.4
2.188e-01,-2,-6,-5,-7,3.2,2.4,1,0.2
2.190e-01,-2,2,-5,-3,4,6.4,1,1.4
2.192e-01,-2,-6,-5,-7,5.6,4.8,1,0.6
2.194e-01,-1.3411e-07,2,-5,-1,6.4,8.8,1,1.8
2.196e-01,-4,-6,-5,-7,8,6.4,1,0.6
2.198e-01,-2,2,-5,-1,8.8,10.4,1.4,1.8
2.200e-01,-4,-6,-5,-7,9.6,8.8,1.4,1
2.202e-01,-2,2,-3,-1,11.2,12.8,1.4,1.8
2.203e-01,-2,-6,-3,-5,12,11.2,1.8,1
2.205e-01,-2,2,-3,-1,12.8,14.4,1.4,2.2
2.207e-01,-2,-6,-3,-5,13.6,12.8,1.8,1
2.209e-01,-4,2,-3,1,15.2,16.8,1.4,2.2
2.211e-01,-2,-6,-3,-3,16,14.4,1.8,1.4
2.213e-01,-2,2,-1,1,16,17.6,1.8,2.2
2.215e-01,-2,-6,-1,-3,17.6,16,1.8,1.4
2.217e-01,-2,2,-1,1,18.4,19.2,1.4,2.2
2.219e-01,-2,-6,-1,-3,18.4,17.6,1.8,1.4
2.221e-01,-2,2,-1,3,19.2,20.8,1.8,2.2
2.223e-01,-1.3411e-07,-6,-1,-3,19.2,18.4,1.8,1.4
2.225e-01,-2,2,-1,3,20,21.6,1.8,2.2
2.227e-01,-1.3411e-07,-6,1,-1,20.8,19.2,1.8,1.4
2.228e-01,-2,2,1,3,20.8,22.4,1.8,2.2
2.230e-01,-2,-6,1,-1,21.6,20,1.8,1.4
2.232e-01,-2,2,3,5,21.6,22.4,2.2,2.2
2.234e-01,-2,-6,1,-1,21.6,20,1.8,1.4
2.236e-01,-2,4,1,5,21.6,22.4,1.8,2.2
2.238e-01,-2,-6,1,-1,21.6,20,1.8,1
2.240e-01,-2,2,1,5,21.6,22.4,1.8,2.2
2.242e-01,-2,-6,3,1,21.6,19.2,1.4,1
2.244e-01,-2,2,3,5,20.8,22.4,1.4,2.2
2.246e-01,-2,-6,3,1,20.8,18.4,1.4,1
2.248e-01,-2,2,3,7,20,21.6,1.4,1.8
2.250e-01,-2,-6,3,1,19.2,16.8,1.4,0.6
2.251e-01,-4,2,3,7,18.4,20,1.4,1.8
2.253e-01,-2,-6,3,1,17.6,15.2,1,0.6
2.255e-01,-2,2,3,5,16.8,18.4,1,1.4
2.257e-01,-1.3411e-07,-6,3,1,16.8,13.6,1,0.2
2.259e-01,-2,2,3,5,16,17.6,0.6,1.4
2.261e-01,-1.3411e-07,-6,3,1,14.4,12,1,0.2
2.263e-01,-2,2,3,5,13.6,16,0.6,1.4
2.265e-01,-1.3411e-07,-6,1,1,12.8,9.6,0.6,0.2
2.267e-01,-2,2,3,5,12,13.6,0.6,1
2.269e-01,-4,-6,3,1,10.4,7.2,0.6,-0.2
2.271e-01,-2,2,3,7,9.6,11.2,0.6,1
2.273e-01,-2,-6,3,1,8.8,4.8,0.6,-0.6
2.275e-01,-1.3411e-07,2,5,7,7.2,9.6,0.2,0.6
2.276e-01,-4,-6,3,1,6.4,2.4,0.2,-0.6
2.278e-01,-2,2,3,7,4.8,7.2,-0.2,0.6
2.280e-01,-2,-6,3,1,4,-7.15256e-08,-0.2,-1
2.282e-01,-4,2,3,5,1.6,4.8,-0.2,0.2
2.284e-01,-2,-6,3,1,0.8,-2.4,-0.6,-1
2.286e-01,-1.3411e-07,2,1,5,-7.15256e-08,1.6,-0.6,0.2
2.288e-01,-2,-6,3,-1,-1.6,-4.8,-0.6,-1.4
2.290e-01,-1.3411e-07,2,1,5,-2.4,-0.8,-0.6,-0.2
2.292e-01,-4,-6,3,-1,-4,-7.2,-0.6,-1.4
2.294e-01,-2,2,1,5,-4.8,-3.2,-0.6,-0.2
2.296e-01,-2,-6,1,-1,-5.6,-9.6,-1,-1.8
2.298e-01,-2,2,1,3,-7.2,-4.8,-1,-0.6
2.299e-01,-2,-6,1,-1,-8,-11.2,-1,-1.8
2.301e-01,-2,2,1,3,-9.6,-7.2,-1,-0.6
2.303e-01,-2,-6,1,-3,-10.4,-13.6,-1,-1.8
2.305e-01,-2,2,1,3,-11.2,-9.6,-1,-0.6
2.307e-01,-2,-6,1,-3,-12,-15.2,-1.4,-1.8
2.309e-01,-4,2,1,3,-13.6,-11.2,-1.4,-1
2.311e-01,-2,-6,-1,-5,-13.6,-16.8,-1.4,-2.2
2.313e-01,-2,2,-3,1,-14.4,-12.8,-1.4,-1
2.315e-01,-2,-6,-3,-5,-15.2,-18.4,-1.4,-2.2
2.317e-01,-2,2,-1,1,-16.8,-14.4,-1.4,-1
2.319e-01,-2,-6,-1,-5,-16.8,-19.2,-1.4,-2.2
2.321e-01,-2,2,-3,1,-17.6,-16,-1.4,-1
2.323e-01,-2,-6,-3,-5,-18.4,-20,-1.4,-2.2
2.324e-01,-2,2,-3,-1,-18.4,-17.6,-1.8,-1
2.326e-01,-2,-6,-3,-7,-19.2,-20.8,-1.8,-2.2
2.328e-01,-2,2,-3,-1,-19.2,-18.4,-1.8,-1
2.330e-01,-2,-6,-5,-7,-19.2,-21.6,-1.4,-2.2
2.332e-01,-4,2,-5,-1,-20,-19.2,-1.4,-1
2.334e-01,-4,-6,-5,-7,-20,-21.6,-1.4,-2.2
2.336e-01,-4,2,-5,-1,-20,-19.2,-1.4,-1
2.338e-01,-2,-6,-5,-7,-20,-21.6,-1.4,-2.2
2.340e-01,-2,2,-3,-3,-20,-19.2,-1.4,-1
2.342e-01,-2,-6,-5,-9,-19.2,-20.8,-1.4,-1.8
2.344e-01,-2,2,-5,-3,-19.2,-18.4,-1.4,-0.6
2.346e-01,-2,-6,-7,-9,-19.2,-20,-1.4,-1.8
2.347e-01,-4,2,-7,-3,-18.4,-16.8,-1,-0.6
2.349e-01,-2,-6,-7,-9,-18.4,-19.2,-1,-1.8
2.351e-01,-2,2,-7,-5,-16.8,-16,-1,-0.6
2.353e-01,-2,-6,-5,-9,-16,-17.6,-1,-1.4
2.355e-01,-2,2,-7,-3,-16,-14.4,-1,-0.2
2.357e-01,-2,-6,-7,-9,-15.2,-16,-0.6,-1.4
2.359e-01,-4,2,-5,-3,-13.6,-12,-0.6,-0.2
2.361e-01,-2,-6,-5,-9,-12.8,-14.4,-0.6,-1
2.363e-01,-2,2,-5,-3,-12,-10.4,-0.6,0.2
2.365e-01,-2,-6,-5,-9,-12,-12.8,-0.6,-1
2.367e-01,-2,2,-5,-3,-10.4,-8,-0.2,0.2
2.369e-01,-2,-6,-5,-9,-9.6,-10.4,-0.2,-0.6
2.371e-01,-2,2,-7,-3,-8,-6.4,-0.2,0.2
2.372e-01,-2,-6,-7,-9,-7.2,-8,0.2,-0.6
2.374e-01,-2,2,-7,-5,-5.6,-4,0.2,0.6
2.376e-01,-2,-6,-7,-9,-4,-5.6,0.2,-0.2
2.378e-01,-2,2,-7,-3,-3.2,-1.6,0.2,1
2.380e-01,-2,-6,-7,-9,-1.6,-3.2,0.2,-0.2
2.382e-01,-2,2,-7,-3,-0.8,0.8,0.6,1
2.384e-01,-2,-6,-5,-7,-7.15256e-08,-0.8,0.6,0.2
2.386e-01,-2,2,-5,-3,1.6,4,0.6,1.4
2.388e-01,-2,-6,-5,-7,3.2,1.6,1,0.2
2.390e-01,-2,2,-5,-3,4,6.4,1,1.4
2.392e-01,-2,-6,-5,-7,5.6,4,1,0.6
2.394e-01,-2,2,-5,-1,6.4,8,1,1.4
2.395e-01,-4,-6,-5,-7,7.2,6.4,1,0.6
2.397e-01,-2,2,-5,-1,8.8,10.4,1.4,1.8
2.399e-01,-2,-6,-3,-7,9.6,8.8,1.4,0.6
2.401e-01,-4,2,-3,-1,10.4,12.8,1.4,1.8
2.403e-01,-2,-6,-3,-5,12,10.4,1.4,1
2.405e-01,-2,2,-3,-1,12.8,14.4,1.4,2.2
2.407e-01,-2,-6,-3,-5,14.4,12.8,1.8,1
2.409e-01,-2,2,-3,1,15.2,16,1.8,2.2
2.411e-01,-2,-6,-1,-5,15.2,14.4,1.8,1.4
2.413e-01,-2,2,-3,1,16,17.6,1.8,2.2
2.415e-01,-2,-6,-1,-3,16.8,16,1.8,1.4
2.417e-01,-2,2,-1,1,17.6,19.2,1.8,2.2
2.419e-01,-2,-6,1,-3,18.4,17.6,1.8,1.4
2.420e-01,-2,2,-1,1,19.2,20.8,1.8,2.2
2.422e-01,-1.3411e-07,-6,-1,-3,19.2,18.4,1.8,1.4
2.424e-01,-2,2,1,3,20,21.6,1.8,2.2
2.426e-01,-2,-6,1,-3,20.8,19.2,1.8,1.4
2.428e-01,-2,2,1,3,20.8,22.4,1.8,2.6
2.430e-01,-1.3411e-07,-6,1,-1,20.8,20,1.8,1.4
2.432e-01,-2,2,3,5,20.8,22.4,1.8,2.2
2.434e-01,-2,-6,1,-1,21.6,20,1.8,1.4
2.436e-01,-4,2,3,5,21.6,22.4,1.8,2.2
2.438e-01,-2,-6,1,-1,21.6,20,1.8,1
2.440e-01,-2,2,1,5,21.6,22.4,1.8,2.2
2.442e-01,-1.3411e-07,-6,3,-1,21.6,19.2,1.4,1
2.443e-01,-2,2,3,5,20.8,22.4,1.4,2.2
2.445e-01,-2,-6,3,1,20.8,18.4,1.4,1
2.447e-01,-4,2,3,7,20,21.6,1.4,1.8
2.449e-01,-2,-6,3,1,20,16.8,1.4,0.6
2.451e-01,-4,2,3,7,18.4,20.8,1.4,1.8
2.453e-01,-2,-6,3,1,18.4,16,1,0.6
2.455e-01,-2,2,3,5,17.6,19.2,1,1.4
2.457e-01,-2,-6,3,1,16.8,13.6,1,0.2
2.459e-01,-4,2,3,5,16,17.6,0.6,1.4
2.461e-01,-2,-6,3,1,15.2,12,1,0.2
2.463e-01,-2,2,3,5,13.6,16,0.6,1.4
2.465e-01,-2,-6,3,1,12.8,10.4,0.6,0.2
2.467e-01,-2,2,3,5,12,13.6,0.6,1
2.468e-01,-2,-6,3,1,11.2,8,1,-0.2
2.470e-01,-2,2,3,5,9.6,12,0.6,1
2.472e-01,-2,-6,3,1,8,5.6,0.2,-0.6
2.474e-01,-2,2,3,7,7.2,9.6,0.2,0.6
2.476e-01,-2,-6,3,1,6.4,3.2,0.2,-0.6
2.478e-01,-4,2,3,5,4.8,7.2,-0.2,0.6
2.480e-01,-2,-6,3,1,4,0.8,-0.2,-1
2.482e-01,-2,2,3,5,2.4,4.8,-0.2,0.2
2.484e-01,-4,-6,3,1,0.8,-2.4,-0.2,-1
2.486e-01,-2,2,3,5,-7.15256e-08,2.4,-0.6,0.2
2.488e-01,-2,-6,3,-1,-0.8,-4.8,-0.6,-1.4
2.490e-01,-4,2,1,5,-2.4,-7.15256e-08,-0.6,-0.2
2.491e-01,-2,-6,1,-1,-4,-7.2,-0.6,-1.4
2.493e-01,-2,2,1,5,-4.8,-2.4,-0.6,-0.2
2.495e-01,-2,-6,1,-1,-5.6,-8.8,-0.6,-1.4
2.497e-01,-2,2,1,3,-7.2,-4.8,-1,-0.6
2.499e-01,-4,-6,1,-1,-8,-11.2,-1,-1.8
2.501e-01,-2,2,1,3,-8.8,-7.2,-1,-0.6
2.503e-01,-2,-6,1,-3,-9.6,-12.8,-1.4,-1.8
2.505e-01,-2,2,1,3,-11.2,-8.8,-1.4,-0.6
2.507e-01,-2,-6,-1,-3,-12,-15.2,-1.4,-1.8
2.509e-01,-2,2,-1,3,-12.8,-11.2,-1.4,-1
2.511e-01,-2,-6,1,-5,-13.6,-16.8,-1.4,-2.2
2.513e-01,-2,2,-3,1,-14.4,-12.8,-1.4,-1
2.515e-01,-2,-6,-1,-5,-15.2,-17.6,-1.8,-2.2
2.516e-01,-1.3411e-07,2,-3,1,-16,-14.4,-1.4,-1
2.518e-01,-2,-6,-3,-5,-16.8,-19.2,-1.4,-2.2
2.520e-01,-2,2,-3,1,-17.6,-16,-1.4,-1
2.522e-01,-2,-6,-3,-5,-17.6,-20,-1.4,-2.2
2.524e-01,-2,2,-3,-1,-18.4,-16.8,-1.8,-1
2.526e-01,-2,-6,-3,-7,-19.2,-20.8,-1.4,-2.2
2.528e-01,-2,2,-5,-1,-19.2,-17.6,-1.8,-1
2.530e-01,-2,-6,-5,-7,-19.2,-21.6,-1.4,-2.2
2.532e-01,-2,2,-5,-1,-20,-18.4,-1.4,-1
2.534e-01,-2,-6,-5,-7,-20,-21.6,-1.4,-2.2
2.536e-01,-2,2,-5,-1,-20,-19.2,-1.4,-1
2.538e-01,-1.3411e-07,-6,-3,-7,-20,-21.6,-1.4,-2.2
2.539e-01,-2,2,-5,-3,-20,-19.2,-1.4,-1
2.541e-01,-2,-6,-5,-9,-20,-20.8,-1.4,-1.8
2.543e-01,-2,2,-5,-3,-19.2,-18.4,-1.4,-0.6
2.545e-01,-2,-6,-5,-9,-18.4,-20.8,-1.4,-1.8
2.547e-01,-2,2,-5,-3,-19.2,-16.8,-1,-0.6
2.549e-01,-4,-6,-7,-9,-17.6,-19.2,-1,-1.8
2.551e-01,-2,2,-7,-5,-17.6,-16,-1,-0.6
2.553e-01,-2,-6,-7,-9,-16.8,-18.4,-1,-1.4
2.555e-01,-2,2,-7,-3,-16,-14.4,-1,-0.2
2.557e-01,-2,-6,-7,-9,-15.2,-16,-0.6,-1.4
2.559e-01,-2,2,-7,-3,-14.4,-12.8,-0.6,-0.2
2.561e-01,-4,-6,-7,-9,-13.6,-14.4,-0.6,-1
2.563e-01,-2,2,-7,-3,-12.8,-10.4,-0.6,0.2
2.564e-01,-2,-6,-7,-9,-11.2,-12.8,-0.2,-1
2.566e-01,-2,2,-5,-3,-10.4,-8.8,-0.2,0.2
2.568e-01,-2,-6,-5,-9,-8.8,-10.4,-0.2,-1
2.570e-01,-2,2,-7,-3,-8,-6.4,-0.2,0.2
2.572e-01,-2,-6,-7,-9,-7.2,-8.8,-0.2,-0.6
2.574e-01,-2,2,-7,-3,-6.4,-4,-0.2,0.6
2.576e-01,-2,-6,-7,-9,-4.8,-6.4,0.2,-0.2
2.578e-01,-2,2,-5,-3,-3.2,-1.6,0.2,1
2.580e-01,-2,-6,-5,-9,-2.4,-3.2,0.6,-0.2
2.582e-01,-2,2,-5,-3,-0.8,0.8,0.6,1
2.584e-01,-2,-6,-7,-9,-7.15256e-08,-0.8,0.6,0.2
2.586e-01,-2,2,-5,-3,0.8,3.2,0.6,1.4
2.587e-01,-2,-6,-5,-7,2.4,1.6,0.6,0.2
2.589e-01,-2,2,-5,-3,4,5.6,1,1.4
2.591e-01,-1.3411e-07,-6,-5,-7,4.8,4,1,0.6
2.593e-01,-4,2,-5,-1,5.6,8,1,1.4
2.595e-01,-4,-6,-5,-7,8,6.4,1,0.6
2.597e-01,-4,2,-5,-1,8.8,10.4,1.4,1.8
2.599e-01,-2,-6,-5,-7,9.6,8.8,1.4,0.6
2.601e-01,-2,2,-5,-1,10.4,12,1.4,1.8
2.603e-01,-2,-6,-5,-7,12,10.4,1.4,1
2.605e-01,-2,2,-3,-1,12.8,14.4,1.4,2.2
2.607e-01,-2,-6,-3,-5,13.6,12.8,1.8,1
2.609e-01,-2,2,-3,-1,14.4,16,1.8,2.2
2.611e-01,-4,-6,-3,-5,16,14.4,1.8,1
2.612e-01,-2,2,-1,1,16,17.6,1.8,2.2
2.614e-01,-4,-6,-1,-3,16.8,16,1.8,1
2.616e-01,-2,2,-1,1,17.6,19.2,1.8,2.2
2.618e-01,-2,-6,-1,-3,18.4,16.8,1.8,1.4
2.620e-01,-2,2,-1,1,19.2,20,1.8,2.2
2.622e-01,-2,-6,-1,-3,20,18.4,2.2,1.4
2.624e-01,-2,2,-1,3,19.2,21.6,1.8,2.2
2.626e-01,-1.3411e-07,-6,-1,-3,20.8,19.2,2.2,1.4
2.628e-01,-4,2,1,3,20.8,21.6,1.8,2.2
2.630e-01,-4,-6,1,-1,20.8,20,1.8,1.4
2.632e-01,-2,2,1,5,21.6,22.4,1.8,2.2
2.634e-01,-2,-6,1,-1,21.6,20,1.8,1.4
2.635e-01,-2,2,1,5,21.6,23.2,1.8,2.2
2.637e-01,-1.3411e-07,-6,1,-1,21.6,20,1.8,1
2.639e-01,-2,2,1,5,21.6,22.4,1.8,2.2
2.641e-01,-2,-6,1,-1,20.8,19.2,1.8,1
2.643e-01,-2,2,3,5,21.6,22.4,1.4,2.2
2.645e-01,-2,-6,3,1,20,18.4,1.4,1
2.647e-01,-1.3411e-07,2,3,7,20,21.6,1.4,2.2
2.649e-01,-2,-6,3,1,19.2,17.6,1.4,0.6
2.651e-01,-4,2,3,7,20,20.8,1.4,1.8
2.653e-01,-2,-6,3,1,18.4,16,1.4,0.6
2.655e-01,-1.3411e-07,2,5,7,17.6,19.2,1,1.8
2.657e-01,-4,-6,3,1,16.8,14.4,1,0.2
2.659e-01,-2,2,1,5,16,17.6,1,1.4
2.660e-01,-2,-6,3,1,15.2,12,1,0.2
2.662e-01,-2,2,3,5,13.6,16,0.6,1.4
2.664e-01,-2,-6,3,1,13.6,10.4,1,0.2
2.666e-01,-2,2,3,5,12,14.4,0.6,1
2.668e-01,-2,-6,3,1,11.2,8,0.6,-0.2
2.670e-01,-1.3411e-07,2,3,5,9.6,12,0.2,1
2.672e-01,-2,-6,3,1,8.8,5.6,0.6,-0.6
2.674e-01,-4,2,5,7,7.2,9.6,0.2,0.6
2.676e-01,-2,-6,3,1,7.2,3.2,0.2,-0.6
2.678e-01,-2,2,3,7,5.6,7.2,0.2,0.6
2.680e-01,-4,-6,3,1,4,0.8,-0.2,-1
2.682e-01,-2,2,3,5,3.2,4.8,-0.2,0.2
2.684e-01,-2,-6,1,1,1.6,-2.4,-0.2,-1
2.685e-01,-2,2,3,5,0.8,2.4,-0.6,0.2
2.687e-01,-2,-6,3,-1,-0.8,-4,-0.2,-1
2.689e-01,-2,2,3,5,-2.4,-7.15256e-08,-0.6,-0.2
2.691e-01,-2,-6,3,-1,-3.2,-6.4,-0.6,-1.4
2.693e-01,-2,2,1,5,-4.8,-2.4,-0.6,-0.2
2.695e-01,-2,-6,1,-1,-5.6,-8.8,-0.6,-1.8
2.697e-01,-2,2,1,3,-7.2,-4.8,-1,-0.6
2.699e-01,-2,-6,1,-1,-8,-11.2,-1,-1.8
2.701e-01,-2,2,1,3,-8.8,-7.2,-1.4,-0.6
2.703e-01,-2,-6,1,-3,-9.6,-12.8,-1.4,-1.8
2.705e-01,-4,2,-1,3,-11.2,-8.8,-1.4,-0.6
2.707e-01,-2,-6,1,-3,-11.2,-14.4,-1.4,-1.8
2.708e-01,-2,2,-1,3,-12.8,-10.4,-1.4,-1
2.710e-01,-2,-6,-1,-5,-13.6,-16.8,-1,-2.2
2.712e-01,-4,2,-1,1,-14.4,-12.8,-1.8,-1
2.714e-01,-2,-6,-3,-5,-14.4,-17.6,-1.4,-2.2
2.716e-01,-2,2,-1,1,-16,-14.4,-1.4,-1
2.718e-01,-2,-6,-3,-5,-16.8,-19.2,-1.4,-2.2
2.720e-01,-2,2,-3,1,-16.8,-16,-1.4,-1
2.722e-01,-2,-6,-3,-5,-18.4,-20,-1.4,-2.2
2.724e-01,-2,2,-1,1,-18.4,-16.8,-1.4,-1
2.726e-01,-2,-6,-3,-7,-18.4,-20.8,-1.4,-2.2
2.728e-01,-2,2,-3,-1,-19.2,-17.6,-1.8,-1
2.730e-01,-2,-6,-3,-7,-20,-21.6,-1.4,-2.2
2.732e-01,-2,2,-3,-1,-20,-18.4,-1.4,-1
2.733e-01,-4,-6,-5,-7,-20,-21.6,-1.4,-2.2
2.735e-01,-2,2,-5,-1,-20,-19.2,-1.4,-1
2.737e-01,-1.3411e-07,-6,-3,-7,-20,-21.6,-1.4,-2.2
2.739e-01,-4,2,-3,-1,-20,-19.2,-1.4,-1
2.741e-01,-2,-6,-5,-7,-20,-20.8,-1.4,-1.8
2.743e-01,-2,2,-5,-3,-20,-18.4,-1.4,-0.6
2.745e-01,-2,-6,-7,-9,-19.2,-20,-1.4,-1.8
2.747e-01,-2,2,-7,-3,-19.2,-17.6,-1.4,-0.6
2.749e-01,-2,-6,-7,-9,-17.6,-19.2,-1,-1.8
2.751e-01,-2,2,-7,-5,-17.6,-16,-1,-0.2
2.753e-01,-2,-6,-9,-9,-16.8,-18.4,-0.6,-1.4
2.755e-01,-2,2,-7,-3,-16,-14.4,-1,-0.2
2.756e-01,-4,-6,-7,-9,-15.2,-16.8,-0.6,-1.4
2.758e-01,-4,2,-5,-3,-14.4,-12.8,-0.6,-0.2
2.760e-01,-2,-6,-7,-9,-13.6,-14.4,-0.6,-1
2.762e-01,-4,2,-7,-3,-12.8,-10.4,-0.6,-0.2
2.764e-01,-2,-6,-5,-9,-11.2,-12.8,-0.2,-1
2.766e-01,-4,2,-5,-3,-10.4,-8.8,-0.2,0.2
2.768e-01,-2,-6,-7,-9,-9.6,-11.2,-0.2,-1
2.770e-01,-1.3411e-07,2,-5,-3,-8.8,-6.4,-0.2,0.2
2.772e-01,-2,-6,-7,-9,-7.2,-8.8,-0.2,-0.6
2.774e-01,-4,2,-7,-3,-5.6,-4,0.2,0.6
2.776e-01,-4,-6,-7,-9,-4.8,-6.4,0.2,-0.2
2.778e-01,-2,2,-7,-3,-3.2,-1.6,0.2,1
2.780e-01,-2,-6,-7,-9,-2.4,-4,0.2,-0.2
2.781e-01,-4,2,-5,-3,-1.6,0.8,0.2,1
2.783e-01,-2,-6,-5,-9,-7.15256e-08,-0.8,0.6,0.2
2.785e-01,-2,2,-5,-3,0.8,3.2,0.6,1.4
2.787e-01,-2,-6,-5,-7,2.4,1.6,0.6,0.2
2.789e-01,-4,2,-5,-3,4,5.6,1,1.4
2.791e-01,-2,-6,-7,-7,4.8,4,1,0.6
2.793e-01,-1.3411e-07,2,-5,-3,5.6,8,1,1.4
2.795e-01,-2,-6,-5,-7,7.2,6.4,1.4,0.6
2.797e-01,-2,2,-3,-1,8,10.4,1.4,1.8
2.799e-01,-2,-6,-5,-7,9.6,8,1.4,0.6
2.801e-01,-2,2,-5,-1,10.4,12,1.4,1.8
2.803e-01,-4,-6,-5,-7,11.2,10.4,1.4,1
2.804e-01,-2,2,-3,-1,12,14.4,1.4,2.2
2.806e-01,-2,-6,-3,-5,13.6,12,1.4,1
2.808e-01,-2,2,-3,-1,14.4,16,1.8,2.2
2.810e-01,-4,-6,-3,-5,15.2,13.6,1.8,1.4
2.812e-01,-2,2,-3,1,16,17.6,1.8,2.2
2.814e-01,-2,-6,-1,-3,16.8,16,1.8,1.4
2.816e-01,-1.3411e-07,2,-1,1,16.8,19.2,1.8,2.2
2.818e-01,-2,-6,1,-3,18.4,16.8,1.8,1.4
2.820e-01,-2,2,-1,1,19.2,20,1.8,2.2
2.822e-01,-2,-6,-1,-3,19.2,18.4,1.8,1.4
2.824e-01,-2,2,-1,3,20,20.8,1.8,2.2
2.826e-01,-4,-6,1,-3,20,19.2,1.8,1.4
2.828e-01,-6,2,1,3,20.8,21.6,2.2,2.2
2.829e-01,-2,-6,1,-1,20.8,20,1.8,1.4
2.831e-01,-2,2,1,5,20.8,22.4,1.8,2.2
2.833e-01,-4,-6,1,-1,21.6,20,1.8,1.4
2.835e-01,-2,2,1,5,21.6,22.4,1.8,2.2
2.837e-01,-2,-6,3,-1,21.6,20,1.8,1.4
2.839e-01,-2,2,3,5,21.6,22.4,1.4,2.2
2.841e-01,-4,-6,3,-1,21.6,19.2,1.8,1
2.843e-01,-2,2,1,5,21.6,22.4,1.4,2.2
2.845e-01,-2,-6,3,1,20.8,18.4,1.4,1
2.847e-01,-2,2,5,5,20,21.6,1.4,1.8
2.849e-01,-2,-6,5,1,20,17.6,1.4,0.6
2.851e-01,-2,2,3,7,19.2,20.8,1.4,1.8
2.852e-01,-2,-6,3,1,18.4,16,1,0.6
2.854e-01,-4,2,1,7,17.6,19.2,1,1.8
2.856e-01,-2,-6,3,1,16.8,14.4,1,0.6
2.858e-01,-2,2,3,5,16,17.6,1.4,1.4
2.860e-01,-4,-6,3,1,15.2,12.8,0.6,0.2
2.862e-01,-2,2,3,5,13.6,16,0.6,1.4
2.864e-01,-2,-6,3,1,13.6,10.4,1,0.2
2.866e-01,-4,2,3,5,12,14.4,0.6,1
2.868e-01,-1.3411e-07,-6,3,1,11.2,8,0.6,-0.2
2.870e-01,-2,2,3,7,10.4,12,0.6,1
2.872e-01,-2,-6,5,1,8.8,5.6,0.6,-0.6
2.874e-01,-2,2,3,7,8,10.4,0.2,1
2.876e-01,-2,-6,3,1,7.2,3.2,0.2,-0.6
2.877e-01,-4,2,3,7,5.6,8,0.2,0.6
2.879e-01,-2,-6,5,1,4,0.8,-0.2,-1
2.881e-01,-2,2,3,5,3.2,5.6,-0.2,0.2
2.883e-01,-4,-6,1,-1,2.4,-1.6,-0.2,-1
2.885e-01,-2,2,3,5,0.8,2.4,-0.2,0.2
2.887e-01,-1.3411e-07,-6,3,-1,-0.8,-4,-0.6,-1
2.889e-01,-2,2,3,5,-1.6,-7.15256e-08,-0.6,-0.2
2.891e-01,-2,-6,1,-1,-2.4,-6.4,-0.6,-1.4
2.893e-01,-1.3411e-07,2,1,5,-4,-2.4,-0.6,-0.2
2.895e-01,-2,-6,1,-1,-5.6,-8.8,-1,-1.4
2.897e-01,-2,2,1,3,-6.4,-4,-1,-0.6
2.899e-01,-2,-6,1,-1,-7.2,-11.2,-1,-1.8
2.900e-01,-4,2,1,3,-8.8,-6.4,-1,-0.6
2.902e-01,-2,-6,1,-3,-9.6,-12.8,-1,-1.8
2.904e-01,-4,2,1,3,-10.4,-8.8,-1.4,-0.6
2.906e-01,-1.3411e-07,-6,1,-3,-12,-14.4,-1.4,-1.8
2.908e-01,-4,2,-1,3,-12,-10.4,-1.4,-1
2.910e-01,-2,-6,-1,-5,-12.8,-16,-1.4,-2.2
2.912e-01,-4,2,-1,3,-14.4,-12.8,-1.4,-1
2.914e-01,-2,-6,-3,-5,-16,-17.6,-1.4,-2.2
2.916e-01,-2,2,-3,1,-16,-14.4,-1.4,-1
2.918e-01,-2,-6,-1,-5,-16.8,-19.2,-1.4,-2.2
2.920e-01,-2,2,-3,1,-17.6,-15.2,-1.4,-1
2.922e-01,-1.3411e-07,-6,-1,-5,-17.6,-20,-1.4,-2.2
2.924e-01,-2,2,-3,-1,-17.6,-16.8,-1.8,-1
2.925e-01,-2,-6,-3,-7,-19.2,-20.8,-1.8,-2.2
2.927e-01,-2,2,-3,-1,-19.2,-17.6,-1.4,-1
2.929e-01,-2,-6,-3,-7,-20,-21.6,-1.4,-2.2
2.931e-01,-2,2,-5,-1,-20,-18.4,-1.4,-1
2.933e-01,-2,-6,-5,-7,-20,-21.6,-1.4,-2.2
2.935e-01,-2,2,-5,-1,-20,-19.2,-1.4,-1
2.937e-01,-2,-6,-5,-7,-20,-21.6,-1.4,-2.2
2.939e-01,-1.3411e-07,2,-5,-3,-20,-19.2,-1.4,-1
2.941e-01,-2,-6,-5,-9,-20,-20.8,-1.4,-1.8
2.943e-01,-4,2,-7,-3,-20,-18.4,-1.4,-1
2.945e-01,-4,-6,-7,-9,-19.2,-20.8,-1.4,-1.8
2.947e-01,-2,2,-5,-3,-19.2,-17.6,-1.4,-0.6
2.948e-01,-1.3411e-07,-6,-7,-9,-18.4,-19.2,-1,-1.8
2.950e-01,-1.3411e-07,2,-7,-5,-17.6,-16,-1,-0.6
2.952e-01,-1.3411e-07,-6,-7,-9,-16.8,-18.4,-1,-1.8
2.954e-01,-2,2,-7,-3,-16,-14.4,-1,-0.2
2.956e-01,-4,-6,-7,-9,-15.2,-16.8,-0.6,-1.4
2.958e-01,-2,2,-7,-3,-14.4,-12.8,-0.6,-0.2
2.960e-01,-4,-6,-7,-9,-13.6,-14.4,-0.6,-1
2.962e-01,-2,2,-7,-3,-12.8,-11.2,-0.6,-0.2
2.964e-01,-2,-6,-7,-9,-12,-12.8,-0.2,-1
2.966e-01,-4,2,-5,-3,-10.4,-8.8,-0.6,0.2
2.968e-01,-4,-6,-5,-9,-9.6,-11.2,-0.2,-1
2.970e-01,-4,2,-7,-3,-8.8,-7.2,0.2,0.2
2.972e-01,-2,-6,-7,-9,-7.2,-8.8,-0.2,-0.6
2.973e-01,-4,2,-7,-3,-6.4,-4.8,-0.2,0.6
2.975e-01,-2,-6,-7,-9,-5.6,-6.4,0.2,-0.6
2.977e-01,-2,2,-7,-3,-4,-2.4,0.2,0.6
2.979e-01,-2,-6,-7,-9,-3.2,-4,0.2,-0.2
2.981e-01,-4,2,-7,-3,-1.6,-7.15256e-08,0.2,1
2.983e-01,-2,-6,-5,-7,-0.8,-1.6,0.6,0.2
2.985e-01,-2,2,-5,-3,0.8,3.2,0.6,1.4
2.987e-01,-2,-6,-5,-7,2.4,0.8,1,0.2
2.989e-01,-1.3411e-07,2,-5,-3,3.2,4.8,1,1.4
2.991e-01,-2,-6,-5,-7,4,3.2,1,0.6
2.993e-01,-2,2,-5,-3,5.6,7.2,1,1.4
2.995e-01,-4,-6,-5,-7,7.2,5.6,1.4,0.6
2.996e-01,-2,2,-5,-1,8,9.6,1,1.8
2.998e-01,-2,-6,-3,-7,8.8,8,1,0.6
3.000e-01,-1.3411e-07,2,-3,-1,10.4,12,1,1.8
3.002e-01,-4,-6,-3,-5,11.2,10.4,1.4,1
3.004e-01,-2,2,-3,-1,12,13.6,1.4,2.2
3.006e-01,-2,-6,-3,-5,13.6,12,1.4,1
3.008e-01,-2,2,-3,-1,14.4,16,1.4,2.2
3.010e-01,-2,-6,-3,-5,14.4,13.6,1.4,1
3.012e-01,-4,2,-3,1,16,17.6,1.8,2.2
3.014e-01,-2,-6,-1,-3,16.8,15.2,1.8,1.4
3.016e-01,-2,2,-1,1,17.6,19.2,1.8,2.2
3.018e-01,-2,-6,-1,-3,17.6,16.8,1.8,1.4
3.020e-01,-2,2,-1,1,18.4,20,1.8,2.2
3.021e-01,-2,-6,-1,-3,19.2,17.6,1.8,1.4
3.023e-01,-2,2,-1,3,20,20.8,1.8,2.2
3.025e-01,-1.3411e-07,-6,-1,-3,20,19.2,1.8,1.4
3.027e-01,-2,2,1,3,20.8,21.6,1.8,2.2
3.029e-01,-2,-6,1,-1,20.8,19.2,1.8,1.4
3.031e-01,-2,2,1,5,21.6,22.4,1.8,2.2
3.033e-01,-2,-6,1,-1,21.6,20,1.8,1.4
3.035e-01,-2,2,1,5,21.6,22.4,1.4,2.2
3.037e-01,-2,-6,1,-1,21.6,20,1.4,1
3.039e-01,-2,2,1,5,21.6,22.4,1.8,2.2
3.041e-01,-1.3411e-07,-6,3,-1,21.6,19.2,1.8,1
3.043e-01,-2,2,3,5,21.6,22.4,1.8,2.2
3.044e-01,-2,-6,3,1,20.8,18.4,1.4,1
3.046e-01,-2,2,3,5,20,21.6,1.4,2.2
3.048e-01,-2,-6,3,1,20,17.6,1.4,0.6
3.050e-01,-2,2,3,7,19.2,20.8,1.4,1.8
3.052e-01,-2,-6,3,1,18.4,16,1,0.6
3.054e-01,-4,2,3,7,17.6,20,1.4,1.8
3.056e-01,-2,-6,3,1,16.8,14.4,1,0.2
3.058e-01,-2,2,3,5,16,17.6,1,1.4
3.060e-01,-2,-6,3,1,15.2,12.8,1,0.2
3.062e-01,-1.3411e-07,2,3,5,14.4,16.8,1,1.4
3.064e-01,-2,-6,3,1,13.6,10.4,0.6,0.2
3.066e-01,-2,2,3,5,12.8,14.4,0.6,1
3.068e-01,-2,-6,3,1,12,8.8,0.6,-0.2
3.069e-01,-2,2,3,5,10.4,12.8,0.6,1
3.071e-01,-4,-6,3,1,9.6,6.4,0.2,-0.6
3.073e-01,-2,2,3,7,8.8,10.4,0.2,0.6
3.075e-01,-2,-6,3,1,7.2,4,0.2,-0.6
3.077e-01,-2,2,3,7,5.6,8,-0.2,0.6
3.079e-01,-1.3411e-07,-6,3,1,4.8,0.8,0.2,-1
3.081e-01,-4,2,3,5,4,5.6,-0.2,0.2
3.083e-01,-2,-6,3,1,2.4,-1.6,-0.6,-1
3.085e-01,-2,2,3,5,0.8,3.2,-0.2,0.2
3.087e-01,-2,-6,3,-1,-0.8,-4,-0.6,-1
3.089e-01,-2,2,3,5,-1.6,0.8,-0.6,-0.2
3.091e-01,-4,-6,3,-1,-2.4,-6.4,-0.6,-1.4
3.092e-01,-2,2,1,5,-4,-1.6,-0.6,-0.2
3.094e-01,-1.3411e-07,-6,1,-1,-4.8,-8.8,-0.6,-1.4
3.096e-01,-4,2,1,3,-6.4,-4,-0.6,-0.2
3.098e-01,-2,-6,1,-1,-7.2,-10.4,-1,-1.8
3.100e-01,-4,2,1,3,-8,-6.4,-1,-0.6
3.102e-01,-2,-6,1,-3,-8.8,-12,-1,-1.8
3.104e-01,-2,2,1,3,-10.4,-8.8,-1.4,-0.6
3.106e-01,-2,-6,-1,-3,-11.2,-14.4,-1.4,-1.8
3.108e-01,-2,2,-1,3,-12,-10.4,-1.4,-1
3.110e-01,-2,-6,-1,-3,-13.6,-16,-1.8,-2.2
3.112e-01,-2,2,-1,1,-13.6,-12,-1.4,-1
3.114e-01,-2,-6,-3,-5,-15.2,-17.6,-1.4,-2.2
3.116e-01,-2,2,-3,1,-16,-14.4,-1.4,-1
3.117e-01,-2,-6,-1,-5,-16.8,-18.4,-1.4,-2.2
3.119e-01,-4,2,-3,1,-16.8,-15.2,-1.4,-1
3.121e-01,-2,-6,-3,-5,-17.6,-20,-1.4,-2.2
3.123e-01,-2,2,-3,1,-18.4,-16.8,-1.4,-1
3.125e-01,-2,-6,-3,-7,-18.4,-20.8,-1.4,-2.2
3.127e-01,-2,2,-3,-1,-19.2,-17.6,-1.8,-1
3.129e-01,-2,-6,-3,-7,-20,-20.8,-1.4,-2.2
3.131e-01,-2,2,-3,-1,-19.2,-18.4,-1.8,-1
3.133e-01,-2,-6,-5,-7,-20,-21.6,-1.4,-2.2
3.135e-01,-2,2,-5,-3,-20,-19.2,-1.8,-1
3.137e-01,-2,-6,-5,-7,-20,-21.6,-1.8,-2.2
3.139e-01,-4,2,-5,-1,-20,-19.2,-1.4,-1
3.140e-01,-2,-6,-5,-7,-20,-20.8,-1.4,-2.2
3.142e-01,-2,2,-5,-3,-20,-18.4,-1.4,-1
3.144e-01,-2,-6,-5,-9,-19.2,-20.8,-1.4,-1.8
3.146e-01,-4,2,-5,-3,-19.2,-17.6,-1,-0.6
3.148e-01,-2,-6,-7,-9,-18.4,-19.2,-1,-1.8
3.150e-01,-2,2,-7,-3,-17.6,-16,-1,-0.6
3.152e-01,-2,-6,-7,-9,-17.6,-18.4,-1,-1.4
3.154e-01,-2,2,-7,-3,-16,-15.2,-1,-0.2
3.156e-01,-2,-6,-7,-9,-16,-16.8,-0.6,-1.4
3.158e-01,-2,2,-5,-3,-14.4,-12.8,-0.6,-0.2
3.160e-01,-2,-6,-7,-9,-13.6,-15.2,-0.6,-1
3.162e-01,-2,2,-7,-3,-12.8,-11.2,-0.6,-0.2
3.164e-01,-4,-6,-5,-9,-12,-13.6,-0.6,-1
3.165e-01,-2,2,-7,-3,-10.4,-8.8,-0.2,0.2
3.167e-01,-2,-6,-7,-9,-9.6,-11.2,-0.2,-1
3.169e-01,-4,2,-7,-3,-8.8,-7.2,-0.2,0.2
3.171e-01,-2,-6,-5,-9,-7.2,-8.8,-0.2,-0.6
3.173e-01,-2,2,-7,-3,-6.4,-4.8,0.2,0.6
3.175e-01,-4,-6,-7,-9,-5.6,-6.4,-0.2,-0.6
3.177e-01,-2,2,-7,-3,-4.8,-2.4,0.2,0.6
3.179e-01,-2,-6,-7,-9,-3.2,-4,0.6,-0.2
3.181e-01,-2,2,-7,-3,-1.6,-7.15256e-08,0.2,1
3.183e-01,-2,-6,-5,-7,-0.8,-1.6,0.6,0.2
3.185e-01,-2,2,-7,-3,0.8,2.4,0.2,1.4
3.187e-01,-2,-6,-5,-7,1.6,0.8,0.6,0.2
3.188e-01,-2,2,-5,-3,3.2,4.8,0.6,1.4
3.190e-01,-2,-6,-5,-7,4,3.2,0.6,0.2
3.192e-01,-1.3411e-07,2,-3,-3,5.6,7.2,1,1.4
3.194e-01,-4,-6,-5,-7,6.4,5.6,1,0.6
3.196e-01,-2,2,-5,-1,7.2,9.6,1,1.8
3.198e-01,-1.3411e-07,-6,-3,-7,8,8,1.4,0.6
3.200e-01,-2,2,-5,-1,9.6,12,1.4,1.8
3.202e-01,-2,-6,-3,-7,11.2,9.6,1.4,1
3.204e-01,-4,2,-5,-1,12,13.6,1.4,1.8
3.206e-01,-2,-6,-3,-5,12.8,12,1.8,1
3.208e-01,-2,2,-1,1,14.4,16,1.8,2.2
3.210e-01,-2,-6,-3,-5,14.4,13.6,1.8,1
3.212e-01,-2,2,-3,1,16,16.8,1.8,2.2
3.213e-01,-2,-6,-1,-3,16.8,15.2,1.8,1.4
3.215e-01,-2,2,-1,1,17.6,18.4,1.8,2.2
3.217e-01,-2,-6,-1,-3,17.6,16.8,1.8,1.4
3.219e-01,-2,2,-1,1,18.4,20,2.2,2.2
3.221e-01,-2,-6,-1,-3,18.4,17.6,1.8,1.4
3.223e-01,-2,2,-1,1,19.2,20.8,1.8,2.2
3.225e-01,-1.3411e-07,-6,-1,-3,20,19.2,1.8,1.4
3.227e-01,-2,2,-1,3,20,21.6,1.8,2.2
3.229e-01,-2,-6,1,-1,20.8,19.2,1.8,1.4
3.231e-01,-2,2,1,3,21.6,22.4,1.8,2.2
3.233e-01,-2,-6,1,-1,21.6,20,1.8,1.4
3.235e-01,-2,2,1,5,21.6,22.4,1.8,2.2
3.236e-01,-2,-6,1,-1,21.6,20,1.8,1
3.238e-01,-2,2,1,5,21.6,22.4,1.8,2.2
3.240e-01,-2,-6,1,-1,21.6,20,1.8,1
3.242e-01,-2,2,3,5,21.6,22.4,1.8,2.2
3.244e-01,-4,-6,1,1,21.6,19.2,1.4,1
3.246e-01,-2,2,3,5,20.8,21.6,1.4,2.2
3.248e-01,-2,-6,3,1,20,17.6,1.4,0.6
3.250e-01,-1.3411e-07,2,3,7,19.2,20.8,1.4,1.8
3.252e-01,-1.3411e-07,-6,3,1,18.4,16.8,1,0.6
3.254e-01,-2,2,3,7,17.6,20,1,1.8
3.256e-01,-2,-6,3,1,17.6,14.4,1,0.2
3.258e-01,-4,2,3,5,16,18.4,1,1.4
3.260e-01,-4,-6,3,1,16,12.8,1,0.2
3.261e-01,-2,2,3,5,15.2,16.8,1,1.4
3.263e-01,-2,-6,3,1,14.4,10.4,1,0.2
3.265e-01,-4,2,3,5,12.8,14.4,0.6,1.4
3.267e-01,-2,-6,3,1,11.2,8.8,0.6,-0.2
3.269e-01,-2,2,3,5,11.2,12.8,0.6,1
3.271e-01,-2,-6,3,1,9.6,6.4,0.6,-0.2
3.273e-01,-2,2,3,7,8,10.4,-0.2,1
3.275e-01,-2,-6,5,1,7.2,4,-0.2,-0.6
3.277e-01,-2,2,3,7,6.4,8,0.2,0.6
3.279e-01,-1.3411e-07,-6,3,1,4.8,1.6,-0.2,-0.6
3.281e-01,-4,2,3,5,3.2,5.6,-0.2,0.2
3.283e-01,-2,-6,3,1,3.2,-0.8,-0.2,-1
3.285e-01,-2,2,3,5,1.6,3.2,-0.2,0.2
3.286e-01,-2,-6,1,-1,-7.15256e-08,-3.2,-0.2,-1.4
3.288e-01,-2,2,3,5,-1.6,0.8,-0.6,-0.2
3.290e-01,-2,-6,1,-1,-2.4,-6.4,-0.6,-1.4
3.292e-01,-2,2,1,5,-4,-1.6,-0.6,-0.2
3.294e-01,-2,-6,1,-1,-4.8,-8,-0.6,-1.4
3.296e-01,-2,2,1,3,-5.6,-4,-0.6,-0.6
3.298e-01,-1.3411e-07,-6,1,-1,-7.2,-10.4,-1,-1.8
3.300e-01,-1.3411e-07,2,1,3,-8,-6.4,-1,-0.6
3.302e-01,-2,-6,3,-1,-9.6,-12,-1,-1.8
3.304e-01,-1.3411e-07,2,1,3,-10.4,-8,-1,-0.6
3.306e-01,-4,-6,1,-3,-11.2,-14.4,-1.4,-1.8
3.308e-01,-2,2,-1,3,-12.8,-10.4,-1.4,-1
3.309e-01,-2,-6,-1,-5,-13.6,-16,-1.4,-2.2
3.311e-01,-1.3411e-07,2,-1,1,-14.4,-12,-1.4,-1
3.313e-01,-2,-6,-1,-5,-14.4,-17.6,-1.4,-2.2
3.315e-01,-2,2,-1,1,-15.2,-13.6,-1.4,-1
3.317e-01,-2,-6,-3,-5,-16,-18.4,-2.2,-2.2
3.319e-01,-2,2,-3,1,-16.8,-15.2,-1.4,-1
3.321e-01,-2,-6,-3,-5,-17.6,-20,-1.8,-2.2
3.323e-01,-2,2,-3,1,-18.4,-16.8,-1.4,-1
3.325e-01,-2,-6,-3,-7,-18.4,-20.8,-1.4,-2.2
3.327e-01,-2,2,-3,-1,-19.2,-17.6,-1.8,-1
3.329e-01,-2,-6,-3,-7,-19.2,-20.8,-1.4,-2.2
3.331e-01,-2,2,-5,-1,-19.2,-18.4,-1.4,-1
3.333e-01,-2,-6,-5,-7,-20,-21.6,-1.4,-2.2
3.334e-01,-2,2,-5,-3,-20,-19.2,-1.8,-1
3.336e-01,-2,-6,-5,-7,-20,-21.6,-1.8,-2.2
3.338e-01,-2,2,-5,-1,-20,-19.2,-1.4,-1
3.340e-01,-2,-6,-5,-7,-20,-21.6,-1.4,-1.8
3.342e-01,-2,2,-7,-3,-20,-18.4,-1.4,-1
3.344e-01,-4,-6,-5,-9,-19.2,-20.8,-1.4,-1.8
3.346e-01,-2,2,-5,-3,-19.2,-17.6,-1,-0.6
3.348e-01,-2,-6,-7,-9,-18.4,-20,-1,-1.8
3.350e-01,-2,2,-7,-5,-17.6,-16,-1,-0.6
3.352e-01,-2,-6,-7,-9,-17.6,-18.4,-1,-1.4
3.354e-01,-1.3411e-07,2,-7,-3,-16,-15.2,-1,-0.2
3.356e-01,-2,-6,-7,-9,-16.8,-17.6,-0.6,-1.4
3.357e-01,-2,2,-7,-3,-14.4,-13.6,-0.6,-0.2
3.359e-01,-2,-6,-5,-9,-13.6,-15.2,-0.6,-1
3.361e-01,-2,2,-7,-3,-13.6,-11.2,-0.6,-0.2
3.363e-01,-2,-6,-5,-9,-12,-13.6,-0.2,-1
3.365e-01,-2,2,-7,-3,-11.2,-9.6,-0.2,0.2
3.367e-01,-2,-6,-7,-9,-10.4,-11.2,-0.6,-1
3.369e-01,-4,2,-5,-3,-8.8,-7.2,-0.2,0.2
3.371e-01,-2,-6,-7,-9,-8,-9.6,-0.2,-0.6
3.373e-01,-2,2,-7,-3,-6.4,-4.8,-0.2,0.6
3.375e-01,-2,-6,-7,-9,-6.4,-7.2,0.2,-0.6
3.377e-01,-4,2,-7,-3,-4.8,-2.4,0.2,0.6
3.379e-01,-2,-6,-5,-9,-3.2,-4.8,0.2,-0.2
3.381e-01,-2,2,-7,-3,-2.4,-7.15256e-08,0.2,1
3.382e-01,-4,-6,-5,-9,-0.8,-2.4,0.6,0.2
3.384e-01,-1.3411e-07,2,-5,-3,0.8,2.4,0.6,1
3.386e-01,-2,-6,-7,-7,0.8,-7.15256e-08,0.6,0.2
3.388e-01,-2,2,-5,-3,2.4,4.8,1,1.4
3.390e-01,-1.3411e-07,-6,-5,-7,4,3.2,0.6,0.2
3.392e-01,-1.3411e-07,2,-5,-3,5.6,7.2,1,1.4
3.394e-01,-2,-6,-5,-7,5.6,5.6,1,0.6
3.396e-01,-2,2,-5,-3,7.2,8.8,1.4,1.8
3.398e-01,-2,-6,-5,-7,8.8,7.2,1.4,0.6
3.400e-01,-2,2,-5,-1,9.6,11.2,1,1.8
3.402e-01,-2,-6,-3,-7,10.4,9.6,1.4,1
3.404e-01,-2,2,-5,-1,11.2,13.6,1.8,1.8
3.405e-01,-2,-6,-3,-5,12.8,11.2,1.4,1
3.407e-01,-2,2,-3,-1,13.6,15.2,1.8,2.2
3.409e-01,-1.3411e-07,-6,-3,-5,14.4,13.6,1.8,1.4
3.411e-01,-2,2,-3,1,16,16.8,1.8,2.2
3.413e-01,-1.3411e-07,-6,-3,-3,16,15.2,1.4,1.4
3.415e-01,-2,2,-3,1,17.6,18.4,1.8,2.2
3.417e-01,-2,-6,-1,-3,17.6,16.8,1.8,1.4
3.419e-01,-2,2,-1,1,18.4,20,1.8,2.2
3.421e-01,-2,-6,-1,-3,19.2,17.6,1.8,1.4
3.423e-01,-2,2,-1,3,19.2,20.8,2.2,2.2
3.425e-01,-2,-6,1,-3,20,18.4,1.8,1.4
3.427e-01,-2,2,1,3,20.8,21.6,1.8,2.2
3.429e-01,-1.3411e-07,-6,1,-1,20.8,19.2,1.8,1.4
3.430e-01,-1.3411e-07,2,1,3,21.6,22.4,1.8,2.2
3.432e-01,-2,-6,1,-1,20.8,20,1.8,1.4
3.434e-01,-2,4,3,5,20.8,22.4,1.8,2.2
3.436e-01,-2,-6,1,-1,21.6,20,1.8,1
3.438e-01,-2,2,1,5,21.6,22.4,1.8,2.2
3.440e-01,-2,-6,3,-1,21.6,20,1.8,1
3.442e-01,-2,2,1,5,20.8,22.4,1.8,2.2
3.444e-01,-2,-6,3,1,20.8,19.2,1.4,1
3.446e-01,-4,2,3,7,20,21.6,1.4,2.2
3.448e-01,-2,-6,3,1,20,17.6,1.4,0.6
3.450e-01,-4,2,3,7,19.2,20.8,1.4,1.8
3.452e-01,-2,-6,3,1,19.2,16.8,1.4,0.6
3.453e-01,-2,2,3,7,18.4,20,1,1.8
3.455e-01,-2,-6,3,1,17.6,15.2,1.4,0.6
3.457e-01,-2,2,3,5,16.8,18.4,1,1.4
3.459e-01,-2,-6,3,1,16,12.8,1,0.2
3.461e-01,-2,2,3,5,15.2,16.8,0.6,1.4
3.463e-01,-2,-6,3,1,14.4,11.2,0.6,0.2
3.465e-01,-2,2,3,5,12.8,15.2,0.6,1.4
3.467e-01,-2,-6,3,1,12.8,8.8,0.6,-0.2
3.469e-01,-2,2,3,5,11.2,12.8,0.6,1
3.471e-01,-2,-6,3,1,9.6,6.4,0.2,-0.2
3.473e-01,-2,2,3,7,8.8,11.2,0.2,1
3.475e-01,-2,-6,3,1,8,4,0.2,-0.6
3.477e-01,-2,2,3,7,6.4,8.8,0.2,0.6
3.478e-01,-2,-6,3,1,4.8,1.6,0.2,-0.6
3.480e-01,-2,2,3,5,4,6.4,-0.2,0.6
3.482e-01,-2,-6,3,1,2.4,-0.8,-0.2,-1
3.484e-01,-2,2,3,5,1.6,4,-0.2,0.2
3.486e-01,-2,-6,3,-1,-7.15256e-08,-3.2,-0.2,-1
3.488e-01,-2,2,1,5,-0.8,0.8,-0.6,0.2
3.490e-01,-2,-6,3,-1,-2.4,-5.6,-0.6,-1.4
3.492e-01,-2,2,3,5,-3.2,-1.6,-0.6,-0.2
3.494e-01,-2,-6,1,-1,-4.8,-8,-1,-1.4
3.496e-01,-2,2,1,3,-5.6,-3.2,-0.6,-0.2
3.498e-01,-2,-6,1,-1,-6.4,-10.4,-1,-1.8
3.500e-01,-4,2,1,3,-8,-5.6,-1,-0.6
3.501e-01,-2,-6,1,-3,-8.8,-12,-1,-1.8
3.503e-01,-2,2,1,3,-9.6,-8,-1,-0.6
3.505e-01,-2,-6,1,-3,-10.4,-13.6,-1.4,-1.8
3.507e-01,-2,2,-1,3,-12,-9.6,-1.4,-1
3.509e-01,-2,-6,-1,-3,-12.8,-16,-1.4,-2.2
3.511e-01,-2,2,-1,3,-13.6,-12,-1.8,-1
3.513e-01,-4,-6,-1,-5,-14.4,-17.6,-1.8,-2.2
3.515e-01,-2,2,-1,1,-15.2,-13.6,-1.4,-1
3.517e-01,-2,-6,-3,-5,-16,-18.4,-1.4,-2.2
3.519e-01,-2,2,-1,1,-16.8,-15.2,-1.4,-1
3.521e-01,-2,-6,-3,-5,-17.6,-20,-1.8,-2.2
3.523e-01,-2,2,-3,-1,-17.6,-16,-1.4,-1
3.525e-01,-2,-6,-1,-5,-18.4,-20,-1.4,-2.2
3.526e-01,-2,2,-3,-1,-18.4,-17.6,-1.4,-1
3.528e-01,-2,-6,-3,-7,-19.2,-20.8,-1.8,-2.2
3.530e-01,-2,2,-3,-1,-19.2,-18.4,-1.4,-1
3.532e-01,-2,-6,-5,-7,-20,-21.6,-1.4,-2.2
3.534e-01,-2,2,-5,-3,-20,-19.2,-1.4,-1
3.536e-01,-2,-6,-5,-7,-20,-21.6,-1.4,-2.2
3.538e-01,-4,2,-5,-1,-20,-19.2,-1.4,-1
3.540e-01,-2,-6,-5,-7,-20,-21.6,-1.4,-1.8
3.542e-01,-1.3411e-07,2,-5,-3,-20,-18.4,-1.4,-1
3.544e-01,-2,-6,-5,-9,-20,-20.8,-1.4,-1.8
3.546e-01,-2,2,-7,-3,-19.2,-17.6,-1,-0.6
3.548e-01,-2,-6,-7,-9,-18.4,-20,-1.4,-1.8
3.549e-01,-2,2,-7,-3,-18.4,-16.8,-1,-0.6
3.551e-01,-4,-6,-7,-9,-17.6,-18.4,-1,-1.4
3.553e-01,-1.3411e-07,2,-7,-3,-16.8,-15.2,-1,-0.6
3.555e-01,-2,-6,-7,-9,-16,-17.6,-1,-1.4
3.557e-01,-2,2,-7,-3,-15.2,-13.6,-1,-0.2
3.559e-01,-2,-6,-5,-9,-14.4,-16,-0.6,-1
3.561e-01,-1.3411e-07,2,-5,-3,-12.8,-11.2,-0.6,-0.2
3.563e-01,-2,-6,-7,-9,-12.8,-13.6,-0.6,-1
3.565e-01,-2,2,-7,-3,-11.2,-9.6,-0.2,0.2
3.567e-01,-2,-6,-5,-9,-10.4,-12,-0.2,-1
3.569e-01,-2,2,-7,-3,-9.6,-7.2,-0.2,0.2
3.571e-01,-2,-6,-7,-9,-8,-9.6,-0.2,-0.6
3.573e-01,-2,2,-7,-3,-7.2,-5.6,-0.2,0.6
3.574e-01,-1.3411e-07,-6,-7,-9,-5.6,-7.2,0.2,-0.6
3.576e-01,-2,2,-5,-3,-4.8,-3.2,0.2,0.6
3.578e-01,-2,-6,-7,-9,-4,-4.8,0.2,-0.2
3.580e-01,-2,2,-7,-3,-2.4,-0.8,0.2,1
3.582e-01,-2,-6,-7,-7,-1.6,-2.4,0.6,-0.2
3.584e-01,-4,2,-5,-3,-7.15256e-08,1.6,0.6,1
3.586e-01,-4,-6,-5,-7,1.6,-7.15256e-08,1,0.2
3.588e-01,-2,2,-7,-3,2.4,4,0.6,1.4
3.590e-01,-2,-6,-5,-7,4,2.4,1,0.2
3.592e-01,-1.3411e-07,2,-5,-3,4.8,7.2,1,1.4
3.594e-01,-4,-6,-5,-7,6.4,4.8,1,0.6
3.596e-01,-2,2,-5,-1,7.2,8.8,1.4,1.8
3.597e-01,-2,-6,-3,-7,8,7.2,1.4,0.6
3.599e-01,-2,2,-3,-1,8.8,11.2,1.4,1.8
3.601e-01,-1.3411e-07,-6,-3,-7,10.4,9.6,1.4,1
3.603e-01,-2,2,-3,-1,11.2,12.8,1.4,1.8
3.605e-01,-2,-6,-3,-5,12.8,11.2,1.8,1
3.607e-01,-1.3411e-07,2,-3,-1,13.6,15.2,1.4,2.2
3.609e-01,-2,-6,-3,-5,14.4,13.6,1.8,1
3.611e-01,-2,2,-1,1,15.2,16.8,1.8,2.2
3.613e-01,-2,-6,-1,-3,16,15.2,1.8,1.4
3.615e-01,-2,2,-1,1,16.8,18.4,1.8,2.2
3.617e-01,-2,-6,-1,-3,17.6,16.8,2.2,1.4
3.619e-01,-2,2,-1,1,18.4,20,1.8,2.2
3.621e-01,-1.3411e-07,-6,-1,-3,19.2,17.6,1.8,1.4
3.622e-01,-1.3411e-07,2,-1,3,19.2,20.8,1.8,2.2
3.624e-01,-4,-6,1,-3,20,18.4,2.2,1.4
3.626e-01,-1.3411e-07,2,1,3,20.8,21.6,1.8,2.2
3.628e-01,-2,-6,-1,-1,20.8,19.2,2.2,1.4
3.630e-01,-2,2,1,5,20.8,22.4,2.2,2.2
3.632e-01,-2,-6,1,-1,21.6,20,1.8,1.4
3.634e-01,-1.3411e-07,2,1,5,21.6,22.4,1.8,2.2
3.636e-01,-4,-6,1,-1,21.6,20,1.4,1
3.638e-01,-2,2,1,5,21.6,22.4,1.8,2.2
3.640e-01,-2,-6,1,-1,21.6,20,1.8,1
3.642e-01,-2,2,3,5,21.6,22.4,1.4,2.2
3.644e-01,-2,-6,3,1,21.6,19.2,1.4,1
3.645e-01,-4,2,3,5,20.8,22.4,1.4,2.2
3.647e-01,-2,-6,3,1,20,18.4,1.8,0.6
3.649e-01,-2,2,3,7,19.2,20.8,1.4,1.8
3.651e-01,-2,-6,3,1,18.4,16.8,1.4,0.6
3.653e-01,-2,2,3,7,18.4,20,1,1.8
3.655e-01,-2,-6,3,1,17.6,15.2,1,0.6
3.657e-01,-2,2,3,7,16.8,18.4,1,1.8
3.659e-01,-2,-6,3,1,16,13.6,1,0.2
3.661e-01,-2,2,3,5,15.2,17.6,1,1.4
3.663e-01,-2,-6,3,1,14.4,11.2,1,0.2
3.665e-01,-2,2,3,5,13.6,15.2,1,1.4
3.667e-01,-4,-6,3,1,12,8.8,0.6,-0.2
3.669e-01,-2,2,3,5,11.2,13.6,0.6,1
3.670e-01,-2,-6,5,1,10.4,7.2,0.6,-0.2
3.672e-01,-2,2,5,7,8.8,11.2,0.6,1
3.674e-01,-2,-6,5,1,8,4.8,0.2,-0.6
3.676e-01,-2,2,3,7,6.4,8.8,0.2,0.6
3.678e-01,-2,-6,3,1,5.6,2.4,0.2,-0.6
3.680e-01,-2,2,3,7,4,6.4,-0.2,0.6
3.682e-01,-2,-6,3,1,3.2,-7.15256e-08,-0.2,-1
3.684e-01,-2,2,3,5,1.6,4,-0.2,0.2
3.686e-01,-2,-6,3,-1,0.8,-3.2,-0.6,-1
3.688e-01,-2,2,1,5,-7.15256e-08,1.6,-0.6,-0.2
3.690e-01,-2,-6,1,-1,-2.4,-5.6,-0.6,-1.4
3.692e-01,-2,2,1,5,-3.2,-0.8,-0.6,-0.2
3.693e-01,-4,-6,1,-1,-4.8,-8,-0.6,-1.4
3.695e-01,-4,2,1,5,-5.6,-3.2,-1,-0.2
3.697e-01,-2,-6,1,-1,-7.2,-9.6,-1,-1.8
3.699e-01,-2,2,1,3,-7.2,-5.6,-1,-0.6
3.701e-01,-2,-6,1,-1,-8,-12,-1,-1.8
3.703e-01,-2,2,1,3,-9.6,-8,-1,-0.6
3.705e-01,-1.3411e-07,-6,1,-3,-10.4,-13.6,-1.4,-1.8
3.707e-01,-2,2,-1,3,-11.2,-9.6,-1.4,-0.6
3.709e-01,-2,-6,1,-3,-12,-15.2,-1.4,-2.2
3.711e-01,-2,2,-1,3,-13.6,-12,-1.4,-1
3.713e-01,-4,-6,-1,-5,-14.4,-16.8,-1.4,-2.2
3.715e-01,-4,2,-1,1,-15.2,-13.6,-1.4,-1
3.717e-01,-2,-6,-3,-5,-16,-18.4,-1.4,-2.2
3.718e-01,-2,2,-3,1,-16.8,-15.2,-1.8,-1
3.720e-01,-1.3411e-07,-6,-3,-5,-17.6,-19.2,-1.4,-2.2
3.722e-01,-2,4,-3,1,-18.4,-16,-1.4,-1
3.724e-01,-1.3411e-07,-6,-3,-5,-18.4,-20.8,-1.4,-2.2
3.726e-01,-2,2,-3,-1,-18.4,-17.6,-1.8,-1
3.728e-01,-2,-6,-3,-7,-19.2,-20.8,-1.8,-2.2
3.730e-01,-4,2,-3,-1,-19.2,-18.4,-1.8,-1
3.732e-01,-2,-6,-5,-7,-20,-21.6,-1.4,-2.2
3.734e-01,-2,2,-5,-3,-20,-19.2,-1.4,-1
3.736e-01,-2,-6,-5,-7,-20,-21.6,-1.4,-2.2
3.738e-01,-2,2,-5,-1,-20.8,-19.2,-1.8,-1
3.740e-01,-2,-6,-5,-7,-20,-21.6,-1.4,-1.8
3.741e-01,-2,2,-5,-3,-20,-19.2,-1.4,-1
3.743e-01,-2,-6,-5,-9,-20,-20.8,-1.4,-1.8
3.745e-01,-2,2,-5,-3,-19.2,-17.6,-1,-0.6
3.747e-01,-2,-6,-7,-9,-19.2,-20,-1,-1.8
3.749e-01,-4,2,-7,-3,-18.4,-16.8,-1,-0.6
3.751e-01,-2,-6,-7,-9,-17.6,-18.4,-1,-1.8
3.753e-01,-2,2,-7,-3,-17.6,-15.2,-0.6,-0.2
3.755e-01,-2,-6,-5,-9,-16,-17.6,-0.6,-1.4
3.757e-01,-4,2,-7,-3,-15.2,-13.6,-1,-0.2
3.759e-01,-2,-6,-5,-9,-14.4,-16,-0.6,-1.4
3.761e-01,-1.3411e-07,2,-5,-3,-13.6,-12,-0.6,-0.2
3.763e-01,-2,-6,-7,-9,-12.8,-14.4,-0.6,-1
3.765e-01,-2,2,-5,-3,-12,-9.6,-0.2,0.2
3.766e-01,-2,-6,-7,-9,-10.4,-12,-0.2,-1
3.768e-01,-2,2,-7,-3,-9.6,-8,-0.2,0.2
3.770e-01,-2,-6,-7,-9,-8,-9.6,-0.2,-0.6
3.772e-01,-2,2,-7,-3,-8,-5.6,-0.2,0.6
3.774e-01,-2,-6,-7,-9,-6.4,-7.2,0.2,-0.6
3.776e-01,-2,2,-7,-3,-5.6,-3.2,0.2,0.6
3.778e-01,-4,-6,-7,-9,-4,-4.8,0.2,-0.2
3.780e-01,-2,2,-5,-3,-2.4,-0.8,0.2,1
3.782e-01,-2,-6,-5,-9,-1.6,-2.4,0.6,-0.2
3.784e-01,-2,2,-5,-3,-7.15256e-08,1.6,0.6,1
3.786e-01,-2,-6,-5,-7,0.8,-7.15256e-08,0.6,0.2
3.788e-01,-2,2,-5,-3,2.4,4,1,1.4
3.789e-01,-2,-6,-5,-7,3.2,2.4,1,0.2
3.791e-01,-2,2,-5,-3,4.8,6.4,1,1.4
3.793e-01,-2,-6,-5,-7,4.8,4.8,1,0.6
3.795e-01,-2,2,-3,-3,7.2,8.8,1.4,1.8
3.797e-01,-2,-6,-5,-7,8,7.2,1,0.6
3.799e-01,-2,2,-3,-1,9.6,11.2,1.4,1.8
3.801e-01,-2,-6,-3,-7,9.6,8.8,1.4,1
3.803e-01,-1.3411e-07,2,-5,-1,11.2,12.8,1.4,1.8
3.805e-01,-2,-6,-5,-5,12,11.2,1.4,1
3.807e-01,-2,2,-3,-1,12.8,15.2,1.4,2.2
3.809e-01,-2,-6,-3,-5,14.4,13.6,1.4,1
3.811e-01,-2,2,-1,1,15.2,16.8,1.4,2.2
3.813e-01,-2,-6,-1,-3,16,15.2,1.8,1.4
3.814e-01,-2,2,-1,1,16.8,18.4,1.8,2.2
3.816e-01,-2,-6,-1,-3,16.8,16,1.8,1.4
3.818e-01,-2,2,-1,1,18.4,19.2,1.8,2.2
3.820e-01,-2,-6,-1,-3,19.2,17.6,1.8,1.4
3.822e-01,-2,2,-1,1,19.2,20.8,1.8,2.2
3.824e-01,-2,-6,-1,-3,20,18.4,1.8,1.4
3.826e-01,-2,2,-1,3,20,21.6,1.8,2.2
3.828e-01,-2,-6,1,-1,20.8,19.2,1.8,1.4
3.830e-01,-2,2,1,3,20.8,22.4,1.8,2.2
3.832e-01,-2,-6,1,-1,21.6,20,1.8,1.4
3.834e-01,-2,2,1,5,21.6,22.4,1.8,2.2
3.836e-01,-2,-6,1,-1,21.6,20,1.8,1.4
3.837e-01,-2,2,1,5,21.6,22.4,1.8,2.2
3.839e-01,-2,-6,1,-1,21.6,20,1.8,1
3.841e-01,-2,2,3,5,21.6,22.4,1.8,2.2
3.843e-01,-2,-6,1,1,20.8,19.2,1.4,1
3.845e-01,-2,2,3,5,20.8,22.4,1.4,2.2
3.847e-01,-2,-6,3,1,20.8,18.4,1.4,1
3.849e-01,-2,2,3,7,20,21.6,1.4,1.8
3.851e-01,-2,-6,3,1,19.2,16.8,1.4,0.6
3.853e-01,-1.3411e-07,2,3,7,18.4,20,1.4,1.8
3.855e-01,-2,-6,3,1,17.6,15.2,1.4,0.6
3.857e-01,-4,2,3,5,16.8,18.4,1.4,1.4
3.859e-01,-4,-6,1,1,16,13.6,1,0.2
3.861e-01,-2,2,3,5,15.2,16.8,1,1.4
3.862e-01,-2,-6,3,1,14.4,12,1,0.2
3.864e-01,-1.3411e-07,2,3,5,12.8,15.2,1,1.4
3.866e-01,-2,-6,3,1,12.8,9.6,0.6,-0.2
3.868e-01,-2,2,3,5,11.2,13.6,0.6,1
3.870e-01,-2,-6,5,1,10.4,7.2,0.6,-0.2
3.872e-01,-2,2,5,7,8.8,11.2,0.2,1
3.874e-01,-2,-6,3,1,8,4.8,0.2,-0.6
3.876e-01,-2,2,3,7,6.4,8.8,0.2,0.6
3.878e-01,-2,-6,3,1,6.4,2.4,0.2,-0.6
3.880e-01,-4,2,3,5,4,6.4,-0.2,0.6
3.882e-01,-2,-6,3,1,3.2,-7.15256e-08,-0.2,-1
3.884e-01,-2,2,3,5,1.6,4,-0.2,0.2
3.885e-01,-2,-6,1,1,0.8,-2.4,-0.2,-1
3.887e-01,-2,2,1,5,-0.8,1.6,-0.2,0.2
3.889e-01,-2,-6,1,-1,-1.6,-4.8,-0.6,-1.4
3.891e-01,-2,2,1,5,-3.2,-0.8,-0.6,-0.2
3.893e-01,-2,-6,1,-1,-4,-7.2,-0.6,-1.4
3.895e-01,-4,2,1,3,-5.6,-3.2,-1,-0.2
3.897e-01,-2,-6,1,-1,-6.4,-9.6,-1,-1.8
3.899e-01,-4,2,3,3,-7.2,-5.6,-1,-0.6
3.901e-01,-2,-6,1,-1,-8.8,-11.2,-1,-1.8
3.903e-01,-4,2,1,3,-9.6,-8,-1,-0.6
3.905e-01,-2,-6,1,-3,-10.4,-13.6,-1,-1.8
3.907e-01,-2,2,1,3,-11.2,-9.6,-1.4,-0.6
3.909e-01,-2,-6,-1,-3,-12,-15.2,-1.4,-1.8
3.910e-01,-2,2,1,3,-13.6,-11.2,-1.8,-1
3.912e-01,-2,-6,-1,-5,-13.6,-16.8,-1.4,-2.2
3.914e-01,-2,2,-1,1,-15.2,-13.6,-1.4,-1
3.916e-01,-2,-6,-3,-5,-15.2,-18.4,-1.4,-2.2
3.918e-01,-2,2,-1,1,-16.8,-15.2,-1.8,-1
3.920e-01,-2,-6,-3,-5,-16.8,-19.2,-1.4,-2.2
3.922e-01,-2,2,-3,1,-17.6,-16,-1.4,-1
3.924e-01,-2,-6,-3,-5,-18.4,-20,-1.8,-2.2
3.926e-01,-2,2,-3,-1,-19.2,-17.6,-1.4,-1
3.928e-01,-2,-6,-5,-7,-19.2,-20.8,-1.4,-2.2
3.930e-01,-2,2,-5,-1,-19.2,-18.4,-1.8,-1
3.932e-01,-2,-6,-5,-7,-20,-21.6,-1.4,-2.2
3.934e-01,-2,2,-5,-3,-20,-19.2,-1.8,-1
3.935e-01,-4,-6,-5,-7,-20,-21.6,-1.4,-2.2
3.937e-01,-2,2,-5,-3,-20,-19.2,-1.4,-1
3.939e-01,-2,-6,-5,-7,-20,-21.6,-1.4,-2.2
3.941e-01,-2,2,-5,-3,-20,-19.2,-1.4,-1
3.943e-01,-2,-6,-5,-9,-20,-20.8,-1.4,-1.8
3.945e-01,-2,2,-5,-3,-19.2,-18.4,-1.4,-0.6
3.947e-01,-2,-6,-7,-9,-18.4,-20,-1.4,-1.8
3.949e-01,-2,2,-7,-3,-18.4,-16.8,-1,-0.6
3.951e-01,-1.3411e-07,-6,-7,-9,-17.6,-19.2,-1,-1.8
3.953e-01,-2,2,-7,-3,-16.8,-15.2,-1,-0.6
3.955e-01,-2,-6,-7,-9,-16,-17.6,-1,-1.4
3.957e-01,-2,2,-5,-3,-15.2,-13.6,-0.6,-0.2
3.958e-01,-4,-6,-7,-9,-14.4,-16,-0.6,-1.4
3.960e-01,-2,2,-7,-3,-13.6,-12,-0.6,-0.2
3.962e-01,-2,-6,-7,-9,-12.8,-14.4,-0.6,-1.4
3.964e-01,-2,2,-5,-3,-12,-10.4,-0.6,0.2
3.966e-01,-2,-6,-5,-9,-10.4,-12,-0.6,-1
3.968e-01,-2,2,-7,-3,-10.4,-8,-0.6,0.2
3.970e-01,-2,-6,-7,-9,-8.8,-10.4,-0.2,-1
3.972e-01,-2,2,-5,-3,-8,-5.6,-0.2,0.6
3.974e-01,-2,-6,-7,-9,-6.4,-8,-0.2,-0.6
3.976e-01,-2,2,-7,-3,-5.6,-3.2,0.2,0.6
3.978e-01,-2,-6,-7,-9,-4,-5.6,0.2,-0.2
3.980e-01,-2,2,-7,-3,-3.2,-0.8,0.2,1
3.982e-01,-2,-6,-7,-9,-1.6,-3.2,0.2,-0.2
3.983e-01,-2,2,-5,-3,-0.8,1.6,0.6,1
3.985e-01,-2,-6,-5,-7,0.8,-7.15256e-08,0.6,0.2
3.987e-01,-2,2,-7,-3,2.4,4,0.6,1.4
3.989e-01,-2,-6,-5,-7,3.2,1.6,1,0.2
3.991e-01,-2,2,-5,-3,4,6.4,1,1.4
3.993e-01,-4,-6,-5,-7,5.6,4.8,1,0.6
3.995e-01,-2,2,-5,-1,6.4,8.8,1.4,1.8
3.997e-01,-2,-6,-5,-7,8,6.4,1,0.6
3.999e-01,-2,2,-3,-1,8.8,10.4,1.4,1.8
4.001e-01,-2,-6,-3,-7,9.6,8.8,1.4,1
4.003e-01,-4,2,-3,-1,10.4,12.8,1.4,1.8
4.005e-01,-2,-6,-3,-5,12,11.2,1.4,1
4.006e-01,-2,2,-3,-1,12.8,14.4,1.8,2.2
4.008e-01,-4,-6,-3,-5,14.4,12.8,1.8,1
4.010e-01,-4,2,-3,1,15.2,16.8,1.8,2.2
4.012e-01,-2,-6,-3,-5,16,14.4,1.8,1.4
4.014e-01,-2,2,-1,1,16,18.4,1.4,2.2
4.016e-01,-2,-6,-1,-3,17.6,16,1.8,1.4
4.018e-01,-2,2,-1,1,17.6,19.2,1.8,2.2
4.020e-01,-2,-6,-1,-3,18.4,17.6,1.8,1.4
4.022e-01,-2,2,-1,1,18.4,20.8,1.8,2.2
4.024e-01,-2,-6,1,-3,20,18.4,1.8,1.4
4.026e-01,-1.3411e-07,2,1,3,20,21.6,1.8,2.2
4.028e-01,-2,-6,1,-1,20.8,19.2,1.8,1.4
4.030e-01,-2,2,1,3,20.8,22.4,1.8,2.2
4.031e-01,-2,-6,3,-1,21.6,20,1.8,1.4
4.033e-01,-2,2,1,5,21.6,22.4,1.8,2.2
4.035e-01,-2,-6,1,-1,21.6,20,1.8,1.4
4.037e-01,-4,2,1,5,21.6,22.4,1.8,2.2
4.039e-01,-1.3411e-07,-6,3,-1,21.6,20,1.8,1
4.041e-01,-2,2,1,5,21.6,22.4,1.8,2.2
4.043e-01,-1.3411e-07,-6,3,1,20.8,19.2,1.4,1
4.045e-01,-2,2,3,5,20.8,22.4,1.4,2.2
4.047e-01,-2,-6,3,1,20,18.4,1.4,1
4.049e-01,-1.3411e-07,2,3,7,20.8,21.6,1.4,1.8
4.051e-01,-4,-6,5,1,19.2,16.8,1.4,0.6
4.053e-01,-2,2,5,7,18.4,20,1.4,1.8
4.054e-01,-2,-6,3,1,17.6,15.2,1,0.6
4.056e-01,-2,2,3,5,17.6,19.2,1,1.8
4.058e-01,-2,-6,3,1,16.8,13.6,1,0.2
4.060e-01,-4,2,3,5,15.2,17.6,1,1.4
4.062e-01,-2,-6,3,1,14.4,12,1,0.2
4.064e-01,-2,2,3,5,13.6,15.2,0.6,1.4
4.066e-01,-2,-6,3,1,12.8,9.6,0.6,0.2
4.068e-01,-2,2,3,5,12,13.6,0.6,1
4.070e-01,-4,-6,3,1,10.4,7.2,0.6,-0.2
4.072e-01,-1.3411e-07,2,5,7,9.6,12,0.2,1
4.074e-01,-4,-6,3,1,8.8,4.8,0.2,-0.6
4.076e-01,-2,2,3,7,7.2,9.6,0.2,0.6
4.078e-01,-4,-6,3,1,5.6,2.4,-0.2,-0.6
4.079e-01,-2,2,3,7,4.8,6.4,-0.2,0.6
4.081e-01,-2,-6,3,1,4,-7.15256e-08,-0.2,-1
4.083e-01,-4,2,3,5,2.4,4.8,-0.2,0.2
4.085e-01,-2,-6,3,1,0.8,-2.4,-0.2,-1
4.087e-01,-4,2,3,5,-7.15256e-08,1.6,-0.6,0.2
4.089e-01,-2,-6,3,-1,-1.6,-4.8,-0.6,-1.4
4.091e-01,-2,2,3,5,-2.4,-0.8,-0.6,-0.2
4.093e-01,-2,-6,1,-1,-4,-7.2,-1,-1.4
4.095e-01,-2,2,3,5,-4.8,-3.2,-1,-0.2
4.097e-01,-2,-6,1,-1,-5.6,-9.6,-0.6,-1.8
4.099e-01,-2,2,1,3,-7.2,-5.6,-1,-0.6
4.101e-01,-2,-6,1,-1,-8,-11.2,-1,-1.8
4.102e-01,-2,2,1,3,-9.6,-7.2,-1,-0.6
4.104e-01,-2,-6,1,-3,-10.4,-13.6,-1,-1.8
4.106e-01,-2,2,1,3,-11.2,-9.6,-1.4,-1
4.108e-01,-1.3411e-07,-6,1,-3,-12,-15.2,-1.4,-1.8
4.110e-01,-4,2,1,3,-12.8,-11.2,-1.4,-1
4.112e-01,-2,-6,-1,-5,-14.4,-16.8,-1.8,-2.2
4.114e-01,-4,2,-3,1,-15.2,-12.8,-1.4,-1
4.116e-01,-2,-6,-3,-5,-16,-18.4,-1.4,-2.2
4.118e-01,-4,2,-3,1,-16.8,-14.4,-1.4,-1
4.120e-01,-2,-6,-3,-5,-16.8,-19.2,-1.8,-2.2
4.122e-01,-2,2,-3,1,-17.6,-16,-1.4,-1
4.124e-01,-2,-6,-3,-5,-17.6,-20,-1.8,-2.2
4.126e-01,-2,2,-3,-1,-19.2,-17.6,-1.4,-1
4.127e-01,-2,-6,-3,-7,-19.2,-20.8,-1.8,-2.2
4.129e-01,-2,2,-3,-1,-20,-18.4,-1.8,-1
4.131e-01,-2,-6,-3,-7,-19.2,-21.6,-1.8,-2.2
4.133e-01,-2,2,-5,-1,-20,-19.2,-1.8,-1
4.135e-01,-2,-6,-5,-7,-20,-21.6,-1.4,-2.2
4.137e-01,-2,2,-5,-1,-20,-19.2,-1.8,-1
4.139e-01,-2,-6,-5,-7,-20,-21.6,-1.4,-1.8
4.141e-01,-2,2,-5,-3,-20,-19.2,-1.4,-1
4.143e-01,-2,-6,-5,-9,-20,-20.8,-1.4,-2.2
4.145e-01,-4,2,-5,-3,-19.2,-18.4,-1.4,-0.6
4.147e-01,-2,-6,-7,-9,-19.2,-20.8,-1.4,-1.8
4.149e-01,-2,2,-7,-3,-18.4,-16.8,-1.4,-0.6
4.150e-01,-2,-6,-7,-9,-17.6,-19.2,-1,-1.8
4.152e-01,-2,2,-7,-5,-17.6,-16,-1,-0.6
4.154e-01,-2,-6,-5,-9,-16.8,-17.6,-0.6,-1.4
4.156e-01,-2,2,-5,-3,-16,-14.4,-0.6,-0.2
4.158e-01,-2,-6,-7,-9,-15.2,-16,-0.6,-1.4
4.160e-01,-2,2,-5,-3,-13.6,-12.8,-0.6,-0.2
4.162e-01,-1.3411e-07,-6,-7,-9,-12.8,-14.4,-0.6,-1
4.164e-01,-4,2,-5,-3,-12.8,-10.4,-0.2,0.2
4.166e-01,-2,-6,-7,-9,-11.2,-12.8,-0.6,-1
4.168e-01,-2,2,-7,-3,-10.4,-8,-0.6,0.2
4.170e-01,-2,-6,-7,-9,-8.8,-10.4,-0.2,-1
4.172e-01,-2,2,-7,-3,-8,-6.4,0.2,0.6
4.174e-01,-1.3411e-07,-6,-5,-9,-7.2,-8,-0.2,-0.6
4.175e-01,-2,2,-7,-3,-5.6,-3.2,0.2,0.6
4.177e-01,-2,-6,-7,-9,-4,-5.6,0.2,-0.2
4.179e-01,-4,2,-7,-3,-3.2,-1.6,0.2,1
4.181e-01,-2,-6,-5,-9,-2.4,-3.2,0.2,-0.2
4.183e-01,-2,2,-7,-3,-0.8,0.8,0.6,1
4.185e-01,-2,-6,-7,-7,-7.15256e-08,-0.8,0.6,0.2
4.187e-01,-2,2,-7,-3,1.6,3.2,0.6,1.4
4.189e-01,-2,-6,-5,-7,2.4,1.6,0.6,0.2
4.191e-01,-2,2,-3,-3,4,5.6,1,1.4
4.193e-01,-2,-6,-5,-7,4.8,4,1,0.6
4.195e-01,-2,2,-5,-3,7.2,8,1,1.4
4.197e-01,-1.3411e-07,-6,-5,-7,7.2,6.4,1.4,0.6
4.198e-01,-2,2,-5,-1,8,10.4,1,1.8
4.200e-01,-2,-6,-5,-7,9.6,8.8,1.4,0.6
4.202e-01,-2,2,-3,-1,10.4,12.8,1.4,1.8
4.204e-01,-2,-6,-3,-5,12,10.4,1.4,1
4.206e-01,-1.3411e-07,2,-3,-1,12.8,14.4,1.4,2.2
4.208e-01,-2,-6,-3,-5,13.6,12.8,1.8,1
4.210e-01,-1.3411e-07,2,-3,1,14.4,16,1.4,2.2
4.212e-01,-1.3411e-07,-6,-3,-5,16,14.4,1.4,1
4.214e-01,-2,2,-1,1,16.8,17.6,1.8,2.2
4.216e-01,-2,-6,-1,-3,16.8,16,1.8,1.4
4.218e-01,-2,2,-1,1,17.6,19.2,1.8,2.2
4.220e-01,-2,-6,-1,-3,18.4,17.6,1.8,1.4
4.222e-01,-2,2,-1,3,19.2,20.8,1.8,2.2
4.223e-01,-1.3411e-07,-6,-1,-3,20,18.4,1.8,1.4
4.225e-01,-2,2,-1,3,20,21.6,1.8,2.2
4.227e-01,-2,-6,1,-1,20.8,19.2,1.8,1.4
4.229e-01,-2,2,1,3,20.8,22.4,2.2,2.2
4.231e-01,-4,-6,1,-1,20.8,20,1.8,1.4
4.233e-01,-2,2,1,5,21.6,22.4,1.8,2.2
4.235e-01,-1.3411e-07,-8,1,-1,21.6,20,1.8,1.4
4.237e-01,-2,2,1,5,21.6,22.4,1.8,2.2
4.239e-01,-2,-6,1,-1,21.6,20,1.8,1
4.241e-01,-2,2,3,5,21.6,22.4,1.8,2.2
4.243e-01,-2,-6,3,-1,21.6,19.2,1.8,1
4.245e-01,-1.3411e-07,2,3,5,20.8,22.4,1.4,2.2
4.246e-01,-2,-6,3,1,20.8,18.4,1.4,1
4.248e-01,-2,2,3,7,20,21.6,1.4,1.8
4.250e-01,-2,-6,5,1,19.2,16.8,1.4,0.6
4.252e-01,-4,2,3,7,19.2,20.8,1.4,1.8
4.254e-01,-2,-6,3,1,18.4,16,1.4,0.6
4.256e-01,-2,2,3,5,17.6,19.2,1,1.4
4.258e-01,-4,-6,3,1,16.8,13.6,1,0.2
4.260e-01,-2,2,3,5,16,17.6,1,1.4
4.262e-01,-4,-6,3,1,14.4,12,0.6,0.2
4.264e-01,-2,2,3,5,13.6,16,0.6,1.4
4.266e-01,-2,-6,3,1,13.6,9.6,0.6,0.2
4.268e-01,-2,2,1,5,12,13.6,0.6,1
4.270e-01,-2,-6,3,1,11.2,8,0.6,-0.2
4.271e-01,-1.3411e-07,2,3,5,9.6,12,0.6,1
4.273e-01,-2,-6,3,1,8.8,5.6,0.6,-0.6
4.275e-01,-2,2,3,7,8,9.6,0.2,0.6
4.277e-01,-2,-6,3,1,6.4,3.2,0.2,-0.6
4.279e-01,-2,2,3,7,4.8,7.2,-0.2,0.6
4.281e-01,-2,-6,3,1,4,0.8,0.2,-1
4.283e-01,-2,2,3,5,2.4,4.8,-0.2,0.2
4.285e-01,-2,-6,1,-1,0.8,-2.4,-0.2,-1
4.287e-01,-2,4,3,5,-7.15256e-08,2.4,-0.6,0.2
4.289e-01,-4,-6,3,-1,-0.8,-4.8,-0.6,-1.4
4.291e-01,-4,2,1,5,-2.4,-7.15256e-08,-0.6,-0.2
4.293e-01,-2,-6,3,-1,-3.2,-7.2,-0.6,-1.4
4.294e-01,-4,2,1,5,-4.8,-2.4,-1,-0.2
4.296e-01,-2,-6,1,-1,-5.6,-8.8,-1,-1.8
4.298e-01,-2,2,1,3,-7.2,-4.8,-1,-0.6
4.300e-01,-2,-6,1,-1,-8,-11.2,-1,-1.8
4.302e-01,-2,2,1,3,-8.8,-7.2,-1,-0.6
4.304e-01,-2,-6,-1,-3,-10.4,-12.8,-1.4,-1.8
4.306e-01,-2,2,-1,3,-10.4,-8.8,-1.4,-0.6
4.308e-01,-2,-6,1,-3,-12,-15.2,-1.4,-2.2
4.310e-01,-4,2,1,3,-12.8,-11.2,-1.4,-1
4.312e-01,-2,-6,-1,-5,-13.6,-16.8,-1.4,-2.2
4.314e-01,-2,2,-1,1,-14.4,-12.8,-1.4,-1
4.316e-01,-2,-6,-3,-5,-15.2,-18.4,-1.4,-2.2
4.318e-01,-2,2,-3,1,-16,-14.4,-1.4,-1
4.319e-01,-4,-6,-3,-5,-16.8,-19.2,-1.8,-2.2
4.321e-01,-2,2,-1,1,-16.8,-16,-1.4,-1
4.323e-01,-2,-6,-3,-5,-18.4,-20,-1.4,-2.2
4.325e-01,-2,2,-3,1,-18.4,-16.8,-1.8,-1
4.327e-01,-2,-6,-3,-7,-19.2,-20.8,-1.4,-2.2
4.329e-01,-2,2,-3,-1,-19.2,-18.4,-1.4,-1
4.331e-01,-2,-6,-5,-7,-20,-21.6,-1.8,-2.2
4.333e-01,-2,2,-5,-3,-20,-19.2,-1.4,-1
4.335e-01,-2,-6,-3,-7,-20,-21.6,-1.4,-2.2
4.337e-01,-2,2,-5,-3,-20,-19.2,-1.4,-1
4.339e-01,-4,-6,-5,-7,-20,-21.6,-1.4,-2.2
4.341e-01,-2,2,-3,-3,-20,-19.2,-1.4,-1
4.342e-01,-2,-6,-5,-9,-20,-20.8,-1.4,-1.8
4.344e-01,-1.3411e-07,2,-7,-3,-19.2,-18.4,-1.4,-1
4.346e-01,-1.3411e-07,-6,-7,-9,-19.2,-20.8,-1.4,-1.8
4.348e-01,-2,2,-7,-3,-18.4,-17.6,-1,-0.6
4.350e-01,-2,-6,-7,-9,-18.4,-19.2,-1,-1.8
4.352e-01,-2,2,-7,-5,-17.6,-16,-1,-0.6
4.354e-01,-4,-6,-7,-9,-16.8,-18.4,-1,-1.4
4.356e-01,-2,2,-7,-3,-16,-14.4,-0.6,-0.2
4.358e-01,-2,-6,-7,-9,-15.2,-16.8,-0.6,-1.4
4.360e-01,-2,2,-7,-3,-14.4,-12.8,-0.6,-0.2
4.362e-01,-2,-6,-7,-9,-12.8,-14.4,-0.6,-1
4.364e-01,-2,2,-7,-3,-12.8,-10.4,-0.6,-0.2
4.366e-01,-1.3411e-07,-6,-7,-9,-11.2,-12.8,-0.2,-1
4.367e-01,-2,2,-5,-3,-10.4,-8.8,-0.6,0.2
4.369e-01,-2,-6,-7,-9,-9.6,-10.4,-0.2,-1
4.371e-01,-2,2,-7,-3,-8,-6.4,-0.2,0.2
4.373e-01,-2,-6,-7,-9,-7.2,-8,-0.2,-0.6
4.375e-01,-2,2,-7,-3,-5.6,-4,-0.2,0.6
4.377e-01,-2,-6,-7,-9,-4.8,-6.4,0.2,-0.2
4.379e-01,-2,2,-7,-3,-3.2,-1.6,0.6,1
4.381e-01,-2,-6,-5,-9,-2.4,-3.2,0.6,-0.2
4.383e-01,-2,2,-7,-3,-0.8,0.8,0.6,1
4.385e-01,-2,-6,-7,-9,0.8,-0.8,0.6,0.2
4.387e-01,-2,2,-5,-3,0.8,3.2,0.6,1.4
4.389e-01,-4,-6,-5,-7,3.2,1.6,1,0.2
4.390e-01,-2,2,-7,-3,3.2,5.6,1,1.4
4.392e-01,-2,-6,-5,-7,5.6,4,1,0.6
4.394e-01,-2,2,-5,-3,6.4,8,1,1.4
4.396e-01,-2,-6,-5,-7,8,6.4,1.4,0.6
4.398e-01,-2,2,-3,-1,8.8,10.4,1.4,1.8
4.400e-01,-2,-6,-3,-7,9.6,8.8,1.4,1
4.402e-01,-2,2,-5,-1,10.4,12,1.4,1.8
4.404e-01,-1.3411e-07,-6,-3,-5,12,10.4,1.4,1
4.406e-01,-2,2,-3,-1,12.8,14.4,1.4,2.2
4.408e-01,-2,-6,-3,-5,12.8,12.8,1.8,1
4.410e-01,-2,2,-3,1,14.4,16,1.8,2.2
4.412e-01,-1.3411e-07,-6,-1,-5,15.2,14.4,1.8,1.4
4.414e-01,-1.3411e-07,2,-1,1,16,17.6,2.2,2.2
4.415e-01,-4,-6,1,-3,16.8,16,1.8,1.4
4.417e-01,-2,2,-1,1,17.6,19.2,1.8,2.2
4.419e-01,-2,-6,-1,-3,18.4,16.8,1.8,1.4
4.421e-01,-1.3411e-07,2,-1,1,18.4,20,1.8,2.2
4.423e-01,-4,-6,-1,-3,19.2,18.4,1.8,1.4
4.425e-01,-2,2,-1,3,20,21.6,1.8,2.2
4.427e-01,-2,-6,-1,-3,20.8,19.2,1.8,1.4
4.429e-01,-2,2,1,3,20.8,22.4,1.8,2.2
4.431e-01,-1.3411e-07,-6,1,-1,20.8,20,1.8,1.4
4.433e-01,-2,2,1,5,20.8,22.4,1.8,2.2
4.435e-01,-2,-6,1,-1,21.6,20,1.8,1.4
4.437e-01,-4,2,1,3,21.6,22.4,1.8,2.2
4.438e-01,-1.3411e-07,-6,1,-1,21.6,20,1.8,1
4.440e-01,-2,2,1,5,21.6,22.4,1.8,2.2
4.442e-01,-2,-6,1,1,21.6,19.2,1.8,1
4.444e-01,-2,2,3,5,21.6,22.4,1.8,2.2
4.446e-01,-1.3411e-07,-6,3,1,20.8,18.4,1.4,1
4.448e-01,-2,2,3,7,20,21.6,1.4,1.8
4.450e-01,-2,-6,5,1,19.2,17.6,1.4,0.6
4.452e-01,-2,2,5,7,19.2,20.8,1.4,1.8
4.454e-01,-2,-6,3,1,19.2,16,1,0.6
4.456e-01,-2,2,3,7,17.6,19.2,1.4,1.8
4.458e-01,-2,-6,3,1,16.8,13.6,1,0.2
4.460e-01,-2,2,3,5,16,17.6,1,1.4
4.462e-01,-2,-6,3,1,15.2,12,1,0.2
4.463e-01,-4,2,3,5,14.4,16,1,1.4
4.465e-01,-2,-6,3,1,12.8,10.4,0.6,0.2
4.467e-01,-2,2,1,5,12,14.4,0.6,1
4.469e-01,-4,-6,3,1,11.2,8,0.6,-0.2
4.471e-01,-2,2,3,7,10.4,12,0.2,1
4.473e-01,-2,-6,3,1,8.8,5.6,0.6,-0.6
4.475e-01,-2,2,3,7,7.2,9.6,0.2,0.6
4.477e-01,-2,-6,3,1,6.4,3.2,0.2,-0.6
4.479e-01,-2,2,3,7,5.6,7.2,0.2,0.6
4.481e-01,-2,-6,3,1,4,0.8,-0.2,-1
4.483e-01,-2,2,3,5,3.2,4.8,-0.2,0.2
4.485e-01,-2,-6,3,1,1.6,-1.6,-0.2,-1
4.486e-01,-2,2,3,5,0.8,2.4,-0.6,0.2
4.488e-01,-2,-6,1,-1,-0.8,-4,-0.6,-1.4
4.490e-01,-2,2,3,5,-2.4,-7.15256e-08,-0.6,-0.2
4.492e-01,-1.3411e-07,-6,1,-1,-3.2,-6.4,-0.6,-1.4
4.494e-01,-2,2,1,5,-4,-2.4,-0.6,-0.2
4.496e-01,-2,-6,1,-3,-5.6,-8.8,-0.6,-1.4
4.498e-01,-2,2,1,3,-6.4,-4.8,-1,-0.2
4.500e-01,-4,-6,1,-1,-8.8,-11.2,-1,-1.8
4.502e-01,-2,2,1,3,-8.8,-7.2,-1,-0.6
4.504e-01,-2,-6,1,-3,-9.6,-12.8,-1.4,-1.8
4.506e-01,-2,2,1,3,-10.4,-8.8,-1.4,-0.6
4.508e-01,-2,-6,-1,-3,-11.2,-14.4,-1.4,-2.2
4.510e-01,-2,2,-1,3,-12.8,-10.4,-1.4,-1
4.511e-01,-2,-6,-3,-5,-13.6,-16,-1.4,-2.2
4.513e-01,-2,2,-1,1,-14.4,-12.8,-1.4,-1
4.515e-01,-2,-6,-3,-5,-15.2,-17.6,-1.4,-2.2
4.517e-01,-2,2,-3,1,-16,-14.4,-1.4,-1
4.519e-01,-2,-6,-1,-5,-16.8,-19.2,-1.4,-2.2
4.521e-01,-2,2,-3,1,-17.6,-16,-1.8,-1
4.523e-01,-1.3411e-07,-6,-3,-5,-17.6,-20,-1.4,-2.2
4.525e-01,-2,2,-3,-1,-18.4,-16.8,-1.4,-1
4.527e-01,-2,-6,-3,-7,-18.4,-20.8,-1.4,-2.2
4.529e-01,-2,2,-3,-1,-18.4,-17.6,-1.4,-1
4.531e-01,-2,-6,-5,-7,-19.2,-21.6,-1.4,-2.2
4.533e-01,-2,2,-5,-1,-20,-18.4,-1.4,-1
4.535e-01,-2,-6,-5,-7,-20,-21.6,-1.4,-2.2
4.536e-01,-2,2,-3,-3,-20,-19.2,-1.4,-1
4.538e-01,-2,-6,-3,-7,-20,-21.6,-1.4,-2.2
4.540e-01,-2,2,-5,-3,-20,-19.2,-1.4,-1
4.542e-01,-2,-6,-5,-9,-20,-20.8,-1.4,-2.2
4.544e-01,-2,2,-5,-3,-19.2,-18.4,-1.4,-1
4.546e-01,-2,-6,-5,-9,-19.2,-20.8,-1.4,-1.8
4.548e-01,-4,2,-5,-3,-19.2,-17.6,-1,-0.6
4.550e-01,-4,-6,-7,-9,-18.4,-19.2,-1,-1.8
4.552e-01,-2,2,-7,-5,-17.6,-16,-1,-0.6
4.554e-01,-2,-6,-7,-9,-16.8,-18.4,-1,-1.4
4.556e-01,-2,2,-7,-3,-16,-14.4,-1,-0.2
4.558e-01,-2,-6,-7,-9,-15.2,-16.8,-0.6,-1.4
4.559e-01,-2,2,-7,-3,-14.4,-12.8,-0.6,-0.2
4.561e-01,-2,-6,-7,-9,-13.6,-14.4,-0.6,-1.4
4.563e-01,-2,2,-7,-3,-12.8,-11.2,-0.2,-0.2
4.565e-01,-1.3411e-07,-6,-5,-9,-11.2,-12.8,-0.6,-1
4.567e-01,-2,2,-5,-3,-10.4,-8.8,-0.2,0.2
4.569e-01,-1.3411e-07,-6,-5,-9,-9.6,-11.2,-0.2,-1
4.571e-01,-1.3411e-07,2,-7,-3,-8.8,-6.4,-0.2,0.2
4.573e-01,-2,-6,-7,-9,-7.2,-8.8,-0.2,-0.6
4.575e-01,-2,2,-7,-5,-6.4,-4,0.2,0.6
4.577e-01,-4,-6,-7,-9,-4.8,-6.4,0.2,-0.6
4.579e-01,-2,2,-7,-3,-4,-1.6,0.2,0.6
4.581e-01,-2,-6,-7,-9,-2.4,-4,0.2,-0.2
4.583e-01,-2,2,-7,-3,-1.6,0.8,0.6,1
4.584e-01,-2,-6,-5,-7,-0.8,-1.6,0.6,0.2
4.586e-01,-4,2,-5,-3,0.8,3.2,0.6,1
4.588e-01,-4,-6,-5,-7,2.4,0.8,1,0.2
4.590e-01,-1.3411e-07,2,-5,-3,3.2,5.6,0.6,1.4
4.592e-01,-4,-6,-5,-7,4.8,3.2,1,0.6
4.594e-01,-2,2,-5,-3,5.6,8,1,1.4
4.596e-01,-4,-6,-5,-7,7.2,5.6,1.4,0.6
4.598e-01,-2,2,-3,-1,8,9.6,1.4,1.8
4.600e-01,-2,-6,-3,-7,8.8,8,1.4,1
4.602e-01,-4,2,-5,-1,10.4,12,1.4,1.8
4.604e-01,-2,-6,-3,-5,11.2,10.4,1.4,1
4.606e-01,-2,2,-3,-1,12.8,14.4,1.4,2.2
4.607e-01,-2,-6,-3,-5,12.8,12,1.8,1
4.609e-01,-2,2,-3,-1,14.4,16,1.4,2.2
4.611e-01,-2,-6,-1,-5,15.2,14.4,1.8,1.4
4.613e-01,-2,2,-1,1,16,17.6,1.8,2.2
4.615e-01,-2,-6,-1,-3,16.8,16,1.8,1.4
4.617e-01,-1.3411e-07,2,-1,1,17.6,19.2,1.8,2.2
4.619e-01,-4,-6,1,-3,17.6,16.8,1.8,1.4
4.621e-01,-2,2,-1,1,18.4,20,1.8,2.2
4.623e-01,-2,-6,-1,-3,19.2,18.4,1.8,1.4
4.625e-01,-2,2,-1,3,19.2,20.8,1.8,2.2
4.627e-01,-2,-6,-1,-3,20,19.2,1.8,1.4
4.629e-01,-2,2,1,3,20.8,21.6,1.8,2.2
4.631e-01,-2,-6,1,-1,20.8,20,1.8,1
4.632e-01,-2,2,3,5,20.8,22.4,1.8,2.2
4.634e-01,-2,-6,1,-1,21.6,20,1.8,1.4
4.636e-01,-2,2,1,5,21.6,22.4,1.8,2.2
4.638e-01,-4,-6,3,-1,21.6,20,1.8,1.4
4.640e-01,-2,2,1,5,21.6,22.4,1.8,2.2
4.642e-01,-2,-6,3,-1,21.6,19.2,1.8,1
4.644e-01,-2,2,3,5,21.6,22.4,1.4,2.2
4.646e-01,-4,-6,3,1,20.8,18.4,1.4,1
4.648e-01,-2,2,3,7,20,21.6,1.4,1.8
4.650e-01,-2,-6,3,1,20,17.6,1.4,0.6
4.652e-01,-2,2,5,7,19.2,20.8,1.4,1.8
4.654e-01,-4,-6,3,1,18.4,16,1.4,0.6
4.655e-01,-2,2,3,5,17.6,19.2,1,1.8
4.657e-01,-2,-6,3,1,16.8,14.4,1,0.2
4.659e-01,-2,2,1,5,16,17.6,1,1.4
4.661e-01,-2,-6,3,1,15.2,12,1,0.2
4.663e-01,-2,2,3,5,14.4,16,1,1.4
4.665e-01,-2,-6,3,1,13.6,10.4,0.6,0.2
4.667e-01,-2,2,3,5,12,14.4,0.6,1.4
4.669e-01,-2,-6,3,1,11.2,8,0.6,-0.2
4.671e-01,-2,2,3,5,10.4,12.8,0.2,1
4.673e-01,-2,-6,3,1,8.8,5.6,0.2,-0.2
4.675e-01,-1.3411e-07,2,3,7,8,10.4,0.2,1
4.677e-01,-2,-6,3,1,6.4,3.2,0.2,-0.6
4.679e-01,-2,2,3,7,5.6,8,0.2,0.6
4.680e-01,-2,-6,3,1,4,0.8,-0.2,-1
4.682e-01,-2,2,3,5,3.2,4.8,-0.2,0.2
4.684e-01,-2,-6,1,-1,2.4,-1.6,-0.2,-1
4.686e-01,-2,2,3,5,0.8,2.4,-0.2,0.2
4.688e-01,-2,-6,1,-1,-0.8,-4,-0.6,-1
4.690e-01,-2,2,1,5,-1.6,-7.15256e-08,-0.6,-0.2
4.692e-01,-2,-6,3,-1,-3.2,-6.4,-0.6,-1.4
4.694e-01,-2,2,1,5,-4,-2.4,-0.6,-0.2
4.696e-01,-2,-6,1,-1,-5.6,-8.8,-1,-1.4
4.698e-01,-2,2,1,3,-6.4,-4,-1,-0.6
4.700e-01,-2,-6,1,-1,-8,-10.4,-1,-1.8
4.702e-01,-2,2,1,3,-8.8,-6.4,-1,-0.6
4.703e-01,-2,-6,-1,-3,-9.6,-12.8,-1,-1.8
4.705e-01,-2,2,-1,3,-10.4,-8.8,-1,-0.6
4.707e-01,-4,-6,1,-3,-11.2,-14.4,-1.4,-1.8
4.709e-01,-2,2,-1,3,-12.8,-10.4,-1.4,-1
4.711e-01,-2,-6,-1,-5,-12.8,-16,-1.4,-2.2
4.713e-01,-2,2,-1,1,-14.4,-12,-1.4,-1
4.715e-01,-4,-6,-3,-5,-15.2,-17.6,-1.4,-2.2
4.717e-01,-4,2,-1,1,-16,-14.4,-1.4,-1
4.719e-01,-2,-6,-1,-5,-16,-19.2,-1.4,-2.2
4.721e-01,-2,2,-3,1,-17.6,-15.2,-1.4,-1
4.723e-01,-2,-6,-3,-5,-18.4,-20,-1.8,-2.2
4.725e-01,-2,2,-3,-1,-17.6,-16.8,-1.4,-1
4.727e-01,-2,-6,-3,-7,-19.2,-20.8,-1.4,-2.2
4.728e-01,-2,2,-3,-1,-19.2,-17.6,-1.4,-1
4.730e-01,-2,-6,-3,-7,-19.2,-20.8,-1.4,-2.2
4.732e-01,-2,2,-3,-1,-19.2,-18.4,-1.4,-1
4.734e-01,-2,-6,-5,-7,-20,-21.6,-1.4,-2.2
4.736e-01,-2,2,-5,-1,-20,-19.2,-1.4,-1
4.738e-01,-2,-6,-5,-7,-20.8,-21.6,-1,-2.2
4.740e-01,-2,2,-5,-1,-20,-19.2,-1.8,-1
4.742e-01,-2,-6,-5,-9,-20,-21.6,-1.4,-1.8
4.744e-01,-2,2,-5,-3,-20,-18.4,-1.4,-1
4.746e-01,-2,-6,-7,-9,-19.2,-20.8,-1.4,-1.8
4.748e-01,-2,2,-7,-3,-19.2,-17.6,-1,-0.6
4.750e-01,-2,-6,-7,-9,-18.4,-19.2,-1,-1.8
4.751e-01,-4,2,-7,-5,-18.4,-16,-1.4,-0.6
4.753e-01,-1.3411e-07,-6,-7,-9,-16.8,-18.4,-1,-1.4
4.755e-01,-2,2,-5,-3,-16,-14.4,-1,-0.2
4.757e-01,-2,-6,-5,-9,-16,-16.8,-1,-1.4
4.759e-01,-2,2,-5,-3,-14.4,-12.8,-0.6,-0.2
4.761e-01,-4,-6,-7,-9,-13.6,-15.2,-0.6,-1
4.763e-01,-2,2,-7,-3,-12.8,-11.2,-0.6,-0.2
4.765e-01,-2,-6,-7,-9,-12,-12.8,-0.6,-1
4.767e-01,-2,2,-5,-3,-10.4,-8.8,-0.2,0.2
4.769e-01,-4,-6,-7,-9,-9.6,-11.2,-0.2,-1
4.771e-01,-1.3411e-07,2,-7,-3,-8.8,-7.2,-0.2,0.2
4.773e-01,-2,-6,-7,-9,-7.2,-8.8,-0.2,-0.6
4.775e-01,-2,2,-7,-3,-6.4,-4.8,0.2,0.6
4.776e-01,-2,-6,-7,-9,-4.8,-6.4,0.2,-0.6
4.778e-01,-2,2,-7,-3,-4.8,-2.4,0.2,0.6
4.780e-01,-2,-6,-5,-9,-3.2,-4,0.2,-0.2
4.782e-01,-2,2,-7,-3,-1.6,-7.15256e-08,0.2,1
4.784e-01,-1.3411e-07,-6,-7,-7,-7.15256e-08,-1.6,0.6,0.2
4.786e-01,-2,2,-7,-3,0.8,3.2,0.6,1.4
4.788e-01,-4,-6,-5,-9,1.6,0.8,0.6,0.2
4.790e-01,-2,4,-5,-3,3.2,5.6,0.6,1.4
4.792e-01,-2,-6,-5,-7,4,3.2,0.6,0.6
4.794e-01,-2,2,-5,-3,5.6,7.2,1,1.4
4.796e-01,-2,-6,-5,-7,7.2,5.6,1.4,0.6
4.798e-01,-2,4,-3,-1,8,9.6,1,1.8
4.799e-01,-2,-6,-5,-7,8.8,8,1,0.6
4.801e-01,-2,2,-3,-1,10.4,12,1.8,1.8
4.803e-01,-2,-6,-3,-7,11.2,9.6,1.4,1
4.805e-01,-2,2,-3,-1,12,13.6,1.4,2.2
4.807e-01,-4,-6,-1,-5,12.8,12,1.4,1
4.809e-01,-2,2,-3,-1,13.6,16,1.4,2.2
4.811e-01,-2,-6,-1,-5,15.2,13.6,1.4,1
4.813e-01,-2,2,-1,1,16,17.6,1.8,2.2
4.815e-01,-2,-6,-1,-3,16.8,15.2,1.4,1.4
4.817e-01,-2,2,-1,1,17.6,19.2,1.8,2.2
4.819e-01,-2,-6,1,-3,17.6,16.8,1.8,1.4
4.821e-01,-2,2,-1,1,18.4,20,1.8,2.2
4.823e-01,-2,-6,-1,-3,19.2,18.4,1.8,1.4
4.824e-01,-2,2,-1,3,19.2,20.8,1.8,2.2
4.826e-01,-2,-6,-1,-3,20.8,19.2,1.8,1.4
4.828e-01,-2,2,1,3,20.8,21.6,1.8,2.2
4.830e-01,-4,-6,1,-1,20.8,20,1.8,1.4
4.832e-01,-2,2,1,5,20.8,22.4,1.8,2.2
4.834e-01,-2,-6,1,-1,21.6,20,1.8,1.4
4.836e-01,-2,2,3,5,21.6,22.4,1.8,2.2
4.838e-01,-2,-6,3,-1,21.6,20,1.8,1
4.840e-01,-2,2,1,5,21.6,22.4,1.8,2.2
4.842e-01,-2,-6,1,-1,20.8,19.2,1.4,1
4.844e-01,-4,2,3,5,20.8,22.4,1.8,2.2
4.846e-01,-1.3411e-07,-6,3,1,21.6,18.4,1.4,1
4.847e-01,-2,2,3,5,20.8,21.6,1.8,2.2
4.849e-01,-2,-6,3,1,20,17.6,1.4,0.6
4.851e-01,-2,2,5,7,20,20.8,1.4,1.8
4.853e-01,-2,-6,3,1,18.4,16,1,0.6
4.855e-01,-1.3411e-07,2,3,7,17.6,20,1,1.8
4.857e-01,-2,-6,3,1,17.6,14.4,1,0.6
4.859e-01,-2,2,3,5,16,17.6,1,1.4
4.861e-01,-2,-6,3,1,15.2,12.8,0.6,0.2
4.863e-01,-4,2,3,5,14.4,16,1,1.4
4.865e-01,-1.3411e-07,-6,3,1,13.6,10.4,0.6,0.2
4.867e-01,-2,2,3,5,12.8,14.4,0.6,1
4.869e-01,-4,-6,3,1,11.2,8.8,0.6,-0.2
4.871e-01,-2,2,3,5,10.4,12.8,0.2,1
4.872e-01,-2,-6,5,1,8.8,6.4,0.2,-0.2
4.874e-01,-2,2,3,7,8,10.4,0.2,1
4.876e-01,-2,-6,3,1,7.2,4,0.2,-0.6
4.878e-01,-2,2,3,7,5.6,8,0.2,0.6
4.880e-01,-2,-6,3,1,4,1.6,-0.2,-0.6
4.882e-01,-2,4,3,5,4,5.6,-0.2,0.2
4.884e-01,-1.3411e-07,-6,3,1,1.6,-0.8,-0.2,-1
4.886e-01,-2,2,1,5,0.8,3.2,-0.2,0.2
4.888e-01,-2,-6,3,-1,-0.8,-4,-0.6,-1
4.890e-01,-2,2,3,5,-1.6,0.8,-0.6,-0.2
4.892e-01,-2,-6,3,-1,-2.4,-6.4,-0.6,-1.4
4.894e-01,-2,2,3,5,-4,-1.6,-0.6,-0.2
4.895e-01,-2,-6,3,-1,-4.8,-8.8,-1,-1.4
4.897e-01,-1.3411e-07,2,1,3,-6.4,-4,-1,-0.2
4.899e-01,-1.3411e-07,-6,1,-1,-7.2,-10.4,-1,-1.8
4.901e-01,-2,2,1,3,-8,-6.4,-1,-0.6
4.903e-01,-2,-6,1,-3,-9.6,-12.8,-1,-1.8
4.905e-01,-2,2,1,3,-10.4,-8.8,-1,-0.6
4.907e-01,-1.3411e-07,-6,1,-3,-12,-14.4,-1.4,-1.8
4.909e-01,-2,2,-1,3,-12.8,-10.4,-1,-1
4.911e-01,-2,-6,-1,-3,-13.6,-16,-1.4,-2.2
4.913e-01,-2,2,-1,1,-13.6,-12,-1.4,-1
4.915e-01,-2,-6,-1,-5,-14.4,-17.6,-1.4,-2.2
4.917e-01,-2,2,-1,1,-16,-14.4,-1.4,-1
4.919e-01,-2,-6,-3,-5,-16.8,-18.4,-1.4,-2.2
4.920e-01,-2,2,-3,1,-16.8,-15.2,-1.4,-1
4.922e-01,-4,-6,-3,-5,-17.6,-20,-1.4,-2.2
4.924e-01,-2,2,-3,1,-17.6,-16.8,-1.8,-1
4.926e-01,-2,-6,-3,-5,-18.4,-20.8,-1.8,-2.2
4.928e-01,-2,2,-1,-1,-18.4,-17.6,-1.4,-1
4.930e-01,-2,-6,-5,-7,-19.2,-21.6,-1.4,-2.2
4.932e-01,-2,2,-5,-1,-19.2,-18.4,-1.8,-1
4.934e-01,-2,-6,-5,-7,-20,-21.6,-1.4,-2.2
4.936e-01,-2,2,-3,-3,-20,-19.2,-1.4,-1
4.938e-01,-2,-6,-7,-7,-20,-21.6,-1.8,-2.2
4.940e-01,-1.3411e-07,2,-3,-1,-20,-19.2,-1.8,-1
4.942e-01,-1.3411e-07,-6,-5,-7,-20,-20.8,-1.4,-1.8
4.943e-01,-2,2,-5,-3,-20,-18.4,-1.4,-1
4.945e-01,-2,-6,-7,-9,-20,-20.8,-1.4,-1.8
4.947e-01,-2,2,-7,-3,-19.2,-17.6,-1.4,-0.6
4.949e-01,-2,-6,-7,-9,-18.4,-20,-1,-1.8
4.951e-01,-1.3411e-07,2,-7,-3,-17.6,-16,-1,-0.6
4.953e-01,-2,-6,-7,-9,-16.8,-18.4,-0.6,-1.4
4.955e-01,-2,2,-5,-3,-16,-15.2,-1,-0.2
4.957e-01,-4,-6,-7,-9,-16,-16.8,-1,-1.4
4.959e-01,-4,2,-5,-3,-14.4,-13.6,-0.6,-0.2
4.961e-01,-4,-6,-7,-9,-13.6,-15.2,-0.6,-1
4.963e-01,-2,2,-7,-3,-12.8,-11.2,-0.6,-0.2
4.965e-01,-2,-6,-7,-9,-12,-13.6,-0.6,-1
4.967e-01,-2,2,-7,-3,-11.2,-9.6,-0.6,0.2
4.968e-01,-2,-6,-7,-9,-10.4,-11.2,-0.2,-1
4.970e-01,-2,2,-7,-3,-8.8,-7.2,-0.2,0.2
4.972e-01,-2,-6,-5,-9,-8,-8.8,-0.2,-0.6
4.974e-01,-2,2,-7,-3,-6.4,-4.8,-0.2,0.6
4.976e-01,-4,-6,-7,-9,-5.6,-6.4,-0.2,-0.6
4.978e-01,-4,2,-7,-3,-4,-2.4,0.2,0.6
4.980e-01,-2,-6,-7,-9,-3.2,-4,0.2,-0.2
4.982e-01,-2,2,-5,-3,-1.6,-7.15256e-08,0.2,1
4.984e-01,-2,-6,-5,-7,-0.8,-1.6,0.6,-0.2
4.986e-01,-2,2,-5,-3,-7.15256e-08,2.4,0.2,1
4.988e-01,-2,-6,-5,-7,1.6,0.8,0.6,0.2
4.990e-01,-2,4,-5,-3,2.4,4.8,0.6,1.4
4.991e-01,-2,-6,-5,-7,4,3.2,1,0.2
4.993e-01,-4,2,-5,-3,4.8,7.2,1,1.4
4.995e-01,-1.3411e-07,-6,-5,-7,6.4,5.6,1.4,0.6
4.997e-01,-2,2,-5,-1,8,9.6,1.4,1.8
4.999e-01,-2,-6,-3,-7,8.8,8,1.4,0.6
5.001e-01,-1.3411e-07,2,-5,-1,9.6,12,1.4,1.8
5.003e-01,-4,-6,-3,-7,11.2,9.6,1.4,1
5.005e-01,-2,2,-3,-1,12,13.6,1.4,2.2
5.007e-01,-2,-6,-3,-5,12.8,12,1.4,1
5.009e-01,-2,2,-3,-1,13.6,16,1.4,2.2
5.011e-01,-2,-6,-3,-5,14.4,13.6,1.4,1.4
5.013e-01,-2,2,-3,1,16,17.6,1.8,2.2
5.015e-01,-4,-6,-1,-3,16.8,15.2,1.8,1.4
5.016e-01,-4,2,-1,1,17.6,18.4,1.8,2.2
5.018e-01,-2,-6,-1,-3,18.4,16.8,1.8,1.4
5.020e-01,-1.3411e-07,2,-1,1,18.4,20,1.8,2.2
5.022e-01,-2,-6,-1,-3,18.4,17.6,1.8,1.4
5.024e-01,-1.3411e-07,2,-1,3,20,20.8,1.4,2.2
5.026e-01,-2,-6,-1,-3,20,18.4,1.8,1.4
5.028e-01,-4,2,1,3,20.8,22.4,1.8,2.2
5.030e-01,-2,-6,1,-1,20.8,20,1.8,1.4
5.032e-01,-1.3411e-07,4,1,3,21.6,22.4,1.8,2.2
5.034e-01,-2,-6,1,-1,21.6,20,1.8,1.4
5.036e-01,-2,2,1,5,21.6,22.4,1.8,2.2
5.038e-01,-2,-6,1,-1,21.6,20,1.4,1
5.039e-01,-2,2,1,5,21.6,22.4,1.8,2.2
5.041e-01,-1.3411e-07,-6,1,-1,21.6,20,1.4,1
5.043e-01,-2,2,3,5,21.6,22.4,1.4,2.2
5.045e-01,-2,-6,3,1,20.8,19.2,1.4,1
5.047e-01,-2,2,3,5,20.8,21.6,1.4,1.8
5.049e-01,-2,-6,3,1,20,17.6,1.4,0.6
5.051e-01,-2,2,5,7,20,20.8,1.4,1.8
5.053e-01,-2,-6,3,1,18.4,16,1.4,0.6
5.055e-01,-2,2,3,7,18.4,19.2,1,1.8
5.057e-01,-1.3411e-07,-6,3,1,17.6,14.4,1,0.6
5.059e-01,-2,2,3,5,16.8,18.4,1,1.4
5.061e-01,-4,-6,3,1,16,12.8,1,0.2
5.063e-01,-2,2,3,5,15.2,16.8,0.6,1.4
5.064e-01,-2,-6,3,1,13.6,11.2,0.6,0.2
5.066e-01,-1.3411e-07,2,3,5,13.6,15.2,0.6,1.4
5.068e-01,-2,-6,3,1,12,8.8,0.6,-0.2
5.070e-01,-4,2,3,5,10.4,12.8,0.6,1
5.072e-01,-2,-6,3,1,9.6,6.4,0.6,-0.2
5.074e-01,-2,2,3,7,8,10.4,0.2,1
5.076e-01,-2,-6,5,1,7.2,4,0.2,-0.6
5.078e-01,-2,2,3,7,5.6,8,0.2,0.6
5.080e-01,-4,-6,3,1,4.8,1.6,-0.2,-0.6
5.082e-01,-2,4,3,5,4,5.6,-0.2,0.6
5.084e-01,-4,-6,3,-1,2.4,-0.8,-0.2,-1
5.086e-01,-2,2,3,5,1.6,3.2,-0.2,0.2
5.087e-01,-1.3411e-07,-6,1,-1,-7.15256e-08,-3.2,-0.2,-1
5.089e-01,-2,2,3,5,-0.8,0.8,-0.6,-0.2
5.091e-01,-2,-6,3,-1,-2.4,-5.6,-0.6,-1.4
5.093e-01,-2,2,1,5,-3.2,-1.6,-0.6,-0.2
5.095e-01,-2,-6,1,-1,-4.8,-8,-1,-1.4
5.097e-01,-1.3411e-07,2,1,5,-6.4,-4,-0.6,-0.2
5.099e-01,-2,-6,1,-1,-7.2,-10.4,-0.6,-1.8
5.101e-01,-2,2,1,3,-8,-6.4,-1,-0.6
5.103e-01,-2,-6,1,-3,-8.8,-12,-1,-1.8
5.105e-01,-4,2,1,3,-10.4,-8,-1.4,-0.6
5.107e-01,-2,-6,1,-3,-11.2,-14.4,-1.4,-1.8
5.109e-01,-2,2,-1,3,-12,-10.4,-1.4,-1
5.111e-01,-2,-6,1,-3,-12.8,-16,-1.4,-2.2
5.112e-01,-2,2,1,3,-14.4,-12,-1.4,-1
5.114e-01,-2,-6,-1,-5,-14.4,-17.6,-1.8,-2.2
5.116e-01,-2,2,-1,1,-15.2,-13.6,-1.4,-1
5.118e-01,-2,-6,-3,-5,-16,-18.4,-1.8,-2.2
5.120e-01,-1.3411e-07,2,-1,1,-16.8,-15.2,-1.8,-1
5.122e-01,-2,-6,-3,-5,-17.6,-19.2,-1.4,-2.2
5.124e-01,-2,2,-1,1,-18.4,-16.8,-1.4,-1
5.126e-01,-2,-6,-3,-7,-18.4,-20.8,-1.8,-2.2
5.128e-01,-4,2,-3,-1,-18.4,-17.6,-1.8,-1
5.130e-01,-2,-6,-5,-7,-19.2,-20.8,-1.8,-2.2
5.132e-01,-2,2,-5,-1,-20,-18.4,-1.4,-1
5.134e-01,-1.3411e-07,-6,-5,-7,-20,-21.6,-1.4,-2.2
5.135e-01,-2,2,-5,-3,-20,-19.2,-1.4,-1
5.137e-01,-2,-6,-5,-7,-20,-21.6,-1.4,-2.2
5.139e-01,-2,2,-5,-1,-20,-19.2,-1.4,-1
5.141e-01,-2,-6,-5,-7,-20,-21.6,-1.4,-1.8
5.143e-01,-2,2,-5,-3,-20,-18.4,-1.4,-1
5.145e-01,-2,-6,-5,-9,-19.2,-20.8,-1.4,-1.8
5.147e-01,-1.3411e-07,2,-5,-3,-19.2,-17.6,-1.4,-0.6
5.149e-01,-4,-6,-7,-9,-19.2,-20,-1,-1.8
5.151e-01,-2,2,-7,-3,-17.6,-16.8,-1,-0.6
5.153e-01,-4,-6,-7,-9,-17.6,-18.4,-1,-1.4
5.155e-01,-1.3411e-07,4,-7,-3,-16,-15.2,-1,-0.6
5.157e-01,-1.3411e-07,-6,-7,-9,-16,-16.8,-0.6,-1.4
5.159e-01,-2,2,-7,-3,-15.2,-13.6,-1,-0.2
5.160e-01,-1.3411e-07,-6,-7,-9,-13.6,-15.2,-0.6,-1.4
5.162e-01,-2,2,-7,-3,-12.8,-11.2,-0.6,-0.2
5.164e-01,-2,-6,-7,-9,-12.8,-13.6,-0.2,-1
5.166e-01,-2,2,-5,-3,-11.2,-9.6,-0.6,0.2
5.168e-01,-2,-6,-5,-9,-10.4,-11.2,-0.2,-1
5.170e-01,-2,2,-7,-3,-9.6,-7.2,-0.2,0.2
5.172e-01,-4,-6,-7,-9,-8,-9.6,-0.2,-0.6
5.174e-01,-2,2,-7,-3,-7.2,-4.8,0.2,0.6
5.176e-01,-2,-6,-7,-9,-5.6,-7.2,0.2,-0.6
5.178e-01,-1.3411e-07,2,-7,-3,-4.8,-2.4,0.2,0.6
5.180e-01,-2,-6,-7,-9,-4,-4.8,0.6,-0.2
5.182e-01,-2,2,-7,-3,-2.4,-7.15256e-08,0.6,1
5.184e-01,-1.3411e-07,-6,-5,-9,-0.8,-2.4,0.6,-0.2
5.185e-01,-1.3411e-07,2,-7,-3,-7.15256e-08,2.4,0.6,1
5.187e-01,-1.3411e-07,-6,-7,-7,1.6,0.8,0.6,0.2
5.189e-01,-2,2,-5,-3,2.4,4.8,1,1.4
5.191e-01,-2,-6,-5,-7,4,3.2,1,0.2
5.193e-01,-2,2,-5,-3,4.8,7.2,1,1.4
5.195e-01,-4,-6,-5,-7,6.4,5.6,1,0.6
5.197e-01,-2,4,-5,-1,7.2,9.6,1,1.8
5.199e-01,-2,-6,-5,-7,8.8,7.2,1.4,0.6
5.201e-01,-2,2,-3,-1,9.6,11.2,1.4,1.8
5.203e-01,-2,-6,-3,-7,10.4,9.6,1.4,1
5.205e-01,-2,2,-3,-1,11.2,13.6,1.8,1.8
5.207e-01,-2,-6,-3,-5,12,12,1.4,1
5.208e-01,-2,2,-3,-1,13.6,15.2,1.4,2.2
5.210e-01,-2,-6,-3,-5,14.4,13.6,1.8,1
5.212e-01,-2,2,-3,1,15.2,16.8,1.8,2.2
5.214e-01,-2,-6,-1,-3,16,15.2,1.4,1.4
5.216e-01,-1.3411e-07,2,-1,1,17.6,18.4,1.8,2.2
5.218e-01,-2,-6,-1,-3,17.6,16.8,1.8,1.4
5.220e-01,-2,2,-1,1,18.4,20,1.8,2.2
5.222e-01,-2,-6,-1,-3,18.4,17.6,1.8,1.4
5.224e-01,-2,2,-1,1,19.2,20.8,1.8,2.2
5.226e-01,-2,-6,1,-3,20,19.2,1.8,1.4
5.228e-01,-2,2,1,3,20,21.6,1.8,2.2
5.230e-01,-2,-6,1,-1,20.8,19.2,1.8,1.4
5.232e-01,-4,2,1,3,20.8,22.4,1.8,2.2
5.233e-01,-2,-6,3,-1,21.6,20,1.8,1.4
5.235e-01,-1.3411e-07,2,1,5,21.6,22.4,1.8,2.2
5.237e-01,-1.3411e-07,-6,3,-1,22.4,20,1.8,1
5.239e-01,-2,2,1,3,22.4,22.4,1.8,2.2
5.241e-01,-2,-6,1,-1,21.6,20,1.4,1
5.243e-01,-4,2,3,5,21.6,22.4,1.8,2.2
5.245e-01,-4,-6,3,1,21.6,19.2,1.8,1
5.247e-01,-2,2,3,5,20,21.6,1.4,2.2
5.249e-01,-2,-6,3,1,20,17.6,1.4,0.6
5.251e-01,-2,2,5,7,19.2,20.8,1.4,1.8
5.253e-01,-2,-6,3,1,19.2,16.8,1.4,0.6
5.255e-01,-2,2,3,7,17.6,20,1,1.8
5.256e-01,-2,-6,3,1,17.6,15.2,1,0.6
5.258e-01,-2,2,3,5,16.8,18.4,1,1.4
5.260e-01,-2,-6,3,1,16,12.8,1,0.2
5.262e-01,-2,2,3,5,15.2,16.8,0.6,1.4
5.264e-01,-4,-6,3,1,14.4,11.2,1,0.2
5.266e-01,-2,2,3,5,12.8,15.2,0.6,1.4
5.268e-01,-1.3411e-07,-6,1,1,12,8.8,0.6,-0.2
5.270e-01,-1.3411e-07,2,3,5,11.2,12.8,0.6,1
5.272e-01,-2,-6,3,1,9.6,6.4,0.2,-0.2
5.274e-01,-4,2,3,7,8,10.4,0.2,1
5.276e-01,-1.3411e-07,-6,3,1,8,4,0.2,-0.6
5.278e-01,-2,2,3,7,7.2,8.8,0.2,0.6
5.280e-01,-2,-6,3,1,4.8,1.6,-0.2,-0.6
5.281e-01,-2,2,3,5,4,6.4,-0.2,0.6
5.283e-01,-2,-6,1,1,2.4,-0.8,-0.2,-1
5.285e-01,-2,2,3,5,1.6,3.2,-0.2,0.2
5.287e-01,-2,-6,3,-1,-7.15256e-08,-3.2,-0.6,-1
5.289e-01,-2,4,3,5,-0.8,0.8,-0.6,0.2
5.291e-01,-2,-6,1,-1,-2.4,-5.6,-0.6,-1.4
5.293e-01,-2,2,1,5,-3.2,-1.6,-0.6,-0.2
5.295e-01,-2,-6,1,-1,-4.8,-8,-1,-1.4
5.297e-01,-1.3411e-07,2,1,3,-5.6,-4,-0.6,-0.2
5.299e-01,-2,-6,1,-1,-6.4,-10.4,-1,-1.8
5.301e-01,-2,2,1,3,-8,-5.6,-1,-0.6
5.303e-01,-4,-6,1,-3,-8.8,-12,-1,-1.8
5.304e-01,-2,2,1,3,-9.6,-8,-1,-0.6
5.306e-01,-2,-6,1,-3,-11.2,-13.6,-1.4,-1.8
5.308e-01,-2,2,-1,3,-12,-9.6,-1,-0.6
5.310e-01,-2,-6,-1,-3,-12.8,-16,-1.4,-2.2
5.312e-01,-2,2,1,3,-13.6,-12,-1.4,-1
5.314e-01,-2,-6,-1,-5,-14.4,-17.6,-1.8,-2.2
5.316e-01,-2,2,-3,1,-16,-13.6,-1.4,-1
5.318e-01,-2,-6,-3,-5,-16,-18.4,-1.8,-2.2
5.320e-01,-2,2,-3,1,-16.8,-15.2,-1.8,-1
5.322e-01,-2,-6,-3,-5,-16.8,-19.2,-1.4,-2.2
5.324e-01,-2,2,-3,1,-17.6,-16.8,-1.4,-1
5.326e-01,-2,-6,-3,-5,-18.4,-20.8,-1.4,-2.2
5.328e-01,-2,2,-3,-1,-19.2,-17.6,-1.4,-1
5.329e-01,-2,-6,-3,-7,-19.2,-20.8,-1.4,-2.2
5.331e-01,-2,2,-5,-1,-19.2,-18.4,-1.4,-1
5.333e-01,-4,-6,-5,-7,-20,-21.6,-1.8,-2.2
5.335e-01,-2,2,-5,-3,-20,-19.2,-1.4,-1
5.337e-01,-1.3411e-07,-6,-5,-7,-20,-21.6,-1.4,-2.2
5.339e-01,-1.3411e-07,2,-5,-3,-20,-19.2,-1.4,-1
5.341e-01,-2,-6,-5,-7,-19.2,-21.6,-1.4,-1.8
5.343e-01,-2,2,-5,-3,-20,-18.4,-1.4,-1
5.345e-01,-2,-6,-7,-9,-20,-20.8,-1.4,-1.8
5.347e-01,-2,2,-7,-3,-19.2,-17.6,-1.4,-0.6
5.349e-01,-1.3411e-07,-6,-7,-9,-19.2,-20,-1.4,-1.8
5.351e-01,-4,2,-7,-3,-18.4,-16.8,-1,-0.6
5.352e-01,-2,-6,-7,-9,-17.6,-18.4,-1,-1.4
5.354e-01,-2,2,-7,-3,-16.8,-15.2,-1,-0.2
5.356e-01,-2,-6,-7,-9,-16,-17.6,-1,-1.4
5.358e-01,-1.3411e-07,2,-5,-3,-15.2,-13.6,-0.6,-0.2
5.360e-01,-2,-6,-7,-9,-14.4,-15.2,-0.6,-1
5.362e-01,-2,2,-7,-3,-13.6,-12,-0.6,-0.2
5.364e-01,-2,-6,-5,-9,-12.8,-13.6,-0.6,-1
5.366e-01,-2,2,-5,-3,-11.2,-9.6,-0.2,0.2
5.368e-01,-2,-6,-7,-9,-10.4,-12,-0.2,-1
5.370e-01,-2,2,-5,-3,-9.6,-8,-0.2,0.2
5.372e-01,-2,-6,-7,-9,-8.8,-9.6,-0.2,-0.6
5.374e-01,-2,2,-7,-3,-7.2,-5.6,-0.2,0.6
5.376e-01,-2,-6,-7,-9,-6.4,-7.2,-0.2,-0.6
5.377e-01,-2,2,-7,-3,-4.8,-3.2,0.2,0.6
5.379e-01,-2,-6,-7,-9,-4,-4.8,0.6,-0.2
5.381e-01,-2,2,-5,-3,-2.4,-7.15256e-08,0.6,1
5.383e-01,-2,-6,-7,-9,-0.8,-2.4,0.6,-0.2
5.385e-01,-2,2,-5,-3,-7.15256e-08,1.6,0.6,1
5.387e-01,-2,-6,-5,-9,0.8,-7.15256e-08,0.6,0.2
5.389e-01,-2,2,-5,-3,2.4,4,1,1.4
5.391e-01,-2,-6,-5,-7,4,2.4,1,0.2
5.393e-01,-2,2,-5,-3,4.8,6.4,1,1.4
5.395e-01,-2,-6,-5,-7,5.6,4.8,1,0.6
5.397e-01,-2,2,-5,-1,7.2,8.8,1.4,1.8
5.399e-01,-2,-6,-3,-7,8,7.2,1.4,0.6
5.400e-01,-2,2,-5,-1,8.8,11.2,1.4,1.8
5.402e-01,-2,-6,-3,-7,10.4,9.6,1.4,1
5.404e-01,-2,2,-5,-1,11.2,13.6,1.4,1.8
5.406e-01,-1.3411e-07,-6,-3,-5,12,11.2,1.4,1
5.408e-01,-2,2,-5,-1,13.6,15.2,1.4,2.2
5.410e-01,-2,-6,-3,-5,14.4,13.6,1.4,1
5.412e-01,-2,2,-3,1,15.2,16.8,1.4,2.2
5.414e-01,-2,-6,-3,-3,16,15.2,1.8,1.4
5.416e-01,-4,2,-3,1,16.8,18.4,1.8,2.2
5.418e-01,-2,-6,-1,-3,17.6,16.8,1.8,1.4
5.420e-01,-2,2,-1,1,17.6,20,1.8,2.2
5.422e-01,-2,-6,1,-3,18.4,17.6,1.8,1.4
5.424e-01,-2,2,-1,1,19.2,20.8,1.8,2.2
5.425e-01,-4,-6,-1,-3,20,18.4,1.8,1.4
5.427e-01,-4,2,-1,3,20,21.6,2.2,2.2
5.429e-01,-2,-6,1,-1,20.8,19.2,1.8,1.4
5.431e-01,-1.3411e-07,2,1,3,20.8,22.4,1.8,2.2
5.433e-01,-2,-6,1,-1,21.6,20,1.8,1.4
5.435e-01,-2,2,1,5,21.6,22.4,1.8,2.2
5.437e-01,-2,-6,1,-1,21.6,20,1.8,1
5.439e-01,-2,2,1,5,21.6,22.4,1.8,2.2
5.441e-01,-2,-6,3,-1,21.6,20,1.8,1
5.443e-01,-2,2,1,5,21.6,22.4,1.8,2.2
5.445e-01,-2,-6,3,1,21.6,19.2,1.4,1
5.447e-01,-2,2,3,7,20.8,22.4,1.8,2.2
5.448e-01,-2,-6,3,1,20,18.4,1.4,1
5.450e-01,-2,2,5,7,20,21.6,1.4,1.8
5.452e-01,-4,-6,3,1,19.2,16.8,1.4,0.6
5.454e-01,-4,2,3,7,18.4,20,1,1.8
5.456e-01,-2,-6,3,1,17.6,15.2,1,0.6
5.458e-01,-2,2,3,5,16.8,18.4,1,1.4
5.460e-01,-1.3411e-07,-6,3,1,16,13.6,1,0.2
5.462e-01,-2,2,3,5,16,16.8,1,1.4
5.464e-01,-2,-6,3,1,14.4,11.2,0.6,0.2
5.466e-01,-1.3411e-07,2,3,5,13.6,15.2,0.6,1.4
5.468e-01,-2,-6,3,1,12,8.8,0.6,-0.2
5.470e-01,-2,2,3,5,11.2,12.8,0.6,1
5.472e-01,-1.3411e-07,-6,3,1,9.6,7.2,0.6,-0.2
5.473e-01,-2,2,5,7,8.8,11.2,0.2,1
5.475e-01,-2,-6,3,1,8,4.8,0.2,-0.6
5.477e-01,-2,2,5,7,6.4,8.8,0.2,0.6
5.479e-01,-4,-6,3,1,5.6,2.4,0.2,-0.6
5.481e-01,-2,2,3,7,4,6.4,-0.2,0.6
5.483e-01,-2,-6,3,1,3.2,-7.15256e-08,-0.2,-1
5.485e-01,-2,2,3,5,1.6,4,-0.2,0.2
5.487e-01,-4,-6,3,-1,0.8,-3.2,-0.2,-1
5.489e-01,-2,2,3,5,-0.8,1.6,-0.6,0.2
5.491e-01,-2,-6,3,-1,-1.6,-5.6,-0.6,-1.4
5.493e-01,-1.3411e-07,2,1,5,-3.2,-0.8,-1,-0.2
5.495e-01,-2,-6,1,-1,-4,-8,-0.6,-1.4
5.496e-01,-2,2,1,5,-5.6,-3.2,-0.6,-0.2
5.498e-01,-2,-6,1,-1,-6.4,-9.6,-1,-1.8
5.500e-01,-2,2,1,3,-7.2,-5.6,-1,-0.6
5.502e-01,-1.3411e-07,-6,1,-3,-8,-12,-1,-1.8
5.504e-01,-2,2,1,3,-9.6,-8,-1,-0.6
5.506e-01,-4,-6,-1,-3,-10.4,-13.6,-1.4,-1.8
5.508e-01,-2,2,1,3,-12,-9.6,-1.4,-1
5.510e-01,-1.3411e-07,-6,1,-3,-12.8,-15.2,-1.4,-2.2
5.512e-01,-2,2,-1,3,-13.6,-12,-1.4,-1
5.514e-01,-2,-6,-1,-5,-14.4,-17.6,-1.4,-2.2
5.516e-01,-2,4,-1,1,-15.2,-13.6,-1.4,-1
5.518e-01,-2,-6,-3,-5,-16,-18.4,-1.4,-2.2
5.520e-01,-2,2,-1,1,-16.8,-15.2,-1.4,-1
5.521e-01,-2,-6,-3,-5,-17.6,-19.2,-1.4,-2.2
5.523e-01,-4,2,-3,1,-17.6,-16.8,-1.4,-1
5.525e-01,-2,-6,-3,-5,-18.4,-20.8,-1.4,-2.2
5.527e-01,-2,2,-3,-1,-19.2,-17.6,-1.8,-1
5.529e-01,-2,-6,-3,-7,-19.2,-20.8,-1.4,-2.2
5.531e-01,-2,2,-3,-1,-19.2,-18.4,-1.8,-1
5.533e-01,-2,-6,-5,-7,-19.2,-21.6,-1.4,-2.2
5.535e-01,-4,2,-5,-1,-20,-18.4,-1.8,-1
5.537e-01,-2,-6,-3,-7,-20,-21.6,-1.4,-2.2
5.539e-01,-2,2,-5,-3,-20,-19.2,-1.4,-1
5.541e-01,-4,-6,-5,-7,-20,-21.6,-1.8,-1.8
5.543e-01,-2,2,-5,-3,-20,-19.2,-1.4,-1
5.544e-01,-2,-6,-5,-9,-20,-20.8,-1.4,-1.8
5.546e-01,-2,2,-7,-3,-18.4,-17.6,-1.4,-0.6
5.548e-01,-2,-6,-7,-9,-18.4,-20,-1.4,-1.8
5.550e-01,-2,2,-7,-3,-18.4,-16.8,-1,-0.6
5.552e-01,-2,-6,-7,-9,-17.6,-19.2,-1.4,-1.4
5.554e-01,-2,2,-7,-3,-17.6,-15.2,-1,-0.6
5.556e-01,-4,-6,-7,-9,-16.8,-17.6,-1,-1.4
5.558e-01,-2,2,-7,-3,-15.2,-13.6,-0.6,-0.2
5.560e-01,-1.3411e-07,-6,-5,-9,-14.4,-16,-0.6,-1.4
5.562e-01,-2,2,-7,-3,-13.6,-12,-0.6,-0.2
5.564e-01,-2,-6,-5,-9,-12.8,-13.6,-0.6,-1
5.566e-01,-2,2,-5,-3,-12,-10.4,-0.2,0.2
5.568e-01,-2,-6,-5,-9,-10.4,-12,-0.2,-1
5.569e-01,-2,2,-5,-3,-9.6,-8,-0.2,0.2
5.571e-01,-2,-6,-7,-9,-8.8,-9.6,-0.2,-1
5.573e-01,-2,2,-7,-3,-8,-5.6,-0.2,0.6
5.575e-01,-2,-6,-7,-9,-6.4,-7.2,0.2,-0.6
5.577e-01,-2,2,-7,-5,-4.8,-3.2,0.2,0.6
5.579e-01,-1.3411e-07,-6,-5,-9,-4,-5.6,0.2,-0.2
5.581e-01,-2,2,-5,-3,-2.4,-0.8,0.2,1
5.583e-01,-2,-6,-5,-9,-1.6,-2.4,0.2,-0.2
5.585e-01,-2,2,-5,-3,-7.15256e-08,1.6,0.6,1
5.587e-01,-2,-6,-5,-7,1.6,-7.15256e-08,0.6,0.2
5.589e-01,-1.3411e-07,2,-5,-3,1.6,4,1,1.4
5.591e-01,-4,-6,-5,-7,3.2,2.4,1,0.2
5.592e-01,-2,2,-5,-3,4.8,6.4,1,1.4
5.594e-01,-2,-6,-5,-7,5.6,4.8,1,0.6
5.596e-01,-2,2,-5,-1,6.4,8.8,1,1.8
5.598e-01,-1.3411e-07,-6,-5,-7,8,7.2,1.4,0.6
5.600e-01,-2,2,-3,-1,8.8,11.2,1.4,1.8
5.602e-01,-4,-6,-3,-7,10.4,8.8,1.4,1
5.604e-01,-2,2,-3,-1,11.2,12.8,1.4,1.8
5.606e-01,-2,-6,-3,-5,12.8,11.2,1.4,1
5.608e-01,-2,2,-3,-1,13.6,15.2,1.8,2.2
5.610e-01,-2,-6,-3,-5,14.4,12.8,1.4,1
5.612e-01,-2,2,-3,1,15.2,16.8,1.4,2.2
5.614e-01,-2,-6,-1,-3,16,14.4,1.8,1.4
5.616e-01,-2,2,-1,1,16.8,18.4,1.8,2.2
5.617e-01,-2,-6,-1,-3,16.8,16,1.8,1.4
5.619e-01,-2,2,-1,1,17.6,19.2,1.8,2.2
5.621e-01,-2,-6,-1,-3,18.4,17.6,1.8,1.4
5.623e-01,-1.3411e-07,2,1,1,19.2,20.8,1.8,2.2
5.625e-01,-2,-6,-1,-3,20,18.4,1.8,1.4
5.627e-01,-2,2,-1,3,20,21.6,1.8,2.2
5.629e-01,-2,-6,1,-3,20.8,19.2,1.8,1.4
5.631e-01,-2,2,-1,3,20.8,22.4,1.8,2.2
5.633e-01,-2,-6,1,-1,20.8,20,1.8,1.4
5.635e-01,-2,2,1,5,21.6,22.4,1.8,2.2
5.637e-01,-2,-6,3,-1,21.6,20,1.8,1
5.639e-01,-4,2,3,5,21.6,22.4,1.8,2.2
5.640e-01,-2,-6,3,-1,21.6,20,1.8,1
5.642e-01,-2,2,3,5,21.6,22.4,1.8,2.2
5.644e-01,-2,-6,3,-1,20.8,19.2,1.8,1
5.646e-01,-2,2,1,5,20.8,22.4,1.8,2.2
5.648e-01,-2,-6,3,1,20.8,18.4,1.4,1
5.650e-01,-1.3411e-07,2,3,7,20,21.6,1.4,2.2
5.652e-01,-1.3411e-07,-6,3,1,19.2,16.8,1.4,0.6
5.654e-01,-2,2,3,7,18.4,20,1,1.8
5.656e-01,-2,-6,3,1,17.6,15.2,1,0.6
5.658e-01,-2,2,3,7,16.8,19.2,1,1.4
5.660e-01,-2,-6,3,1,16,13.6,1,0.2
5.662e-01,-2,2,3,5,15.2,16.8,1,1.4
5.664e-01,-2,-6,3,1,14.4,12,1,0.2
5.665e-01,-2,2,3,5,13.6,15.2,0.6,1.4
5.667e-01,-2,-6,3,1,12,9.6,0.6,0.2
5.669e-01,-2,2,3,5,11.2,13.6,0.6,1
5.671e-01,-4,-6,3,1,9.6,7.2,0.6,-0.2
5.673e-01,-4,2,5,7,9.6,11.2,0.6,1
5.675e-01,-2,-6,3,1,8,4.8,0.2,-0.6
5.677e-01,-2,2,5,7,6.4,8.8,0.2,0.6
5.679e-01,-4,-6,3,1,5.6,2.4,-0.2,-0.6
5.681e-01,-2,2,3,5,4,6.4,-0.2,0.6
5.683e-01,-1.3411e-07,-6,3,1,3.2,-7.15256e-08,-0.2,-1
5.685e-01,-2,2,3,5,2.4,4,-0.6,0.2
5.687e-01,-4,-6,3,-1,0.8,-2.4,-0.2,-1
5.688e-01,-2,2,1,5,-0.8,1.6,-0.2,0.2
5.690e-01,-2,-6,3,-1,-1.6,-4.8,-0.6,-1.4
5.692e-01,-4,2,3,5,-2.4,-0.8,-0.6,-0.2
5.694e-01,-1.3411e-07,-6,1,-1,-4,-7.2,-0.6,-1.4
5.696e-01,-4,2,1,5,-4.8,-3.2,-0.6,-0.2
5.698e-01,-2,-6,1,-1,-6.4,-9.6,-0.6,-1.4
5.700e-01,-2,2,1,3,-7.2,-5.6,-0.6,-0.6
5.702e-01,-2,-6,1,-1,-8.8,-12,-1,-1.8
5.704e-01,-4,2,1,3,-9.6,-8,-1,-0.6
5.706e-01,-2,-6,1,-3,-10.4,-13.6,-1.4,-1.8
5.708e-01,-2,2,-1,3,-11.2,-9.6,-1.4,-0.6
5.710e-01,-2,-6,1,-3,-12.8,-15.2,-1.4,-2.2
5.712e-01,-2,2,-1,3,-13.6,-11.2,-1.4,-1
5.713e-01,-2,-6,-1,-5,-14.4,-16.8,-1.4,-2.2
5.715e-01,-1.3411e-07,2,-3,1,-15.2,-13.6,-1.4,-1
5.717e-01,-1.3411e-07,-6,-3,-5,-16,-18.4,-1.4,-2.2
5.719e-01,-2,2,-3,1,-16.8,-14.4,-1.4,-1
5.721e-01,-2,-6,-3,-5,-16.8,-19.2,-1.8,-2.2
5.723e-01,-2,2,-3,1,-17.6,-16,-1.4,-1
5.725e-01,-2,-6,-1,-5,-17.6,-20,-1.4,-2.2
5.727e-01,-2,2,-3,-1,-19.2,-17.6,-1.4,-1
5.729e-01,-2,-6,-3,-7,-19.2,-20.8,-1.4,-2.2
5.731e-01,-2,2,-3,-1,-19.2,-18.4,-1.8,-1
5.733e-01,-2,-6,-3,-7,-20,-21.6,-1.8,-2.2
5.735e-01,-2,2,-3,-1,-20,-18.4,-1.4,-1
5.736e-01,-2,-6,-5,-9,-20.8,-21.6,-1.8,-2.2
5.738e-01,-2,2,-5,-3,-20,-19.2,-1.4,-1
5.740e-01,-2,-6,-7,-9,-20,-21.6,-1.4,-2.2
5.742e-01,-2,2,-7,-3,-20,-18.4,-1.4,-1
5.744e-01,-2,-6,-5,-7,-20,-20.8,-1.4,-1.8
5.746e-01,-2,2,-5,-3,-19.2,-18.4,-1,-0.6
5.748e-01,-2,-6,-7,-9,-19.2,-20,-1,-1.8
5.750e-01,-1.3411e-07,2,-7,-3,-18.4,-16.8,-1,-0.6
5.752e-01,-2,-6,-7,-9,-17.6,-19.2,-1,-1.8
5.754e-01,-1.3411e-07,2,-7,-3,-17.6,-15.2,-1,-0.6
5.756e-01,-2,-6,-7,-9,-16.8,-17.6,-1,-1.4
5.758e-01,-2,2,-7,-3,-15.2,-13.6,-1,-0.2
5.760e-01,-2,-6,-7,-9,-14.4,-16,-0.6,-1.4
5.761e-01,-2,2,-7,-3,-13.6,-12,-0.6,-0.2
5.763e-01,-2,-6,-5,-9,-12.8,-14.4,-0.2,-1
5.765e-01,-2,2,-7,-3,-12,-9.6,-0.6,0.2
5.767e-01,-2,-6,-7,-9,-11.2,-12,-0.2,-1
5.769e-01,-2,2,-5,-3,-9.6,-8,-0.2,0.2
5.771e-01,-2,-6,-7,-9,-8.8,-10.4,-0.2,-0.6
5.773e-01,-2,2,-7,-3,-8,-5.6,-0.2,0.2
5.775e-01,-2,-6,-7,-9,-6.4,-8,-0.2,-0.6
5.777e-01,-2,2,-7,-5,-5.6,-3.2,0.2,0.6
5.779e-01,-2,-6,-7,-9,-4,-5.6,0.2,-0.2
5.781e-01,-2,2,-5,-3,-3.2,-0.8,0.2,1
5.783e-01,-2,-6,-7,-9,-1.6,-3.2,0.6,-0.2
5.785e-01,-2,2,-5,-3,-0.8,1.6,0.6,1
5.786e-01,-2,-6,-5,-7,0.8,-7.15256e-08,0.6,0.2
5.788e-01,-2,2,-5,-3,1.6,4,0.6,1.4
5.790e-01,-1.3411e-07,-6,-5,-7,3.2,2.4,0.6,0.2
5.792e-01,-4,2,-5,-3,4.8,6.4,1,1.4
5.794e-01,-2,-6,-5,-7,5.6,4.8,1,0.6
5.796e-01,-2,2,-3,-1,6.4,8.8,1,1.8
5.798e-01,-4,-6,-3,-7,8,7.2,1,0.6
5.800e-01,-2,2,-5,-1,8.8,10.4,1.4,1.8
5.802e-01,-4,-6,-3,-5,9.6,8.8,1.4,0.6
5.804e-01,-2,2,-3,-1,10.4,12.8,1.8,1.8
5.806e-01,-1.3411e-07,-6,-3,-5,12,11.2,1.4,1
5.808e-01,-2,2,-3,-1,12.8,15.2,1.4,2.2
5.809e-01,-2,-6,-3,-5,13.6,12.8,1.4,1
5.811e-01,-2,2,-3,1,15.2,16.8,1.8,2.2
5.813e-01,-2,-6,-3,-5,15.2,14.4,1.8,1.4
5.815e-01,-2,2,-1,1,16.8,18.4,1.8,2.2
5.817e-01,-4,-6,-1,-3,17.6,16,1.8,1.4
5.819e-01,-2,2,-1,1,18.4,19.2,1.8,2.2
5.821e-01,-2,-6,-1,-3,18.4,17.6,1.8,1.4
5.823e-01,-1.3411e-07,2,-1,1,19.2,20.8,1.8,2.2
5.825e-01,-1.3411e-07,-6,-1,-3,19.2,18.4,1.8,1.4
5.827e-01,-4,2,-1,3,20,21.6,1.8,2.2
5.829e-01,-2,-6,1,-3,20.8,19.2,1.8,1.4
5.831e-01,-2,2,1,3,20.8,22.4,1.8,2.2
5.833e-01,-2,-6,-1,-1,20.8,20,1.8,1.4
5.834e-01,-2,2,1,3,21.6,22.4,1.8,2.2
5.836e-01,-2,-6,1,-1,20.8,20,1.8,1.4
5.838e-01,-2,2,3,5,21.6,22.4,1.8,2.2
5.840e-01,-2,-6,1,1,21.6,20,1.8,1
5.842e-01,-2,2,3,5,21.6,22.4,1.8,2.2
5.844e-01,-2,-6,3,-1,20.8,19.2,1.8,1
5.846e-01,-4,2,3,5,20.8,22.4,1.4,2.2
5.848e-01,-1.3411e-07,-6,3,1,20.8,18.4,1.4,1
5.850e-01,-2,2,3,7,20,21.6,1.4,1.8
5.852e-01,-2,-6,3,1,19.2,16.8,1.4,0.6
5.854e-01,-2,2,5,7,18.4,20,1.4,1.8
5.856e-01,-2,-6,3,1,17.6,15.2,1.4,0.6
5.857e-01,-1.3411e-07,2,5,7,17.6,18.4,1,1.8
5.859e-01,-1.3411e-07,-6,3,1,16.8,13.6,1,0.2
5.861e-01,-2,2,3,5,15.2,17.6,1,1.4
5.863e-01,-2,-6,3,1,15.2,12,1,0.2
5.865e-01,-2,2,3,5,13.6,15.2,0.6,1.4
5.867e-01,-2,-6,3,1,12.8,9.6,0.6,0.2
5.869e-01,-2,2,3,5,12,13.6,0.6,1
5.871e-01,-2,-6,3,1,10.4,7.2,0.6,-0.2
5.873e-01,-2,2,3,7,9.6,11.2,0.2,1
5.875e-01,-2,-6,3,1,8,4.8,0.6,-0.6
5.877e-01,-2,2,3,7,6.4,8.8,0.2,0.6
5.879e-01,-2,-6,3,1,5.6,2.4,-0.2,-0.6
5.881e-01,-2,2,3,7,4.8,6.4,-0.2,0.6
5.882e-01,-2,-6,3,1,4,-7.15256e-08,-0.2,-1
5.884e-01,-2,2,3,5,2.4,4.8,-0.2,0.2
5.886e-01,-4,-6,3,-1,0.8,-2.4,-0.2,-1
5.888e-01,-2,2,3,5,-7.15256e-08,1.6,-0.2,0.2
5.890e-01,-2,-6,3,-1,-0.8,-4.8,-0.6,-1.4
5.892e-01,-2,2,3,5,-2.4,-7.15256e-08,-0.6,-0.2
5.894e-01,-2,-6,1,-1,-4,-7.2,-0.6,-1.4
5.896e-01,-2,2,1,3,-4.8,-3.2,-0.6,-0.2
5.898e-01,-1.3411e-07,-6,1,-3,-6.4,-9.6,-1,-1.8
5.900e-01,-2,2,1,3,-7.2,-4.8,-1,-0.6
5.902e-01,-2,-6,-1,-3,-8,-11.2,-1,-1.8
5.904e-01,-2,2,1,3,-9.6,-7.2,-1,-0.6
5.905e-01,-2,-6,1,-3,-10.4,-13.6,-1,-1.8
5.907e-01,-2,2,-1,3,-11.2,-9.6,-1,-0.6
5.909e-01,-2,-6,-1,-3,-12,-15.2,-1.4,-1.8
5.911e-01,-2,2,-1,3,-13.6,-11.2,-1.4,-1
5.913e-01,-2,-6,-1,-5,-14.4,-16.8,-1.4,-2.2
5.915e-01,-2,2,-3,1,-15.2,-13.6,-1.4,-1
5.917e-01,-2,-6,-3,-5,-15.2,-18.4,-1.4,-2.2
5.919e-01,-2,2,-3,1,-16.8,-14.4,-1.8,-1
5.921e-01,-2,-6,-3,-5,-16.8,-19.2,-1.4,-2.2
5.923e-01,-2,2,-1,1,-17.6,-16,-1.8,-1
5.925e-01,-2,-6,-3,-5,-17.6,-20,-1.4,-2.2
5.927e-01,-2,2,-3,-1,-19.2,-17.6,-1.8,-1
5.929e-01,-2,-6,-5,-7,-19.2,-20.8,-1.8,-2.2
5.930e-01,-2,2,-5,-1,-19.2,-17.6,-1.4,-1
5.932e-01,-1.3411e-07,-6,-3,-7,-19.2,-21.6,-1.8,-2.2
5.934e-01,-2,2,-5,-1,-19.2,-18.4,-1.4,-1
5.936e-01,-2,-6,-3,-7,-20,-21.6,-1.8,-2.2
5.938e-01,-2,2,-5,-1,-20,-19.2,-1.8,-1
5.940e-01,-2,-6,-5,-9,-20,-21.6,-1.4,-2.2
5.942e-01,-2,2,-7,-3,-20,-19.2,-1.4,-1
5.944e-01,-2,-6,-5,-7,-19.2,-20.8,-1.4,-1.8
5.946e-01,-1.3411e-07,2,-5,-3,-19.2,-18.4,-1.4,-0.6
5.948e-01,-2,-6,-5,-9,-19.2,-20,-1.4,-1.8
5.950e-01,-2,2,-7,-3,-18.4,-16.8,-1,-0.6
5.952e-01,-2,-6,-7,-9,-17.6,-19.2,-1,-1.8
5.953e-01,-2,2,-7,-3,-16.8,-16,-1,-0.6
5.955e-01,-1.3411e-07,-6,-7,-9,-16,-17.6,-1,-1.4
5.957e-01,-1.3411e-07,2,-5,-3,-16,-14.4,-1,-0.2
5.959e-01,-1.3411e-07,-6,-7,-9,-14.4,-16,-0.6,-1.4
5.961e-01,-2,2,-7,-3,-14.4,-12,-0.6,-0.2
5.963e-01,-2,-6,-5,-9,-12.8,-14.4,-0.6,-1
5.965e-01,-2,2,-7,-3,-12,-10.4,-0.6,-0.2
5.967e-01,-2,-6,-5,-9,-11.2,-12,-0.2,-1
5.969e-01,-2,2,-7,-3,-9.6,-8,-0.2,0.2
5.971e-01,-2,-6,-5,-9,-8.8,-10.4,-0.2,-0.6
5.973e-01,-2,2,-7,-3,-8,-5.6,-0.2,0.2
5.975e-01,-2,-6,-7,-9,-7.2,-8,-0.2,-0.6
5.977e-01,-2,2,-7,-3,-5.6,-4,0.2,0.6
5.978e-01,-2,-6,-7,-9,-4.8,-5.6,0.2,-0.2
5.980e-01,-2,2,-5,-3,-3.2,-1.6,0.2,1
5.982e-01,-2,-6,-7,-9,-1.6,-3.2,0.6,-0.2
5.984e-01,-4,2,-5,-3,-0.8,0.8,0.2,1
5.986e-01,-2,-6,-7,-7,-7.15256e-08,-0.8,0.6,0.2
5.988e-01,-2,2,-5,-3,1.6,4,0.6,1.4
5.990e-01,-2,-6,-7,-11,3.2,1.6,1,0.2
5.992e-01,-2,2,-5,-1,4,4.8,1,1.4
5.994e-01,-2,-6,-3,-39,4.8,3.2,1,0.2
5.996e-01,-2,2,-21,15,4.8,5.6,0.6,1.4
5.998e-01,-2,-6,-23,-41,4.8,1.6,0.6,0.2
6.000e-01,-2,2,-9,-3,4,5.6,0.6,1.4
6.001e-01,-2,-6,-9,-59,2.4,0.8,0.6,-0.6
6.003e-01,-2,2,-37,-3,2.4,4,0.2,1.4
6.005e-01,-1.3411e-07,-6,-19,-21,1.6,0.8,0.2,-0.2
6.007e-01,-2,2,-9,-3,2.4,3.2,0.2,0.6
6.009e-01,-2,-6,-7,-9,1.6,0.8,0.2,-0.2
6.011e-01,-2,2,-5,-1,2.4,3.2,0.6,0.6
6.013e-01,-2,-6,-5,-7,2.4,0.8,0.2,-0.2
6.015e-01,-4,2,-5,-1,1.6,3.2,0.2,0.6
6.017e-01,-2,-6,-5,-5,1.6,0.8,0.6,-0.2
6.019e-01,-1.3411e-07,2,-5,-1,2.4,3.2,0.2,0.6
6.021e-01,-4,-6,-3,-5,1.6,0.8,0.2,-0.2
6.023e-01,-2,2,-3,-1,1.6,3.2,0.2,0.6
6.025e-01,-2,-6,-5,-5,2.4,0.8,0.2,-0.6
6.026e-01,-2,2,-3,-1,2.4,3.2,0.2,0.6
6.028e-01,-4,-6,-3,-5,1.6,0.8,0.2,-0.2
6.030e-01,-2,2,-3,1,2.4,3.2,0.2,0.6
6.032e-01,-2,-6,-3,-5,1.6,0.8,0.2,-0.2
6.034e-01,-2,2,-3,1,2.4,3.2,0.2,0.6
6.036e-01,-2,-6,-3,-5,1.6,0.8,0.2,-0.2
6.038e-01,-2,2,-3,-1,1.6,3.2,0.2,0.6
6.040e-01,-4,-6,-3,-5,1.6,0.8,0.2,-0.2
6.042e-01,-2,2,-3,1,1.6,3.2,0.2,0.6
6.044e-01,-2,-6,-3,-5,2.4,0.8,0.2,-0.2
6.046e-01,-2,4,-3,-1,1.6,3.2,0.2,0.6
6.048e-01,-2,-6,-3,-5,1.6,0.8,0.2,-0.2
6.049e-01,-4,2,-3,-1,1.6,3.2,0.2,0.6
6.051e-01,-2,-6,-3,-5,2.4,0.8,0.2,-0.2
6.053e-01,-1.3411e-07,2,-3,-1,1.6,3.2,0.2,0.6
6.055e-01,-2,-6,-3,-5,1.6,0.8,0.2,-0.6
6.057e-01,-2,2,-3,1,1.6,3.2,0.2,0.6
6.059e-01,-2,-6,-3,-5,1.6,0.8,0.2,-0.2
6.061e-01,-2,2,-3,1,1.6,3.2,0.2,0.6
6.063e-01,-4,-6,-3,-5,1.6,0.8,0.2,-0.6
6.065e-01,-2,2,-3,-1,2.4,3.2,0.2,0.6
6.067e-01,-2,-6,-3,-5,1.6,0.8,-0.2,-0.6
6.069e-01,-2,2,-3,1,1.6,3.2,0.2,0.6
6.071e-01,-2,-6,-3,-5,1.6,0.8,0.2,-0.2
6.073e-01,-1.3411e-07,2,-3,-1,2.4,3.2,0.2,0.6
6.074e-01,-2,-6,-3,-5,2.4,0.8,0.2,-0.6
6.076e-01,-1.3411e-07,2,-3,1,1.6,3.2,0.2,0.6
6.078e-01,-2,-6,-1,-5,1.6,0.8,0.2,-0.6
6.080e-01,-1.3411e-07,2,-1,1,1.6,3.2,0.2,0.6
6.082e-01,-1.3411e-07,-6,-3,-5,1.6,0.8,0.2,-0.6
6.084e-01,-2,2,-3,1,2.4,3.2,0.2,0.6
6.086e-01,-2,-6,-3,-5,1.6,0.8,0.2,-0.2
6.088e-01,-2,2,-3,-1,1.6,2.4,0.2,0.6
6.090e-01,-1.3411e-07,-6,-1,-5,1.6,0.8,0.2,-0.6
6.092e-01,-2,2,-3,1,1.6,3.2,0.2,0.6
6.094e-01,-2,-6,-3,-5,1.6,0.8,0.2,-0.2
6.096e-01,-2,4,-3,1,2.4,3.2,0.2,0.6
6.097e-01,-2,-6,-3,-5,2.4,0.8,0.2,-0.2
6.099e-01,-2,2,-1,1,1.6,3.2,0.2,0.6
6.101e-01,-2,-6,-3,-5,1.6,0.8,0.2,-0.6
6.103e-01,-2,2,-3,1,1.6,3.2,0.2,0.6
6.105e-01,-1.3411e-07,-6,-3,-5,1.6,0.8,0.2,-0.2
6.107e-01,-2,2,-3,1,2.4,3.2,0.2,0.6
6.109e-01,-1.3411e-07,-6,-3,-5,1.6,0.8,0.2,-0.6
6.111e-01,-2,2,-3,1,2.4,2.4,0.2,0.6
6.113e-01,-2,-6,-3,-5,1.6,0.8,0.2,-0.6
6.115e-01,-2,2,-3,1,1.6,3.2,0.2,0.6
6.117e-01,-2,-6,-3,-5,1.6,0.8,-0.2,-0.2
6.119e-01,-2,2,-3,1,1.6,3.2,0.2,0.6
6.121e-01,-2,-6,-3,-5,1.6,0.8,0.2,-0.2
6.122e-01,-2,2,-3,1,1.6,3.2,0.2,0.6
6.124e-01,-2,-6,-3,-5,1.6,0.8,0.2,-0.2
6.126e-01,-2,2,-3,1,1.6,3.2,0.2,0.6
6.128e-01,-1.3411e-07,-6,-3,-5,1.6,0.8,0.2,-0.2
6.130e-01,-1.3411e-07,2,-3,1,1.6,2.4,0.2,0.6
6.132e-01,-2,-6,-1,-5,2.4,0.8,0.2,-0.6
6.134e-01,-2,2,-1,1,2.4,2.4,0.2,0.6
6.136e-01,-2,-6,-3,-5,1.6,0.8,0.2,-0.6
6.138e-01,-2,2,-1,1,1.6,2.4,0.2,0.6
6.140e-01,-2,-6,-3,-5,1.6,0.8,0.2,-0.2
6.142e-01,-4,2,-3,1,1.6,2.4,0.2,0.6
6.144e-01,-2,-6,-3,-5,1.6,0.8,0.2,-0.6
6.145e-01,-2,2,-1,1,1.6,3.2,0.2,0.6
6.147e-01,-1.3411e-07,-6,-3,-5,1.6,0.8,0.2,-0.6
6.149e-01,-2,2,-1,1,1.6,2.4,0.2,0.6
6.151e-01,-2,-6,-1,-5,1.6,0.8,0.2,-0.6
6.153e-01,-2,2,-3,1,1.6,2.4,0.2,0.6
6.155e-01,-2,-6,-3,-5,1.6,0.8,0.2,-0.6
6.157e-01,-2,2,-3,1,1.6,2.4,0.2,0.6
6.159e-01,-2,-6,-1,-5,1.6,0.8,0.2,-0.6
6.161e-01,-2,2,-3,1,1.6,2.4,0.2,0.6
6.163e-01,-2,-6,-3,-5,1.6,0.8,0.2,-0.6
6.165e-01,-4,2,-1,1,2.4,2.4,0.2,0.6
6.167e-01,-2,-6,-1,-5,1.6,0.8,0.2,-0.2
6.169e-01,-2,2,-3,1,1.6,2.4,0.2,0.6
6.170e-01,-2,-6,-3,-5,1.6,0.8,-0.2,-0.6
6.172e-01,-2,2,-1,1,1.6,2.4,0.2,0.6
6.174e-01,-4,-6,-3,-5,1.6,0.8,0.2,-0.6
6.176e-01,-4,2,-3,1,1.6,2.4,0.2,0.6
6.178e-01,-2,-6,-3,-5,1.6,0.8,-0.2,-0.6
6.180e-01,-4,2,-3,1,1.6,2.4,0.2,0.6
6.182e-01,-2,-6,-1,-5,1.6,0.8,0.2,-0.6
6.184e-01,-2,2,-1,1,1.6,2.4,0.2,0.6
6.186e-01,-2,-6,-1,-5,1.6,-7.15256e-08,0.2,-0.2
6.188e-01,-2,2,-3,1,1.6,2.4,0.2,0.6
6.190e-01,-2,-6,-3,-5,1.6,0.8,0.2,-0.2
6.192e-01,-2,2,-3,1,1.6,2.4,0.2,0.6
6.193e-01,-2,-6,-1,-5,1.6,0.8,0.2,-0.6
6.195e-01,-4,2,-3,1,1.6,2.4,0.2,0.6
6.197e-01,-2,-6,-1,-5,1.6,-7.15256e-08,0.2,-0.6
6.199e-01,-2,2,-3,1,1.6,2.4,0.2,0.6
6.201e-01,-1.3411e-07,-6,-1,-5,1.6,0.8,0.2,-0.6
6.203e-01,-2,2,-1,1,1.6,2.4,0.2,0.6
6.205e-01,-2,-6,-1,-5,1.6,0.8,0.2,-0.6
6.207e-01,-2,2,-1,1,1.6,2.4,-0.2,0.6
6.209e-01,-2,-6,-1,-5,1.6,-7.15256e-08,0.2,-0.2
6.211e-01,-2,2,-3,1,1.6,2.4,0.2,0.6
6.213e-01,-1.3411e-07,-6,-3,-5,1.6,-7.15256e-08,0.2,-0.6
6.215e-01,-2,2,-3,1,1.6,2.4,0.2,0.6
6.217e-01,-2,-6,-3,-5,1.6,-7.15256e-08,0.2,-0.6
6.218e-01,-2,2,-3,1,1.6,2.4,0.2,0.6
6.220e-01,-2,-6,-3,-5,0.8,-7.15256e-08,0.2,-0.2
6.222e-01,-2,4,-1,1,1.6,2.4,0.2,0.6
6.224e-01,-2,-6,-3,-5,1.6,-7.15256e-08,0.2,-0.2
6.226e-01,-2,2,-3,1,1.6,2.4,0.2,0.6
6.228e-01,-2,-6,-3,-7,1.6,-7.15256e-08,0.2,-0.2
6.230e-01,-2,4,-3,3,1.6,2.4,0.2,0.6
6.232e-01,-2,-6,-1,-5,1.6,-7.15256e-08,0.2,-0.6
6.234e-01,-2,2,-1,1,1.6,2.4,0.2,0.6
6.236e-01,-2,-6,-1,-5,1.6,-7.15256e-08,0.6,-0.2
6.238e-01,-2,2,-3,1,1.6,2.4,0.2,0.6
6.240e-01,-2,-6,-3,-5,1.6,0.8,0.2,-0.6
6.241e-01,-1.3411e-07,2,-3,1,1.6,2.4,0.2,0.6
6.243e-01,-2,-6,-3,-5,1.6,-7.15256e-08,-0.2,-0.6
6.245e-01,-2,2,-3,1,1.6,2.4,0.2,0.6
6.247e-01,-2,-6,-3,-5,1.6,-7.15256e-08,0.2,-0.6
6.249e-01,-4,2,-1,1,1.6,2.4,0.2,0.6
6.251e-01,-2,-6,-3,-5,2.4,-7.15256e-08,0.2,-0.2
6.253e-01,-2,2,-1,1,1.6,2.4,0.2,0.6
6.255e-01,-1.3411e-07,-6,-1,-5,1.6,-7.15256e-08,0.2,-0.6
6.257e-01,-1.3411e-07,2,-3,1,1.6,2.4,0.2,0.6
6.259e-01,-2,-6,-1,-5,1.6,-7.15256e-08,0.2,-0.6
6.261e-01,-1.3411e-07,2,-1,1,1.6,2.4,0.2,0.6
6.263e-01,-2,-6,-3,-5,0.8,-7.15256e-08,0.2,-0.6
6.265e-01,-2,2,-3,1,1.6,2.4,0.2,0.6
6.266e-01,-2,-6,-3,-5,1.6,-7.15256e-08,-0.2,-0.6
6.268e-01,-2,2,-3,1,1.6,2.4,0.2,0.6
6.270e-01,-2,-6,-3,-5,1.6,-7.15256e-08,0.2,-0.6
6.272e-01,-2,2,-3,1,1.6,2.4,0.2,0.6
6.274e-01,-2,-6,-3,-5,1.6,-7.15256e-08,0.2,-0.6
6.276e-01,-2,2,-3,1,1.6,2.4,0.2,0.6
6.278e-01,-2,-6,-1,-5,1.6,-7.15256e-08,0.2,-0.6
6.280e-01,-2,2,-3,1,1.6,2.4,0.2,0.6
6.282e-01,-2,-6,-1,-5,1.6,-7.15256e-08,0.2,-0.6
6.284e-01,-2,2,-3,1,1.6,2.4,0.2,0.6
6.286e-01,-1.3411e-07,-6,-3,-5,1.6,-7.15256e-08,0.2,-0.6
6.288e-01,-4,2,-3,1,1.6,2.4,0.2,0.6
6.289e-01,-4,-6,-3,-5,0.8,-7.15256e-08,0.2,-0.2
6.291e-01,-1.3411e-07,2,-1,1,0.8,2.4,0.2,0.6
6.293e-01,-2,-6,-1,-5,1.6,-7.15256e-08,0.2,-0.6
6.295e-01,-2,2,-3,1,1.6,2.4,-0.2,0.6
6.297e-01,-2,-6,-1,-5,1.6,-7.15256e-08,0.2,-0.6
6.299e-01,-2,2,-1,1,1.6,2.4,0.2,0.6
6.301e-01,-2,-6,-1,-5,1.6,-7.15256e-08,0.2,-0.2
6.303e-01,-2,2,-1,1,1.6,2.4,0.2,0.6
6.305e-01,-1.3411e-07,-6,-3,-5,1.6,-7.15256e-08,0.2,-0.2
6.307e-01,-2,2,-3,1,1.6,2.4,0.2,0.6
6.309e-01,-2,-6,-1,-5,1.6,-7.15256e-08,0.2,-0.6
6.311e-01,-2,2,-3,1,1.6,2.4,0.2,0.6
6.313e-01,-2,-6,-3,-5,0.8,-7.15256e-08,0.2,-0.2
6.314e-01,-2,2,-3,1,1.6,2.4,0.2,0.6
6.316e-01,-2,-6,-1,-5,1.6,-7.15256e-08,0.2,-0.6
6.318e-01,-1.3411e-07,2,-1,1,1.6,2.4,0.2,0.6
6.320e-01,-2,-6,-3,-5,1.6,-7.15256e-08,0.2,-0.6
6.322e-01,-2,2,-3,1,1.6,2.4,0.2,0.6
6.324e-01,-2,-6,-3,-5,1.6,-7.15256e-08,0.2,-0.6
6.326e-01,-2,2,-3,1,1.6,2.4,0.6,0.6
6.328e-01,-2,-6,-1,-5,0.8,-7.15256e-08,0.2,-0.6
6.330e-01,-2,2,-3,1,1.6,2.4,0.2,0.6
6.332e-01,-4,-6,-3,-5,1.6,-7.15256e-08,0.2,-0.6
6.334e-01,-2,2,-1,1,1.6,2.4,0.2,0.6
6.336e-01,-4,-6,-1,-5,1.6,-7.15256e-08,0.2,-0.2
6.337e-01,-2,2,-3,1,1.6,2.4,0.2,0.6
6.339e-01,-2,-6,-1,-5,1.6,-7.15256e-08,0.2,-0.6
6.341e-01,-2,2,-3,1,1.6,2.4,0.2,0.6
6.343e-01,-2,-6,-3,-5,1.6,-7.15256e-08,0.2,-0.6
6.345e-01,-4,2,-1,1,1.6,2.4,0.2,0.6
6.347e-01,-2,-6,-3,-5,1.6,-7.15256e-08,0.2,-0.6
6.349e-01,-2,2,-1,1,1.6,2.4,0.2,0.6
6.351e-01,-2,-6,-1,-5,1.6,-7.15256e-08,0.2,-0.6
6.353e-01,-2,2,-1,1,1.6,2.4,0.2,0.6
6.355e-01,-1.3411e-07,-6,-1,-5,0.8,-7.15256e-08,0.2,-0.6
6.357e-01,-2,2,-3,1,0.8,2.4,0.2,0.6
6.359e-01,-2,-6,-1,-5,0.8,-7.15256e-08,0.2,-0.6
6.361e-01,-2,2,-1,1,1.6,2.4,0.2,0.6
6.362e-01,-2,-6,-3,-5,1.6,-7.15256e-08,0.2,-0.6
6.364e-01,-1.3411e-07,2,-3,1,1.6,2.4,0.2,0.6
6.366e-01,-2,-6,-3,-5,1.6,-7.15256e-08,0.2,-0.6
6.368e-01,-4,2,-1,1,0.8,2.4,0.2,0.6
6.370e-01,-4,-6,-3,-3,0.8,-7.15256e-08,0.6,-0.6
6.372e-01,-2,2,-1,1,0.8,2.4,0.2,0.6
6.374e-01,-2,-6,-3,-5,1.6,-7.15256e-08,0.2,-0.6
6.376e-01,-2,2,-1,1,0.8,2.4,0.2,0.6
6.378e-01,-2,-6,-1,-5,1.6,-7.15256e-08,0.2,-0.6
6.380e-01,-2,2,-1,1,1.6,2.4,0.2,0.6
6.382e-01,-2,-6,-1,-5,1.6,-7.15256e-08,0.2,-0.6
6.384e-01,-2,2,-1,1,1.6,2.4,-0.2,0.6
6.385e-01,-2,-6,-1,-5,1.6,-7.15256e-08,0.2,-0.6
6.387e-01,-2,2,-1,1,1.6,2.4,0.2,0.6
6.389e-01,-1.3411e-07,-6,-1,-3,0.8,-7.15256e-08,0.2,-0.6
6.391e-01,-2,2,-1,1,1.6,2.4,0.2,0.6
6.393e-01,-1.3411e-07,-6,-1,-5,1.6,-7.15256e-08,0.2,-0.6
6.395e-01,-1.3411e-07,2,-3,1,1.6,2.4,0.2,0.6
6.397e-01,-2,-6,-1,-5,0.8,-7.15256e-08,0.2,-0.6
6.399e-01,-2,2,-1,1,1.6,2.4,0.2,0.6
6.401e-01,-1.3411e-07,-6,-1,-3,1.6,-7.15256e-08,0.2,-0.6
6.403e-01,-2,2,-1,1,1.6,2.4,0.2,0.6
6.405e-01,-2,-6,-1,-3,1.6,-7.15256e-08,0.2,-0.6
6.407e-01,-2,2,-1,1,0.8,2.4,0.2,0.6
6.409e-01,-2,-6,-3,-3,0.8,-7.15256e-08,0.2,-0.6
6.410e-01,-2,2,-1,1,0.8,2.4,0.2,0.6
6.412e-01,-2,-6,-1,-5,1.6,-7.15256e-08,0.2,-0.6
6.414e-01,-2,2,-1,1,0.8,2.4,0.2,0.6
6.416e-01,-2,-6,-1,-3,1.6,-7.15256e-08,0.2,-0.6
6.418e-01,-1.3411e-07,2,-3,1,1.6,2.4,0.2,0.6
6.420e-01,-2,-6,-1,-5,1.6,-7.15256e-08,0.2,-0.6
6.422e-01,-2,2,-1,1,0.8,2.4,-0.2,0.6
6.424e-01,-2,-6,-3,-5,1.6,-7.15256e-08,0.2,-0.6
6.426e-01,-2,2,-1,1,1.6,2.4,0.2,0.6
6.428e-01,-4,-6,-1,-5,1.6,-7.15256e-08,-0.2,-0.6
6.430e-01,-2,2,-3,1,1.6,2.4,0.2,0.6
6.432e-01,-2,-6,-1,-5,0.8,-7.15256e-08,0.2,-0.6
6.434e-01,-2,2,-1,1,1.6,2.4,0.2,0.6
6.435e-01,-2,-6,-1,-5,0.8,-7.15256e-08,0.2,-0.6
6.437e-01,-4,2,-3,1,1.6,2.4,0.2,0.6
6.439e-01,-2,-6,-1,-3,0.8,-7.15256e-08,0.2,-0.6
6.441e-01,-2,2,-1,1,0.8,2.4,0.2,0.6
6.443e-01,-2,-6,-1,-5,1.6,-7.15256e-08,0.2,-0.6
6.445e-01,-2,2,-3,1,1.6,2.4,0.2,0.6
6.447e-01,-2,-6,-3,-5,1.6,-7.15256e-08,0.2,-0.6
6.449e-01,-2,2,-1,1,1.6,2.4,0.2,0.6
6.451e-01,-2,-6,-3,-3,1.6,-7.15256e-08,0.2,-0.6
6.453e-01,-1.3411e-07,2,-3,1,1.6,2.4,-0.2,0.6
6.455e-01,-2,-6,-1,-3,1.6,-7.15256e-08,0.2,-0.6
6.457e-01,-2,2,-3,1,1.6,2.4,0.2,0.6
6.458e-01,-4,-6,-3,-5,0.8,-7.15256e-08,0.2,-0.6
6.460e-01,-2,2,-1,1,1.6,2.4,0.2,0.6
6.462e-01,-2,-6,-1,-5,1.6,-7.15256e-08,0.2,-0.6
6.464e-01,-2,2,-1,1,0.8,2.4,0.2,0.6
6.466e-01,-2,-6,-1,-5,1.6,-7.15256e-08,0.2,-0.6
6.468e-01,-1.3411e-07,2,-1,1,1.6,2.4,0.2,0.6
6.470e-01,-2,-6,-3,-3,0.8,-7.15256e-08,0.2,-0.6
6.472e-01,-2,2,-3,1,0.8,2.4,0.2,0.6
6.474e-01,-2,-6,-3,-5,0.8,-7.15256e-08,0.2,-0.6
6.476e-01,-2,2,-1,1,0.8,2.4,0.2,0.6
6.478e-01,-2,-6,-1,-5,1.6,-7.15256e-08,0.2,-0.6
6.480e-01,-2,2,-1,1,1.6,2.4,0.2,0.6
6.482e-01,-4,-6,-1,-5,1.6,-7.15256e-08,0.2,-0.6
6.483e-01,-2,2,-3,1,0.8,2.4,-0.2,0.6
6.485e-01,-4,-6,-3,-5,1.6,-7.15256e-08,0.2,-0.6
6.487e-01,-2,2,-1,1,0.8,2.4,0.2,0.6
6.489e-01,-2,-6,-1,-5,0.8,-7.15256e-08,0.2,-0.6
6.491e-01,-2,2,-1,1,0.8,2.4,-0.2,0.6
6.493e-01,-1.3411e-07,-6,-1,-5,0.8,-7.15256e-08,0.2,-0.6
6.495e-01,-4,2,-1,1,1.6,2.4,-0.2,0.6
6.497e-01,-2,-6,-3,-5,0.8,-7.15256e-08,0.2,-0.6
6.499e-01,-2,2,-1,1,0.8,2.4,0.2,0.6
6.501e-01,-2,-6,-1,-5,1.6,-7.15256e-08,0.2,-0.6
6.503e-01,-2,2,-1,1,0.8,2.4,0.2,0.6
6.505e-01,-2,-6,-3,-5,0.8,-7.15256e-08,0.2,-0.6
6.506e-01,-2,2,-1,1,1.6,2.4,0.2,0.6
6.508e-01,-4,-6,-1,-5,1.6,-7.15256e-08,0.2,-0.6
6.510e-01,-2,2,-3,1,1.6,2.4,0.2,0.6
6.512e-01,-2,-6,-1,-5,0.8,-7.15256e-08,0.2,-0.6
6.514e-01,-2,2,-1,1,0.8,2.4,0.2,0.6
6.516e-01,-2,-6,-1,-5,1.6,-7.15256e-08,0.2,-0.6
6.518e-01,-2,4,-3,1,0.8,2.4,0.2,0.6
6.520e-01,-2,-6,-3,-5,0.8,-7.15256e-08,0.2,-0.6
6.522e-01,-2,2,-1,1,0.8,2.4,0.2,0.6
6.524e-01,-2,-6,-1,-5,1.6,-7.15256e-08,0.2,-0.6
6.526e-01,-2,2,-1,1,0.8,2.4,0.2,0.6
6.528e-01,-2,-6,-3,-3,1.6,-7.15256e-08,0.2,-0.6
6.530e-01,-2,2,-3,1,1.6,2.4,0.2,0.6
6.531e-01,-2,-6,-1,-5,0.8,-7.15256e-08,0.2,-0.6
6.533e-01,-4,2,-1,1,0.8,2.4,0.2,0.6
6.535e-01,-2,-6,-3,-5,0.8,-7.15256e-08,0.2,-0.6
6.537e-01,-2,2,-1,1,0.8,2.4,0.2,0.6
6.539e-01,-2,-6,-1,-3,0.8,-7.15256e-08,0.2,-0.6
6.541e-01,-1.3411e-07,2,-3,1,0.8,2.4,0.2,0.6
6.543e-01,-1.3411e-07,-6,-1,-3,1.6,-7.15256e-08,0.2,-0.6
6.545e-01,-1.3411e-07,2,-3,1,0.8,2.4,0.2,0.6
6.547e-01,-2,-6,-3,-5,0.8,-7.15256e-08,0.2,-0.6
6.549e-01,-2,2,-1,1,0.8,2.4,0.2,0.6
6.551e-01,-1.3411e-07,-6,-3,-5,0.8,-7.15256e-08,0.2,-0.6
6.553e-01,-2,2,-1,1,0.8,2.4,-0.2,0.6
6.554e-01,-2,-6,-1,-3,0.8,-7.15256e-08,0.2,-0.6
6.556e-01,-2,2,-3,1,1.6,2.4,-0.2,0.6
6.558e-01,-2,-6,-1,-5,0.8,-7.15256e-08,0.2,-0.6
6.560e-01,-2,2,-3,1,1.6,2.4,0.2,0.6
6.562e-01,-2,-6,-3,-5,0.8,-7.15256e-08,0.2,-0.6
6.564e-01,-2,2,-3,1,1.6,2.4,0.2,0.6
6.566e-01,-2,-6,-1,-5,0.8,-7.15256e-08,0.2,-0.6
6.568e-01,-2,2,-3,1,0.8,2.4,-0.2,0.6
6.570e-01,-2,-6,-1,-3,0.8,-7.15256e-08,0.2,-0.6
6.572e-01,-2,2,-1,1,0.8,2.4,0.2,0.6
6.574e-01,-4,-6,-1,-3,1.6,-7.15256e-08,0.2,-0.6
6.576e-01,-2,2,-1,1,0.8,2.4,0.2,0.6
6.578e-01,-2,-6,-1,-3,0.8,-7.15256e-08,0.2,-0.6
6.579e-01,-2,2,-1,1,0.8,2.4,0.2,0.6
6.581e-01,-2,-6,-1,-5,0.8,-7.15256e-08,0.2,-0.6
6.583e-01,-4,2,-1,1,0.8,2.4,0.2,0.6
6.585e-01,-2,-6,-1,-5,0.8,-7.15256e-08,-0.2,-0.6
6.587e-01,-4,2,-1,1,0.8,2.4,0.2,0.6
6.589e-01,-2,-6,-1,-5,0.8,-7.15256e-08,0.2,-0.6
6.591e-01,-2,2,-3,1,0.8,2.4,0.2,0.6
6.593e-01,-2,-6,-3,-3,0.8,-7.15256e-08,0.2,-0.6
6.595e-01,-2,2,-1,1,0.8,2.4,0.2,0.6
6.597e-01,-4,-6,-3,-3,0.8,-7.15256e-08,0.2,-0.6
6.599e-01,-2,2,-1,1,0.8,2.4,0.2,0.6
6.601e-01,-2,-6,-1,-5,0.8,-7.15256e-08,0.2,-0.6
6.602e-01,-2,2,-1,1,0.8,2.4,0.2,0.6
6.604e-01,-1.3411e-07,-6,-1,-3,1.6,-7.15256e-08,0.2,-0.6
6.606e-01,-2,2,-1,1,0.8,2.4,0.2,0.6
6.608e-01,-2,-6,-1,-3,0.8,-7.15256e-08,0.2,-0.6
6.610e-01,-2,2,-1,1,1.6,2.4,0.2,0.6
6.612e-01,-2,-6,-1,-3,1.6,-7.15256e-08,0.2,-0.6
6.614e-01,-2,2,-1,1,0.8,2.4,0.2,0.6
6.616e-01,-2,-6,-1,-5,0.8,-7.15256e-08,0.2,-0.6
6.618e-01,-2,2,-1,1,0.8,1.6,0.2,0.6
6.620e-01,-2,-6,-1,-3,0.8,-7.15256e-08,0.2,-0.6
6.622e-01,-2,2,-3,1,0.8,1.6,0.2,0.6
6.624e-01,-4,-6,-1,-3,0.8,-7.15256e-08,0.2,-0.6
6.626e-01,-2,2,-1,1,0.8,2.4,0.2,0.6
6.627e-01,-1.3411e-07,-6,-1,-3,0.8,-7.15256e-08,0.2,-0.6
6.629e-01,-2,2,-1,1,1.6,2.4,0.2,0.6
6.631e-01,-2,-6,-1,-3,1.6,-7.15256e-08,0.2,-0.6
6.633e-01,-2,2,-1,1,1.6,2.4,0.2,0.6
6.635e-01,-1.3411e-07,-6,-3,-3,1.6,-7.15256e-08,0.2,-0.6
6.637e-01,-2,2,-3,1,0.8,2.4,0.2,0.6
6.639e-01,-1.3411e-07,-6,-3,-3,1.6,-7.15256e-08,0.2,-0.6
6.641e-01,-2,2,-1,1,0.8,2.4,0.2,0.6
6.643e-01,-2,-6,-3,-5,0.8,-7.15256e-08,0.2,-0.6
6.645e-01,-2,2,-1,1,0.8,2.4,0.2,0.6
6.647e-01,-4,-6,-1,-3,0.8,-7.15256e-08,0.2,-0.6
6.649e-01,-2,2,-1,1,0.8,2.4,0.2,0.6
6.650e-01,-2,-6,-1,-5,0.8,-7.15256e-08,0.2,-0.6
6.652e-01,-2,2,-1,1,0.8,2.4,-0.2,0.6
6.654e-01,-1.3411e-07,-6,-1,-3,0.8,-7.15256e-08,0.2,-0.6
6.656e-01,-4,2,-1,1,0.8,2.4,0.2,0.6
6.658e-01,-4,-6,-1,-3,0.8,-7.15256e-08,0.2,-0.6
6.660e-01,-2,2,-1,1,0.8,2.4,0.2,0.6
6.662e-01,-2,-6,-1,-3,1.6,-7.15256e-08,0.2,-0.6
6.664e-01,-2,2,-1,1,0.8,1.6,0.2,0.6
6.666e-01,-2,-6,-1,-5,0.8,-7.15256e-08,-0.2,-0.6
6.668e-01,-2,2,-1,1,0.8,2.4,0.2,0.6
6.670e-01,-2,-6,-3,-3,0.8,-7.15256e-08,0.2,-0.6
6.672e-01,-1.3411e-07,2,-1,1,0.8,2.4,0.2,0.6
6.674e-01,-2,-6,-1,-3,0.8,-7.15256e-08,0.2,-0.6
6.675e-01,-2,2,-3,1,0.8,1.6,0.2,0.6
6.677e-01,-4,-6,-1,-5,1.6,-7.15256e-08,0.2,-0.6
6.679e-01,-2,2,-1,1,0.8,1.6,0.2,0.6
6.681e-01,-2,-6,-1,-5,0.8,-7.15256e-08,0.2,-0.6
6.683e-01,-2,2,-1,1,0.8,1.6,0.2,0.6
6.685e-01,-2,-6,-1,-3,0.8,-7.15256e-08,0.6,-0.6
6.687e-01,-2,2,-1,1,0.8,1.6,0.2,0.6
6.689e-01,-2,-6,-3,-5,0.8,-7.15256e-08,0.2,-0.6
6.691e-01,-2,2,-1,1,0.8,1.6,0.2,0.6
6.693e-01,-2,-6,-1,-3,1.6,-7.15256e-08,0.2,-0.6
6.695e-01,-2,2,-1,1,0.8,2.4,0.2,0.6
6.697e-01,-4,-6,-1,-5,0.8,-7.15256e-08,0.2,-0.6
6.698e-01,-2,2,-1,1,0.8,1.6,0.2,0.6
6.700e-01,-2,-6,-3,-3,0.8,-7.15256e-08,0.2,-0.6
6.702e-01,-2,2,-3,1,0.8,1.6,-0.2,0.6
6.704e-01,-2,-6,-1,-3,0.8,-7.15256e-08,0.2,-0.6
6.706e-01,-1.3411e-07,2,-3,1,0.8,2.4,0.2,0.6
6.708e-01,-2,-6,-1,-5,0.8,-7.15256e-08,0.2,-0.6
6.710e-01,-2,2,-3,1,-7.15256e-08,1.6,0.2,0.6
6.712e-01,-1.3411e-07,-6,-3,-5,0.8,-7.15256e-08,0.2,-0.6
6.714e-01,-2,2,-1,1,0.8,1.6,0.2,0.6
6.716e-01,-2,-6,-1,-5,0.8,-7.15256e-08,0.2,-0.6
6.718e-01,-1.3411e-07,2,-1,1,0.8,2.4,0.2,0.6
6.720e-01,-2,-6,-1,-3,0.8,-7.15256e-08,0.2,-0.6
6.722e-01,-2,2,-1,1,0.8,1.6,0.2,0.6
6.723e-01,-2,-6,-3,-3,0.8,-7.15256e-08,0.2,-0.6
6.725e-01,-2,2,-1,1,0.8,1.6,0.2,0.6
6.727e-01,-2,-6,-1,-5,0.8,-7.15256e-08,0.2,-0.6
6.729e-01,-2,2,-1,1,1.6,2.4,0.6,0.6
6.731e-01,-2,-6,-1,-3,1.6,-7.15256e-08,0.2,-0.6
6.733e-01,-2,2,-1,1,1.6,2.4,0.2,0.6
6.735e-01,-2,-6,-1,-3,0.8,-7.15256e-08,0.2,-0.6
6.737e-01,-2,2,-1,1,0.8,1.6,0.2,0.6
6.739e-01,-4,-6,-3,-5,0.8,-7.15256e-08,0.2,-0.6
6.741e-01,-4,2,-1,1,0.8,1.6,0.2,0.6
6.743e-01,-4,-6,-1,-3,0.8,-7.15256e-08,0.2,-0.6
6.745e-01,-2,2,-1,1,0.8,1.6,0.2,0.6
6.746e-01,-2,-6,-3,-3,0.8,-7.15256e-08,0.2,-0.6
6.748e-01,-2,2,-1,1,0.8,2.4,0.2,0.6
6.750e-01,-2,-6,-1,-3,0.8,-7.15256e-08,0.2,-0.6
6.752e-01,-2,2,-1,1,0.8,2.4,0.2,0.6
6.754e-01,-1.3411e-07,-6,-1,-3,0.8,-7.15256e-08,0.2,-0.6
6.756e-01,-2,2,-3,1,0.8,2.4,0.2,0.6
6.758e-01,-4,-6,-1,-3,0.8,-7.15256e-08,0.2,-0.6
6.760e-01,-2,2,-1,1,0.8,1.6,0.2,0.6
6.762e-01,-2,-6,-3,-3,0.8,-7.15256e-08,0.2,-0.6
6.764e-01,-2,2,-1,1,0.8,1.6,0.2,0.6
6.766e-01,-2,-6,-1,-3,0.8,-7.15256e-08,0.2,-0.6
6.768e-01,-2,2,-3,1,0.8,1.6,0.2,0.6
6.770e-01,-4,-6,-1,-5,0.8,-7.15256e-08,-0.2,-0.6
6.771e-01,-2,2,-1,1,0.8,2.4,0.2,0.6
6.773e-01,-2,-6,-1,-5,0.8,-7.15256e-08,0.2,-0.6
6.775e-01,-2,2,-1,1,0.8,1.6,0.2,0.6
6.777e-01,-2,-6,-1,-3,0.8,-7.15256e-08,0.2,-0.6
6.779e-01,-2,2,-1,1,0.8,1.6,0.2,0.6
6.781e-01,-2,-6,-1,-3,0.8,-7.15256e-08,0.2,-0.6
6.783e-01,-2,2,-1,1,0.8,2.4,0.2,0.6
6.785e-01,-2,-6,-1,-3,0.8,-7.15256e-08,0.2,-0.6
6.787e-01,-2,2,-3,1,0.8,1.6,0.2,0.6
6.789e-01,-2,-6,-1,-3,1.6,-7.15256e-08,0.2,-0.6
6.791e-01,-2,2,-1,1,0.8,2.4,0.2,0.6
6.793e-01,-2,-6,-3,-3,0.8,-7.15256e-08,0.2,-0.6
6.794e-01,-2,2,-1,1,0.8,2.4,0.2,0.6
6.796e-01,-2,-6,-1,-3,0.8,-7.15256e-08,0.2,-0.6
6.798e-01,-2,2,-1,1,0.8,1.6,0.2,0.6
6.800e-01,-2,-6,-3,-3,0.8,-7.15256e-08,0.2,-0.6
6.802e-01,-2,2,-1,1,0.8,1.6,0.2,0.6
6.804e-01,-2,-6,-1,-3,0.8,-7.15256e-08,0.2,-0.6
6.806e-01,-1.3411e-07,2,-1,1,0.8,1.6,-0.2,0.6
6.808e-01,-2,-6,-1,-5,0.8,-7.15256e-08,-0.2,-0.6
6.810e-01,-2,2,-1,1,0.8,1.6,-0.2,0.6
6.812e-01,-2,-6,-1,-3,0.8,-7.15256e-08,0.2,-0.6
6.814e-01,-2,2,-1,1,0.8,1.6,0.2,0.6
6.816e-01,-2,-6,-1,-3,0.8,-7.15256e-08,0.2,-0.6
6.818e-01,-2,2,-3,1,0.8,1.6,0.2,0.6
6.819e-01,-2,-6,-1,-3,0.8,-7.15256e-08,0.2,-0.6
6.821e-01,-2,2,-1,1,0.8,1.6,-0.2,0.6
6.823e-01,-1.3411e-07,-6,-1,-3,1.6,-7.15256e-08,0.2,-0.6
6.825e-01,-2,2,-1,1,0.8,1.6,0.2,0.6
6.827e-01,-4,-6,-1,-3,0.8,-7.15256e-08,0.2,-0.6
6.829e-01,-2,2,-1,1,0.8,1.6,-0.2,0.6
6.831e-01,-2,-6,-1,-5,0.8,-7.15256e-08,0.2,-0.6
6.833e-01,-2,2,-1,1,0.8,1.6,0.2,0.6
6.835e-01,-2,-6,-1,-3,0.8,-7.15256e-08,-0.2,-0.6
6.837e-01,-2,2,-1,1,1.6,1.6,0.2,0.6
6.839e-01,-2,-6,-1,-3,0.8,-7.15256e-08,0.2,-0.6
6.841e-01,-2,2,-1,1,0.8,1.6,0.2,0.6
6.842e-01,-2,-6,-1,-3,0.8,-7.15256e-08,0.2,-0.6
6.844e-01,-2,2,-3,1,0.8,2.4,0.2,0.6
6.846e-01,-4,-6,-3,-3,0.8,-7.15256e-08,0.2,-0.6
6.848e-01,-1.3411e-07,2,-1,1,0.8,1.6,0.2,0.6
6.850e-01,-2,-6,-1,-3,0.8,-7.15256e-08,0.2,-0.6
6.852e-01,-2,2,-1,1,0.8,2.4,0.2,0.6
6.854e-01,-2,-6,-1,-3,0.8,-7.15256e-08,0.2,-0.6
6.856e-01,-1.3411e-07,2,-3,1,0.8,1.6,0.2,0.6
6.858e-01,-2,-6,-1,-3,0.8,-7.15256e-08,0.2,-0.6
6.860e-01,-2,2,-1,1,0.8,1.6,0.2,0.6
6.862e-01,-2,-6,-1,-5,0.8,-7.15256e-08,0.2,-0.6
6.864e-01,-2,2,-3,1,0.8,2.4,0.2,0.6
6.866e-01,-4,-6,-1,-5,0.8,-7.15256e-08,0.2,-0.6
6.867e-01,-2,2,-1,1,0.8,1.6,0.2,0.6
6.869e-01,-2,-6,-3,-3,0.8,-7.15256e-08,0.2,-0.6
6.871e-01,-4,2,-1,1,0.8,1.6,0.2,0.6
6.873e-01,-4,-6,-1,-3,0.8,-7.15256e-08,0.2,-0.6
6.875e-01,-2,2,-1,1,0.8,1.6,0.2,0.6
6.877e-01,-4,-6,-1,-5,0.8,-7.15256e-08,-0.2,-0.6
6.879e-01,-4,2,-1,1,0.8,1.6,0.2,0.6
6.881e-01,-4,-6,-1,-3,0.8,-7.15256e-08,-0.2,-0.6
6.883e-01,-2,2,-1,1,1.6,1.6,0.2,0.6
6.885e-01,-2,-6,-1,-5,0.8,-7.15256e-08,0.2,-0.6
6.887e-01,-2,2,-1,1,0.8,1.6,-0.2,0.6
6.889e-01,-2,-6,-3,-5,0.8,-7.15256e-08,0.2,-0.6
6.890e-01,-2,2,-1,1,0.8,1.6,0.2,0.6
6.892e-01,-2,-6,-1,-3,0.8,-7.15256e-08,0.2,-0.6
6.894e-01,-2,2,-3,1,0.8,2.4,0.2,0.6
6.896e-01,-2,-6,-1,-3,0.8,-7.15256e-08,0.2,-0.6
6.898e-01,-4,2,-3,1,0.8,1.6,0.2,0.6
6.900e-01,-1.3411e-07,-6,-1,-5,0.8,-7.15256e-08,0.2,-0.6
6.902e-01,-4,2,-1,1,0.8,1.6,0.2,0.6
6.904e-01,-2,-6,-1,-5,0.8,-7.15256e-08,-0.2,-0.6
6.906e-01,-2,2,-1,1,0.8,1.6,0.2,0.6
6.908e-01,-2,-6,-1,-3,0.8,-7.15256e-08,0.2,-0.6
6.910e-01,-2,2,-1,1,0.8,1.6,0.2,0.6
6.912e-01,-2,-6,-1,-3,0.8,-7.15256e-08,-0.2,-0.6
6.914e-01,-2,2,-1,1,0.8,1.6,0.2,0.6
6.915e-01,-2,-6,-1,-3,0.8,-7.15256e-08,0.2,-0.6
6.917e-01,-2,2,-3,1,0.8,1.6,-0.2,0.6
6.919e-01,-2,-6,-3,-5,0.8,-7.15256e-08,0.2,-0.6
6.921e-01,-2,2,-1,1,0.8,1.6,0.2,0.6
6.923e-01,-2,-6,-1,-3,0.8,-7.15256e-08,-0.2,-0.6
6.925e-01,-2,2,-1,1,0.8,1.6,-0.2,0.6
6.927e-01,-2,-6,-3,-5,0.8,-7.15256e-08,0.2,-0.6
6.929e-01,-4,2,-3,1,0.8,1.6,0.2,0.6
6.931e-01,-2,-6,-1,-3,0.8,-7.15256e-08,-0.2,-0.6
6.933e-01,-4,2,-1,1,0.8,1.6,0.2,0.6
6.935e-01,-2,-6,-3,-3,0.8,-7.15256e-08,0.2,-0.6
6.937e-01,-2,2,-1,1,0.8,2.4,0.2,0.6
6.938e-01,-2,-6,-3,-3,0.8,-7.15256e-08,0.2,-0.6
6.940e-01,-1.3411e-07,2,-3,1,0.8,1.6,0.2,0.6
6.942e-01,-2,-6,-1,-3,0.8,-7.15256e-08,0.2,-0.6
6.944e-01,-2,2,-3,1,0.8,1.6,0.2,0.6
6.946e-01,-4,-6,-1,-3,0.8,-7.15256e-08,0.2,-0.6
6.948e-01,-2,2,-1,1,0.8,2.4,0.2,0.6
6.950e-01,-4,-6,-3,-3,0.8,-7.15256e-08,0.2,-0.6
6.952e-01,-2,2,-1,1,0.8,1.6,0.2,0.6
6.954e-01,-2,-6,-1,-3,0.8,-7.15256e-08,0.2,-0.6
6.956e-01,-2,2,-1,1,0.8,1.6,0.2,0.6
6.958e-01,-2,-6,-1,-3,0.8,-7.15256e-08,0.2,-0.6
6.960e-01,-2,2,-1,1,1.6,1.6,0.2,0.6
6.962e-01,-2,-6,-1,-5,0.8,-7.15256e-08,0.2,-0.6
6.963e-01,-2,2,-3,1,1.6,1.6,-0.2,0.6
6.965e-01,-2,-6,-1,-5,0.8,-7.15256e-08,0.2,-0.6
6.967e-01,-2,2,-1,1,0.8,1.6,0.2,0.6
6.969e-01,-2,-6,-1,-5,0.8,-7.15256e-08,0.2,-0.6
6.971e-01,-2,2,-1,1,0.8,1.6,-0.2,0.6
6.973e-01,-2,-6,-3,-3,0.8,-7.15256e-08,-0.2,-0.6
6.975e-01,-4,2,-1,1,0.8,1.6,0.2,0.6
6.977e-01,-2,-6,-1,-3,0.8,-7.15256e-08,0.2,-0.6
6.979e-01,-2,2,-1,1,0.8,1.6,0.2,0.6
6.981e-01,-4,-8,-1,-3,0.8,-7.15256e-08,0.2,-0.6
6.983e-01,-4,2,-1,1,0.8,2.4,0.2,0.6
6.985e-01,-2,-6,-1,-3,0.8,-7.15256e-08,0.2,-0.6
6.986e-01,-4,2,-1,1,0.8,1.6,0.2,0.6
6.988e-01,-4,-6,-1,-3,0.8,-7.15256e-08,0.2,-0.6
6.990e-01,-4,2,-1,1,0.8,1.6,0.2,0.6
6.992e-01,-2,-6,-3,-3,0.8,-7.15256e-08,0.2,-0.6
6.994e-01,-2,2,-1,1,1.6,1.6,0.2,0.6
6.996e-01,-2,-6,-1,-3,0.8,-7.15256e-08,0.2,-0.6
6.998e-01,-4,2,-1,1,0.8,1.6,0.2,0.6
7.000e-01,-2,-6,-1,-3,0.8,-7.15256e-08,0.2,-0.6
7.002e-01,-2,2,-1,1,0.8,1.6,0.2,0.6
7.004e-01,-2,-6,-1,-3,0.8,-7.15256e-08,0.2,-0.6
7.006e-01,-2,2,-1,1,0.8,1.6,0.2,0.6
7.008e-01,-2,-6,-1,-3,0.8,-7.15256e-08,0.2,-0.6
7.010e-01,-2,2,-1,1,0.8,1.6,0.2,0.6
7.011e-01,-2,-6,-1,-3,1.6,-7.15256e-08,0.2,-0.6
7.013e-01,-2,2,-1,1,0.8,1.6,0.2,0.6
7.015e-01,-2,-6,-1,-3,0.8,-7.15256e-08,0.2,-0.6
7.017e-01,-2,2,-1,1,0.8,1.6,0.2,0.6
7.019e-01,-1.3411e-07,-6,-1,-3,0.8,-7.15256e-08,0.2,-0.6
7.021e-01,-2,2,-1,1,0.8,2.4,0.2,0.6
7.023e-01,-2,-6,-1,-3,0.8,-7.15256e-08,0.2,-0.6
7.025e-01,-2,2,-3,1,0.8,2.4,0.2,0.6
7.027e-01,-2,-6,-3,-3,1.6,-7.15256e-08,0.2,-0.6
7.029e-01,-4,2,-1,1,0.8,1.6,-0.2,0.6
7.031e-01,-2,-6,-3,-5,0.8,-7.15256e-08,0.2,-0.6
7.033e-01,-2,2,-1,1,0.8,1.6,0.2,0.6
7.035e-01,-2,-6,-1,-3,0.8,-7.15256e-08,0.2,-0.6
7.036e-01,-2,2,-1,1,0.8,1.6,0.2,0.6
7.038e-01,-2,-6,-1,-3,0.8,-7.15256e-08,0.2,-0.6
7.040e-01,-2,2,-1,1,0.8,1.6,0.2,0.6
7.042e-01,-4,-6,-1,-3,0.8,-7.15256e-08,0.2,-0.6
7.044e-01,-4,2,-1,1,0.8,1.6,0.2,0.6
7.046e-01,-4,-6,-1,-3,0.8,-7.15256e-08,0.2,-0.6
7.048e-01,-2,2,-1,1,0.8,1.6,0.2,0.6
7.050e-01,-4,-6,-1,-3,0.8,-7.15256e-08,0.2,-0.6
7.052e-01,-4,2,-1,1,0.8,1.6,0.2,0.6
7.054e-01,-2,-6,-1,-3,0.8,-7.15256e-08,-0.2,-0.6
7.056e-01,-2,2,-1,1,0.8,1.6,0.2,0.6
7.058e-01,-4,-6,-1,-3,0.8,-7.15256e-08,0.2,-0.6
7.059e-01,-2,2,-1,1,0.8,1.6,0.2,0.6
7.061e-01,-4,-6,-1,-3,0.8,-7.15256e-08,0.2,-0.6
7.063e-01,-1.3411e-07,2,-1,1,0.8,1.6,0.2,0.6
7.065e-01,-2,-6,-1,-3,0.8,-7.15256e-08,0.2,-0.6
7.067e-01,-4,2,-1,1,0.8,1.6,0.2,0.6
7.069e-01,-2,-6,-1,-3,0.8,-7.15256e-08,-0.2,-0.6
7.071e-01,-2,2,-1,1,1.6,1.6,0.2,0.6
7.073e-01,-2,-6,-1,-5,0.8,-7.15256e-08,0.2,-0.6
7.075e-01,-2,2,-1,1,0.8,1.6,0.2,0.6
7.077e-01,-2,-6,-1,-5,0.8,-7.15256e-08,0.2,-0.6
7.079e-01,-1.3411e-07,2,-1,1,-7.15256e-08,2.4,-0.2,0.6
7.081e-01,-2,-6,-3,-5,1.6,-7.15256e-08,0.2,-0.6
7.083e-01,-2,2,-3,1,0.8,1.6,0.2,0.6
7.084e-01,-4,-6,-1,-3,0.8,-7.15256e-08,0.2,-0.6
7.086e-01,-1.3411e-07,2,-1,1,0.8,1.6,0.2,0.6
7.088e-01,-4,-6,-3,-3,0.8,-7.15256e-08,0.2,-0.6
7.090e-01,-2,2,-1,1,0.8,1.6,0.2,0.6
7.092e-01,-2,-6,-3,-3,0.8,-7.15256e-08,0.2,-0.6
7.094e-01,-2,2,-1,1,1.6,1.6,0.2,0.6
7.096e-01,-2,-6,-1,-5,0.8,-7.15256e-08,0.2,-0.6
7.098e-01,-2,2,-1,1,0.8,2.4,0.2,0.6
7.100e-01,-2,-6,-1,-3,0.8,-7.15256e-08,0.2,-0.6
7.102e-01,-2,2,-3,1,0.8,1.6,0.2,0.6
7.104e-01,-2,-6,-1,-3,0.8,-7.15256e-08,0.2,-0.6
7.106e-01,-2,2,-1,1,1.6,1.6,0.2,0.6
7.107e-01,-2,-6,-1,-5,0.8,-7.15256e-08,0.2,-0.6
7.109e-01,-2,2,-3,1,1.6,1.6,0.2,0.6
7.111e-01,-2,-6,-1,-3,0.8,-7.15256e-08,0.2,-0.6
7.113e-01,-2,2,-1,1,0.8,1.6,0.2,0.6
7.115e-01,-4,-6,-3,-5,0.8,-7.15256e-08,0.2,-0.6
7.117e-01,-4,2,-1,1,0.8,1.6,0.2,0.6
7.119e-01,-4,-6,-1,-3,0.8,-7.15256e-08,0.2,-0.6
7.121e-01,-2,2,-3,1,0.8,1.6,-0.2,0.6
7.123e-01,-2,-6,-1,-3,0.8,-7.15256e-08,0.2,-0.6
7.125e-01,-4,2,-1,1,0.8,1.6,0.2,0.6
7.127e-01,-2,-6,-1,-3,1.6,-7.15256e-08,0.2,-0.6
7.129e-01,-2,2,-1,1,0.8,1.6,0.2,0.6
7.131e-01,-2,-6,-1,-5,0.8,-7.15256e-08,0.2,-0.6
7.132e-01,-2,2,-3,1,0.8,1.6,0.2,0.6
7.134e-01,-4,-6,-1,-3,0.8,-7.15256e-08,-0.2,-0.6
7.136e-01,-2,2,-1,1,0.8,1.6,0.2,0.6
7.138e-01,-2,-6,-1,-3,1.6,-7.15256e-08,0.2,-0.6
7.140e-01,-4,2,-3,1,0.8,1.6,0.2,0.6
7.142e-01,-2,-6,-1,-3,0.8,-7.15256e-08,0.2,-0.6
7.144e-01,-2,2,-1,1,0.8,1.6,0.2,0.6
7.146e-01,-1.3411e-07,-6,-1,-5,0.8,-7.15256e-08,0.2,-0.6
7.148e-01,-2,2,-1,1,0.8,1.6,0.2,0.6
7.150e-01,-2,-6,-1,-3,0.8,-7.15256e-08,0.2,-0.6
7.152e-01,-2,2,-3,1,1.6,1.6,0.2,0.6
7.154e-01,-2,-6,-1,-3,-7.15256e-08,-7.15256e-08,0.2,-0.6
7.155e-01,-4,2,-1,1,0.8,1.6,0.2,0.6
7.157e-01,-2,-6,-1,-3,0.8,-7.15256e-08,0.2,-0.6
7.159e-01,-2,2,-1,1,0.8,1.6,-0.2,0.6
7.161e-01,-2,-6,-1,-5,0.8,-0.8,0.2,-0.6
7.163e-01,-2,2,-1,1,0.8,1.6,0.2,0.6
7.165e-01,-4,-6,-3,-3,0.8,-7.15256e-08,0.2,-0.6
7.167e-01,-4,2,-1,1,0.8,1.6,0.2,0.6
7.169e-01,-4,-6,-1,-3,0.8,-7.15256e-08,0.2,-0.6
7.171e-01,-2,2,-3,1,0.8,1.6,0.2,0.6
7.173e-01,-2,-6,-3,-3,0.8,-7.15256e-08,0.2,-0.6
7.175e-01,-4,2,-3,1,0.8,1.6,0.2,0.6
7.177e-01,-2,-6,-1,-3,0.8,-7.15256e-08,0.2,-0.6
7.179e-01,-4,2,-1,1,1.6,1.6,0.2,0.6
7.180e-01,-2,-6,-1,-3,0.8,-7.15256e-08,0.2,-0.6
7.182e-01,-2,2,-1,1,0.8,1.6,0.2,0.6
7.184e-01,-2,-6,-1,-3,0.8,-7.15256e-08,-0.2,-0.6
7.186e-01,-2,2,-3,1,0.8,2.4,0.2,0.6
7.188e-01,-2,-6,-1,-3,0.8,-7.15256e-08,0.2,-0.6
7.190e-01,-2,2,-1,1,0.8,1.6,0.2,0.6
7.192e-01,-4,-6,-1,-5,0.8,-7.15256e-08,0.2,-0.6
7.194e-01,-2,2,-1,1,0.8,1.6,0.2,0.6
7.196e-01,-2,-6,-1,-3,0.8,-7.15256e-08,0.2,-0.6
7.198e-01,-2,2,-3,1,0.8,1.6,0.2,0.6
7.200e-01,-1.3411e-07,-6,-1,-3,0.8,-7.15256e-08,0.2,-0.6
7.202e-01,-1.3411e-07,2,-3,1,0.8,1.6,-0.2,0.6
7.203e-01,-2,-6,-1,-3,0.8,-7.15256e-08,-0.2,-0.6
7.205e-01,-2,2,-1,1,0.8,1.6,0.2,0.6
7.207e-01,-2,-6,-1,-3,0.8,-7.15256e-08,0.2,-0.6
7.209e-01,-2,2,-1,1,0.8,1.6,-0.2,0.6
7.211e-01,-2,-6,-1,-3,0.8,-7.15256e-08,0.2,-0.6
7.213e-01,-2,2,-1,1,0.8,1.6,0.2,0.6
7.215e-01,-4,-6,-1,-3,0.8,-7.15256e-08,0.2,-0.6
7.217e-01,-4,2,-3,1,0.8,1.6,0.2,0.6
7.219e-01,-1.3411e-07,-6,-1,-3,0.8,-7.15256e-08,-0.2,-0.6
7.221e-01,-2,2,-3,1,0.8,1.6,0.2,0.6
7.223e-01,-4,-6,-1,-3,0.8,-7.15256e-08,0.2,-0.6
7.225e-01,-4,2,-1,1,0.8,1.6,0.2,0.6
7.227e-01,-2,-6,-1,-3,1.6,-7.15256e-08,0.2,-0.6
7.228e-01,-4,2,-1,1,0.8,1.6,0.2,0.6
7.230e-01,-2,-8,-1,-3,0.8,-7.15256e-08,0.2,-0.6
7.232e-01,-2,2,-1,1,0.8,1.6,0.2,0.6
7.234e-01,-2,-6,-1,-3,0.8,-7.15256e-08,0.2,-0.6
7.236e-01,-4,2,-3,1,1.6,1.6,0.2,0.6
7.238e-01,-2,-6,-1,-3,1.6,-7.15256e-08,0.2,-0.6
7.240e-01,-4,2,-1,1,0.8,1.6,0.2,0.6
7.242e-01,-2,-6,-1,-3,0.8,-7.15256e-08,0.2,-0.6
7.244e-01,-2,2,-1,1,0.8,1.6,0.2,0.6
7.246e-01,-2,-6,-1,-3,0.8,-7.15256e-08,-0.2,-0.6
7.248e-01,-1.3411e-07,2,-1,1,1.6,2.4,0.2,0.6
7.250e-01,-2,-6,-1,-3,0.8,-7.15256e-08,0.2,-0.6
7.251e-01,-4,2,-3,1,0.8,1.6,0.2,0.6
7.253e-01,-2,-6,-1,-3,0.8,-7.15256e-08,0.2,-0.6
7.255e-01,-2,2,-1,1,0.8,1.6,0.2,0.6
7.257e-01,-2,-6,-3,-3,0.8,-7.15256e-08,0.2,-0.6
7.259e-01,-2,2,-1,1,0.8,1.6,0.2,0.6
7.261e-01,-2,-6,-1,-3,0.8,-7.15256e-08,0.2,-0.6
7.263e-01,-2,2,-1,1,0.8,1.6,0.2,0.6
7.265e-01,-2,-6,-3,-3,0.8,-7.15256e-08,0.2,-0.6
7.267e-01,-2,2,-3,1,0.8,1.6,0.2,0.6
7.269e-01,-2,-6,-1,-3,0.8,-7.15256e-08,0.2,-0.6
7.271e-01,-4,2,-1,1,0.8,1.6,0.2,0.6
7.273e-01,-1.3411e-07,-6,-1,-3,0.8,-7.15256e-08,0.2,-0.6
7.275e-01,-2,2,-3,1,-7.15256e-08,1.6,0.2,0.6
7.276e-01,-4,-6,-3,-3,0.8,-7.15256e-08,0.2,-0.6
7.278e-01,-2,2,-3,1,0.8,1.6,0.2,0.6
7.280e-01,-2,-6,-3,-5,0.8,-7.15256e-08,0.2,-0.6
7.282e-01,-4,2,-1,1,0.8,1.6,0.2,0.6
7.284e-01,-4,-6,-1,-5,0.8,-7.15256e-08,0.2,-0.6
7.286e-01,-2,2,-1,1,0.8,1.6,0.2,0.6
7.288e-01,-2,-6,-1,-5,0.8,-7.15256e-08,0.2,-0.6
7.290e-01,-4,2,-1,1,0.8,1.6,0.2,0.6
7.292e-01,-2,-6,-1,-3,1.6,-7.15256e-08,0.2,-0.6
7.294e-01,-4,2,-1,1,0.8,1.6,0.2,0.6
7.296e-01,-2,-6,-1,-5,1.6,-0.8,0.2,-0.6
7.298e-01,-4,2,-1,1,0.8,1.6,0.2,0.6
7.299e-01,-2,-6,-1,-3,0.8,-0.8,0.2,-0.6
7.301e-01,-2,2,-3,1,0.8,1.6,0.2,0.6
7.303e-01,-4,-6,-1,-3,-7.15256e-08,-7.15256e-08,-0.2,-0.6
7.305e-01,-2,2,-3,1,0.8,1.6,0.2,0.6
7.307e-01,-4,-8,-1,-5,0.8,-7.15256e-08,0.2,-0.6
7.309e-01,-4,2,-1,1,0.8,1.6,0.2,0.6
7.311e-01,-4,-6,-1,-3,0.8,-0.8,0.2,-0.6
7.313e-01,-2,2,-1,1,0.8,1.6,0.2,0.6
7.315e-01,-2,-6,-1,-3,0.8,-7.15256e-08,0.2,-0.6
7.317e-01,-2,2,-1,1,0.8,1.6,-0.2,0.6
7.319e-01,-2,-6,-1,-3,0.8,-7.15256e-08,0.2,-0.6
7.321e-01,-2,2,-1,1,0.8,1.6,0.2,0.6
7.323e-01,-2,-6,-1,-3,0.8,-7.15256e-08,0.2,-0.6
7.324e-01,-4,2,-1,1,0.8,1.6,0.2,0.6
7.326e-01,-2,-6,-1,-3,0.8,-7.15256e-08,0.2,-0.6
7.328e-01,-4,2,-1,1,0.8,2.4,0.2,0.6
7.330e-01,-2,-6,-1,-5,0.8,-7.15256e-08,0.2,-0.6
7.332e-01,-2,2,-1,1,0.8,1.6,0.2,0.6
7.334e-01,-2,-6,-1,-3,0.8,-0.8,0.2,-0.6
7.336e-01,-2,2,-3,1,0.8,1.6,0.2,0.6
7.338e-01,-2,-6,-1,-3,0.8,-7.15256e-08,0.2,-0.6
7.340e-01,-2,2,-1,1,0.8,1.6,0.2,0.6
7.342e-01,-4,-6,-1,-3,0.8,-7.15256e-08,0.2,-0.6
7.344e-01,-2,2,-1,1,0.8,1.6,0.2,0.6
7.346e-01,-2,-6,-1,-3,0.8,-7.15256e-08,0.2,-0.6
7.347e-01,-4,2,-1,1,0.8,1.6,-0.2,0.6
7.349e-01,-1.3411e-07,-6,-3,-3,0.8,-7.15256e-08,0.2,-0.6
7.351e-01,-2,2,-1,1,0.8,1.6,0.2,0.6
7.353e-01,-2,-6,-1,-3,0.8,-0.8,0.2,-0.6
7.355e-01,-2,2,-3,1,0.8,1.6,0.2,0.6
7.357e-01,-2,-6,-3,-5,0.8,-7.15256e-08,0.2,-0.6
7.359e-01,-2,2,-1,1,0.8,1.6,0.2,0.6
7.361e-01,-2,-6,-1,-3,0.8,-7.15256e-08,0.2,-0.6
7.363e-01,-2,2,-1,1,0.8,1.6,0.2,0.6
7.365e-01,-2,-6,-1,-3,0.8,-7.15256e-08,0.2,-0.6
7.367e-01,-2,2,-1,1,0.8,1.6,0.2,0.6
7.369e-01,-2,-6,-1,-3,0.8,-7.15256e-08,0.2,-0.6
7.371e-01,-2,2,-1,1,0.8,1.6,0.2,0.6
7.372e-01,-2,-6,-1,-5,0.8,-7.15256e-08,0.2,-0.6
7.374e-01,-2,2,-3,1,0.8,1.6,0.2,0.6
7.376e-01,-1.3411e-07,-6,-1,-3,0.8,-7.15256e-08,-0.2,-0.6
7.378e-01,-4,2,-1,1,0.8,1.6,-0.2,0.6
7.380e-01,-2,-6,-1,-3,0.8,-7.15256e-08,0.2,-0.6
7.382e-01,-2,2,-1,1,0.8,1.6,0.2,0.6
7.384e-01,-2,-6,-1,-3,0.8,-0.8,0.2,-0.6
7.386e-01,-4,2,-1,1,0.8,1.6,0.2,0.6
7.388e-01,-4,-6,-1,-3,-7.15256e-08,-7.15256e-08,-0.2,-0.6
7.390e-01,-2,2,-1,1,0.8,1.6,0.2,0.6
7.392e-01,-2,-6,-1,-5,0.8,-7.15256e-08,0.2,-0.6
7.394e-01,-2,2,-1,1,0.8,1.6,0.2,0.6
7.395e-01,-4,-6,-1,-3,0.8,-7.15256e-08,0.2,-0.6
7.397e-01,-2,2,-1,1,0.8,1.6,0.2,0.6
7.399e-01,-4,-6,-1,-3,0.8,-7.15256e-08,0.2,-0.6
7.401e-01,-2,2,-1,1,0.8,1.6,0.2,0.6
7.403e-01,-2,-6,-1,-3,0.8,-7.15256e-08,0.2,-0.6
7.405e-01,-2,2,1,1,0.8,1.6,0.2,0.6
7.407e-01,-2,-6,-1,-3,0.8,-7.15256e-08,-0.2,-0.6
7.409e-01,-4,2,-3,1,0.8,1.6,0.2,0.6
7.411e-01,-2,-6,-1,-3,0.8,-0.8,-0.2,-0.6
7.413e-01,-2,2,-1,1,0.8,1.6,0.2,0.6
7.415e-01,-2,-6,-1,-3,0.8,-0.8,0.2,-0.6
7.417e-01,-2,2,-1,1,0.8,1.6,0.2,0.6
7.419e-01,-1.3411e-07,-6,-1,-3,0.8,-7.15256e-08,0.2,-0.6
7.420e-01,-2,2,-1,1,0.8,1.6,-0.2,0.6
7.422e-01,-2,-6,-1,-3,0.8,-7.15256e-08,0.2,-0.6
7.424e-01,-2,2,-1,1,0.8,1.6,0.2,0.6
7.426e-01,-4,-6,-1,-3,0.8,-7.15256e-08,0.2,-0.6
7.428e-01,-1.3411e-07,2,-1,1,0.8,1.6,0.2,0.6
7.430e-01,-4,-6,-1,-5,0.8,-7.15256e-08,-0.2,-0.6
7.432e-01,-2,2,-1,1,0.8,1.6,-0.2,0.6
7.434e-01,-4,-6,-1,-3,0.8,-7.15256e-08,-0.2,-0.6
7.436e-01,-2,2,-1,1,0.8,1.6,0.2,0.6
7.438e-01,-2,-6,-3,-3,0.8,-7.15256e-08,0.2,-0.6
7.440e-01,-2,2,-3,1,-7.15256e-08,1.6,-0.2,0.6
7.442e-01,-4,-6,-1,-3,0.8,-7.15256e-08,0.2,-0.6
7.443e-01,-2,2,-1,1,0.8,1.6,0.2,0.6
7.445e-01,-2,-6,-1,-5,0.8,-7.15256e-08,0.2,-0.6
7.447e-01,-2,2,-1,1,0.8,1.6,0.2,0.6
7.449e-01,-2,-6,-1,-3,0.8,-7.15256e-08,-0.2,-0.6
7.451e-01,-2,2,-1,1,0.8,1.6,0.2,0.6
7.453e-01,-2,-6,-1,-5,0.8,-7.15256e-08,0.2,-0.6
7.455e-01,-2,2,-1,1,0.8,1.6,0.2,0.6
7.457e-01,-2,-6,-1,-5,0.8,-7.15256e-08,0.2,-0.6
7.459e-01,-2,2,-1,1,0.8,1.6,-0.2,0.6
7.461e-01,-1.3411e-07,-6,-1,-3,0.8,-0.8,0.2,-0.6
7.463e-01,-2,2,-1,1,0.8,1.6,0.2,0.6
7.465e-01,-4,-6,-1,-3,0.8,-7.15256e-08,0.2,-0.6
7.467e-01,-2,2,-1,1,0.8,1.6,0.2,0.6
7.468e-01,-2,-6,-1,-5,0.8,-7.15256e-08,0.2,-0.6
7.470e-01,-2,2,-1,1,0.8,1.6,0.2,0.6
7.472e-01,-4,-6,-1,-5,0.8,-7.15256e-08,0.2,-0.6
7.474e-01,-2,2,-3,1,0.8,1.6,0.2,0.6
7.476e-01,-2,-6,-1,-5,0.8,-7.15256e-08,0.2,-0.6
7.478e-01,-2,2,-3,1,0.8,1.6,0.2,0.6
7.480e-01,-2,-6,-1,-5,0.8,-0.8,0.2,-0.6
7.482e-01,-2,2,-3,1,0.8,1.6,0.2,0.6
7.484e-01,-2,-6,-1,-3,0.8,-7.15256e-08,0.2,-0.6
7.486e-01,-2,2,-3,1,0.8,1.6,0.2,0.6
7.488e-01,-4,-6,-1,-5,0.8,-7.15256e-08,0.2,-0.6
7.490e-01,-2,2,-3,1,0.8,1.6,0.2,0.6
7.491e-01,-2,-6,-1,-3,0.8,-7.15256e-08,0.2,-0.6
7.493e-01,-2,2,-1,1,0.8,1.6,0.2,0.6
7.495e-01,-4,-6,-1,-3,0.8,-7.15256e-08,0.2,-0.6
7.497e-01,-2,2,-3,1,0.8,1.6,0.2,0.6
7.499e-01,-4,-6,-3,-3,0.8,-7.15256e-08,0.2,-0.6
7.501e-01,-4,2,-1,1,0.8,1.6,0.2,0.6
7.503e-01,-4,-6,-1,-3,0.8,-7.15256e-08,0.2,-0.6
7.505e-01,-2,2,-1,1,0.8,1.6,-0.2,0.6
7.507e-01,-2,-6,-1,-3,0.8,-7.15256e-08,0.2,-0.6
7.509e-01,-1.3411e-07,2,-1,1,0.8,1.6,0.2,0.6
7.511e-01,-4,-6,-1,-5,0.8,-7.15256e-08,0.2,-0.6
7.513e-01,-2,2,-1,1,0.8,1.6,0.2,0.6
7.515e-01,-2,-6,-1,-5,0.8,-7.15256e-08,0.2,-0.6
7.516e-01,-2,2,-1,1,0.8,1.6,0.2,0.6
7.518e-01,-2,-6,-1,-5,0.8,-0.8,0.2,-0.6
7.520e-01,-2,2,-1,1,0.8,1.6,0.2,0.6
7.522e-01,-2,-6,-3,-5,0.8,-7.15256e-08,0.2,-0.6
7.524e-01,-2,2,-1,1,0.8,1.6,0.2,0.6
7.526e-01,-2,-6,-1,-5,0.8,-7.15256e-08,-0.2,-0.6
7.528e-01,-2,2,-1,1,-7.15256e-08,1.6,0.2,0.6
7.530e-01,-2,-6,-1,-3,0.8,-0.8,0.2,-0.6
7.532e-01,-2,2,-3,1,0.8,1.6,0.2,0.6
7.534e-01,-2,-6,-1,-5,0.8,-7.15256e-08,0.2,-0.6
7.536e-01,-4,2,-3,1,0.8,1.6,0.2,0.6
7.538e-01,-2,-6,-1,-5,0.8,-7.15256e-08,-0.2,-0.6
7.539e-01,-2,2,-1,1,-7.15256e-08,1.6,0.2,0.6
7.541e-01,-2,-6,-3,-3,0.8,-0.8,0.2,-0.6
7.543e-01,-2,2,-1,1,0.8,1.6,0.2,0.6
7.545e-01,-4,-6,-1,-5,-7.15256e-08,-7.15256e-08,0.2,-0.6
7.547e-01,-2,2,-1,1,0.8,1.6,0.2,0.6
7.549e-01,-2,-6,-1,-3,0.8,-7.15256e-08,0.2,-0.6
7.551e-01,-2,2,-1,1,0.8,1.6,0.2,0.6
7.553e-01,-2,-6,-3,-3,0.8,-7.15256e-08,0.2,-0.6
7.555e-01,-4,2,-1,1,0.8,1.6,0.2,0.6
7.557e-01,-1.3411e-07,-6,-1,-3,0.8,-7.15256e-08,0.2,-0.6
7.559e-01,-2,2,-1,1,0.8,1.6,0.2,0.6
7.561e-01,-2,-6,-1,-3,0.8,-7.15256e-08,0.2,-0.6
7.563e-01,-4,2,-1,1,0.8,1.6,0.2,0.6
7.564e-01,-2,-6,-3,-3,0.8,-7.15256e-08,0.2,-0.6
7.566e-01,-1.3411e-07,2,-1,1,0.8,1.6,-0.2,0.6
7.568e-01,-4,-6,-3,-5,0.8,-7.15256e-08,0.2,-0.6
7.570e-01,-2,2,-1,1,0.8,1.6,0.2,0.6
7.572e-01,-2,-6,-1,-3,0.8,-0.8,0.2,-0.6
7.574e-01,-2,2,-3,1,0.8,1.6,0.2,0.6
7.576e-01,-4,-6,-1,-3,0.8,-7.15256e-08,0.2,-0.6
7.578e-01,-1.3411e-07,2,-1,1,0.8,1.6,0.2,0.6
7.580e-01,-4,-6,-3,-5,0.8,-7.15256e-08,0.2,-0.6
7.582e-01,-2,2,-1,1,0.8,1.6,0.2,0.6
7.584e-01,-2,-6,-1,-3,-7.15256e-08,-7.15256e-08,0.2,-0.6
7.586e-01,-2,2,-1,1,0.8,1.6,0.2,0.6
7.587e-01,-2,-6,-1,-3,0.8,-7.15256e-08,-0.2,-0.6
7.589e-01,-2,2,-1,1,0.8,1.6,0.2,0.6
7.591e-01,-2,-6,-1,-3,0.8,-7.15256e-08,0.2,-0.6
7.593e-01,-2,2,-1,1,0.8,1.6,0.2,0.6
7.595e-01,-2,-6,-1,-3,0.8,-0.8,0.2,-0.6
7.597e-01,-4,2,-1,1,0.8,1.6,0.2,0.6
7.599e-01,-2,-6,-1,-3,0.8,-0.8,0.2,-0.6
7.601e-01,-4,2,-1,1,0.8,1.6,0.2,0.6
7.603e-01,-4,-6,-1,-3,0.8,-7.15256e-08,0.2,-0.6
7.605e-01,-2,2,-3,1,0.8,1.6,0.2,0.6
7.607e-01,-4,-6,-1,-3,0.8,-7.15256e-08,0.2,-0.6
7.609e-01,-2,2,-1,1,0.8,1.6,-0.2,0.6
7.611e-01,-2,-6,-1,-3,0.8,-7.15256e-08,0.2,-0.6
7.612e-01,-2,2,-1,1,0.8,2.4,0.2,0.6
7.614e-01,-2,-6,-1,-3,1.6,-7.15256e-08,0.2,-0.6
7.616e-01,-2,2,-1,1,0.8,1.6,0.2,0.6
7.618e-01,-2,-6,-1,-3,0.8,-7.15256e-08,0.2,-0.6
7.620e-01,-2,2,-1,1,0.8,1.6,0.2,0.6
7.622e-01,-2,-6,-3,-3,0.8,-7.15256e-08,0.2,-0.6
7.624e-01,-2,2,-1,1,0.8,1.6,0.2,0.6
7.626e-01,-4,-6,-3,-3,0.8,-7.15256e-08,0.2,-0.6
7.628e-01,-1.3411e-07,2,-1,1,0.8,1.6,0.2,0.6
7.630e-01,-2,-6,-1,-3,0.8,-7.15256e-08,0.2,-0.6
7.632e-01,-2,2,-1,1,0.8,1.6,0.2,0.6
7.634e-01,-2,-6,-1,-3,0.8,-7.15256e-08,0.2,-0.6
7.635e-01,-2,2,-1,1,0.8,1.6,-0.2,0.6
7.637e-01,-2,-6,-1,-3,0.8,-0.8,0.2,-0.6
7.639e-01,-2,2,-3,1,0.8,1.6,0.2,0.6
7.641e-01,-2,-6,-1,-3,0.8,-0.8,0.2,-0.6
7.643e-01,-2,2,-1,1,1.6,1.6,0.2,0.6
7.645e-01,-2,-6,-3,-3,0.8,-7.15256e-08,-0.2,-0.6
7.647e-01,-4,2,-3,1,0.8,1.6,0.2,0.6
7.649e-01,-2,-6,-1,-3,0.8,-0.8,0.2,-0.6
7.651e-01,-2,2,-1,1,0.8,1.6,0.2,0.6
7.653e-01,-2,-6,-3,-5,0.8,-0.8,0.2,-0.6
7.655e-01,-2,2,-1,1,0.8,2.4,0.2,0.6
7.657e-01,-2,-6,-1,-5,0.8,-0.8,0.2,-0.6
7.659e-01,-2,2,-3,1,0.8,1.6,0.2,0.6
7.660e-01,-2,-6,-1,-5,0.8,-7.15256e-08,0.2,-0.6
7.662e-01,-2,2,-1,1,0.8,1.6,0.2,0.6
7.664e-01,-2,-6,-1,-3,0.8,-0.8,0.2,-0.6
7.666e-01,-2,2,-1,1,0.8,1.6,0.2,0.6
7.668e-01,-2,-6,-1,-3,0.8,-7.15256e-08,0.2,-0.6
7.670e-01,-4,2,-1,1,0.8,1.6,0.2,0.6
7.672e-01,-2,-6,-1,-3,0.8,-7.15256e-08,0.2,-0.6
7.674e-01,-4,2,-3,1,0.8,1.6,0.2,0.6
7.676e-01,-2,-6,-3,-3,0.8,-0.8,0.2,-0.6
7.678e-01,-2,2,-1,1,0.8,1.6,-0.2,0.6
7.680e-01,-4,-6,-1,-5,0.8,-0.8,0.2,-0.6
7.682e-01,-2,2,-1,1,0.8,1.6,0.2,0.6
7.684e-01,-4,-6,-1,-3,0.8,-7.15256e-08,0.2,-0.6
7.685e-01,-2,2,-1,1,1.6,1.6,0.2,0.6
7.687e-01,-4,-6,-1,-3,0.8,-7.15256e-08,0.2,-0.6
7.689e-01,-4,2,-3,1,0.8,1.6,0.2,0.6
7.691e-01,-2,-6,-3,-3,0.8,-7.15256e-08,0.2,-0.6
7.693e-01,-4,2,-1,1,0.8,1.6,0.2,0.6
7.695e-01,-2,-6,-1,-3,0.8,-7.15256e-08,0.2,-0.6
7.697e-01,-4,2,-1,1,-7.15256e-08,1.6,0.2,0.6
7.699e-01,-2,-6,-1,-3,0.8,-7.15256e-08,0.2,-0.6
7.701e-01,-4,2,-1,1,0.8,1.6,0.2,0.6
7.703e-01,-4,-6,-1,-5,0.8,-7.15256e-08,0.2,-0.6
7.705e-01,-2,2,-1,1,0.8,1.6,0.2,0.6
7.707e-01,-2,-6,-1,-3,0.8,-7.15256e-08,0.2,-0.6
7.708e-01,-2,2,-1,1,0.8,1.6,0.2,0.6
7.710e-01,-4,-6,-1,-5,0.8,-7.15256e-08,0.2,-0.6
7.712e-01,-2,2,-1,1,0.8,1.6,0.2,0.6
7.714e-01,-2,-6,-3,-5,0.8,-7.15256e-08,-0.2,-0.6
7.716e-01,-2,2,-1,1,0.8,1.6,0.2,0.6
7.718e-01,-2,-6,-1,-3,0.8,-7.15256e-08,0.2,-0.6
7.720e-01,-2,2,-3,1,0.8,1.6,0.2,0.6
7.722e-01,-2,-6,-1,-3,0.8,-0.8,0.2,-0.6
7.724e-01,-4,2,-3,1,0.8,1.6,0.2,0.6
7.726e-01,-2,-6,-1,-3,0.8,-7.15256e-08,0.2,-0.6
7.728e-01,-2,2,-1,1,0.8,1.6,0.2,0.6
7.730e-01,-1.3411e-07,-6,-1,-3,0.8,-7.15256e-08,0.2,-0.6
7.732e-01,-2,2,-1,1,0.8,1.6,0.2,0.6
7.733e-01,-4,-6,-1,-5,0.8,-0.8,0.2,-0.6
7.735e-01,-4,2,-1,1,0.8,1.6,-0.2,0.6
7.737e-01,-2,-6,-1,-3,0.8,-7.15256e-08,0.2,-0.6
7.739e-01,-2,2,-1,1,0.8,1.6,0.2,0.6
7.741e-01,-2,-6,-1,-3,0.8,-0.8,0.2,-0.6
7.743e-01,-2,2,-3,1,0.8,1.6,-0.2,0.6
7.745e-01,-2,-6,-1,-5,0.8,-7.15256e-08,0.2,-0.6
7.747e-01,-2,2,-1,1,0.8,1.6,0.2,0.6
7.749e-01,-2,-6,-1,-3,0.8,-7.15256e-08,0.2,-0.6
7.751e-01,-4,2,-1,1,-7.15256e-08,1.6,0.2,0.6
7.753e-01,-2,-6,-1,-3,0.8,-0.8,-0.2,-0.6
7.755e-01,-2,2,-1,1,0.8,1.6,0.2,0.6
7.756e-01,-2,-6,-1,-3,-7.15256e-08,-7.15256e-08,0.2,-0.6
7.758e-01,-2,2,-1,1,0.8,1.6,0.2,0.6
7.760e-01,-2,-6,-1,-3,0.8,-0.8,0.2,-0.6
7.762e-01,-2,2,-1,1,0.8,1.6,0.2,0.6
7.764e-01,-4,-6,-3,-3,0.8,-7.15256e-08,0.2,-0.6
7.766e-01,-2,2,-1,1,0.8,1.6,0.2,0.6
7.768e-01,-4,-6,-1,-5,0.8,-7.15256e-08,0.2,-0.6
7.770e-01,-2,2,-1,1,0.8,1.6,0.2,0.6
7.772e-01,-4,-8,-1,-3,0.8,-7.15256e-08,0.2,-0.6
7.774e-01,-2,2,-3,1,0.8,1.6,0.2,0.6
7.776e-01,-2,-6,-1,-3,0.8,-0.8,0.2,-0.6
7.778e-01,-4,2,-1,1,0.8,1.6,0.2,0.6
7.780e-01,-4,-6,-3,-3,0.8,-7.15256e-08,-0.2,-0.6
7.781e-01,-2,2,-1,1,0.8,1.6,0.2,0.6
7.783e-01,-2,-6,-1,-3,0.8,-7.15256e-08,0.2,-0.6
7.785e-01,-2,2,-1,1,0.8,1.6,0.2,0.6
7.787e-01,-2,-6,-1,-3,-7.15256e-08,-7.15256e-08,0.2,-0.6
7.789e-01,-2,2,-3,1,0.8,1.6,0.2,0.6
7.791e-01,-2,-6,-1,-3,0.8,-7.15256e-08,0.2,-0.6
7.793e-01,-2,2,-1,1,0.8,1.6,0.2,0.6
7.795e-01,-4,-6,-1,-5,0.8,-7.15256e-08,0.2,-0.6
7.797e-01,-2,2,-3,1,0.8,1.6,0.2,0.6
7.799e-01,-2,-6,-1,-5,0.8,-7.15256e-08,0.2,-0.6
7.801e-01,-2,2,-1,1,0.8,1.6,0.2,0.6
7.803e-01,-2,-6,-1,-3,0.8,-7.15256e-08,-0.2,-0.6
7.804e-01,-4,2,-1,1,-7.15256e-08,1.6,0.2,0.6
7.806e-01,-2,-6,-1,-3,0.8,-7.15256e-08,0.2,-0.6
7.808e-01,-2,2,-1,1,0.8,1.6,0.2,0.6
7.810e-01,-2,-6,-1,-3,-7.15256e-08,-7.15256e-08,0.2,-0.6
7.812e-01,-2,2,-1,1,0.8,1.6,0.2,0.6
7.814e-01,-1.3411e-07,-6,-3,-3,0.8,-0.8,0.2,-0.6
7.816e-01,-2,2,-1,1,0.8,1.6,0.2,0.6
7.818e-01,-2,-6,-3,-3,0.8,-7.15256e-08,0.2,-0.6
7.820e-01,-2,2,-3,1,0.8,1.6,0.2,0.6
7.822e-01,-2,-6,-3,-3,0.8,-7.15256e-08,0.2,-0.6
7.824e-01,-2,2,-1,1,0.8,1.6,0.2,0.6
7.826e-01,-4,-6,-1,-3,0.8,-7.15256e-08,0.2,-0.6
7.828e-01,-2,2,-1,1,-7.15256e-08,1.6,0.2,0.6
7.829e-01,-4,-6,-1,-3,0.8,-7.15256e-08,0.2,-0.6
7.831e-01,-2,2,-1,1,0.8,1.6,0.2,0.6
7.833e-01,-4,-6,-1,-3,0.8,-0.8,-0.2,-0.6
7.835e-01,-2,2,-1,1,0.8,1.6,0.2,0.6
7.837e-01,-4,-6,-1,-3,0.8,-0.8,0.2,-0.6
7.839e-01,-4,2,-1,1,0.8,1.6,-0.2,0.6
7.841e-01,-4,-6,-1,-3,0.8,-7.15256e-08,0.2,-0.6
7.843e-01,-2,2,-1,1,0.8,1.6,0.2,0.6
7.845e-01,-2,-6,-1,-3,0.8,-0.8,0.2,-0.6
7.847e-01,-2,2,-1,1,1.6,1.6,0.2,0.6
7.849e-01,-2,-6,-1,-3,0.8,-7.15256e-08,-0.2,-0.6
7.851e-01,-4,2,-1,1,0.8,1.6,0.2,0.6
7.852e-01,-2,-6,-3,-3,0.8,-7.15256e-08,0.2,-0.6
7.854e-01,-4,2,-1,1,0.8,1.6,0.2,0.6
7.856e-01,-2,-6,-1,-3,-7.15256e-08,-7.15256e-08,0.2,-0.6
7.858e-01,-2,2,-3,1,0.8,1.6,0.2,0.6
7.860e-01,-2,-6,-1,-3,0.8,-7.15256e-08,-0.2,-0.6
7.862e-01,-2,2,-3,1,0.8,1.6,0.2,0.6
7.864e-01,-2,-6,-1,-3,0.8,-7.15256e-08,0.2,-0.6
7.866e-01,-4,2,-1,1,0.8,1.6,0.2,0.6
7.868e-01,-2,-6,-1,-3,0.8,-7.15256e-08,0.2,-0.6
7.870e-01,-4,2,-1,1,0.8,1.6,0.2,0.6
7.872e-01,-2,-6,-1,-3,0.8,-7.15256e-08,-0.2,-0.6
7.874e-01,-2,2,-1,1,0.8,1.6,0.2,0.6
7.876e-01,-4,-6,-3,-5,0.8,-7.15256e-08,0.2,-0.6
7.877e-01,-2,2,-1,1,0.8,1.6,0.2,0.6
7.879e-01,-2,-6,-3,-3,0.8,-0.8,0.2,-0.6
7.881e-01,-2,2,-3,1,0.8,1.6,0.2,0.6
7.883e-01,-2,-6,-3,-5,0.8,-7.15256e-08,0.2,-0.6
7.885e-01,-2,2,-1,1,0.8,1.6,-0.2,0.6
7.887e-01,-4,-6,-1,-5,0.8,-0.8,-0.2,-0.6
7.889e-01,-2,2,-1,1,0.8,1.6,0.2,0.6
7.891e-01,-4,-6,-1,-3,0.8,-0.8,0.2,-0.6
7.893e-01,-2,2,-1,1,0.8,1.6,0.2,0.6
7.895e-01,-2,-6,-1,-5,0.8,-0.8,0.2,-0.6
7.897e-01,-2,2,-1,1,0.8,1.6,0.2,0.6
7.899e-01,-2,-6,-3,-5,0.8,-7.15256e-08,0.2,-0.6
7.900e-01,-2,2,-1,1,0.8,1.6,0.2,0.6
7.902e-01,-4,-6,-3,-5,0.8,-0.8,-0.2,-0.6
7.904e-01,-4,2,-1,1,0.8,1.6,0.2,0.6
7.906e-01,-2,-6,-1,-3,0.8,-7.15256e-08,0.2,-0.6
7.908e-01,-2,2,-3,1,0.8,1.6,0.2,0.6
7.910e-01,-2,-6,-1,-3,0.8,-0.8,-0.2,-0.6
7.912e-01,-4,2,-1,1,0.8,1.6,0.2,0.6
7.914e-01,-2,-6,-3,-3,0.8,-7.15256e-08,0.2,-0.6
7.916e-01,-4,2,-1,1,0.8,1.6,0.2,0.6
7.918e-01,-2,-6,-1,-3,0.8,-7.15256e-08,0.2,-0.6
7.920e-01,-2,2,-1,1,0.8,1.6,-0.2,0.6
7.922e-01,-2,-6,-1,-5,0.8,-0.8,-0.2,-0.6
7.924e-01,-2,2,-1,1,0.8,1.6,0.2,0.6
7.925e-01,-2,-6,-1,-3,0.8,-0.8,0.2,-0.6
7.927e-01,-2,2,-3,1,0.8,1.6,0.2,0.6
7.929e-01,-2,-6,-1,-3,0.8,-0.8,0.2,-0.6
7.931e-01,-2,2,-1,1,-7.15256e-08,1.6,0.2,0.6
7.933e-01,-2,-6,-1,-3,0.8,-7.15256e-08,0.2,-0.6
7.935e-01,-2,2,-1,1,0.8,1.6,0.2,0.6
7.937e-01,-4,-6,-1,-3,0.8,-0.8,0.2,-0.6
7.939e-01,-2,2,-1,1,0.8,1.6,0.2,0.6
7.941e-01,-2,-6,-1,-5,0.8,-0.8,0.2,-0.6
7.943e-01,-4,2,-1,1,0.8,1.6,0.2,0.6
7.945e-01,-2,-6,-1,-3,0.8,-0.8,0.2,-0.6
7.947e-01,-2,2,-1,1,0.8,1.6,0.2,0.6
7.948e-01,-2,-6,-1,-5,-7.15256e-08,-0.8,0.2,-0.6
7.950e-01,-4,2,-1,1,0.8,1.6,0.2,0.6
7.952e-01,-4,-6,-1,-3,0.8,-0.8,0.2,-0.6
7.954e-01,-2,2,-1,1,0.8,1.6,0.2,0.6
7.956e-01,-4,-6,-1,-3,0.8,-7.15256e-08,0.2,-0.6

