Model,DPO2014B
Firmware Version,1.52

Point Format,Y,,,,,,,
Horizontal Units,S,,,,,,,
Horizontal Scale,0.04,,,,,,,
Sample Interval,7.68049e-05,,,,,,,
Filter Frequency,1e+08,,,,,,,
Record Length,5207,,,,,,,
Gating,0.0% to 100.0%,,0.0% to 100.0%,,0.0% to 100.0%,,0.0% to 100.0%,
Probe Attenuation,100,,50,,10,,10,
Vertical Units,V,,V,,A,,A,
Vertical Offset,0,,0,,0,,0,
Vertical Scale,50,,50,,20,,10,
Label,,,,,,,,
TIME,CH1,CH1 Peak Detect,CH2,CH2 Peak Detect,CH3,CH3 Peak Detect,CH4,CH4 Peak Detect
-8.6000e-02,-2,-6,-63,-65,-1.6,-3.2,-3,-3.4
-8.5923e-02,-2,2,-61,-57,-2.4,-0.8,-3,-2.6
-8.5846e-02,-4,-6,-59,-63,-2.4,-3.2,-3,-3.4
-8.5770e-02,-2,2,-59,-55,-2.4,-0.8,-3,-2.2
-8.5693e-02,-4,-6,-57,-59,-1.6,-3.2,-3,-3.4
-8.5616e-02,-2,-1.3411e-07,-55,-51,-1.6,-0.8,-3,-2.2
-8.5539e-02,-2,-6,-55,-55,-2.4,-3.2,-3,-3.4
-8.5462e-02,-2,-1.3411e-07,-53,-47,-1.6,-0.8,-2.6,-2.2
-8.5386e-02,-2,-8,-49,-51,-1.6,-3.2,-2.6,-3.4
-8.5309e-02,-2,2,-47,-43,-1.6,-0.8,-2.6,-2.2
-8.5232e-02,-4,-6,-45,-47,-1.6,-2.4,-2.6,-3
-8.5155e-02,-4,2,-41,-39,-1.6,-0.8,-2.6,-2.2
-8.5078e-02,-2,-6,-39,-41,-1.6,-2.4,-2.6,-3
-8.5002e-02,-2,2,-39,-33,-0.8,-0.8,-2.6,-1.8
-8.4925e-02,-2,-6,-35,-37,-0.8,-2.4,-2.6,-2.6
-8.4848e-02,-4,2,-33,-29,-1.6,-7.15256e-08,-2.2,-1.8
-8.4771e-02,-4,-6,-31,-33,-1.6,-2.4,-2.2,-2.6
-8.4694e-02,-2,2,-29,-25,-0.8,-7.15256e-08,-2.2,-1.8
-8.4618e-02,-2,-6,-27,-29,-0.8,-2.4,-1.8,-2.6
-8.4541e-02,-4,2,-25,-19,-0.8,-7.15256e-08,-2.2,-1.4
-8.4464e-02,-4,-6,-21,-23,-0.8,-2.4,-2.2,-2.6
-8.4387e-02,-4,2,-21,-15,-0.8,-7.15256e-08,-1.8,-1.4
-8.4310e-02,-4,-6,-17,-19,-0.8,-1.6,-1.8,-2.2
-8.4233e-02,-2,2,-17,-11,-0.8,-7.15256e-08,-1.4,-1.4
-8.4157e-02,-2,-6,-13,-15,-0.8,-1.6,-1.4,-2.2
-8.4080e-02,-4,2,-11,-7,-0.8,-7.15256e-08,-1.4,-1
-8.4003e-02,-4,-6,-9,-11,-0.8,-1.6,-1.4,-1.8
-8.3926e-02,-2,2,-7,-3,-1.6,0.8,-1.4,-1
-8.3849e-02,-4,-6,-5,-7,-0.8,-1.6,-1.4,-1.8
-8.3773e-02,-2,-1.3411e-07,-3,1,-7.15256e-08,0.8,-1.4,-1
-8.3696e-02,-2,-6,-1,-3,-0.8,-1.6,-1.4,-1.8
-8.3619e-02,-4,2,1,5,-0.8,0.8,-1,-0.6
-8.3542e-02,-4,-6,3,1,-7.15256e-08,-1.6,-1.4,-1.8
-8.3465e-02,-2,2,5,9,-7.15256e-08,0.8,-1,-0.6
-8.3389e-02,-4,-6,5,5,-7.15256e-08,-0.8,-1,-1.4
-8.3312e-02,-4,2,7,11,-7.15256e-08,0.8,-1,-0.2
-8.3235e-02,-4,-6,9,7,-7.15256e-08,-0.8,-1,-1.4
-8.3158e-02,-4,2,11,15,-7.15256e-08,0.8,-1,-0.2
-8.3081e-02,-4,-6,13,11,-7.15256e-08,-0.8,-0.6,-1
-8.3005e-02,-2,2,15,19,-7.15256e-08,0.8,-0.6,-0.2
-8.2928e-02,-4,-6,17,15,-7.15256e-08,-0.8,-0.6,-1
-8.2851e-02,-2,2,19,23,0.8,1.6,-0.6,-0.2
-8.2774e-02,-4,-6,21,19,-7.15256e-08,-0.8,-0.2,-1
-8.2697e-02,-2,2,23,27,-7.15256e-08,1.6,-0.2,0.2
-8.2621e-02,-4,-6,25,23,-7.15256e-08,-0.8,-0.2,-1
-8.2544e-02,-4,2,27,31,0.8,1.6,-0.2,0.2
-8.2467e-02,-4,-6,29,27,0.8,-7.15256e-08,-0.2,-0.6
-8.2390e-02,-4,2,31,35,-7.15256e-08,1.6,-0.2,0.6
-8.2313e-02,-2,-6,33,31,0.8,-7.15256e-08,0.2,-0.6
-8.2237e-02,-2,2,35,39,0.8,1.6,0.2,0.6
-8.2160e-02,-2,-6,35,35,0.8,-7.15256e-08,0.2,-0.2
-8.2083e-02,-2,2,39,43,0.8,2.4,0.6,1
-8.2006e-02,-4,-8,41,39,0.8,-7.15256e-08,0.2,-0.2
-8.1929e-02,-4,2,43,47,1.6,2.4,0.6,1
-8.1853e-02,-2,-6,45,43,0.8,-7.15256e-08,0.6,0.2
-8.1776e-02,-2,2,47,51,1.6,2.4,0.6,1
-8.1699e-02,-4,-6,49,47,1.6,0.8,0.6,0.2
-8.1622e-02,-4,2,51,55,1.6,2.4,1,1.4
-8.1545e-02,-4,-6,51,51,1.6,0.8,1,0.6
-8.1469e-02,-2,2,53,57,1.6,2.4,1,1.4
-8.1392e-02,-4,-6,55,53,1.6,0.8,1,0.6
-8.1315e-02,-2,2,57,61,1.6,3.2,1,1.8
-8.1238e-02,-2,-6,61,57,2.4,0.8,1.4,0.6
-8.1161e-02,-2,2,61,65,1.6,3.2,1.4,1.8
-8.1084e-02,-4,-6,63,61,2.4,0.8,1.4,1
-8.1008e-02,-2,2,65,67,2.4,3.2,1.4,1.8
-8.0931e-02,-4,-6,67,63,1.6,0.8,1.4,1
-8.0854e-02,-1.3411e-07,2,67,71,2.4,3.2,1.4,2.2
-8.0777e-02,-4,-6,69,67,2.4,1.6,1.8,1.4
-8.0700e-02,-2,2,69,73,2.4,3.2,1.8,2.2
-8.0624e-02,-4,-6,71,69,2.4,1.6,1.8,1.4
-8.0547e-02,-4,2,71,75,2.4,4,1.8,2.2
-8.0470e-02,-2,-6,73,71,2.4,1.6,1.8,1.4
-8.0393e-02,-2,2,75,79,3.2,4,2.2,2.6
-8.0316e-02,-4,-6,77,73,3.2,1.6,2.2,1.4
-8.0240e-02,-2,2,77,79,3.2,4,2.2,2.6
-8.0163e-02,-4,-6,79,75,3.2,1.6,2.2,1.8
-8.0086e-02,-4,2,79,81,3.2,4,2.2,2.6
-8.0009e-02,-4,-6,79,77,3.2,1.6,2.2,1.8
-7.9932e-02,-2,2,81,83,3.2,4,2.2,3
-7.9856e-02,-4,-6,81,79,3.2,2.4,2.2,1.8
-7.9779e-02,-2,2,81,85,3.2,4,2.6,3
-7.9702e-02,-2,-6,83,81,3.2,2.4,2.6,2.2
-7.9625e-02,-1.3411e-07,2,83,87,3.2,4,2.6,3
-7.9548e-02,-1.3411e-07,-6,85,83,3.2,2.4,2.6,2.2
-7.9472e-02,-2,2,85,89,3.2,4,2.6,3.4
-7.9395e-02,-2,-6,85,83,3.2,2.4,2.6,2.2
-7.9318e-02,-4,2,87,89,3.2,4.8,3,3.4
-7.9241e-02,-2,-6,87,85,3.2,2.4,3,2.6
-7.9164e-02,-2,2,89,91,4,4.8,3,3.4
-7.9088e-02,-4,-6,87,85,3.2,2.4,3,2.6
-7.9011e-02,-2,2,89,91,4,4.8,2.6,3.4
-7.8934e-02,-2,-6,89,87,4,2.4,3,2.6
-7.8857e-02,-2,2,89,91,4,4.8,3,3.4
-7.8780e-02,-2,-6,89,87,3.2,2.4,3,2.6
-7.8704e-02,-2,2,89,91,4,4.8,3,3.8
-7.8627e-02,-2,-6,89,85,4,2.4,3,2.6
-7.8550e-02,-4,2,89,91,4,4.8,3,3.8
-7.8473e-02,-2,-6,89,85,4,2.4,3,2.6
-7.8396e-02,-4,2,89,91,4,4.8,3,3.8
-7.8320e-02,-4,-6,87,85,4,2.4,3,2.6
-7.8243e-02,-2,2,87,89,4,4.8,3,3.8
-7.8166e-02,-4,-6,87,83,4,2.4,3.4,2.6
-7.8089e-02,-2,2,85,89,4,4.8,3.4,3.8
-7.8012e-02,-2,-6,85,81,4,2.4,3.4,2.6
-7.7935e-02,-2,2,83,87,4,4.8,3.4,3.8
-7.7859e-02,-4,-6,85,81,4,3.2,3.4,3
-7.7782e-02,-2,2,85,87,4,4.8,3.4,3.8
-7.7705e-02,-4,-6,83,79,4,3.2,3.4,2.6
-7.7628e-02,-2,2,81,85,4,4.8,3.4,3.8
-7.7551e-02,-2,-6,81,77,4,2.4,3.4,3
-7.7475e-02,-2,2,81,83,4,4.8,3.4,3.8
-7.7398e-02,-2,-6,79,75,4,2.4,3.4,3
-7.7321e-02,-2,2,79,81,4,4.8,3.4,3.8
-7.7244e-02,-2,-6,77,73,4,2.4,3.4,3
-7.7167e-02,-4,2,77,79,4,4.8,3.4,3.8
-7.7091e-02,-4,-6,75,71,4,2.4,3,3
-7.7014e-02,-2,2,73,77,4,4.8,3.4,3.8
-7.6937e-02,-2,-6,73,69,4,2.4,3.4,3
-7.6860e-02,-2,2,73,75,4,4.8,3.4,3.8
-7.6783e-02,-2,-6,71,67,4,2.4,3.4,3
-7.6707e-02,-4,2,71,73,4,4.8,3,3.8
-7.6630e-02,-2,-6,69,65,4,2.4,3.4,2.6
-7.6553e-02,-2,2,67,71,3.2,4.8,3.4,3.8
-7.6476e-02,-2,-6,67,63,3.2,2.4,3.4,2.6
-7.6399e-02,-4,2,67,69,4,4.8,3.4,3.8
-7.6323e-02,-2,-6,65,61,4,2.4,3,2.6
-7.6246e-02,-1.3411e-07,2,65,67,4,4.8,3,3.8
-7.6169e-02,-2,-6,63,57,4,2.4,3,2.6
-7.6092e-02,-4,2,61,65,4,4.8,3,3.8
-7.6015e-02,-2,-6,61,55,4,2.4,3,2.6
-7.5939e-02,-2,2,59,61,4,4.8,3,3.8
-7.5862e-02,-2,-6,57,51,4,2.4,3,2.6
-7.5785e-02,-4,2,55,59,3.2,4.8,3,3.4
-7.5708e-02,-2,-6,55,47,4,2.4,3,2.6
-7.5631e-02,-2,2,51,55,3.2,4.8,3,3.4
-7.5555e-02,-4,-6,49,43,3.2,2.4,3,2.2
-7.5478e-02,-2,2,49,51,3.2,4,3,3.4
-7.5401e-02,-2,-6,45,39,3.2,2.4,3,2.2
-7.5324e-02,-2,2,45,47,3.2,4,3,3.4
-7.5247e-02,-2,-6,43,35,3.2,2.4,3,2.2
-7.5171e-02,-4,2,41,43,3.2,4,2.6,3.4
-7.5094e-02,-2,-6,37,31,3.2,1.6,2.6,2.2
-7.5017e-02,-4,2,35,39,3.2,4,2.6,3
-7.4940e-02,-2,-6,33,27,3.2,1.6,2.6,1.8
-7.4863e-02,-2,2,31,35,2.4,4,2.6,3
-7.4786e-02,-4,-6,27,21,2.4,1.6,2.2,1.8
-7.4710e-02,-4,2,25,31,3.2,4,2.6,3
-7.4633e-02,-2,-8,23,17,3.2,1.6,2.2,1.8
-7.4556e-02,-2,2,21,25,2.4,4,2.2,2.6
-7.4479e-02,-4,-6,19,13,2.4,1.6,2.2,1.4
-7.4402e-02,-4,2,17,21,2.4,4,1.8,2.6
-7.4326e-02,-2,-6,15,9,2.4,1.6,2.2,1.4
-7.4249e-02,-2,2,13,17,2.4,4,1.8,2.2
-7.4172e-02,-4,-6,11,5,2.4,0.8,1.8,1.4
-7.4095e-02,-2,2,9,13,1.6,3.2,1.8,2.2
-7.4018e-02,-2,-6,7,1,2.4,0.8,1.8,1
-7.3942e-02,-2,2,3,9,2.4,3.2,1.8,2.2
-7.3865e-02,-2,-6,3,-3,2.4,0.8,1.8,1
-7.3788e-02,-4,2,1,5,1.6,3.2,1.4,1.8
-7.3711e-02,-2,-6,-3,-7,2.4,0.8,1.4,1
-7.3634e-02,-2,2,-5,1,1.6,3.2,1.4,1.8
-7.3558e-02,-4,-6,-5,-11,1.6,0.8,1.4,0.6
-7.3481e-02,-4,2,-7,-3,1.6,2.4,1,1.8
-7.3404e-02,-4,-6,-9,-13,1.6,0.8,1.4,0.6
-7.3327e-02,-4,2,-11,-7,1.6,2.4,1.4,1.8
-7.3250e-02,-4,-6,-13,-17,1.6,-7.15256e-08,1,0.6
-7.3174e-02,-2,2,-13,-11,1.6,2.4,1,1.4
-7.3097e-02,-2,-6,-15,-21,1.6,-7.15256e-08,0.6,0.2
-7.3020e-02,-4,2,-17,-15,1.6,2.4,1,1.4
-7.2943e-02,-2,-6,-19,-25,0.8,-7.15256e-08,0.6,0.2
-7.2866e-02,-4,2,-23,-17,0.8,2.4,0.6,1.4
-7.2790e-02,-2,-6,-25,-29,1.6,-7.15256e-08,0.6,0.2
-7.2713e-02,-2,2,-27,-21,0.8,2.4,0.6,1
-7.2636e-02,-2,-6,-27,-33,0.8,-7.15256e-08,0.6,-0.2
-7.2559e-02,-2,2,-29,-25,0.8,1.6,0.2,1
-7.2482e-02,-1.3411e-07,-6,-31,-39,0.8,-7.15256e-08,0.2,-0.2
-7.2406e-02,-2,2,-35,-29,0.8,1.6,0.2,0.6
-7.2329e-02,-2,-6,-35,-43,-7.15256e-08,-0.8,0.2,-0.6
-7.2252e-02,-2,2,-39,-33,0.8,1.6,-0.2,0.6
-7.2175e-02,-2,-6,-41,-47,0.8,-0.8,-0.2,-0.6
-7.2098e-02,-4,2,-43,-39,0.8,1.6,-0.2,0.6
-7.2022e-02,-4,-6,-43,-51,-7.15256e-08,-0.8,-0.2,-1
-7.1945e-02,-2,2,-45,-41,0.8,1.6,-0.2,0.2
-7.1868e-02,-2,-6,-49,-55,-7.15256e-08,-0.8,-0.6,-1
-7.1791e-02,-2,2,-49,-47,-7.15256e-08,0.8,-0.6,0.2
-7.1714e-02,-2,-8,-53,-57,-7.15256e-08,-0.8,-0.6,-1
-7.1637e-02,-4,2,-55,-49,-7.15256e-08,0.8,-0.6,-0.2
-7.1561e-02,-4,-6,-57,-61,-7.15256e-08,-1.6,-0.6,-1.4
-7.1484e-02,-2,2,-57,-53,-7.15256e-08,0.8,-1,-0.2
-7.1407e-02,-2,-6,-59,-65,-7.15256e-08,-1.6,-0.6,-1.4
-7.1330e-02,-4,2,-61,-57,-0.8,0.8,-1,-0.2
-7.1253e-02,-1.3411e-07,-6,-63,-69,-0.8,-1.6,-1,-1.8
-7.1177e-02,-4,2,-65,-61,-0.8,0.8,-1,-0.6
-7.1100e-02,-4,-6,-67,-71,-0.8,-1.6,-1,-1.8
-7.1023e-02,-2,2,-67,-65,-0.8,-7.15256e-08,-1,-0.6
-7.0946e-02,-4,-6,-69,-73,-0.8,-1.6,-1.4,-2.2
-7.0869e-02,-2,2,-73,-67,-0.8,-7.15256e-08,-1.4,-1
-7.0793e-02,-2,-6,-73,-77,-0.8,-2.4,-1.4,-2.2
-7.0716e-02,-2,2,-73,-69,-0.8,-7.15256e-08,-1.4,-1
-7.0639e-02,-2,-6,-75,-79,-0.8,-2.4,-1.8,-2.2
-7.0562e-02,-4,2,-77,-73,-0.8,-7.15256e-08,-1.8,-1.4
-7.0485e-02,-2,-6,-77,-81,-0.8,-2.4,-1.8,-2.6
-7.0409e-02,-2,2,-79,-75,-0.8,-7.15256e-08,-1.8,-1
-7.0332e-02,-4,-6,-81,-83,-0.8,-2.4,-1.8,-2.6
-7.0255e-02,-4,2,-79,-77,-1.6,-7.15256e-08,-2.2,-1.4
-7.0178e-02,-4,-6,-81,-85,-1.6,-2.4,-2.2,-2.6
-7.0101e-02,-2,2,-83,-79,-1.6,-7.15256e-08,-2.2,-1.4
-7.0025e-02,-4,-6,-83,-87,-1.6,-2.4,-1.8,-3
-6.9948e-02,-4,2,-85,-81,-1.6,-0.8,-2.2,-1.8
-6.9871e-02,-4,-8,-85,-89,-1.6,-3.2,-2.6,-3
-6.9794e-02,-4,2,-85,-83,-1.6,-0.8,-2.2,-1.8
-6.9717e-02,-4,-6,-85,-89,-1.6,-2.4,-2.2,-3
-6.9641e-02,-2,2,-87,-83,-1.6,-0.8,-2.6,-1.8
-6.9564e-02,-4,-6,-87,-91,-1.6,-3.2,-2.6,-3
-6.9487e-02,-4,2,-89,-85,-2.4,-0.8,-2.6,-2.2
-6.9410e-02,-6,-6,-89,-93,-1.6,-3.2,-2.6,-3
-6.9333e-02,-4,2,-91,-87,-1.6,-0.8,-2.6,-2.2
-6.9257e-02,-4,-6,-89,-93,-1.6,-3.2,-2.6,-3.4
-6.9180e-02,-2,2,-91,-87,-2.4,-0.8,-2.6,-2.2
-6.9103e-02,-2,-6,-91,-93,-1.6,-3.2,-2.6,-3.4
-6.9026e-02,-1.3411e-07,2,-91,-89,-2.4,-0.8,-2.6,-2.2
-6.8949e-02,-2,-6,-91,-95,-2.4,-3.2,-3,-3.4
-6.8873e-02,-2,2,-93,-89,-1.6,-0.8,-3,-2.6
-6.8796e-02,-4,-6,-93,-95,-2.4,-3.2,-3,-3.4
-6.8719e-02,-2,2,-93,-89,-2.4,-0.8,-3,-2.6
-6.8642e-02,-2,-6,-91,-95,-2.4,-3.2,-3,-3.4
-6.8565e-02,-2,2,-91,-89,-1.6,-1.6,-3,-2.6
-6.8488e-02,-4,-6,-93,-93,-2.4,-3.2,-3,-3.8
-6.8412e-02,-4,2,-91,-87,-1.6,-1.6,-3.4,-2.6
-6.8335e-02,-4,-6,-91,-93,-2.4,-3.2,-3,-3.8
-6.8258e-02,-4,2,-91,-87,-2.4,-1.6,-3,-2.6
-6.8181e-02,-2,-6,-91,-91,-2.4,-3.2,-3.4,-3.8
-6.8104e-02,-2,2,-89,-85,-2.4,-1.6,-3,-2.6
-6.8028e-02,-2,-6,-89,-91,-2.4,-3.2,-3,-3.8
-6.7951e-02,-2,2,-87,-85,-2.4,-1.6,-3,-2.6
-6.7874e-02,-2,-6,-87,-89,-2.4,-3.2,-3.4,-3.8
-6.7797e-02,-2,2,-87,-83,-2.4,-1.6,-3.4,-2.6
-6.7720e-02,-2,-8,-87,-89,-2.4,-3.2,-3.4,-3.8
-6.7644e-02,-2,2,-85,-83,-1.6,-1.6,-3.4,-2.6
-6.7567e-02,-4,-6,-85,-87,-2.4,-3.2,-3.4,-3.8
-6.7490e-02,-4,2,-85,-81,-2.4,-1.6,-3.4,-2.6
-6.7413e-02,-2,-6,-83,-85,-2.4,-3.2,-3.4,-3.8
-6.7336e-02,-4,2,-81,-79,-2.4,-1.6,-3.4,-2.6
-6.7260e-02,-4,-6,-81,-83,-2.4,-4,-3.4,-3.8
-6.7183e-02,-4,2,-79,-77,-1.6,-0.8,-3.4,-2.6
-6.7106e-02,-2,-6,-79,-81,-2.4,-3.2,-3.4,-3.8
-6.7029e-02,-2,2,-77,-75,-2.4,-1.6,-3,-2.6
-6.6952e-02,-2,-8,-77,-79,-2.4,-3.2,-3.4,-3.8
-6.6876e-02,-4,2,-77,-73,-2.4,-1.6,-3,-2.6
-6.6799e-02,-2,-6,-75,-77,-2.4,-3.2,-3.4,-3.8
-6.6722e-02,-2,2,-75,-71,-1.6,-1.6,-3,-2.6
-6.6645e-02,-2,-6,-73,-75,-1.6,-3.2,-3,-3.8
-6.6568e-02,-2,2,-73,-69,-2.4,-1.6,-3,-2.6
-6.6492e-02,-4,-6,-71,-73,-2.4,-3.2,-3,-3.8
-6.6415e-02,-2,2,-71,-67,-2.4,-1.6,-3,-2.6
-6.6338e-02,-2,-6,-71,-71,-2.4,-3.2,-3.4,-3.8
-6.6261e-02,-4,2,-67,-65,-2.4,-0.8,-3.4,-2.6
-6.6184e-02,-4,-6,-67,-69,-2.4,-3.2,-3,-3.8
-6.6108e-02,-4,2,-65,-61,-1.6,-0.8,-3,-2.6
-6.6031e-02,-2,-6,-63,-65,-2.4,-3.2,-3,-3.4
-6.5954e-02,-4,2,-63,-59,-1.6,-0.8,-3,-2.6
-6.5877e-02,-2,-6,-61,-63,-1.6,-3.2,-3,-3.4
-6.5800e-02,-2,2,-59,-55,-1.6,-0.8,-3,-2.6
-6.5724e-02,-4,-6,-57,-61,-1.6,-3.2,-3,-3.4
-6.5647e-02,-4,2,-57,-51,-2.4,-0.8,-3,-2.6
-6.5570e-02,-4,-6,-55,-57,-2.4,-3.2,-2.6,-3.4
-6.5493e-02,-4,2,-53,-47,-2.4,-0.8,-2.6,-2.2
-6.5416e-02,-4,-6,-51,-53,-2.4,-3.2,-3,-3
-6.5339e-02,-2,2,-49,-43,-1.6,-0.8,-2.6,-2.2
-6.5263e-02,-4,-6,-45,-47,-1.6,-2.4,-2.6,-3
-6.5186e-02,-4,2,-43,-39,-1.6,-0.8,-2.6,-2.2
-6.5109e-02,-2,-6,-41,-43,-1.6,-2.4,-2.6,-3
-6.5032e-02,-2,2,-39,-35,-1.6,-0.8,-2.6,-1.8
-6.4955e-02,-2,-6,-37,-39,-1.6,-2.4,-2.2,-3
-6.4879e-02,-4,2,-35,-29,-0.8,-0.8,-2.2,-1.8
-6.4802e-02,-2,-6,-31,-35,-1.6,-2.4,-2.2,-2.6
-6.4725e-02,-2,2,-29,-25,-1.6,-7.15256e-08,-2.2,-1.8
-6.4648e-02,-2,-6,-27,-29,-0.8,-2.4,-2.2,-2.6
-6.4571e-02,-2,2,-25,-21,-1.6,-7.15256e-08,-2.2,-1.4
-6.4495e-02,-2,-6,-23,-25,-0.8,-2.4,-2.2,-2.6
-6.4418e-02,-4,2,-21,-17,-0.8,-7.15256e-08,-1.8,-1.4
-6.4341e-02,-4,-6,-19,-21,-0.8,-2.4,-1.8,-2.2
-6.4264e-02,-4,2,-17,-13,-0.8,-7.15256e-08,-1.8,-1.4
-6.4187e-02,-2,-6,-13,-17,-0.8,-2.4,-1.8,-2.2
-6.4111e-02,-2,2,-11,-9,-0.8,-7.15256e-08,-1.8,-1
-6.4034e-02,-2,-6,-11,-13,-0.8,-1.6,-1.4,-2.2
-6.3957e-02,-4,2,-9,-5,-0.8,-7.15256e-08,-1.4,-1
-6.3880e-02,-2,-6,-7,-7,-0.8,-1.6,-1.4,-1.8
-6.3803e-02,-2,2,-5,1,-0.8,0.8,-1.8,-1
-6.3727e-02,-4,-6,-3,-3,-0.8,-1.6,-1,-1.8
-6.3650e-02,-1.3411e-07,2,-1,5,-7.15256e-08,0.8,-1.4,-0.6
-6.3573e-02,-2,-6,1,-1,-0.8,-1.6,-1,-1.8
-6.3496e-02,-2,2,3,7,-7.15256e-08,0.8,-1,-0.6
-6.3419e-02,-2,-6,5,3,-7.15256e-08,-0.8,-1,-1.4
-6.3343e-02,-2,2,7,11,-7.15256e-08,0.8,-1,-0.6
-6.3266e-02,-4,-8,9,7,-0.8,-0.8,-1,-1.4
-6.3189e-02,-2,2,9,15,-7.15256e-08,0.8,-0.6,-0.2
-6.3112e-02,-2,-6,13,11,-7.15256e-08,-0.8,-0.6,-1.4
-6.3035e-02,-4,2,13,19,-7.15256e-08,0.8,-0.6,-0.2
-6.2959e-02,-4,-6,17,15,-7.15256e-08,-0.8,-0.6,-1
-6.2882e-02,-2,2,17,21,-7.15256e-08,1.6,-0.2,-0.2
-6.2805e-02,-2,-6,19,17,-7.15256e-08,-0.8,-0.2,-1
-6.2728e-02,-2,2,23,25,0.8,1.6,-0.2,0.2
-6.2651e-02,-4,-6,25,21,-7.15256e-08,-0.8,-0.2,-1
-6.2575e-02,-4,2,25,29,0.8,1.6,-0.2,0.2
-6.2498e-02,-2,-6,27,25,0.8,-0.8,-0.2,-0.6
-6.2421e-02,-2,2,31,35,0.8,1.6,-0.2,0.6
-6.2344e-02,-2,-6,33,31,0.8,-7.15256e-08,0.2,-0.6
-6.2267e-02,-2,2,35,39,0.8,1.6,-0.2,0.6
-6.2190e-02,-2,-6,37,35,0.8,-7.15256e-08,0.2,-0.2
-6.2114e-02,-2,2,37,43,1.6,1.6,0.2,1
-6.2037e-02,-4,-6,41,39,1.6,-7.15256e-08,0.2,-0.2
-6.1960e-02,-2,2,41,47,1.6,2.4,0.2,1
-6.1883e-02,-2,-6,45,43,1.6,-7.15256e-08,0.6,0.2
-6.1806e-02,-2,-1.3411e-07,45,49,1.6,2.4,0.6,1
-6.1730e-02,-2,-6,47,47,1.6,0.8,0.6,0.2
-6.1653e-02,-2,2,49,53,1.6,2.4,0.6,1.4
-6.1576e-02,-2,-6,51,49,1.6,0.8,1,0.6
-6.1499e-02,-4,2,55,57,1.6,3.2,1,1.4
-6.1422e-02,-4,-6,55,53,2.4,0.8,1,0.6
-6.1346e-02,-2,2,57,61,1.6,3.2,1,1.8
-6.1269e-02,-2,-6,57,57,1.6,0.8,1.4,0.6
-6.1192e-02,-4,2,59,65,1.6,3.2,1.4,1.8
-6.1115e-02,-4,-6,61,59,2.4,0.8,1.4,1
-6.1038e-02,-2,2,63,67,2.4,3.2,1.4,1.8
-6.0962e-02,-2,-6,65,63,2.4,1.6,1.4,1
-6.0885e-02,-4,2,67,71,2.4,3.2,1.8,2.2
-6.0808e-02,-2,-6,69,65,2.4,1.6,1.8,1.4
-6.0731e-02,-2,2,69,73,2.4,3.2,1.4,2.2
-6.0654e-02,-4,-6,71,69,2.4,1.6,1.8,1.4
-6.0578e-02,-4,2,71,75,2.4,4,1.8,2.2
-6.0501e-02,-4,-6,73,71,2.4,1.6,1.8,1.4
-6.0424e-02,-4,2,73,77,3.2,4,1.8,2.6
-6.0347e-02,-2,-6,77,73,3.2,1.6,2.2,1.8
-6.0270e-02,-2,2,77,81,3.2,4,2.2,2.6
-6.0194e-02,-4,-6,79,75,3.2,1.6,2.2,1.8
-6.0117e-02,-4,2,79,81,3.2,4,2.2,2.6
-6.0040e-02,-2,-6,79,77,3.2,1.6,2.2,1.8
-5.9963e-02,-2,2,81,83,3.2,4,2.6,3
-5.9886e-02,-2,-6,81,79,3.2,2.4,2.6,1.8
-5.9810e-02,-2,2,81,85,3.2,4,2.6,3
-5.9733e-02,-2,-6,83,81,3.2,2.4,2.6,2.2
-5.9656e-02,-2,2,83,87,3.2,4,2.6,3
-5.9579e-02,-2,-6,83,81,3.2,2.4,2.6,2.2
-5.9502e-02,-4,2,85,87,3.2,4,2.6,3.4
-5.9425e-02,-2,-6,85,83,3.2,2.4,2.6,2.2
-5.9349e-02,-2,2,85,89,3.2,4.8,3,3.4
-5.9272e-02,-2,-6,87,85,3.2,2.4,2.6,2.2
-5.9195e-02,-2,2,87,89,4,4.8,3,3.4
-5.9118e-02,-2,-6,87,85,4,2.4,3,2.6
-5.9041e-02,-2,2,87,91,3.2,4.8,2.6,3.4
-5.8965e-02,-2,-6,87,87,4,2.4,3,2.6
-5.8888e-02,-4,2,89,91,4,4.8,3,3.4
-5.8811e-02,-2,-6,89,85,4,2.4,3,2.6
-5.8734e-02,-2,2,89,91,4,4.8,3,3.8
-5.8657e-02,-1.3411e-07,-6,89,85,4,2.4,3.4,2.6
-5.8581e-02,-2,2,89,91,4,4.8,3,3.8
-5.8504e-02,-4,-6,89,85,4,2.4,3,2.6
-5.8427e-02,-4,2,87,91,4,4.8,3,3.8
-5.8350e-02,-2,-6,87,85,4,2.4,3,2.6
-5.8273e-02,-2,2,87,89,4,4.8,3.4,3.8
-5.8197e-02,-2,-6,87,83,4,2.4,3.4,3
-5.8120e-02,-4,2,87,89,4,4.8,3.4,3.8
-5.8043e-02,-2,-6,85,81,4,2.4,3.4,2.6
-5.7966e-02,-4,2,85,87,4,4.8,3,3.8
-5.7889e-02,-4,-6,83,81,4,2.4,3.4,3
-5.7813e-02,-4,2,83,87,4,4.8,3.4,3.8
-5.7736e-02,-2,-6,83,79,4,2.4,3.4,2.6
-5.7659e-02,-4,2,83,85,4,4.8,3.4,3.8
-5.7582e-02,-2,-6,81,77,4,2.4,3.4,3
-5.7505e-02,-4,2,79,83,4,4.8,3.4,3.8
-5.7429e-02,-4,-6,79,75,4,2.4,3.4,2.6
-5.7352e-02,-4,2,79,81,4,4.8,3.4,3.8
-5.7275e-02,-2,-6,77,75,4,2.4,3.4,3
-5.7198e-02,-4,2,77,81,4,4.8,3.4,3.8
-5.7121e-02,-4,-6,75,71,4,2.4,3.4,3
-5.7045e-02,-4,2,75,77,4,4.8,3.4,3.8
-5.6968e-02,-4,-6,73,71,3.2,2.4,3.4,3
-5.6891e-02,-2,2,73,75,4,4.8,3.4,3.8
-5.6814e-02,-2,-6,73,69,4,2.4,3,2.6
-5.6737e-02,-2,2,71,75,4,4.8,3.4,3.8
-5.6661e-02,-2,-6,71,67,3.2,2.4,3.4,3
-5.6584e-02,-4,2,69,73,4,4.8,3.4,3.8
-5.6507e-02,-2,-6,69,63,4,2.4,3.4,3
-5.6430e-02,-4,2,67,71,4,4.8,3.4,3.8
-5.6353e-02,-2,-6,67,61,4,2.4,3,2.6
-5.6276e-02,-2,2,65,67,4,4.8,3.4,3.8
-5.6200e-02,-2,-6,65,59,4,2.4,3,2.6
-5.6123e-02,-2,2,63,65,4,4.8,3,3.8
-5.6046e-02,-4,-6,61,55,4,2.4,3.4,2.6
-5.5969e-02,-2,2,59,63,3.2,4.8,3.4,3.8
-5.5892e-02,-2,-6,57,53,3.2,2.4,3,2.6
-5.5816e-02,-2,2,57,59,3.2,4.8,3,3.4
-5.5739e-02,-2,-6,55,49,4,2.4,3,2.6
-5.5662e-02,-2,2,53,55,3.2,4.8,3,3.8
-5.5585e-02,-2,-6,51,45,3.2,2.4,3,2.2
-5.5508e-02,-2,2,49,53,4,4,3,3.4
-5.5432e-02,-4,-6,47,41,3.2,2.4,3,2.2
-5.5355e-02,-2,2,45,49,3.2,4,3,3.4
-5.5278e-02,-4,-6,43,37,3.2,2.4,2.6,2.2
-5.5201e-02,-2,2,41,45,3.2,4,2.6,3.4
-5.5124e-02,-2,-6,37,31,3.2,1.6,2.6,2.2
-5.5048e-02,-4,2,35,39,3.2,4,2.6,3
-5.4971e-02,-2,-6,35,27,2.4,1.6,2.6,1.8
-5.4894e-02,-2,2,33,35,3.2,4,2.6,3
-5.4817e-02,-2,-6,29,23,2.4,1.6,2.2,1.8
-5.4740e-02,-2,2,27,31,3.2,4,2.6,3
-5.4664e-02,-2,-8,25,19,3.2,1.6,2.2,1.8
-5.4587e-02,-2,2,23,27,3.2,4,2.6,3
-5.4510e-02,-2,-6,21,13,2.4,1.6,2.2,1.4
-5.4433e-02,-2,2,17,21,2.4,4,2.2,2.6
-5.4356e-02,-2,-6,15,9,2.4,1.6,1.8,1.4
-5.4280e-02,-2,-1.3411e-07,13,17,2.4,3.2,1.8,2.6
-5.4203e-02,-2,-6,11,5,2.4,1.6,1.8,1.4
-5.4126e-02,-4,2,9,13,2.4,3.2,1.8,2.2
-5.4049e-02,-2,-6,7,1,2.4,0.8,1.8,1.4
-5.3972e-02,-2,2,5,9,1.6,3.2,1.4,2.2
-5.3896e-02,-2,-6,3,-3,1.6,0.8,1.8,1
-5.3819e-02,-2,2,1,5,1.6,3.2,1.4,2.2
-5.3742e-02,-4,-6,1,-7,1.6,0.8,1.4,0.6
-5.3665e-02,-4,2,-3,1,2.4,3.2,1.4,1.8
-5.3588e-02,-2,-6,-5,-11,1.6,0.8,1.4,0.6
-5.3512e-02,-4,2,-7,-3,1.6,2.4,1,1.8
-5.3435e-02,-2,-6,-7,-13,1.6,0.8,1,0.6
-5.3358e-02,-2,2,-11,-5,1.6,2.4,1.4,1.8
-5.3281e-02,-2,-6,-11,-17,1.6,0.8,1,0.6
-5.3204e-02,-2,2,-13,-9,1.6,2.4,1,1.4
-5.3127e-02,-2,-6,-15,-21,0.8,-7.15256e-08,1,0.2
-5.3051e-02,-2,2,-17,-13,1.6,2.4,1,1.4
-5.2974e-02,-4,-6,-19,-25,0.8,-7.15256e-08,1,0.2
-5.2897e-02,-2,2,-21,-17,1.6,2.4,0.6,1.4
-5.2820e-02,-2,-6,-23,-29,1.6,-7.15256e-08,0.6,0.2
-5.2743e-02,-2,2,-25,-21,0.8,2.4,0.6,1
-5.2667e-02,-4,-6,-27,-33,0.8,-7.15256e-08,0.2,-0.2
-5.2590e-02,-2,2,-29,-25,0.8,1.6,0.6,1
-5.2513e-02,-2,-6,-31,-37,0.8,-7.15256e-08,0.6,-0.2
-5.2436e-02,-2,2,-33,-29,0.8,1.6,0.2,0.6
-5.2359e-02,-2,-6,-35,-41,0.8,-0.8,0.2,-0.6
-5.2283e-02,-2,2,-37,-33,0.8,1.6,0.2,0.6
-5.2206e-02,-4,-6,-39,-45,0.8,-0.8,-0.2,-0.6
-5.2129e-02,-4,2,-41,-37,0.8,1.6,-0.2,0.6
-5.2052e-02,-2,-6,-43,-49,0.8,-0.8,-0.2,-1
-5.1975e-02,-4,2,-45,-41,0.8,1.6,-0.2,0.2
-5.1899e-02,-2,-6,-49,-53,-7.15256e-08,-1.6,-0.2,-1
-5.1822e-02,-4,2,-49,-45,-7.15256e-08,0.8,-0.2,0.2
-5.1745e-02,-2,-6,-51,-57,-7.15256e-08,-0.8,-0.2,-1
-5.1668e-02,-2,2,-53,-49,-7.15256e-08,0.8,-0.6,-0.2
-5.1591e-02,-4,-6,-57,-61,-7.15256e-08,-1.6,-0.6,-1.4
-5.1515e-02,-2,2,-57,-53,-7.15256e-08,0.8,-0.6,-0.2
-5.1438e-02,-2,-6,-59,-63,-0.8,-1.6,-1,-1.4
-5.1361e-02,-2,2,-61,-57,-0.8,0.8,-1,-0.6
-5.1284e-02,-2,-6,-63,-67,-7.15256e-08,-1.6,-1,-1.8
-5.1207e-02,-2,2,-65,-59,-0.8,0.8,-1,-0.6
-5.1131e-02,-2,-6,-65,-71,-7.15256e-08,-1.6,-1.4,-1.8
-5.1054e-02,-2,2,-67,-63,-0.8,-7.15256e-08,-1.4,-0.6
-5.0977e-02,-2,-6,-69,-73,-0.8,-2.4,-1.4,-1.8
-5.0900e-02,-2,2,-71,-67,-0.8,-7.15256e-08,-1.4,-1
-5.0823e-02,-2,-6,-71,-75,-0.8,-2.4,-1.4,-2.2
-5.0747e-02,-2,2,-73,-69,-0.8,-7.15256e-08,-1.4,-1
-5.0670e-02,-2,-6,-75,-79,-1.6,-2.4,-1.4,-2.2
-5.0593e-02,-4,2,-75,-73,-1.6,-7.15256e-08,-1.8,-1
-5.0516e-02,-2,-6,-77,-81,-1.6,-2.4,-1.8,-2.2
-5.0439e-02,-4,2,-79,-75,-1.6,-7.15256e-08,-1.8,-1.4
-5.0363e-02,-6,-6,-79,-83,-0.8,-2.4,-1.8,-2.6
-5.0286e-02,-2,2,-81,-77,-0.8,-7.15256e-08,-1.8,-1.4
-5.0209e-02,-4,-6,-81,-85,-1.6,-2.4,-2.2,-2.6
-5.0132e-02,-4,2,-81,-79,-1.6,-7.15256e-08,-1.8,-1.4
-5.0055e-02,-2,-6,-83,-87,-1.6,-2.4,-2.2,-2.6
-4.9978e-02,-2,2,-83,-81,-1.6,-0.8,-2.2,-1.8
-4.9902e-02,-4,-6,-85,-87,-1.6,-2.4,-2.2,-3
-4.9825e-02,-2,2,-85,-81,-1.6,-0.8,-2.2,-1.8
-4.9748e-02,-2,-6,-85,-89,-1.6,-3.2,-2.2,-3
-4.9671e-02,-2,2,-87,-83,-1.6,-0.8,-2.2,-1.8
-4.9594e-02,-2,-6,-89,-91,-1.6,-3.2,-2.6,-3
-4.9518e-02,-4,2,-89,-85,-1.6,-0.8,-2.6,-2.2
-4.9441e-02,-4,-6,-89,-93,-1.6,-3.2,-2.6,-3.4
-4.9364e-02,-2,2,-89,-85,-1.6,-0.8,-2.6,-2.2
-4.9287e-02,-2,-6,-89,-93,-1.6,-3.2,-2.6,-3.4
-4.9210e-02,-2,2,-89,-87,-1.6,-0.8,-2.6,-2.2
-4.9134e-02,-4,-6,-91,-93,-2.4,-3.2,-2.6,-3.4
-4.9057e-02,-2,2,-91,-89,-1.6,-0.8,-2.6,-2.2
-4.8980e-02,-2,-6,-93,-95,-2.4,-3.2,-2.6,-3.4
-4.8903e-02,-2,2,-91,-89,-2.4,-0.8,-3,-2.6
-4.8826e-02,-2,-6,-93,-95,-1.6,-3.2,-3,-3.4
-4.8750e-02,-4,2,-93,-89,-2.4,-0.8,-3,-2.6
-4.8673e-02,-2,-6,-93,-95,-2.4,-3.2,-3,-3.8
-4.8596e-02,-4,2,-93,-89,-1.6,-0.8,-3,-2.6
-4.8519e-02,-2,-6,-91,-93,-2.4,-3.2,-3,-3.8
-4.8442e-02,-2,2,-93,-89,-1.6,-1.6,-3,-2.6
-4.8366e-02,-2,-6,-91,-93,-2.4,-3.2,-3,-3.8
-4.8289e-02,-4,2,-91,-87,-2.4,-0.8,-3,-2.6
-4.8212e-02,-2,-6,-91,-93,-2.4,-3.2,-3,-3.8
-4.8135e-02,-4,2,-89,-87,-2.4,-1.6,-3,-2.6
-4.8058e-02,-2,-6,-89,-91,-2.4,-3.2,-3.4,-3.8
-4.7982e-02,-2,-1.3411e-07,-87,-85,-2.4,-1.6,-3.4,-2.6
-4.7905e-02,-4,-8,-87,-89,-2.4,-3.2,-3,-3.8
-4.7828e-02,-4,2,-87,-85,-1.6,-1.6,-3,-2.6
-4.7751e-02,-2,-6,-87,-89,-2.4,-3.2,-3,-3.8
-4.7674e-02,-4,2,-87,-83,-2.4,-1.6,-3.4,-2.6
-4.7598e-02,-2,-6,-85,-87,-2.4,-3.2,-3.4,-3.8
-4.7521e-02,-2,2,-85,-81,-1.6,-1.6,-3,-2.6
-4.7444e-02,-2,-6,-83,-85,-2.4,-3.2,-3.4,-3.8
-4.7367e-02,-4,2,-83,-79,-1.6,-1.6,-3.4,-2.6
-4.7290e-02,-4,-6,-83,-83,-2.4,-3.2,-3.4,-3.8
-4.7214e-02,-4,2,-81,-77,-2.4,-1.6,-3.4,-2.6
-4.7137e-02,-4,-6,-79,-81,-2.4,-3.2,-3,-3.8
-4.7060e-02,-4,2,-79,-75,-2.4,-1.6,-3,-2.6
-4.6983e-02,-4,-6,-77,-79,-2.4,-3.2,-3,-3.8
-4.6906e-02,-2,2,-77,-73,-2.4,-1.6,-3,-2.6
-4.6829e-02,-4,-6,-75,-77,-2.4,-3.2,-3,-3.8
-4.6753e-02,-2,2,-75,-71,-2.4,-1.6,-3,-2.6
-4.6676e-02,-2,-6,-75,-77,-2.4,-3.2,-3.4,-3.8
-4.6599e-02,-2,2,-73,-69,-2.4,-1.6,-3,-2.6
-4.6522e-02,-4,-6,-73,-73,-2.4,-3.2,-3.4,-3.8
-4.6445e-02,-4,2,-71,-67,-2.4,-1.6,-3.4,-2.6
-4.6369e-02,-4,-6,-69,-71,-2.4,-3.2,-3,-3.8
-4.6292e-02,-2,2,-69,-65,-1.6,-1.6,-3.4,-2.6
-4.6215e-02,-4,-6,-67,-69,-2.4,-3.2,-3,-3.8
-4.6138e-02,-2,2,-67,-63,-2.4,-0.8,-3.4,-2.6
-4.6061e-02,-4,-6,-65,-67,-2.4,-3.2,-3,-3.4
-4.5985e-02,-2,2,-63,-59,-2.4,-0.8,-3,-2.6
-4.5908e-02,-4,-6,-61,-63,-1.6,-3.2,-3,-3.4
-4.5831e-02,-4,2,-61,-55,-2.4,-0.8,-3,-2.6
-4.5754e-02,-2,-8,-57,-61,-2.4,-3.2,-2.6,-3.4
-4.5677e-02,-2,2,-57,-53,-1.6,-0.8,-3,-2.6
-4.5601e-02,-4,-6,-55,-57,-1.6,-3.2,-3,-3.4
-4.5524e-02,-4,2,-53,-49,-1.6,-0.8,-2.6,-2.2
-4.5447e-02,-2,-6,-51,-53,-2.4,-2.4,-2.6,-3
-4.5370e-02,-2,2,-49,-45,-2.4,-0.8,-2.6,-2.2
-4.5293e-02,-4,-6,-47,-49,-1.6,-2.4,-2.6,-3
-4.5217e-02,-4,2,-43,-39,-1.6,-0.8,-2.6,-2.2
-4.5140e-02,-2,-6,-43,-45,-1.6,-2.4,-2.6,-3
-4.5063e-02,-2,2,-41,-35,-1.6,-0.8,-2.6,-1.8
-4.4986e-02,-2,-6,-37,-39,-2.4,-2.4,-2.6,-3
-4.4909e-02,-2,2,-35,-31,-1.6,-7.15256e-08,-2.2,-1.8
-4.4833e-02,-2,-6,-33,-35,-1.6,-2.4,-2.6,-2.6
-4.4756e-02,-4,2,-31,-27,-0.8,-7.15256e-08,-2.2,-1.8
-4.4679e-02,-2,-6,-29,-31,-0.8,-2.4,-1.8,-2.6
-4.4602e-02,-2,2,-25,-21,-1.6,-7.15256e-08,-2.2,-1.4
-4.4525e-02,-2,-6,-25,-25,-1.6,-2.4,-2.2,-2.6
-4.4449e-02,-4,2,-21,-17,-0.8,-7.15256e-08,-2.2,-1.4
-4.4372e-02,-4,-6,-21,-21,-0.8,-2.4,-1.8,-2.2
-4.4295e-02,-4,2,-17,-13,-0.8,-7.15256e-08,-1.8,-1.4
-4.4218e-02,-4,-6,-15,-17,-0.8,-1.6,-1.8,-2.2
-4.4141e-02,-2,2,-13,-9,-7.15256e-08,-7.15256e-08,-1.8,-1
-4.4065e-02,-2,-8,-11,-13,-0.8,-1.6,-1.4,-2.2
-4.3988e-02,-2,-1.3411e-07,-9,-5,-0.8,-7.15256e-08,-1.4,-1
-4.3911e-02,-2,-6,-7,-9,-0.8,-1.6,-1.4,-1.8
-4.3834e-02,-4,2,-5,-1,-0.8,0.8,-1.4,-1
-4.3757e-02,-2,-6,-3,-5,-0.8,-1.6,-1.4,-1.8
-4.3680e-02,-2,2,-1,3,-7.15256e-08,0.8,-1.4,-0.6
-4.3604e-02,-2,-8,1,-1,-7.15256e-08,-1.6,-1,-1.8
-4.3527e-02,-2,2,3,7,-0.8,0.8,-1,-0.6
-4.3450e-02,-4,-6,5,3,-7.15256e-08,-1.6,-1,-1.4
-4.3373e-02,-2,2,7,11,-7.15256e-08,0.8,-0.6,-0.6
-4.3296e-02,-2,-6,7,5,-0.8,-0.8,-1,-1.4
-4.3220e-02,-4,2,11,13,-7.15256e-08,0.8,-1,-0.2
-4.3143e-02,-2,-6,11,9,-7.15256e-08,-0.8,-0.6,-1
-4.3066e-02,-2,2,13,17,-7.15256e-08,0.8,-0.6,-0.2
-4.2989e-02,-4,-8,15,13,0.8,-0.8,-0.6,-1
-4.2912e-02,-4,2,17,21,-7.15256e-08,0.8,-0.6,-0.2
-4.2836e-02,-2,-6,19,17,0.8,-0.8,-0.6,-1
-4.2759e-02,-1.3411e-07,2,21,25,-7.15256e-08,1.6,-0.2,0.2
-4.2682e-02,-2,-6,23,21,0.8,-0.8,-0.2,-1
-4.2605e-02,-4,2,25,29,0.8,1.6,-0.2,0.2
-4.2528e-02,-2,-6,27,25,0.8,-0.8,-0.2,-0.6
-4.2452e-02,-2,2,29,33,0.8,1.6,-0.2,0.2
-4.2375e-02,-4,-6,31,29,0.8,-7.15256e-08,0.2,-0.6
-4.2298e-02,-2,2,33,37,0.8,1.6,0.2,0.6
-4.2221e-02,-2,-6,35,33,0.8,-7.15256e-08,0.2,-0.2
-4.2144e-02,-2,2,37,41,0.8,1.6,0.2,0.6
-4.2068e-02,-2,-6,39,37,0.8,-7.15256e-08,0.2,-0.2
-4.1991e-02,-4,2,41,45,1.6,2.4,0.6,1
-4.1914e-02,-2,-6,43,41,0.8,-7.15256e-08,0.6,0.2
-4.1837e-02,-4,2,45,49,1.6,2.4,0.6,1
-4.1760e-02,-4,-6,47,45,1.6,-7.15256e-08,0.6,0.2
-4.1684e-02,-2,2,49,53,1.6,2.4,0.6,1.4
-4.1607e-02,-4,-6,51,49,1.6,0.8,1,0.2
-4.1530e-02,-4,2,51,57,1.6,2.4,1,1.4
-4.1453e-02,-1.3411e-07,-6,55,53,1.6,0.8,1,0.6
-4.1376e-02,-2,-1.3411e-07,55,59,1.6,2.4,1,1.4
-4.1300e-02,-2,-6,59,57,2.4,0.8,1,0.6
-4.1223e-02,-4,2,59,63,1.6,3.2,1,1.8
-4.1146e-02,-2,-6,61,59,2.4,0.8,1.4,1
-4.1069e-02,-4,2,63,67,2.4,3.2,1.4,1.8
-4.0992e-02,-4,-6,65,63,1.6,1.6,1.4,1
-4.0916e-02,-2,2,65,69,2.4,3.2,1.4,2.2
-4.0839e-02,-2,-6,67,65,2.4,1.6,1.8,1.4
-4.0762e-02,-2,2,69,73,2.4,3.2,1.8,2.2
-4.0685e-02,-4,-6,71,67,2.4,1.6,1.8,1.4
-4.0608e-02,-2,2,71,75,2.4,3.2,1.8,2.2
-4.0531e-02,-2,-6,73,71,2.4,1.6,1.8,1.4
-4.0455e-02,-4,2,75,77,2.4,4,1.8,2.6
-4.0378e-02,-2,-6,75,73,2.4,1.6,2.2,1.4
-4.0301e-02,-2,2,75,79,2.4,4,2.2,2.6
-4.0224e-02,-2,-6,79,75,3.2,1.6,2.2,1.8
-4.0147e-02,-2,2,79,81,2.4,4,2.2,2.6
-4.0071e-02,-4,-6,79,77,3.2,1.6,2.2,1.8
-3.9994e-02,-2,2,81,83,3.2,4,2.6,3
-3.9917e-02,-4,-6,81,79,3.2,2.4,2.6,1.8
-3.9840e-02,-2,2,81,85,3.2,4,2.6,3
-3.9763e-02,-2,-6,83,81,3.2,2.4,2.6,2.2
-3.9687e-02,-4,2,83,87,3.2,4,2.6,3
-3.9610e-02,-4,-6,85,81,3.2,2.4,2.6,2.2
-3.9533e-02,-2,2,85,87,3.2,4,2.6,3.4
-3.9456e-02,-4,-6,85,83,3.2,2.4,3,2.2
-3.9379e-02,-2,2,85,89,3.2,4,3,3.4
-3.9303e-02,-4,-6,87,85,3.2,2.4,3,2.2
-3.9226e-02,-4,2,87,89,3.2,4.8,3,3.4
-3.9149e-02,-2,-6,87,85,3.2,2.4,3,2.6
-3.9072e-02,-2,2,89,91,3.2,4.8,3,3.4
-3.8995e-02,-2,-6,89,87,3.2,2.4,3,2.6
-3.8919e-02,-4,2,89,91,4,4.8,3,3.4
-3.8842e-02,-2,-6,89,87,4,2.4,3,2.6
-3.8765e-02,-4,2,89,91,4,4.8,3,3.8
-3.8688e-02,-4,-6,89,87,3.2,2.4,3,2.6
-3.8611e-02,-2,2,89,91,4,4.8,3,3.8
-3.8535e-02,-2,-6,87,85,3.2,2.4,3,2.6
-3.8458e-02,-2,2,87,91,4,4.8,3,3.8
-3.8381e-02,-2,-8,89,85,4,2.4,3,2.6
-3.8304e-02,-2,2,85,89,4,4.8,3.4,3.8
-3.8227e-02,-2,-6,87,83,4,2.4,3.4,2.6
-3.8151e-02,-2,2,87,89,4,4.8,3.4,3.8
-3.8074e-02,-4,-6,85,81,4,2.4,3.4,3
-3.7997e-02,-6,2,85,87,4,4.8,3.4,3.8
-3.7920e-02,-2,-6,83,81,4,2.4,3.4,3
-3.7843e-02,-4,2,85,87,4,4.8,3,3.8
-3.7767e-02,-2,-6,83,79,4,3.2,3.4,3
-3.7690e-02,-4,2,83,85,3.2,4.8,3.4,3.8
-3.7613e-02,-2,-6,81,77,4,2.4,3.4,3
-3.7536e-02,-4,2,81,83,4,4.8,3.4,3.8
-3.7459e-02,-2,-6,79,75,4,3.2,3.4,3
-3.7382e-02,-4,2,79,83,4,4.8,3.4,3.8
-3.7306e-02,-2,-6,79,75,4,3.2,3.4,3
-3.7229e-02,-2,2,77,81,4,4.8,3.4,3.8
-3.7152e-02,-2,-6,77,73,3.2,3.2,3.4,3
-3.7075e-02,-2,2,77,79,4,4.8,3.4,3.8
-3.6998e-02,-4,-6,75,71,4,2.4,3.4,3
-3.6922e-02,-2,2,73,77,4,4.8,3,3.8
-3.6845e-02,-2,-6,73,69,4,2.4,3.4,3
-3.6768e-02,-2,2,71,75,4,4.8,3,3.8
-3.6691e-02,-4,-6,71,67,3.2,2.4,3.4,2.6
-3.6614e-02,-4,2,69,73,3.2,4.8,3.4,3.8
-3.6538e-02,-4,-6,69,65,4,2.4,3.4,2.6
-3.6461e-02,-2,2,67,71,3.2,4.8,3,3.8
-3.6384e-02,-2,-6,67,61,3.2,2.4,3.4,3
-3.6307e-02,-4,2,65,69,4,4.8,3.4,3.8
-3.6230e-02,-2,-6,63,59,4,2.4,3,2.6
-3.6154e-02,-2,2,63,65,3.2,4.8,3.4,3.8
-3.6077e-02,-4,-6,61,57,4,2.4,3,2.6
-3.6000e-02,-4,2,59,63,4,4.8,3,3.8
-3.5923e-02,-4,-6,57,53,3.2,2.4,3,2.6
-3.5846e-02,-4,2,57,61,4,4.8,3.4,3.4
-3.5770e-02,-2,-6,55,49,3.2,2.4,3,2.6
-3.5693e-02,-2,2,53,57,4,4,3,3.4
-3.5616e-02,-2,-6,51,45,4,2.4,3,2.6
-3.5539e-02,-2,2,49,53,3.2,4,3,3.4
-3.5462e-02,-2,-6,47,41,3.2,2.4,2.6,2.2
-3.5386e-02,-2,2,45,49,3.2,4,3,3.4
-3.5309e-02,-2,-6,43,37,3.2,2.4,2.6,2.2
-3.5232e-02,-2,2,41,45,3.2,4,3,3.4
-3.5155e-02,-2,-6,39,33,3.2,2.4,3,2.2
-3.5078e-02,-4,2,37,41,2.4,4,2.6,3
-3.5002e-02,-4,-6,35,27,2.4,1.6,2.6,1.8
-3.4925e-02,-2,2,33,37,3.2,4,2.2,3
-3.4848e-02,-2,-6,31,23,3.2,1.6,2.6,1.8
-3.4771e-02,-2,2,27,33,2.4,4,2.2,3
-3.4694e-02,-2,-6,25,19,3.2,1.6,2.6,1.8
-3.4618e-02,-4,2,23,27,2.4,4,2.2,2.6
-3.4541e-02,-2,-6,21,15,2.4,1.6,2.2,1.4
-3.4464e-02,-2,2,19,23,2.4,4,2.2,2.6
-3.4387e-02,-4,-6,17,11,2.4,1.6,2.2,1.4
-3.4310e-02,-4,2,15,19,2.4,3.2,2.2,2.6
-3.4233e-02,-4,-6,11,7,2.4,1.6,1.8,1.4
-3.4157e-02,-2,2,9,15,2.4,3.2,1.8,2.2
-3.4080e-02,-2,-6,7,3,2.4,0.8,1.8,1.4
-3.4003e-02,-2,2,5,11,1.6,3.2,1.8,2.2
-3.3926e-02,-2,-6,3,-1,2.4,0.8,1.8,1
-3.3849e-02,-2,2,3,7,1.6,3.2,1.8,2.2
-3.3773e-02,-2,-6,1,-5,2.4,0.8,1.8,1
-3.3696e-02,-4,2,-3,3,2.4,3.2,1.4,1.8
-3.3619e-02,-2,-6,-3,-9,2.4,0.8,1.4,0.6
-3.3542e-02,-4,2,-5,-1,1.6,3.2,1.4,1.8
-3.3465e-02,-2,-6,-7,-13,1.6,0.8,1,0.6
-3.3389e-02,-4,2,-9,-5,1.6,2.4,1,1.8
-3.3312e-02,-2,-6,-11,-17,1.6,0.8,1,0.6
-3.3235e-02,-4,2,-13,-9,2.4,2.4,1,1.4
-3.3158e-02,-2,-6,-15,-21,1.6,-7.15256e-08,1,0.2
-3.3081e-02,-2,2,-17,-13,1.6,2.4,1,1.4
-3.3005e-02,-2,-6,-19,-23,0.8,-7.15256e-08,0.6,0.2
-3.2928e-02,-2,2,-21,-15,1.6,2.4,1,1.4
-3.2851e-02,-2,-6,-23,-27,0.8,-7.15256e-08,0.6,0.2
-3.2774e-02,-2,2,-25,-19,0.8,2.4,0.6,1
-3.2697e-02,-4,-6,-27,-31,0.8,-7.15256e-08,0.6,-0.2
-3.2621e-02,-2,2,-27,-23,0.8,1.6,0.6,1
-3.2544e-02,-2,-6,-31,-35,0.8,-7.15256e-08,0.2,-0.2
-3.2467e-02,-2,2,-33,-27,0.8,1.6,0.6,1
-3.2390e-02,-4,-6,-35,-41,0.8,-0.8,0.2,-0.2
-3.2313e-02,-2,2,-37,-33,0.8,1.6,0.2,0.6
-3.2237e-02,-2,-6,-39,-45,0.8,-0.8,0.2,-0.6
-3.2160e-02,-4,2,-41,-37,0.8,1.6,-0.2,0.6
-3.2083e-02,-2,-6,-43,-49,-7.15256e-08,-0.8,-0.2,-0.6
-3.2006e-02,-2,2,-45,-41,-7.15256e-08,1.6,-0.2,0.2
-3.1929e-02,-2,-6,-47,-53,-7.15256e-08,-0.8,-0.2,-1
-3.1853e-02,-4,2,-49,-45,-7.15256e-08,1.6,-0.2,0.2
-3.1776e-02,-2,-8,-51,-57,-7.15256e-08,-0.8,-0.2,-1
-3.1699e-02,-2,2,-53,-49,-7.15256e-08,0.8,-0.6,-0.2
-3.1622e-02,-2,-6,-55,-61,-7.15256e-08,-1.6,-0.6,-1.4
-3.1545e-02,-4,2,-57,-51,-7.15256e-08,0.8,-0.6,-0.2
-3.1469e-02,-2,-6,-57,-63,-7.15256e-08,-1.6,-1,-1.4
-3.1392e-02,-2,2,-61,-55,-7.15256e-08,0.8,-1,-0.2
-3.1315e-02,-4,-6,-61,-67,-7.15256e-08,-1.6,-1,-1.4
-3.1238e-02,-2,2,-63,-59,-0.8,0.8,-1,-0.6
-3.1161e-02,-4,-6,-65,-71,-0.8,-1.6,-1,-1.8
-3.1084e-02,-2,2,-67,-63,-7.15256e-08,0.8,-1.4,-0.6
-3.1008e-02,-4,-8,-69,-73,-0.8,-1.6,-1.4,-1.8
-3.0931e-02,-2,2,-69,-65,-0.8,-7.15256e-08,-1.4,-0.6
-3.0854e-02,-4,-6,-71,-75,-0.8,-2.4,-1.4,-2.2
-3.0777e-02,-2,2,-73,-69,-0.8,-7.15256e-08,-1.4,-1
-3.0700e-02,-2,-6,-73,-77,-0.8,-2.4,-1.8,-2.2
-3.0624e-02,-4,2,-75,-71,-0.8,-7.15256e-08,-1.8,-1
-3.0547e-02,-2,-6,-77,-81,-1.6,-2.4,-1.8,-2.2
-3.0470e-02,-2,2,-77,-73,-0.8,-7.15256e-08,-1.8,-1.4
-3.0393e-02,-4,-6,-79,-83,-0.8,-2.4,-1.8,-2.6
-3.0316e-02,-4,2,-79,-77,-1.6,-7.15256e-08,-1.8,-1.4
-3.0240e-02,-2,-6,-81,-85,-1.6,-2.4,-1.8,-2.6
-3.0163e-02,-2,2,-81,-79,-1.6,-7.15256e-08,-2.2,-1.4
-3.0086e-02,-4,-6,-83,-85,-1.6,-2.4,-2.2,-2.6
-3.0009e-02,-2,2,-83,-79,-1.6,-0.8,-2.2,-1.8
-2.9932e-02,-4,-6,-85,-87,-1.6,-2.4,-2.2,-3
-2.9856e-02,-1.3411e-07,2,-85,-81,-1.6,-7.15256e-08,-2.2,-1.8
-2.9779e-02,-4,-6,-85,-89,-1.6,-2.4,-2.2,-3
-2.9702e-02,-4,2,-87,-83,-1.6,-0.8,-2.2,-1.8
-2.9625e-02,-2,-6,-87,-91,-1.6,-3.2,-2.6,-3
-2.9548e-02,-2,2,-87,-85,-1.6,-0.8,-2.6,-2.2
-2.9472e-02,-4,-6,-89,-91,-1.6,-3.2,-2.6,-3
-2.9395e-02,-2,2,-89,-85,-1.6,-0.8,-2.6,-2.2
-2.9318e-02,-4,-6,-89,-93,-1.6,-3.2,-2.6,-3.4
-2.9241e-02,-2,2,-91,-87,-1.6,-0.8,-2.6,-2.2
-2.9164e-02,-4,-6,-91,-93,-2.4,-3.2,-2.6,-3.4
-2.9088e-02,-4,2,-91,-89,-2.4,-0.8,-3,-2.2
-2.9011e-02,-4,-6,-93,-95,-2.4,-3.2,-2.6,-3.4
-2.8934e-02,-2,2,-93,-89,-2.4,-0.8,-3,-2.6
-2.8857e-02,-2,-6,-93,-95,-1.6,-3.2,-3,-3.4
-2.8780e-02,-4,2,-91,-89,-1.6,-0.8,-3,-2.6
-2.8704e-02,-2,-6,-93,-95,-1.6,-3.2,-3,-3.4
-2.8627e-02,-2,2,-91,-89,-2.4,-1.6,-3,-2.6
-2.8550e-02,-4,-8,-91,-93,-2.4,-3.2,-3.4,-3.4
-2.8473e-02,-2,2,-91,-89,-2.4,-0.8,-3,-2.6
-2.8396e-02,-2,-6,-93,-93,-2.4,-3.2,-3,-3.8
-2.8320e-02,-2,2,-91,-87,-2.4,-0.8,-3,-2.6
-2.8243e-02,-2,-6,-91,-93,-2.4,-3.2,-3,-3.8
-2.8166e-02,-4,2,-89,-87,-1.6,-1.6,-3.4,-2.6
-2.8089e-02,-2,-6,-89,-91,-2.4,-3.2,-3.4,-3.8
-2.8012e-02,-4,2,-89,-85,-1.6,-1.6,-3,-2.6
-2.7935e-02,-4,-6,-87,-89,-2.4,-3.2,-3.4,-3.8
-2.7859e-02,-4,2,-87,-85,-2.4,-1.6,-3.4,-2.6
-2.7782e-02,-2,-6,-87,-89,-2.4,-3.2,-3,-3.8
-2.7705e-02,-2,2,-85,-83,-2.4,-1.6,-3.4,-2.6
-2.7628e-02,-2,-6,-85,-87,-2.4,-3.2,-3,-3.8
-2.7551e-02,-2,2,-85,-81,-2.4,-1.6,-3.4,-2.6
-2.7475e-02,-2,-6,-83,-87,-2.4,-3.2,-3.4,-3.8
-2.7398e-02,-2,2,-83,-79,-2.4,-1.6,-3.4,-2.6
-2.7321e-02,-4,-6,-81,-83,-2.4,-3.2,-3,-3.8
-2.7244e-02,-2,2,-81,-77,-2.4,-1.6,-3.4,-2.6
-2.7167e-02,-2,-6,-81,-81,-2.4,-3.2,-3,-3.8
-2.7091e-02,-2,2,-79,-77,-1.6,-0.8,-3,-2.6
-2.7014e-02,-4,-6,-77,-81,-2.4,-3.2,-3,-3.8
-2.6937e-02,-2,2,-77,-73,-2.4,-1.6,-3,-2.6
-2.6860e-02,-2,-6,-77,-79,-2.4,-3.2,-3,-3.8
-2.6783e-02,-2,2,-75,-73,-2.4,-1.6,-3,-2.6
-2.6707e-02,-2,-6,-75,-77,-2.4,-3.2,-3,-3.8
-2.6630e-02,-1.3411e-07,2,-73,-71,-1.6,-1.6,-3.4,-2.6
-2.6553e-02,-4,-6,-73,-75,-2.4,-3.2,-3.4,-3.8
-2.6476e-02,-4,2,-71,-69,-2.4,-1.6,-3,-2.6
-2.6399e-02,-2,-6,-71,-71,-1.6,-3.2,-3,-3.8
-2.6323e-02,-2,2,-69,-65,-1.6,-1.6,-3.4,-2.6
-2.6246e-02,-2,-6,-67,-69,-2.4,-3.2,-3,-3.4
-2.6169e-02,-4,2,-65,-63,-2.4,-0.8,-3.4,-2.6
-2.6092e-02,-4,-6,-65,-67,-2.4,-3.2,-3,-3.4
-2.6015e-02,-2,2,-63,-59,-1.6,-0.8,-3.4,-2.6
-2.5939e-02,-4,-6,-61,-65,-2.4,-3.2,-3,-3.4
-2.5862e-02,-2,2,-61,-57,-1.6,-0.8,-3,-2.6
-2.5785e-02,-2,-8,-59,-61,-1.6,-3.2,-3,-3.4
-2.5708e-02,-2,2,-57,-53,-1.6,-0.8,-3,-2.6
-2.5631e-02,-2,-6,-55,-57,-1.6,-3.2,-3,-3.4
-2.5555e-02,-4,2,-53,-49,-2.4,-0.8,-2.6,-2.2
-2.5478e-02,-2,-6,-53,-55,-2.4,-3.2,-3,-3.4
-2.5401e-02,-2,2,-51,-45,-1.6,-0.8,-2.6,-2.2
-2.5324e-02,-2,-6,-47,-51,-1.6,-3.2,-2.6,-3
-2.5247e-02,-4,2,-45,-41,-1.6,-0.8,-2.6,-2.2
-2.5171e-02,-4,-6,-43,-45,-1.6,-2.4,-2.6,-3
-2.5094e-02,-2,2,-41,-35,-1.6,-0.8,-2.6,-2.2
-2.5017e-02,-2,-8,-39,-41,-1.6,-2.4,-2.2,-3
-2.4940e-02,-2,2,-35,-31,-1.6,-7.15256e-08,-2.6,-1.8
-2.4863e-02,-4,-6,-35,-35,-0.8,-2.4,-2.2,-2.6
-2.4786e-02,-4,2,-31,-27,-1.6,-7.15256e-08,-2.2,-1.8
-2.4710e-02,-4,-6,-29,-31,-0.8,-2.4,-2.2,-2.6
-2.4633e-02,-4,2,-27,-23,-0.8,-7.15256e-08,-1.8,-1.4
-2.4556e-02,-4,-6,-25,-27,-0.8,-2.4,-2.2,-2.6
-2.4479e-02,-2,2,-23,-17,-0.8,-7.15256e-08,-1.8,-1.4
-2.4402e-02,-2,-6,-21,-23,-0.8,-2.4,-1.8,-2.6
-2.4326e-02,-4,2,-17,-13,-0.8,-7.15256e-08,-1.8,-1.4
-2.4249e-02,-2,-6,-15,-19,-0.8,-1.6,-1.8,-2.2
-2.4172e-02,-2,2,-15,-11,-0.8,-7.15256e-08,-1.8,-1.4
-2.4095e-02,-4,-6,-13,-13,-0.8,-1.6,-1.8,-2.2
-2.4018e-02,-4,2,-11,-5,-0.8,-7.15256e-08,-1.4,-1
-2.3942e-02,-2,-6,-9,-9,-0.8,-1.6,-1.4,-1.8
-2.3865e-02,-2,2,-7,-1,-0.8,0.8,-1.4,-1
-2.3788e-02,-4,-6,-3,-7,-7.15256e-08,-1.6,-1.4,-1.8
-2.3711e-02,-4,2,-1,3,-7.15256e-08,0.8,-1.4,-0.6
-2.3634e-02,-2,-6,-1,-1,-7.15256e-08,-1.6,-1,-1.8
-2.3558e-02,-2,2,3,7,-7.15256e-08,0.8,-1,-0.6
-2.3481e-02,-4,-6,3,1,-7.15256e-08,-1.6,-1.4,-1.4
-2.3404e-02,-2,2,5,9,-7.15256e-08,0.8,-1,-0.6
-2.3327e-02,-4,-6,7,5,-0.8,-0.8,-1,-1.4
-2.3250e-02,-2,2,9,13,-7.15256e-08,0.8,-1,-0.2
-2.3174e-02,-2,-6,11,9,-7.15256e-08,-0.8,-0.6,-1.4
-2.3097e-02,-2,2,13,17,-7.15256e-08,1.6,-1,-0.2
-2.3020e-02,-2,-6,13,13,-7.15256e-08,-0.8,-0.6,-1
-2.2943e-02,-4,2,17,21,-7.15256e-08,0.8,-0.6,-0.2
-2.2866e-02,-4,-6,19,17,-7.15256e-08,-0.8,-0.6,-1
-2.2790e-02,-2,2,21,23,0.8,1.6,-0.2,0.2
-2.2713e-02,-2,-6,23,19,-7.15256e-08,-0.8,-0.2,-1
-2.2636e-02,-2,2,23,29,-7.15256e-08,1.6,-0.2,0.2
-2.2559e-02,-2,-6,25,25,0.8,-7.15256e-08,-0.2,-0.6
-2.2482e-02,-2,2,27,33,0.8,1.6,0.2,0.2
-2.2406e-02,-4,-8,31,29,0.8,-0.8,-0.2,-0.6
-2.2329e-02,-2,2,33,37,0.8,1.6,0.2,0.6
-2.2252e-02,-2,-6,35,33,0.8,-7.15256e-08,0.2,-0.2
-2.2175e-02,-4,2,37,41,0.8,2.4,0.2,0.6
-2.2098e-02,-2,-6,39,37,0.8,-7.15256e-08,0.2,-0.2
-2.2022e-02,-2,2,41,45,1.6,2.4,0.2,1
-2.1945e-02,-4,-6,43,41,1.6,-7.15256e-08,0.6,0.2
-2.1868e-02,-4,2,45,49,1.6,2.4,0.6,1
-2.1791e-02,-2,-6,47,45,1.6,-7.15256e-08,1,0.2
-2.1714e-02,-4,2,49,53,1.6,2.4,1,1.4
-2.1637e-02,-4,-6,49,47,1.6,0.8,0.6,0.2
-2.1561e-02,-2,2,53,55,1.6,2.4,1,1.4
-2.1484e-02,-2,-6,53,51,1.6,0.8,1,0.6
-2.1407e-02,-4,2,55,59,1.6,3.2,1,1.4
-2.1330e-02,-2,-6,59,55,2.4,0.8,1.4,0.6
-2.1253e-02,-2,2,59,63,1.6,3.2,1,1.8
-2.1177e-02,-2,-6,61,59,1.6,0.8,1.4,1
-2.1100e-02,-4,2,63,67,2.4,3.2,1.4,1.8
-2.1023e-02,-2,-6,63,63,1.6,0.8,1.4,1
-2.0946e-02,-2,2,65,69,2.4,3.2,1.4,2.2
-2.0869e-02,-6,-6,67,65,2.4,1.6,1.4,1
-2.0793e-02,-2,2,69,71,2.4,3.2,1.8,2.2
-2.0716e-02,-2,-6,71,67,2.4,1.6,1.8,1.4
-2.0639e-02,-2,2,71,75,2.4,3.2,1.8,2.2
-2.0562e-02,-2,-6,71,71,2.4,1.6,1.8,1.4
-2.0485e-02,-4,2,73,77,2.4,4,1.8,2.6
-2.0409e-02,-4,-6,75,73,2.4,1.6,2.2,1.4
-2.0332e-02,-4,2,75,79,3.2,4,1.8,2.6
-2.0255e-02,-2,-6,77,75,3.2,1.6,2.2,1.8
-2.0178e-02,-2,2,77,81,3.2,4,1.8,2.6
-2.0101e-02,-2,-6,79,77,3.2,1.6,2.2,1.8
-2.0025e-02,-2,2,81,83,3.2,4,2.2,2.6
-1.9948e-02,-2,-6,81,77,3.2,1.6,2.6,1.8
-1.9871e-02,-2,2,81,85,3.2,4,2.6,3
-1.9794e-02,-4,-6,81,79,3.2,2.4,2.6,1.8
-1.9717e-02,-2,2,83,85,3.2,4,2.6,3
-1.9641e-02,-4,-6,83,81,3.2,2.4,2.6,2.2
-1.9564e-02,-2,2,85,87,3.2,4,2.6,3
-1.9487e-02,-2,-6,85,83,3.2,2.4,2.6,2.2
-1.9410e-02,-2,2,87,89,3.2,4,2.6,3.4
-1.9333e-02,-4,-6,87,83,3.2,2.4,3,2.2
-1.9257e-02,-4,2,87,89,3.2,4.8,3,3.4
-1.9180e-02,-4,-6,89,85,3.2,2.4,3,2.6
-1.9103e-02,-2,2,89,91,3.2,4.8,3,3.4
-1.9026e-02,-2,-6,87,85,3.2,2.4,3,2.6
-1.8949e-02,-2,2,89,91,4,4.8,3,3.4
-1.8873e-02,-4,-6,89,87,4,2.4,3,2.6
-1.8796e-02,-4,2,89,91,3.2,4.8,3,3.8
-1.8719e-02,-4,-6,91,87,4,2.4,3,2.6
-1.8642e-02,-4,2,89,91,4,4.8,3,3.8
-1.8565e-02,-2,-6,87,85,4,2.4,3,2.6
-1.8488e-02,-4,2,87,91,4,4.8,3,3.8
-1.8412e-02,-4,-8,87,85,3.2,2.4,3.4,2.6
-1.8335e-02,-2,2,87,89,4,4.8,3.4,3.8
-1.8258e-02,-2,-6,87,83,4,2.4,3.4,2.6
-1.8181e-02,-2,2,85,89,4,4.8,3.4,3.8
-1.8104e-02,-2,-6,85,83,3.2,2.4,3.4,2.6
-1.8028e-02,-2,2,85,89,4,4.8,3.4,3.8
-1.7951e-02,-2,-6,85,81,4,2.4,3.4,2.6
-1.7874e-02,-2,2,85,87,4,4.8,3,3.8
-1.7797e-02,-4,-6,83,79,4,2.4,3.4,3
-1.7720e-02,-4,2,83,85,4,4.8,3.4,3.8
-1.7644e-02,-2,-6,83,79,4,3.2,3.4,3
-1.7567e-02,-2,2,81,85,4,4.8,3.4,3.8
-1.7490e-02,-4,-6,79,77,4,3.2,3.4,2.6
-1.7413e-02,-2,2,79,83,4.8,4.8,3,3.8
-1.7336e-02,-2,-6,79,75,4,2.4,3.4,2.6
-1.7260e-02,-2,2,77,81,3.2,4.8,3.4,3.8
-1.7183e-02,-4,-6,77,73,4,2.4,3.4,3
-1.7106e-02,-2,2,75,79,3.2,4.8,3,3.8
-1.7029e-02,-2,-6,75,71,4,2.4,3,3
-1.6952e-02,-2,2,73,77,4,4.8,3.4,3.8
-1.6876e-02,-4,-6,73,69,4,2.4,3,2.6
-1.6799e-02,-2,2,73,75,4,4.8,3,3.8
-1.6722e-02,-6,-6,71,67,3.2,2.4,3,2.6
-1.6645e-02,-2,2,71,73,4,4.8,3.4,3.8
-1.6568e-02,-2,-6,69,65,3.2,2.4,3.4,2.6
-1.6492e-02,-2,2,69,71,4,4.8,3.4,3.8
-1.6415e-02,-2,-6,67,63,4,2.4,3.4,2.6
-1.6338e-02,-2,2,65,69,4,4.8,3.4,3.8
-1.6261e-02,-4,-6,63,59,4,2.4,3.4,2.6
-1.6184e-02,-2,2,63,67,4,4.8,3.4,3.8
-1.6108e-02,-4,-6,63,57,4,2.4,3.4,2.6
-1.6031e-02,-4,2,61,63,4,4.8,3,3.8
-1.5954e-02,-2,-6,59,53,3.2,2.4,3,2.6
-1.5877e-02,-4,2,57,61,3.2,4.8,3,3.4
-1.5800e-02,-4,-6,55,51,3.2,2.4,3,2.6
-1.5724e-02,-4,2,55,57,3.2,4.8,3,3.8
-1.5647e-02,-4,-6,53,47,3.2,2.4,3,2.6
-1.5570e-02,-2,2,49,55,3.2,4,2.6,3.4
-1.5493e-02,-4,-6,47,43,3.2,2.4,3,2.2
-1.5416e-02,-2,2,47,51,3.2,4,2.6,3.4
-1.5339e-02,-2,-6,45,37,3.2,2.4,2.6,2.2
-1.5263e-02,-2,2,43,47,3.2,4,3,3.4
-1.5186e-02,-2,-6,39,33,3.2,2.4,2.6,2.2
-1.5109e-02,-6,2,39,41,2.4,4,2.6,3
-1.5032e-02,-2,-6,35,29,3.2,1.6,2.6,1.8
-1.4955e-02,-2,2,33,37,2.4,4,2.6,3
-1.4879e-02,-4,-6,31,25,2.4,1.6,2.6,1.8
-1.4802e-02,-2,2,29,33,3.2,4,2.6,3
-1.4725e-02,-2,-6,25,19,3.2,1.6,2.2,1.8
-1.4648e-02,-4,2,23,29,3.2,4,2.2,2.6
-1.4571e-02,-4,-6,21,15,2.4,1.6,2.2,1.8
-1.4495e-02,-2,2,19,23,2.4,4,2.2,2.6
-1.4418e-02,-2,-6,15,11,2.4,1.6,2.2,1.4
-1.4341e-02,-2,2,15,21,2.4,3.2,2.2,2.6
-1.4264e-02,-4,-6,13,7,2.4,0.8,2.2,1.4
-1.4187e-02,-2,2,11,15,3.2,3.2,1.8,2.2
-1.4111e-02,-4,-6,9,3,1.6,0.8,1.8,1.4
-1.4034e-02,-2,2,7,11,2.4,3.2,1.8,2.2
-1.3957e-02,-2,-6,5,-1,2.4,0.8,1.8,1
-1.3880e-02,-2,2,3,7,1.6,3.2,1.8,2.2
-1.3803e-02,-4,-6,1,-5,1.6,0.8,1.4,1
-1.3727e-02,-4,2,-1,3,2.4,3.2,1.8,1.8
-1.3650e-02,-2,-6,-3,-9,2.4,0.8,1.4,0.6
-1.3573e-02,-2,2,-5,-1,1.6,2.4,1.4,1.8
-1.3496e-02,-2,-6,-5,-13,1.6,0.8,1.4,0.6
-1.3419e-02,-2,2,-9,-5,1.6,2.4,1.4,1.8
-1.3343e-02,-4,-6,-9,-15,1.6,0.8,1.4,0.6
-1.3266e-02,-4,2,-11,-9,1.6,2.4,1,1.4
-1.3189e-02,-2,-6,-13,-19,1.6,-7.15256e-08,1,0.2
-1.3112e-02,-4,2,-15,-11,0.8,2.4,0.6,1.4
-1.3035e-02,-2,-6,-17,-23,0.8,-7.15256e-08,1,0.2
-1.2959e-02,-4,2,-19,-15,1.6,2.4,0.6,1.4
-1.2882e-02,-2,-6,-21,-27,1.6,-7.15256e-08,0.6,0.2
-1.2805e-02,-4,2,-23,-19,1.6,2.4,0.6,1.4
-1.2728e-02,-2,-6,-25,-31,1.6,-7.15256e-08,0.6,-0.2
-1.2651e-02,-2,2,-27,-23,0.8,1.6,0.6,1
-1.2575e-02,-4,-6,-29,-35,0.8,-7.15256e-08,0.6,-0.2
-1.2498e-02,-2,2,-31,-27,0.8,1.6,0.2,1
-1.2421e-02,-2,-6,-35,-39,0.8,-0.8,0.2,-0.2
-1.2344e-02,-2,2,-35,-31,0.8,1.6,0.2,0.6
-1.2267e-02,-2,-6,-39,-43,0.8,-0.8,-0.2,-0.6
-1.2190e-02,-2,2,-39,-35,0.8,1.6,0.2,0.6
-1.2114e-02,-2,-6,-43,-47,-7.15256e-08,-0.8,-0.2,-0.6
-1.2037e-02,-2,2,-43,-39,-7.15256e-08,1.6,-0.2,0.2
-1.1960e-02,-4,-6,-47,-51,-7.15256e-08,-0.8,-0.2,-1
-1.1883e-02,-2,2,-47,-43,-7.15256e-08,0.8,-0.2,0.2
-1.1806e-02,-2,-6,-51,-55,-7.15256e-08,-0.8,-0.6,-1
-1.1730e-02,-4,2,-53,-47,-7.15256e-08,0.8,-0.6,-0.2
-1.1653e-02,-2,-6,-53,-59,-7.15256e-08,-1.6,-0.6,-1.4
-1.1576e-02,-4,2,-57,-51,-7.15256e-08,0.8,-0.6,-0.2
-1.1499e-02,-4,-6,-57,-63,-7.15256e-08,-1.6,-0.6,-1.4
-1.1422e-02,-2,2,-59,-55,-0.8,0.8,-0.6,-0.2
-1.1346e-02,-2,-6,-61,-67,-7.15256e-08,-1.6,-1,-1.4
-1.1269e-02,-2,2,-63,-59,-0.8,0.8,-1,-0.6
-1.1192e-02,-2,-6,-65,-69,-0.8,-1.6,-1,-1.8
-1.1115e-02,-2,2,-65,-61,-0.8,0.8,-1,-0.6
-1.1038e-02,-1.3411e-07,-6,-67,-73,-0.8,-2.4,-1.4,-1.8
-1.0962e-02,-2,2,-69,-65,-0.8,-7.15256e-08,-1.4,-1
-1.0885e-02,-4,-6,-71,-75,-0.8,-2.4,-1.4,-2.2
-1.0808e-02,-2,2,-71,-69,-0.8,-7.15256e-08,-1.4,-1
-1.0731e-02,-2,-6,-73,-77,-1.6,-2.4,-1.4,-2.2
-1.0654e-02,-2,2,-75,-71,-0.8,-7.15256e-08,-1.4,-1
-1.0578e-02,-2,-6,-75,-79,-0.8,-2.4,-1.4,-2.2
-1.0501e-02,-2,2,-77,-73,-0.8,-7.15256e-08,-1.8,-1.4
-1.0424e-02,-2,-6,-77,-81,-0.8,-2.4,-1.4,-2.6
-1.0347e-02,-2,2,-79,-75,-1.6,-7.15256e-08,-1.8,-1.4
-1.0270e-02,-4,-6,-81,-85,-0.8,-2.4,-2.2,-2.6
-1.0194e-02,-2,2,-81,-77,-1.6,-0.8,-2.2,-1.4
-1.0117e-02,-2,-6,-81,-85,-1.6,-2.4,-2.2,-2.6
-1.0040e-02,-2,2,-83,-79,-1.6,-0.8,-2.2,-1.8
-9.9631e-03,-2,-6,-83,-87,-1.6,-2.4,-2.2,-3
-9.8863e-03,-2,2,-85,-81,-1.6,-0.8,-2.2,-1.8
-9.8095e-03,-1.3411e-07,-6,-85,-89,-1.6,-2.4,-2.2,-3
-9.7327e-03,-2,2,-87,-83,-1.6,-0.8,-2.6,-1.8
-9.6559e-03,-2,-6,-87,-91,-1.6,-3.2,-2.2,-3
-9.5791e-03,-4,2,-87,-85,-1.6,-0.8,-2.6,-2.2
-9.5023e-03,-2,-6,-89,-91,-1.6,-3.2,-2.6,-3
-9.4255e-03,-2,2,-89,-85,-2.4,-0.8,-2.6,-2.2
-9.3487e-03,-4,-6,-89,-93,-1.6,-3.2,-2.6,-3
-9.2719e-03,-2,2,-89,-87,-1.6,-0.8,-3,-2.2
-9.1951e-03,-2,-6,-91,-93,-1.6,-3.2,-3,-3.4
-9.1183e-03,-4,2,-91,-89,-1.6,-0.8,-3,-2.2
-9.0415e-03,-2,-6,-91,-95,-1.6,-3.2,-3,-3.4
-8.9647e-03,-4,2,-93,-89,-2.4,-0.8,-3,-2.6
-8.8879e-03,-4,-6,-91,-95,-1.6,-3.2,-3,-3.4
-8.8111e-03,-2,2,-91,-89,-2.4,-0.8,-3,-2.6
-8.7343e-03,-2,-6,-91,-95,-2.4,-3.2,-3,-3.4
-8.6575e-03,-2,2,-91,-89,-2.4,-0.8,-3,-2.6
-8.5806e-03,-2,-6,-93,-93,-2.4,-3.2,-3,-3.8
-8.5038e-03,-4,2,-91,-89,-2.4,-1.6,-3,-2.6
-8.4270e-03,-2,-6,-91,-93,-2.4,-3.2,-3,-3.8
-8.3502e-03,-4,2,-91,-87,-2.4,-1.6,-3,-2.6
-8.2734e-03,-2,-6,-91,-93,-2.4,-3.2,-3,-3.8
-8.1966e-03,-2,2,-89,-87,-2.4,-1.6,-3,-2.6
-8.1198e-03,-4,-6,-89,-91,-2.4,-3.2,-3,-3.8
-8.0430e-03,-2,2,-87,-85,-2.4,-1.6,-3,-2.6
-7.9662e-03,-2,-8,-89,-91,-2.4,-3.2,-3,-3.8
-7.8894e-03,-2,2,-89,-85,-2.4,-1.6,-3.4,-2.6
-7.8126e-03,-2,-8,-87,-89,-2.4,-3.2,-3.4,-3.8
-7.7358e-03,-2,2,-87,-83,-2.4,-1.6,-3.4,-2.6
-7.6590e-03,-2,-6,-85,-87,-2.4,-3.2,-3.4,-3.8
-7.5822e-03,-4,2,-85,-81,-2.4,-1.6,-3.4,-2.6
-7.5054e-03,-2,-6,-83,-85,-2.4,-3.2,-3.4,-3.8
-7.4286e-03,-2,2,-83,-79,-2.4,-1.6,-3.4,-2.6
-7.3518e-03,-2,-6,-83,-85,-2.4,-3.2,-3.4,-3.8
-7.2750e-03,-2,2,-81,-79,-2.4,-1.6,-3.4,-2.6
-7.1982e-03,-2,-6,-81,-83,-2.4,-3.2,-3,-3.8
-7.1214e-03,-4,2,-79,-77,-2.4,-1.6,-3.4,-2.6
-7.0445e-03,-4,-6,-79,-81,-2.4,-3.2,-3,-3.8
-6.9677e-03,-2,2,-79,-75,-2.4,-1.6,-3,-2.6
-6.8909e-03,-2,-6,-77,-79,-2.4,-3.2,-3.4,-3.8
-6.8141e-03,-2,2,-77,-73,-2.4,-1.6,-3,-2.6
-6.7373e-03,-4,-6,-75,-77,-2.4,-3.2,-3,-3.8
-6.6605e-03,-4,2,-73,-71,-2.4,-1.6,-3,-2.6
-6.5837e-03,-2,-6,-73,-75,-2.4,-3.2,-3,-3.8
-6.5069e-03,-4,2,-73,-69,-2.4,-1.6,-3,-2.6
-6.4301e-03,-2,-6,-71,-73,-2.4,-3.2,-3,-3.8
-6.3533e-03,-4,2,-71,-65,-1.6,-0.8,-3,-2.6
-6.2765e-03,-2,-6,-69,-71,-2.4,-3.2,-3,-3.4
-6.1997e-03,-4,2,-67,-63,-2.4,-1.6,-3,-2.6
-6.1229e-03,-2,-6,-65,-67,-2.4,-3.2,-3.4,-3.4
-6.0461e-03,-4,2,-65,-61,-2.4,-0.8,-3,-2.6
-5.9693e-03,-2,-6,-63,-65,-1.6,-3.2,-3,-3.4
-5.8925e-03,-2,2,-63,-57,-2.4,-0.8,-3,-2.6
-5.8157e-03,-2,-6,-59,-63,-2.4,-3.2,-3,-3.4
-5.7389e-03,-2,2,-57,-55,-1.6,-0.8,-3,-2.6
-5.6621e-03,-4,-6,-57,-59,-2.4,-3.2,-3,-3.4
-5.5853e-03,-4,2,-55,-51,-2.4,-0.8,-3,-2.2
-5.5084e-03,-2,-6,-53,-55,-1.6,-3.2,-2.6,-3.4
-5.4316e-03,-2,2,-51,-47,-1.6,-0.8,-2.6,-2.2
-5.3548e-03,-2,-6,-49,-51,-1.6,-3.2,-2.6,-3
-5.2780e-03,-4,2,-45,-43,-1.6,-0.8,-2.6,-2.2
-5.2012e-03,-4,-6,-45,-45,-1.6,-2.4,-2.6,-3
-5.1244e-03,-2,2,-41,-37,-1.6,-0.8,-2.6,-2.2
-5.0476e-03,-2,-6,-39,-41,-1.6,-2.4,-2.6,-3
-4.9708e-03,-2,2,-37,-33,-0.8,-0.8,-2.6,-1.8
-4.8940e-03,-2,-6,-35,-37,-1.6,-2.4,-2.2,-3
-4.8172e-03,-2,2,-33,-27,-1.6,-7.15256e-08,-2.2,-1.8
-4.7404e-03,-2,-6,-29,-33,-0.8,-2.4,-2.2,-2.6
-4.6636e-03,-4,2,-29,-23,-1.6,-7.15256e-08,-2.2,-1.4
-4.5868e-03,-2,-6,-25,-27,-0.8,-2.4,-2.2,-2.6
-4.5100e-03,-2,2,-23,-19,-0.8,-7.15256e-08,-1.8,-1.4
-4.4332e-03,-2,-6,-21,-23,-0.8,-2.4,-2.2,-2.2
-4.3564e-03,-2,2,-19,-15,-0.8,-7.15256e-08,-1.8,-1.4
-4.2796e-03,-4,-8,-17,-19,-0.8,-2.4,-1.8,-2.2
-4.2028e-03,-4,2,-15,-11,-0.8,-7.15256e-08,-1.8,-1
-4.1260e-03,-2,-6,-13,-15,-0.8,-1.6,-1.8,-2.2
-4.0492e-03,-2,2,-11,-7,-7.15256e-08,-7.15256e-08,-1.4,-1
-3.9724e-03,-4,-6,-9,-11,-0.8,-1.6,-1.8,-1.8
-3.8955e-03,-4,2,-7,-3,-0.8,-7.15256e-08,-1.4,-1
-3.8187e-03,-4,-6,-5,-7,-0.8,-1.6,-1.4,-1.8
-3.7419e-03,-2,2,-1,1,-7.15256e-08,0.8,-1.4,-0.6
-3.6651e-03,-4,-6,-1,-3,-7.15256e-08,-1.6,-1.4,-1.8
-3.5883e-03,-4,2,1,5,-7.15256e-08,0.8,-1,-0.6
-3.5115e-03,-4,-8,3,1,-7.15256e-08,-1.6,-1,-1.4
-3.4347e-03,-4,2,5,9,-7.15256e-08,0.8,-1.4,-0.6
-3.3579e-03,-2,-6,7,5,-7.15256e-08,-1.6,-1,-1.4
-3.2811e-03,-4,-1.3411e-07,7,13,-7.15256e-08,0.8,-1,-0.6
-3.2043e-03,-2,-6,11,9,-7.15256e-08,-0.8,-0.6,-1.4
-3.1275e-03,-4,2,11,15,-7.15256e-08,0.8,-0.6,-0.2
-3.0507e-03,-2,-6,13,11,-7.15256e-08,-0.8,-0.6,-1
-2.9739e-03,-4,2,15,19,-7.15256e-08,0.8,-0.6,-0.2
-2.8971e-03,-4,-6,19,15,-7.15256e-08,-0.8,-0.6,-1
-2.8203e-03,-2,2,19,23,-7.15256e-08,0.8,-0.2,-0.2
-2.7435e-03,-2,-6,21,19,-7.15256e-08,-0.8,-0.2,-1
-2.6667e-03,-2,2,23,27,-7.15256e-08,1.6,-0.6,0.2
-2.5899e-03,-4,-6,25,23,0.8,-0.8,-0.2,-0.6
-2.5131e-03,-4,2,27,31,0.8,1.6,-0.2,0.2
-2.4363e-03,-4,-6,31,27,0.8,-0.8,-0.2,-0.6
-2.3594e-03,-2,2,31,35,-7.15256e-08,1.6,0.2,0.6
-2.2826e-03,-2,-6,33,31,0.8,-7.15256e-08,0.2,-0.6
-2.2058e-03,-4,2,35,39,0.8,1.6,0.2,0.6
-2.1290e-03,-2,-6,37,35,0.8,-7.15256e-08,0.2,-0.2
-2.0522e-03,-2,2,39,43,0.8,2.4,0.6,1
-1.9754e-03,-2,-6,43,39,0.8,-7.15256e-08,0.6,-0.2
-1.8986e-03,-2,2,43,47,0.8,2.4,0.6,1
-1.8218e-03,-2,-6,47,43,0.8,-7.15256e-08,0.6,0.2
-1.7450e-03,-4,2,47,51,1.6,2.4,0.6,1.4
-1.6682e-03,-2,-6,49,47,1.6,-7.15256e-08,0.6,0.2
-1.5914e-03,-4,2,51,55,1.6,2.4,1,1.4
-1.5146e-03,-2,-6,55,51,1.6,0.8,1,0.6
-1.4378e-03,-4,2,55,59,1.6,2.4,1,1.4
-1.3610e-03,-1.3411e-07,-6,57,53,2.4,0.8,1,0.6
-1.2842e-03,-2,2,59,63,1.6,2.4,1.4,1.8
-1.2074e-03,-2,-6,61,57,1.6,0.8,1.4,0.6
-1.1306e-03,-4,2,63,65,2.4,3.2,1.4,1.8
-1.0538e-03,-4,-6,63,61,2.4,0.8,1.4,1
-9.7696e-04,-2,2,65,69,2.4,3.2,1.4,1.8
-9.0015e-04,-4,-6,65,65,2.4,1.6,1.4,1
-8.2335e-04,-2,2,67,71,2.4,3.2,1.4,2.2
-7.4654e-04,-2,-6,69,67,2.4,1.6,1.8,1.4
-6.6974e-04,-4,2,71,73,2.4,3.2,1.8,2.2
-5.9293e-04,-2,-6,71,69,2.4,1.6,1.8,1.4
-5.1613e-04,-2,2,73,79,2.4,4,1.8,2.2
-4.3932e-04,-4,-6,73,-3,2.4,1.6,2.2,-1
-3.6252e-04,-4,2,25,75,3.2,5.6,0.6,2.2
-2.8571e-04,-2,-6,-1,-3,5.6,4,-0.2,-1
-2.0891e-04,-4,2,17,21,5.6,6.4,0.2,0.6
-1.3210e-04,-2,-6,11,1,5.6,4.8,-0.2,-0.6
-5.5300e-05,-2,2,5,15,7.2,8.8,-0.2,0.6
2.1505e-05,-6,-6,5,-1,8,7.2,0.2,-0.6
9.8310e-05,-4,2,5,13,8,9.6,0.2,0.6
1.7512e-04,-4,-6,3,-1,8.8,8,0.2,-0.6
2.5192e-04,-2,2,11,29,9.6,11.2,-0.2,0.6
3.2873e-04,-2,-6,29,15,9.6,8.8,0.6,-0.6
4.0553e-04,-4,2,25,31,10.4,12,0.2,0.6
4.8233e-04,-2,-6,15,5,12,10.4,0.2,-0.6
5.5914e-04,-2,2,11,19,12,13.6,0.2,0.6
6.3594e-04,-2,-6,7,-11,12.8,12,0.2,-0.6
7.1275e-04,-2,2,-3,9,13.6,15.2,0.2,0.6
7.8955e-04,-2,-6,-9,-13,13.6,12.8,-0.2,-0.2
8.6636e-04,-4,2,-3,5,14.4,16,0.2,0.6
9.4316e-04,-2,-6,3,-3,15.2,14.4,0.2,-0.2
1.0200e-03,-4,2,3,7,16,17.6,0.2,1
1.0968e-03,-2,-6,-1,-3,16,15.2,0.2,-0.2
1.1736e-03,-4,2,1,5,17.6,18.4,0.2,0.6
1.2504e-03,-2,-6,3,-3,17.6,16.8,0.2,-0.2
1.3272e-03,-4,2,-1,5,17.6,19.2,0.2,0.6
1.4040e-03,-4,-8,-1,-3,18.4,17.6,0.2,-0.2
1.4808e-03,-2,2,-1,3,20,20.8,0.6,1
1.5576e-03,-2,-6,1,-3,20,18.4,0.6,0.2
1.6344e-03,-1.3411e-07,2,-1,3,20.8,21.6,0.6,1
1.7112e-03,-4,-6,-1,-3,20.8,19.2,0.6,0.2
1.7880e-03,-2,2,1,3,20.8,22.4,0.6,1
1.8648e-03,-4,-6,1,-3,21.6,20.8,1,0.2
1.9416e-03,-4,2,-1,3,21.6,23.2,0.6,1
2.0184e-03,-2,-6,-1,-3,22.4,20.8,0.6,0.2
2.0952e-03,-2,2,1,3,23.2,24,0.6,1
2.1720e-03,-1.3411e-07,-6,1,-1,23.2,21.6,0.6,0.2
2.2488e-03,-2,2,1,3,23.2,24.8,0.6,1.4
2.3257e-03,-2,-6,1,-3,23.2,22.4,1,0.2
2.4025e-03,-4,2,1,3,23.2,24.8,0.6,1.4
2.4793e-03,-2,-6,1,-3,24,23.2,1,0.2
2.5561e-03,-2,2,1,3,24,25.6,1,1.4
2.6329e-03,-4,-6,1,-1,24.8,23.2,0.6,0.2
2.7097e-03,-2,2,1,3,24.8,25.6,1,1.4
2.7865e-03,-2,-6,-1,-3,24.8,24,1,0.6
2.8633e-03,-2,2,-1,3,24.8,26.4,1,1.4
2.9401e-03,-2,-6,-1,-3,24.8,24,1,0.6
3.0169e-03,-4,2,1,3,24.8,26.4,1,1.4
3.0937e-03,-2,-6,1,-1,25.6,24,1,0.6
3.1705e-03,-2,2,1,3,25.6,26.4,1,1.4
3.2473e-03,-4,-6,1,-1,25.6,24,1,0.6
3.3241e-03,-2,2,1,3,25.6,26.4,1,1.8
3.4009e-03,-4,-6,1,-3,25.6,24.8,1,0.6
3.4777e-03,-4,2,1,3,25.6,26.4,1,1.8
3.5545e-03,-2,-6,-1,-1,25.6,24,1,0.6
3.6313e-03,-1.3411e-07,2,1,3,25.6,26.4,1.4,1.8
3.7081e-03,-2,-6,1,-3,25.6,24,1,0.6
3.7849e-03,-4,2,1,3,25.6,26.4,1,1.8
3.8618e-03,-4,-6,-1,-1,25.6,24,1.4,0.6
3.9386e-03,-2,2,1,3,24.8,26.4,1.4,1.8
4.0154e-03,-4,-6,1,-1,24.8,24,1.4,0.6
4.0922e-03,-2,2,1,3,25.6,26.4,1.4,1.8
4.1690e-03,-2,-6,1,-3,24.8,23.2,1.4,0.6
4.2458e-03,-2,2,-1,3,24.8,25.6,1.4,1.8
4.3226e-03,-2,-6,-1,-1,24,23.2,1.4,1
4.3994e-03,-2,2,1,3,24,25.6,1.4,1.8
4.4762e-03,-2,-6,1,-1,24,22.4,1,1
4.5530e-03,-2,2,-1,3,23.2,24.8,1.4,1.8
4.6298e-03,-4,-6,1,-1,24,21.6,1.4,1
4.7066e-03,-4,2,1,3,23.2,24,1.8,1.8
4.7834e-03,-2,-6,1,-1,22.4,20.8,1.4,1
4.8602e-03,-4,2,1,3,22.4,24,1.4,1.8
4.9370e-03,-4,-6,-1,-1,21.6,20,1.4,1
5.0138e-03,-2,2,1,3,21.6,23.2,1.8,1.8
5.0906e-03,-2,-6,1,-1,20.8,19.2,1.4,1
5.1674e-03,-2,2,-1,3,20.8,22.4,1.4,1.8
5.2442e-03,-2,-6,1,-1,20.8,18.4,1.4,1
5.3210e-03,-4,2,1,3,20,21.6,1.4,1.8
5.3978e-03,-2,-6,1,-1,19.2,17.6,1.4,1
5.4747e-03,-2,2,1,3,19.2,20,1.4,1.8
5.5515e-03,-2,-6,1,-1,18.4,16,1.4,1
5.6283e-03,-2,2,-1,3,17.6,19.2,1.4,1.8
5.7051e-03,-2,-6,-1,-3,16.8,15.2,1.4,1
5.7819e-03,-2,2,1,3,16.8,18.4,1.4,1.8
5.8587e-03,-4,-6,1,-1,16,14.4,1.4,1
5.9355e-03,-2,2,1,3,16,16.8,1.4,1.8
6.0123e-03,-2,-6,-1,-1,15.2,12.8,1.4,1
6.0891e-03,-2,2,1,3,14.4,16,1.4,1.8
6.1659e-03,-4,-6,-1,-3,13.6,12,1.4,1
6.2427e-03,-4,2,1,3,12.8,14.4,1.4,1.8
6.3195e-03,-2,-6,-1,-3,12.8,10.4,1.4,1
6.3963e-03,-2,2,1,3,12,13.6,1.4,1.8
6.4731e-03,-2,-6,1,-3,12,9.6,1.4,1
6.5499e-03,-2,2,-1,3,11.2,12.8,1.4,1.8
6.6267e-03,-2,-6,1,-3,10.4,8,1.4,1
6.7035e-03,-4,2,-1,3,9.6,11.2,1.4,1.8
6.7803e-03,-2,-6,-1,-3,9.6,7.2,1.4,1
6.8571e-03,-4,2,-1,3,8.8,10.4,1.4,1.8
6.9339e-03,-2,-6,-1,-3,8,6.4,1.4,1
7.0108e-03,-4,2,-1,3,7.2,8.8,1.4,1.8
7.0876e-03,-4,-6,-1,-3,7.2,4.8,1.4,0.6
7.1644e-03,-4,2,-1,3,6.4,8,1.4,1.8
7.2412e-03,-4,-6,-1,-3,5.6,3.2,1.4,1
7.3180e-03,-2,2,-1,1,4.8,6.4,1,1.8
7.3948e-03,-4,-6,-1,-3,4.8,2.4,1.4,0.6
7.4716e-03,-4,2,-1,3,4,5.6,1.4,1.8
7.5484e-03,-2,-6,1,-3,3.2,0.8,1.4,0.6
7.6252e-03,-4,2,-1,3,2.4,4,1,1.8
7.7020e-03,-4,-6,-1,-3,2.4,-7.15256e-08,1,0.6
7.7788e-03,-2,2,-1,3,1.6,2.4,1.4,1.8
7.8556e-03,-4,-6,-1,-3,0.8,-1.6,1,0.6
7.9324e-03,-2,2,-1,1,-7.15256e-08,1.6,1,1.8
8.0092e-03,-2,-6,-1,-3,-0.8,-3.2,1.4,0.6
8.0860e-03,-2,2,-1,3,-0.8,-7.15256e-08,1,1.8
8.1628e-03,-2,-6,-1,-3,-1.6,-4,1.4,0.6
8.2396e-03,-2,2,1,3,-3.2,-0.8,1,1.4
8.3164e-03,-2,-6,-1,-3,-3.2,-5.6,1,0.6
8.3932e-03,-2,2,-1,1,-3.2,-2.4,1.4,1.4
8.4700e-03,-4,-6,-1,-3,-4.8,-7.2,1,0.6
8.5469e-03,-2,2,-1,1,-4.8,-4,1,1.4
8.6237e-03,-4,-6,-1,-3,-5.6,-8,1,0.6
8.7005e-03,-4,2,-1,1,-6.4,-4.8,1,1.4
8.7773e-03,-4,-6,-1,-3,-7.2,-9.6,1,0.2
8.8541e-03,-4,2,-1,1,-8,-6.4,1,1.4
8.9309e-03,-2,-6,-1,-3,-8,-11.2,1,0.2
9.0077e-03,-4,2,-1,1,-8.8,-7.2,1,1.4
9.0845e-03,-2,-6,-1,-3,-9.6,-12,1,0.2
9.1613e-03,-2,2,-1,1,-10.4,-8.8,0.6,1.4
9.2381e-03,-2,-6,-1,-3,-10.4,-12.8,0.6,0.2
9.3149e-03,-4,2,-1,1,-11.2,-9.6,0.6,1
9.3917e-03,-4,-6,-1,-3,-12,-14.4,0.6,0.2
9.4685e-03,-4,2,-1,1,-12.8,-11.2,0.6,1
9.5453e-03,-2,-6,-1,-3,-13.6,-15.2,0.6,0.2
9.6221e-03,-2,2,-1,1,-14.4,-12,0.6,1
9.6989e-03,-2,-6,-1,-3,-14.4,-16.8,0.6,0.2
9.7757e-03,-4,2,-1,1,-15.2,-13.6,0.6,1
9.8525e-03,-4,-6,-1,-5,-16,-17.6,0.6,0.2
9.9293e-03,-2,2,-3,1,-16,-14.4,0.2,1
1.0006e-02,-1.3411e-07,-6,-1,-3,-16.8,-19.2,0.6,-0.2
1.0083e-02,-2,2,-1,1,-17.6,-16,0.6,1
1.0160e-02,-2,-6,-1,-5,-18.4,-20,0.2,-0.2
1.0237e-02,-2,2,-3,1,-18.4,-16.8,0.2,1
1.0313e-02,-4,-6,-1,-5,-19.2,-21.6,0.2,-0.2
1.0390e-02,-4,2,-3,1,-20,-18.4,0.6,0.6
1.0467e-02,-4,-6,-3,-5,-20,-22.4,0.2,-0.2
1.0544e-02,-4,2,-3,1,-20,-19.2,0.2,0.6
1.0621e-02,-2,-6,-3,-5,-21.6,-23.2,0.2,-0.2
1.0697e-02,-4,2,-3,1,-21.6,-20,0.2,0.6
1.0774e-02,-4,-6,-3,-5,-22.4,-24,0.2,-0.6
1.0851e-02,-2,2,-1,1,-23.2,-21.6,0.2,0.6
1.0928e-02,-6,-6,-3,-5,-23.2,-24.8,0.2,-0.6
1.1005e-02,-2,2,-3,1,-24,-22.4,-0.2,0.6
1.1081e-02,-2,-6,-1,-5,-24,-25.6,0.2,-0.6
1.1158e-02,-2,2,-3,1,-24.8,-23.2,0.2,0.6
1.1235e-02,-4,-6,-1,-5,-24.8,-26.4,-0.2,-0.6
1.1312e-02,-4,2,-1,1,-25.6,-24,-0.2,0.6
1.1389e-02,-2,-6,-3,-5,-26.4,-27.2,-0.2,-0.6
1.1465e-02,-2,2,-3,1,-25.6,-24.8,-0.2,0.2
1.1542e-02,-2,-6,-1,-5,-26.4,-28,-0.2,-0.6
1.1619e-02,-2,2,-3,1,-26.4,-25.6,-0.2,0.2
1.1696e-02,-2,-6,-3,-5,-27.2,-28.8,-0.2,-0.6
1.1773e-02,-4,2,-3,-1,-27.2,-26.4,-0.2,0.2
1.1849e-02,-4,-6,-3,-5,-27.2,-28.8,-0.6,-1
1.1926e-02,-4,2,-3,-1,-28,-26.4,-0.2,0.2
1.2003e-02,-2,-6,-3,-5,-28,-29.6,-0.2,-1
1.2080e-02,-2,2,-3,-1,-28,-27.2,-0.2,0.2
1.2157e-02,-4,-6,-3,-5,-28,-29.6,-0.2,-1
1.2233e-02,-2,2,-3,-1,-28,-27.2,-0.6,-0.2
1.2310e-02,-2,-8,-3,-5,-28.8,-29.6,-0.2,-1
1.2387e-02,-4,2,-3,-1,-28.8,-28,-0.6,-0.2
1.2464e-02,-4,-6,-3,-5,-28.8,-30.4,-0.6,-1
1.2541e-02,-4,2,-3,-1,-28.8,-28,-0.6,-0.2
1.2618e-02,-4,-8,-3,-5,-28.8,-30.4,-0.6,-1
1.2694e-02,-2,2,-3,-1,-28.8,-28,-0.6,-0.2
1.2771e-02,-2,-6,-3,-5,-28.8,-30.4,-0.6,-1
1.2848e-02,-4,2,-3,-1,-29.6,-28,-0.6,-0.2
1.2925e-02,-4,-6,-3,-5,-28.8,-30.4,-0.6,-1.4
1.3002e-02,-2,2,-3,-1,-29.6,-28,-0.6,-0.2
1.3078e-02,-2,-6,-3,-5,-29.6,-30.4,-0.6,-1.4
1.3155e-02,-2,2,-3,-1,-29.6,-28,-0.6,-0.2
1.3232e-02,-4,-6,-3,-5,-29.6,-30.4,-0.6,-1.4
1.3309e-02,-4,2,-5,-1,-28.8,-28,-0.6,-0.2
1.3386e-02,-4,-6,-3,-5,-29.6,-30.4,-0.6,-1.4
1.3462e-02,-2,2,-3,-1,-28.8,-28,-1,-0.2
1.3539e-02,-2,-6,-3,-5,-28.8,-29.6,-1,-1.4
1.3616e-02,-2,2,-3,-1,-28.8,-28,-1,-0.2
1.3693e-02,-4,-6,-3,-7,-28.8,-29.6,-0.6,-1.4
1.3770e-02,-4,2,-3,-1,-28.8,-27.2,-0.6,-0.2
1.3846e-02,-2,-6,-3,-5,-28.8,-29.6,-1,-1.4
1.3923e-02,-4,2,-3,-1,-28,-27.2,-1,-0.6
1.4000e-02,-4,-6,-3,-5,-28,-28.8,-1,-1.4
1.4077e-02,-2,2,-3,-1,-27.2,-26.4,-1,-0.6
1.4154e-02,-2,-6,-3,-5,-28,-28.8,-1,-1.8
1.4230e-02,-2,2,-3,-1,-27.2,-26.4,-1,-0.6
1.4307e-02,-2,-6,-3,-5,-27.2,-28,-1,-1.4
1.4384e-02,-4,2,-3,-1,-27.2,-25.6,-1,-0.6
1.4461e-02,-2,-6,-5,-5,-26.4,-27.2,-1,-1.8
1.4538e-02,-4,2,-3,-1,-26.4,-24.8,-1,-0.6
1.4614e-02,-4,-6,-3,-5,-25.6,-26.4,-1,-1.8
1.4691e-02,-4,2,-3,-1,-25.6,-24,-1.4,-0.6
1.4768e-02,-4,-6,-3,-7,-25.6,-26.4,-1,-1.8
1.4845e-02,-4,2,-3,-1,-24.8,-23.2,-1,-0.6
1.4922e-02,-2,-6,-3,-5,-24,-24.8,-1,-1.8
1.4998e-02,-2,2,-3,-1,-24,-22.4,-1,-0.6
1.5075e-02,-6,-6,-5,-5,-23.2,-24,-0.6,-1.8
1.5152e-02,-4,2,-3,-1,-23.2,-21.6,-1,-0.6
1.5229e-02,-4,-6,-3,-5,-22.4,-23.2,-1,-1.8
1.5306e-02,-2,2,-5,-1,-21.6,-20,-1,-0.6
1.5382e-02,-2,-6,-3,-5,-21.6,-22.4,-1,-1.8
1.5459e-02,-2,2,-3,-1,-20.8,-19.2,-1,-0.6
1.5536e-02,-2,-6,-3,-5,-20.8,-21.6,-1,-1.8
1.5613e-02,-2,2,-3,-1,-19.2,-18.4,-1,-0.6
1.5690e-02,-4,-6,-3,-5,-19.2,-20,-1.4,-1.8
1.5767e-02,-2,2,-3,-1,-18.4,-16.8,-1.4,-0.6
1.5843e-02,-4,-6,-3,-5,-17.6,-18.4,-1,-1.8
1.5920e-02,-4,2,-3,-1,-17.6,-16,-1.4,-0.6
1.5997e-02,-4,-6,-3,-5,-16.8,-17.6,-1,-1.8
1.6074e-02,-2,2,-3,-1,-16,-14.4,-1,-0.6
1.6151e-02,-4,-6,-3,-5,-15.2,-16.8,-1.4,-1.8
1.6227e-02,-4,2,-3,-1,-14.4,-13.6,-1.4,-0.6
1.6304e-02,-4,-6,-3,-5,-14.4,-15.2,-1,-1.8
1.6381e-02,-4,2,-3,-1,-13.6,-12,-1.4,-0.6
1.6458e-02,-4,-6,-3,-5,-12.8,-13.6,-1,-1.8
1.6535e-02,-2,2,-3,-1,-12,-10.4,-1,-0.6
1.6611e-02,-4,-6,-3,-5,-11.2,-12.8,-1,-1.8
1.6688e-02,-2,2,-3,-1,-10.4,-9.6,-1,-0.6
1.6765e-02,-2,-8,-3,-5,-10.4,-11.2,-1,-1.8
1.6842e-02,-4,2,-3,1,-9.6,-8,-1,-0.6
1.6919e-02,-2,-6,-1,-5,-8.8,-10.4,-1,-1.8
1.6995e-02,-4,2,-3,-1,-8,-7.2,-1,-0.6
1.7072e-02,-4,-6,-3,-5,-8,-8.8,-1,-1.8
1.7149e-02,-4,2,-3,-1,-7.2,-5.6,-1,-0.6
1.7226e-02,-2,-6,-3,-5,-6.4,-8,-1,-1.8
1.7303e-02,-2,2,-3,1,-5.6,-4,-1,-0.6
1.7379e-02,-2,-6,-3,-5,-4.8,-6.4,-1,-1.4
1.7456e-02,-2,2,-3,-1,-4.8,-3.2,-1,-0.6
1.7533e-02,-2,-6,-3,-5,-4,-4.8,-1,-1.4
1.7610e-02,-4,2,-3,-1,-3.2,-1.6,-1,-0.6
1.7687e-02,-2,-6,-3,-5,-2.4,-3.2,-1,-1.4
1.7763e-02,-2,2,-3,1,-2.4,-7.15256e-08,-1,-0.6
1.7840e-02,-2,-6,-3,-5,-0.8,-2.4,-0.6,-1.4
1.7917e-02,-2,2,-3,1,-0.8,0.8,-0.6,-0.2
1.7994e-02,-4,-6,-3,-5,-7.15256e-08,-0.8,-1,-1.4
1.8071e-02,-4,2,-3,-1,0.8,2.4,-1,-0.2
1.8147e-02,-2,-6,-3,-5,1.6,0.8,-1,-1.4
1.8224e-02,-2,2,-3,1,2.4,3.2,-0.6,-0.2
1.8301e-02,-2,-6,-3,-5,2.4,1.6,-0.6,-1.4
1.8378e-02,-4,2,-3,1,3.2,4.8,-0.6,-0.2
1.8455e-02,-2,-6,-3,-5,4,3.2,-0.6,-1.4
1.8531e-02,-4,2,-3,1,4.8,6.4,-0.6,-0.2
1.8608e-02,-4,-6,-3,-5,5.6,4.8,-0.6,-1
1.8685e-02,-2,2,-3,1,5.6,7.2,-0.6,-0.2
1.8762e-02,-2,-6,-1,-5,6.4,5.6,-0.6,-1
1.8839e-02,-2,2,-3,1,7.2,8.8,-0.6,-0.2
1.8916e-02,-4,-6,-1,-5,8.8,7.2,-0.6,-1
1.8992e-02,-2,2,-3,1,8.8,10.4,-0.6,-0.2
1.9069e-02,-2,-6,-1,-5,9.6,8.8,-0.2,-1
1.9146e-02,-1.3411e-07,2,-1,1,9.6,11.2,-0.6,-0.2
1.9223e-02,-4,-6,-1,-3,10.4,9.6,-0.6,-1
1.9300e-02,-2,2,-1,1,11.2,12.8,-0.2,0.2
1.9376e-02,-2,-6,-3,-3,12,11.2,-0.6,-1
1.9453e-02,-2,2,-1,1,12.8,13.6,-0.2,0.2
1.9530e-02,-2,-6,-1,-5,12.8,12,-0.6,-1
1.9607e-02,-4,2,-3,1,14.4,15.2,-0.2,0.2
1.9684e-02,-2,-6,-1,-3,14.4,13.6,-0.6,-1
1.9760e-02,-2,2,-1,1,14.4,16,-0.2,0.2
1.9837e-02,-2,-6,-1,-3,15.2,14.4,-0.2,-0.6
1.9914e-02,-4,2,-1,1,16,17.6,-0.2,0.2
1.9991e-02,-4,-6,-1,-3,16.8,15.2,-0.2,-0.6
2.0068e-02,-4,2,-1,1,16.8,18.4,-0.2,0.2
2.0144e-02,-2,-6,-1,-3,17.6,16.8,0.2,-0.6
2.0221e-02,-4,2,-1,1,17.6,19.2,-0.2,0.2
2.0298e-02,-2,-6,-1,-3,18.4,17.6,0.2,-0.6
2.0375e-02,-2,2,-1,1,19.2,20.8,-0.2,0.2
2.0452e-02,-2,-6,-1,-3,20,18.4,0.2,-0.6
2.0528e-02,-2,2,-1,1,20.8,21.6,0.2,0.6
2.0605e-02,-2,-6,-1,-3,20.8,19.2,-0.2,-0.6
2.0682e-02,-4,2,-1,1,21.6,22.4,0.2,0.6
2.0759e-02,-2,-6,-1,-3,21.6,20.8,-0.2,-0.6
2.0836e-02,-2,2,-1,1,22.4,24,0.2,0.6
2.0912e-02,-4,-6,-1,-3,22.4,21.6,0.2,-0.2
2.0989e-02,-2,2,-1,1,23.2,24.8,0.2,0.6
2.1066e-02,-4,-6,-1,-3,24,22.4,0.2,-0.2
2.1143e-02,-2,2,-1,1,24,25.6,0.6,0.6
2.1220e-02,-2,-6,-1,-3,24.8,23.2,0.2,-0.2
2.1296e-02,-4,2,-1,1,24.8,26.4,0.2,1
2.1373e-02,-4,-6,-1,-3,25.6,24,0.6,-0.2
2.1450e-02,-2,2,-1,1,25.6,27.2,0.6,1
2.1527e-02,-4,-6,-1,-3,26.4,24.8,0.6,-0.2
2.1604e-02,-2,2,-1,1,26.4,28,0.6,1
2.1680e-02,-4,-6,-1,-3,26.4,25.6,0.6,0.2
2.1757e-02,-2,2,-1,3,27.2,28,0.6,1
2.1834e-02,-2,-6,-1,-3,27.2,26.4,0.6,0.2
2.1911e-02,-4,2,-1,1,27.2,28.8,0.6,1.4
2.1988e-02,-2,-6,-1,-3,28,26.4,0.6,0.2
2.2065e-02,-4,2,1,1,28,28.8,0.6,1
2.2141e-02,-2,-6,-1,-3,28.8,27.2,1,0.2
2.2218e-02,-2,2,1,3,28.8,29.6,0.6,1
2.2295e-02,-4,-6,-1,-3,28.8,27.2,1,0.2
2.2372e-02,-4,2,1,3,28.8,29.6,1,1.4
2.2449e-02,-4,-6,-1,-3,28.8,27.2,1,0.2
2.2525e-02,-2,2,-1,3,28.8,30.4,1,1.4
2.2602e-02,-4,-6,1,-3,29.6,28,1,0.2
2.2679e-02,-2,2,-1,3,28.8,30.4,0.6,1.4
2.2756e-02,-2,-6,-1,-3,29.6,28,1,0.6
2.2833e-02,-2,2,-1,3,29.6,30.4,0.6,1.4
2.2909e-02,-4,-6,1,-3,29.6,28,1,0.6
2.2986e-02,-2,2,-1,3,29.6,30.4,1,1.4
2.3063e-02,-2,-6,1,-3,29.6,28,1,0.6
2.3140e-02,-2,2,1,3,29.6,30.4,1,1.4
2.3217e-02,-2,-6,-1,-3,29.6,28,1,0.6
2.3293e-02,-4,2,1,3,29.6,30.4,1.4,1.4
2.3370e-02,-2,-6,1,-3,28.8,28,1.4,0.6
2.3447e-02,-4,2,1,3,29.6,30.4,1,1.4
2.3524e-02,-2,-6,1,-1,28.8,28,1.4,0.6
2.3601e-02,-2,2,1,3,29.6,30.4,1,1.8
2.3677e-02,-2,-6,1,-3,28.8,27.2,1,0.6
2.3754e-02,-2,2,-1,3,28.8,29.6,1,1.8
2.3831e-02,-2,-6,1,-1,28.8,27.2,1.4,0.6
2.3908e-02,-4,2,1,3,28.8,29.6,1.4,1.8
2.3985e-02,-2,-6,1,-3,28.8,26.4,1.4,0.6
2.4061e-02,-2,2,-1,3,28,29.6,1,1.8
2.4138e-02,-4,-6,1,-3,28,26.4,1.4,0.6
2.4215e-02,-2,2,1,3,27.2,28.8,1.4,1.8
2.4292e-02,-4,-6,1,-1,27.2,25.6,1.4,1
2.4369e-02,-1.3411e-07,2,1,3,27.2,28,1.4,1.8
2.4445e-02,-2,-6,1,-1,26.4,24.8,1.4,1
2.4522e-02,-2,2,-1,3,27.2,28,1.4,1.8
2.4599e-02,-2,-6,1,-1,25.6,24.8,1.4,1
2.4676e-02,-1.3411e-07,2,-1,3,25.6,27.2,1,1.8
2.4753e-02,-4,-6,-1,-3,25.6,23.2,1.4,1
2.4829e-02,-4,2,-1,3,24.8,26.4,1.4,1.8
2.4906e-02,-2,-6,1,-1,24.8,22.4,1.4,1
2.4983e-02,-4,2,1,3,24,25.6,1.4,1.8
2.5060e-02,-1.3411e-07,-6,1,-3,24,21.6,1.4,1
2.5137e-02,-2,2,1,3,23.2,24.8,1.4,1.8
2.5214e-02,-4,-6,-1,-3,22.4,20.8,1.4,1
2.5290e-02,-2,2,1,3,22.4,24,1,1.8
2.5367e-02,-2,-6,1,-3,21.6,19.2,1.4,0.6
2.5444e-02,-2,2,1,3,20.8,22.4,1.4,1.8
2.5521e-02,-2,-6,1,-3,20.8,18.4,1.4,1
2.5598e-02,-4,2,1,3,20,21.6,1.4,1.8
2.5674e-02,-2,-6,1,-3,19.2,17.6,1.4,1
2.5751e-02,-2,2,-1,3,19.2,20,1.4,1.8
2.5828e-02,-4,-6,1,-3,18.4,16,1.4,1
2.5905e-02,-2,2,1,3,17.6,19.2,1.4,1.8
2.5982e-02,-2,-6,1,-3,16.8,15.2,1.4,1
2.6058e-02,-4,2,1,3,16.8,17.6,1.4,1.8
2.6135e-02,-4,-6,1,-3,16,13.6,1.4,1
2.6212e-02,-4,2,1,3,15.2,16.8,1.4,1.8
2.6289e-02,-2,-6,-1,-3,14.4,12.8,1.4,1
2.6366e-02,-4,2,1,3,13.6,16,1.4,1.8
2.6442e-02,-2,-6,-1,-3,13.6,11.2,1.4,1
2.6519e-02,-1.3411e-07,2,-1,3,12.8,14.4,1.4,1.8
2.6596e-02,-4,-6,-1,-3,12,9.6,1.4,1
2.6673e-02,-2,2,-1,3,12,12.8,1.4,1.8
2.6750e-02,-2,-6,1,-3,10.4,8.8,1.4,1
2.6826e-02,-2,2,1,3,10.4,12,1.4,1.8
2.6903e-02,-2,-6,-1,-3,9.6,7.2,1.4,1
2.6980e-02,-2,2,-1,1,8.8,10.4,1.4,1.8
2.7057e-02,-4,-6,-1,-3,8,6.4,1,1
2.7134e-02,-2,2,-1,1,7.2,8.8,1.4,1.8
2.7210e-02,-2,-6,-1,-3,7.2,4.8,1.4,0.6
2.7287e-02,-2,2,-1,3,6.4,8,1.4,1.8
2.7364e-02,-4,-6,-1,-3,5.6,4,1.4,1
2.7441e-02,-1.3411e-07,2,1,1,4.8,6.4,1.4,1.8
2.7518e-02,-4,-6,1,-3,4,2.4,1.4,0.6
2.7594e-02,-4,2,-1,1,4,5.6,1.4,1.8
2.7671e-02,-2,-6,-1,-3,3.2,0.8,1.4,0.6
2.7748e-02,-4,2,-1,1,3.2,4,1.4,1.8
2.7825e-02,-4,-6,-1,-3,2.4,-7.15256e-08,1.4,0.6
2.7902e-02,-2,2,-1,1,1.6,2.4,1,1.8
2.7978e-02,-2,-6,-1,-3,-7.15256e-08,-1.6,1.4,0.6
2.8055e-02,-2,2,-1,1,-7.15256e-08,1.6,1,1.4
2.8132e-02,-2,-6,-1,-3,-7.15256e-08,-3.2,1,0.6
2.8209e-02,-2,2,-1,1,-1.6,-7.15256e-08,1.4,1.4
2.8286e-02,-2,-6,-1,-3,-2.4,-4.8,1,0.6
2.8363e-02,-2,2,-1,1,-2.4,-1.6,1,1.4
2.8439e-02,-2,-6,-1,-3,-3.2,-5.6,1,0.6
2.8516e-02,-2,2,-1,1,-4,-2.4,1,1.4
2.8593e-02,-4,-6,-1,-3,-4.8,-7.2,1,0.6
2.8670e-02,-2,2,-1,1,-5.6,-4,1,1.4
2.8747e-02,-4,-6,-3,-3,-6.4,-8.8,1,0.2
2.8823e-02,-2,2,-3,1,-6.4,-4.8,1,1.4
2.8900e-02,-2,-6,-1,-3,-8,-9.6,1,0.2
2.8977e-02,-2,2,-1,1,-8,-6.4,0.6,1.4
2.9054e-02,-4,-6,-1,-3,-8.8,-11.2,0.6,0.2
2.9131e-02,-4,2,-1,1,-8.8,-8,0.6,1.4
2.9207e-02,-2,-6,-1,-3,-10.4,-12,0.6,0.2
2.9284e-02,-4,2,-1,1,-10.4,-8.8,0.6,1
2.9361e-02,-2,-6,-3,-3,-11.2,-13.6,0.6,0.2
2.9438e-02,-4,2,-1,1,-12,-10.4,0.6,1
2.9515e-02,-2,-6,-1,-3,-12.8,-14.4,0.6,0.2
2.9591e-02,-4,2,-1,1,-12.8,-11.2,0.2,1
2.9668e-02,-2,-6,-1,-3,-13.6,-16,0.6,0.2
2.9745e-02,-2,2,-3,1,-14.4,-12.8,0.6,1
2.9822e-02,-2,-6,-3,-3,-14.4,-16.8,0.6,0.2
2.9899e-02,-2,2,-1,1,-15.2,-13.6,0.6,1
2.9975e-02,-2,-6,-1,-5,-16,-18.4,0.2,-0.2
3.0052e-02,-2,2,-1,1,-16,-15.2,0.2,1
3.0129e-02,-2,-6,-1,-5,-16.8,-19.2,0.6,-0.2
3.0206e-02,-2,2,-1,1,-17.6,-16,0.2,1
3.0283e-02,-2,-6,-1,-3,-17.6,-20,0.6,-0.2
3.0359e-02,-4,2,-1,1,-18.4,-17.6,0.6,0.6
3.0436e-02,-2,-6,-1,-5,-19.2,-21.6,0.2,-0.2
3.0513e-02,-4,2,-3,1,-20,-18.4,0.2,1
3.0590e-02,-2,-6,-3,-5,-20.8,-22.4,0.6,-0.2
3.0667e-02,-4,2,-3,1,-20.8,-19.2,0.2,0.6
3.0743e-02,-2,-6,-3,-5,-21.6,-23.2,0.2,-0.6
3.0820e-02,-2,2,-3,1,-22.4,-20.8,0.2,0.6
3.0897e-02,-4,-8,-1,-5,-22.4,-24.8,0.2,-0.6
3.0974e-02,-2,2,-3,1,-22.4,-21.6,0.2,0.6
3.1051e-02,-2,-6,-3,-5,-24,-24.8,-0.2,-0.6
3.1127e-02,-4,2,-3,1,-24,-22.4,-0.2,0.6
3.1204e-02,-1.3411e-07,-6,-3,-5,-24,-25.6,-0.2,-0.6
3.1281e-02,-2,2,-3,1,-24.8,-23.2,-0.2,0.6
3.1358e-02,-2,-6,-3,-5,-24.8,-26.4,0.2,-0.6
3.1435e-02,-2,2,-3,1,-25.6,-24,0.2,0.6
3.1512e-02,-2,-6,-1,-5,-25.6,-27.2,-0.2,-0.6
3.1588e-02,-2,2,-3,1,-25.6,-24.8,0.2,0.2
3.1665e-02,-2,-6,-3,-5,-26.4,-28,-0.2,-1
3.1742e-02,-2,2,-1,-1,-26.4,-25.6,-0.2,0.2
3.1819e-02,-4,-6,-3,-5,-27.2,-28,-0.2,-1
3.1896e-02,-2,2,-3,-1,-27.2,-26.4,-0.2,0.2
3.1972e-02,-2,-6,-3,-5,-27.2,-28.8,-0.6,-1
3.2049e-02,-4,2,-3,1,-27.2,-26.4,-0.2,0.2
3.2126e-02,-2,-6,-3,-5,-28,-28.8,-0.2,-1
3.2203e-02,-4,2,-3,-1,-28,-27.2,-0.6,0.2
3.2280e-02,-4,-6,-3,-5,-28,-29.6,-0.2,-1
3.2356e-02,-4,2,-3,-1,-28,-27.2,-0.6,-0.2
3.2433e-02,-4,-6,-3,-5,-28.8,-29.6,-0.6,-1
3.2510e-02,-2,2,-3,-1,-28.8,-27.2,-0.6,-0.2
3.2587e-02,-2,-6,-3,-5,-28.8,-29.6,-0.6,-1
3.2664e-02,-2,2,-3,-1,-28.8,-28,-0.6,-0.2
3.2740e-02,-2,-6,-3,-5,-28,-29.6,-0.6,-1
3.2817e-02,-2,2,-3,-1,-28,-28,-0.6,-0.2
3.2894e-02,-2,-6,-3,-5,-28.8,-30.4,-0.6,-1
3.2971e-02,-2,2,-3,-1,-28.8,-28,-0.6,-0.2
3.3048e-02,-2,-6,-3,-5,-28.8,-30.4,-0.6,-1.4
3.3124e-02,-2,2,-5,-1,-28.8,-28,-0.6,-0.2
3.3201e-02,-4,-6,-3,-5,-28.8,-29.6,-0.6,-1.4
3.3278e-02,-2,2,-3,-1,-28.8,-28,-1,-0.2
3.3355e-02,-2,-6,-5,-5,-28.8,-29.6,-0.6,-1.4
3.3432e-02,-2,2,-3,-1,-28.8,-28,-0.6,-0.2
3.3508e-02,-2,-6,-3,-5,-28.8,-29.6,-1,-1.4
3.3585e-02,-2,2,-3,-1,-28.8,-28,-1,-0.2
3.3662e-02,-2,-6,-3,-5,-28.8,-29.6,-0.6,-1.4
3.3739e-02,-4,2,-3,-1,-28,-27.2,-1,-0.6
3.3816e-02,-4,-6,-3,-5,-28,-29.6,-0.6,-1.4
3.3892e-02,-2,2,-3,-1,-28,-27.2,-1,-0.6
3.3969e-02,-2,-6,-3,-5,-27.2,-28.8,-1,-1.4
3.4046e-02,-2,2,-3,-1,-28,-26.4,-1,-0.6
3.4123e-02,-2,-6,-3,-5,-27.2,-28.8,-1,-1.4
3.4200e-02,-2,2,-3,-1,-27.2,-26.4,-1,-0.6
3.4276e-02,-4,-6,-3,-5,-26.4,-28,-1,-1.4
3.4353e-02,-4,2,-3,-1,-26.4,-25.6,-1,-0.6
3.4430e-02,-2,-6,-3,-5,-26.4,-27.2,-1.4,-1.8
3.4507e-02,-4,2,-3,-1,-26.4,-24.8,-1,-0.6
3.4584e-02,-4,-6,-3,-5,-26.4,-26.4,-1.4,-1.4
3.4661e-02,-2,2,-3,-1,-25.6,-24,-1,-0.6
3.4737e-02,-4,-6,-3,-7,-24.8,-25.6,-1,-1.8
3.4814e-02,-2,2,-3,-1,-24.8,-23.2,-1,-0.6
3.4891e-02,-2,-6,-3,-5,-24.8,-24.8,-1,-1.8
3.4968e-02,-4,2,-5,-1,-23.2,-22.4,-1,-0.6
3.5045e-02,-2,-6,-3,-5,-24,-24,-1,-1.8
3.5121e-02,-2,2,-3,-1,-22.4,-21.6,-1,-0.6
3.5198e-02,-2,-6,-3,-5,-22.4,-23.2,-1,-1.8
3.5275e-02,-4,2,-3,-1,-21.6,-20,-1,-0.6
3.5352e-02,-4,-6,-3,-5,-21.6,-22.4,-1,-1.8
3.5429e-02,-4,2,-3,-1,-20.8,-19.2,-1,-0.6
3.5505e-02,-2,-6,-3,-5,-20,-21.6,-1.4,-1.8
3.5582e-02,-2,2,-3,-1,-20,-18.4,-1.4,-0.6
3.5659e-02,-4,-6,-3,-5,-19.2,-20,-1,-1.8
3.5736e-02,-2,2,-3,-1,-18.4,-16.8,-1,-0.6
3.5813e-02,-2,-6,-3,-5,-18.4,-19.2,-1,-1.8
3.5889e-02,-2,2,-3,-1,-16.8,-16,-1,-0.6
3.5966e-02,-2,-6,-3,-5,-16.8,-17.6,-1.4,-1.8
3.6043e-02,-1.3411e-07,2,-3,-1,-16,-14.4,-1,-0.6
3.6120e-02,-4,-6,-3,-5,-15.2,-16.8,-1,-1.8
3.6197e-02,-2,2,-3,-1,-14.4,-12.8,-1,-0.6
3.6273e-02,-2,-6,-3,-5,-14.4,-15.2,-1.4,-1.8
3.6350e-02,-2,2,-3,1,-13.6,-12,-1,-0.6
3.6427e-02,-2,-6,-3,-5,-12.8,-13.6,-1,-1.8
3.6504e-02,-4,2,-3,-1,-12,-10.4,-1,-0.6
3.6581e-02,-2,-6,-3,-5,-11.2,-12.8,-1,-1.8
3.6657e-02,-2,2,-3,-1,-11.2,-9.6,-1,-0.6
3.6734e-02,-2,-6,-3,-5,-10.4,-11.2,-1,-1.8
3.6811e-02,-4,2,-3,-1,-9.6,-8,-1,-0.6
3.6888e-02,-2,-6,-3,-5,-8.8,-10.4,-1.4,-1.8
3.6965e-02,-2,2,-3,-1,-8.8,-7.2,-1.4,-0.6
3.7041e-02,-2,-6,-3,-5,-8,-8.8,-1,-1.8
3.7118e-02,-4,2,-3,-1,-7.2,-5.6,-1,-0.6
3.7195e-02,-2,-6,-3,-5,-6.4,-8,-1,-1.8
3.7272e-02,-2,2,-3,-1,-5.6,-4.8,-1,-0.6
3.7349e-02,-4,-6,-3,-5,-4.8,-6.4,-1.4,-1.4
3.7425e-02,-2,2,-3,-1,-4.8,-3.2,-1,-0.6
3.7502e-02,-2,-6,-3,-5,-4,-4.8,-1,-1.4
3.7579e-02,-2,2,-3,1,-3.2,-1.6,-1,-0.6
3.7656e-02,-4,-6,-3,-5,-2.4,-4,-1,-1.4
3.7733e-02,-2,2,-3,-1,-1.6,-0.8,-1,-0.6
3.7810e-02,-4,-6,-3,-5,-1.6,-2.4,-1,-1.4
3.7886e-02,-2,2,-3,1,-0.8,0.8,-1,-0.6
3.7963e-02,-4,-6,-3,-5,-7.15256e-08,-0.8,-0.6,-1.4
3.8040e-02,-2,2,-3,-1,0.8,2.4,-1,-0.2
3.8117e-02,-2,-6,-3,-5,0.8,-7.15256e-08,-0.6,-1.4
3.8194e-02,-4,2,-3,-1,1.6,3.2,-1,-0.2
3.8270e-02,-2,-6,-3,-5,2.4,1.6,-0.6,-1.4
3.8347e-02,-4,2,-3,1,3.2,4.8,-0.6,-0.2
3.8424e-02,-4,-6,-3,-5,4,3.2,-0.6,-1.4
3.8501e-02,-2,2,-3,1,4.8,6.4,-0.6,-0.2
3.8578e-02,-4,-6,-3,-5,5.6,4.8,-0.6,-1
3.8654e-02,-2,2,-3,1,5.6,7.2,-0.6,-0.2
3.8731e-02,-2,-6,-3,-5,7.2,5.6,-0.6,-1
3.8808e-02,-2,2,-1,1,7.2,8.8,-0.6,-0.2
3.8885e-02,-2,-6,-3,-5,8,7.2,-0.6,-1
3.8962e-02,-4,2,-3,1,8,9.6,-0.6,0.2
3.9038e-02,-2,-6,-1,-5,9.6,8.8,-0.6,-1
3.9115e-02,-4,2,-1,1,9.6,11.2,-0.6,-0.2
3.9192e-02,-4,-6,-1,-5,10.4,9.6,-0.6,-1
3.9269e-02,-2,2,-3,1,11.2,12.8,-0.2,-0.2
3.9346e-02,-2,-6,-1,-3,11.2,10.4,-0.2,-1
3.9422e-02,-2,2,-1,1,12.8,13.6,-0.2,0.2
3.9499e-02,-2,-6,-1,-3,12.8,12,-0.2,-1
3.9576e-02,-2,2,-1,1,13.6,15.2,-0.2,0.2
3.9653e-02,-2,-6,-1,-3,14.4,13.6,-0.2,-1
3.9730e-02,-2,2,-1,1,14.4,16,-0.2,0.2
3.9806e-02,-4,-6,-1,-3,15.2,14.4,-0.2,-1
3.9883e-02,-2,2,-1,1,16,17.6,-0.6,0.2
3.9960e-02,-2,-6,-1,-3,16.8,15.2,-0.2,-0.6
4.0037e-02,-2,2,-1,1,16.8,18.4,-0.2,0.2
4.0114e-02,-2,-6,-1,-3,17.6,16.8,-0.2,-0.6
4.0190e-02,-2,2,-1,1,18.4,19.2,-0.2,0.2
4.0267e-02,-4,-6,-1,-3,18.4,17.6,0.2,-0.6
4.0344e-02,-2,2,-1,1,19.2,20.8,-0.2,0.6
4.0421e-02,-2,-6,-1,-3,19.2,18.4,-0.2,-0.6
4.0498e-02,-4,2,-1,1,20.8,21.6,-0.2,0.6
4.0575e-02,-2,-6,-1,-11,20.8,19.2,0.2,-0.6
4.0651e-02,-2,2,-7,5,20.8,22.4,0.2,0.6
4.0728e-02,-4,-6,-1,-9,21.6,20,0.2,-0.2
4.0805e-02,-2,2,-3,5,21.6,23.2,0.2,0.6
4.0882e-02,-2,-6,-3,-9,22.4,20.8,0.2,-0.2
4.0959e-02,-2,2,-5,3,23.2,24,0.2,1
4.1035e-02,-1.3411e-07,-6,-1,-7,23.2,21.6,0.6,-0.2
4.1112e-02,-2,2,1,11,23.2,24.8,0.6,1
4.1189e-02,-2,-6,1,-1,24,22.4,0.2,-0.2
4.1266e-02,-4,2,3,5,24,24.8,0.2,1
4.1343e-02,-2,-6,1,-1,23.2,21.6,0.6,-0.2
4.1419e-02,-2,2,-1,3,23.2,24,0.2,0.6
4.1496e-02,-2,-6,1,-5,22.4,20.8,0.2,-0.2
4.1573e-02,-2,2,1,5,22.4,23.2,0.2,1
4.1650e-02,-2,-6,-3,-7,21.6,20,0.2,-0.2
4.1727e-02,-2,2,-5,1,21.6,23.2,0.2,1
4.1803e-02,-2,-6,1,-1,20.8,19.2,0.6,-0.2
4.1880e-02,-4,2,5,9,20.8,22.4,0.2,0.6
4.1957e-02,-2,-6,5,-7,20.8,18.4,0.2,-0.2
4.2034e-02,-2,2,1,9,20,21.6,0.2,1
4.2111e-02,-2,-6,-7,-9,20,17.6,0.2,-0.2
4.2187e-02,-2,2,-5,3,19.2,20,0.2,0.6
4.2264e-02,-2,-6,-1,-1,18.4,16.8,0.2,-0.2
4.2341e-02,-2,2,5,9,17.6,19.2,0.2,1
4.2418e-02,-2,-6,3,-7,18.4,16,0.2,-0.2
4.2495e-02,-2,2,-1,7,17.6,18.4,0.2,0.6
4.2571e-02,-2,-6,-5,-7,16.8,15.2,0.2,-0.2
4.2648e-02,-2,2,-3,1,16.8,17.6,0.2,0.6
4.2725e-02,-2,-6,1,-1,16,13.6,0.2,-0.2
4.2802e-02,-2,2,3,7,15.2,16.8,0.2,0.6
4.2879e-02,-2,-6,3,-5,14.4,12.8,0.2,-0.2
4.2955e-02,-2,2,-1,5,14.4,16,0.2,0.6
4.3032e-02,-1.3411e-07,-6,-3,-7,13.6,12,0.2,-0.2
4.3109e-02,-4,2,-3,1,12.8,14.4,0.2,0.6
4.3186e-02,-2,-6,-1,-3,12.8,10.4,0.6,-0.2
4.3263e-02,-4,2,1,5,12,13.6,0.2,1
4.3339e-02,-4,-6,1,-5,11.2,9.6,0.6,-0.2
4.3416e-02,-2,2,1,3,11.2,12,0.2,0.6
4.3493e-02,-2,-6,-3,-5,10.4,8,0.6,-0.2
4.3570e-02,-2,2,-3,1,9.6,11.2,0.2,1
4.3647e-02,-2,-6,-1,-3,8.8,7.2,0.2,-0.2
4.3724e-02,-2,2,1,3,8.8,10.4,0.2,0.6
4.3800e-02,-4,-6,1,-3,8,5.6,0.2,-0.2
4.3877e-02,-2,2,1,3,7.2,8.8,0.2,0.6
4.3954e-02,-4,-6,-1,-5,6.4,4,0.2,-0.2
4.4031e-02,-2,2,-3,1,5.6,7.2,0.2,0.6
4.4108e-02,-2,-6,-3,-5,4.8,2.4,0.2,-0.2
4.4184e-02,-2,2,-1,3,4,5.6,0.2,0.6
4.4261e-02,-2,-6,1,-3,4,0.8,0.2,-0.2
4.4338e-02,-2,2,-1,3,3.2,4.8,0.2,0.6
4.4415e-02,-2,-6,-3,-13,1.6,-0.8,0.2,-0.2
4.4492e-02,-2,2,-3,11,0.8,2.4,0.2,0.6
4.4568e-02,-4,-6,-3,-5,0.8,-0.8,0.2,-0.2
4.4645e-02,-2,2,-1,1,-7.15256e-08,1.6,0.2,0.6
4.4722e-02,-2,-6,1,-3,-7.15256e-08,-0.8,0.2,-0.2
4.4799e-02,-2,2,-1,1,-7.15256e-08,1.6,0.2,0.6
4.4876e-02,-2,-6,-1,-5,0.8,-0.8,0.2,-0.2
4.4952e-02,-4,2,-3,1,0.8,1.6,0.2,0.6
4.5029e-02,-2,-6,-3,-5,0.8,-0.8,0.2,-0.2
4.5106e-02,-2,2,-3,1,0.8,1.6,0.2,0.6
4.5183e-02,-2,-6,-1,-3,0.8,-0.8,0.2,-0.2
4.5260e-02,-2,2,-1,1,-7.15256e-08,1.6,0.2,0.6
4.5336e-02,-2,-6,-1,-5,0.8,-0.8,0.2,-0.2
4.5413e-02,-2,2,-3,1,0.8,1.6,0.2,0.6
4.5490e-02,-2,-6,-3,-5,-7.15256e-08,-0.8,0.6,-0.2
4.5567e-02,-4,2,-3,1,0.8,1.6,0.6,0.6
4.5644e-02,-2,-6,-1,-3,0.8,-0.8,0.2,-0.2
4.5720e-02,-2,2,-1,1,0.8,1.6,0.2,0.6
4.5797e-02,-2,-6,-1,-5,0.8,-0.8,0.2,-0.2
4.5874e-02,-2,2,-3,1,0.8,1.6,0.2,0.6
4.5951e-02,-2,-6,-1,-5,0.8,-0.8,0.2,-0.2
4.6028e-02,-4,2,-3,1,0.8,1.6,0.2,0.6
4.6104e-02,-2,-6,-1,-3,0.8,-0.8,0.2,-0.2
4.6181e-02,-4,2,-1,1,0.8,1.6,0.2,0.6
4.6258e-02,-4,-6,-1,-5,-7.15256e-08,-0.8,0.2,-0.2
4.6335e-02,-4,2,-1,1,0.8,1.6,0.6,0.6
4.6412e-02,-2,-6,-1,-5,0.8,-0.8,0.2,-0.2
4.6488e-02,-2,2,-3,1,-7.15256e-08,1.6,0.6,0.6
4.6565e-02,-2,-6,-1,-3,0.8,-0.8,0.2,-0.2
4.6642e-02,-2,2,-1,1,0.8,1.6,0.2,0.6
4.6719e-02,-2,-6,-1,-5,0.8,-0.8,0.2,-0.2
4.6796e-02,-2,2,-3,1,0.8,1.6,0.2,0.6
4.6873e-02,-2,-6,-3,-5,0.8,-0.8,0.2,-0.2
4.6949e-02,-4,2,-3,1,0.8,1.6,0.2,0.6
4.7026e-02,-4,-6,-3,-5,-7.15256e-08,-0.8,0.2,-0.2
4.7103e-02,-4,2,-1,1,0.8,1.6,0.2,0.6
4.7180e-02,-1.3411e-07,-6,-1,-5,0.8,-0.8,0.2,-0.2
4.7257e-02,-1.3411e-07,2,-1,1,0.8,1.6,0.2,0.6
4.7333e-02,-2,-6,-1,-9,0.8,-0.8,0.2,-0.2
4.7410e-02,-2,2,-1,15,0.8,1.6,0.2,0.6
4.7487e-02,-1.3411e-07,-6,-1,-3,0.8,-0.8,0.2,-0.2
4.7564e-02,-2,2,-1,1,0.8,1.6,-0.2,0.6
4.7641e-02,-4,-6,-1,-3,-7.15256e-08,-0.8,0.2,-0.2
4.7717e-02,-2,2,-1,1,0.8,1.6,0.2,0.6
4.7794e-02,-2,-6,-1,-3,0.8,-0.8,0.2,-0.2
4.7871e-02,-2,2,-1,1,0.8,1.6,0.2,0.6
4.7948e-02,-2,-6,-1,-3,0.8,-0.8,0.2,-0.2
4.8025e-02,-2,2,-1,3,0.8,1.6,0.2,0.6
4.8101e-02,-4,-6,-1,-3,0.8,-0.8,0.2,-0.2
4.8178e-02,-4,2,-1,1,0.8,1.6,0.2,0.6
4.8255e-02,-4,-6,-1,-3,-7.15256e-08,-0.8,0.2,-0.2
4.8332e-02,-2,2,1,3,0.8,1.6,0.6,0.6
4.8409e-02,-2,-6,-1,-3,0.8,-0.8,0.2,-0.2
4.8485e-02,-2,2,-1,3,-7.15256e-08,1.6,0.2,0.6
4.8562e-02,-4,-6,-1,-3,-7.15256e-08,-0.8,0.2,-0.2
4.8639e-02,-2,2,-1,3,0.8,1.6,0.2,0.6
4.8716e-02,-4,-6,-1,-3,0.8,-0.8,0.2,-0.2
4.8793e-02,-2,2,1,3,0.8,1.6,0.2,0.6
4.8869e-02,-2,-6,-1,-3,0.8,-0.8,0.2,-0.2
4.8946e-02,-4,2,-1,3,0.8,1.6,0.2,0.6
4.9023e-02,-4,-6,1,-3,0.8,-0.8,0.2,-0.2
4.9100e-02,-1.3411e-07,2,1,3,0.8,1.6,0.2,0.6
4.9177e-02,-2,-6,1,-3,0.8,-0.8,-0.2,-0.2
4.9253e-02,-2,2,1,3,0.8,1.6,0.2,0.6
4.9330e-02,-2,-6,1,-3,-7.15256e-08,-0.8,0.2,-0.2
4.9407e-02,-1.3411e-07,2,-1,3,-7.15256e-08,1.6,0.2,0.6
4.9484e-02,-2,-6,1,-3,-7.15256e-08,-0.8,0.2,-0.2
4.9561e-02,-2,2,1,3,0.8,1.6,0.2,0.6
4.9637e-02,-2,-6,1,-3,0.8,-0.8,0.2,-0.2
4.9714e-02,-2,2,1,3,-7.15256e-08,1.6,0.2,0.6
4.9791e-02,-2,-6,-1,-3,0.8,-0.8,0.2,-0.2
4.9868e-02,-2,2,-1,3,0.8,1.6,0.2,0.6
4.9945e-02,-2,-6,-1,-3,0.8,-0.8,0.2,-0.2
5.0022e-02,-4,2,-1,3,0.8,1.6,0.2,0.6
5.0098e-02,-2,-6,-1,-3,0.8,-0.8,0.2,-0.2
5.0175e-02,-2,2,-1,3,0.8,1.6,0.2,0.6
5.0252e-02,-2,-6,1,-3,0.8,-0.8,0.2,-0.2
5.0329e-02,-4,2,1,3,0.8,1.6,0.2,0.6
5.0406e-02,-4,-6,-1,-3,-7.15256e-08,-0.8,0.2,-0.2
5.0482e-02,-2,2,1,3,0.8,1.6,0.2,0.6
5.0559e-02,-2,-6,1,-3,0.8,-0.8,0.2,-0.2
5.0636e-02,-2,2,-1,3,0.8,1.6,0.2,0.6
5.0713e-02,-2,-6,-1,-3,0.8,-0.8,0.2,-0.2
5.0790e-02,-2,2,-1,3,0.8,1.6,0.2,0.6
5.0866e-02,-4,-6,-1,-3,0.8,-0.8,0.2,-0.2
5.0943e-02,-1.3411e-07,2,-1,3,0.8,1.6,0.2,0.6
5.1020e-02,-2,-6,-1,-3,0.8,-0.8,0.2,-0.2
5.1097e-02,-4,2,1,3,0.8,1.6,0.2,0.6
5.1174e-02,-2,-6,-1,-3,0.8,-0.8,0.2,-0.2
5.1250e-02,-2,2,-1,3,-7.15256e-08,1.6,0.2,0.6
5.1327e-02,-2,-6,-1,-3,0.8,-0.8,0.2,-0.2
5.1404e-02,-4,2,-1,3,0.8,1.6,0.2,0.6
5.1481e-02,-2,-6,-1,-3,0.8,-0.8,0.2,-0.2
5.1558e-02,-2,2,-1,1,0.8,1.6,0.2,0.6
5.1634e-02,-4,-6,-1,-3,0.8,-0.8,0.2,-0.2
5.1711e-02,-2,2,1,3,0.8,1.6,0.2,0.6
5.1788e-02,-2,-6,-1,-3,0.8,-7.15256e-08,0.2,-0.2
5.1865e-02,-4,2,-1,3,0.8,1.6,-0.2,0.6
5.1942e-02,-4,-6,-1,-3,-7.15256e-08,-0.8,0.2,-0.2
5.2018e-02,-2,2,-1,3,0.8,1.6,0.2,0.6
5.2095e-02,-2,-6,-1,-3,-7.15256e-08,-0.8,0.6,-0.2
5.2172e-02,-2,2,-1,3,-7.15256e-08,1.6,0.2,0.6
5.2249e-02,-4,-6,1,-3,0.8,-0.8,0.2,-0.2
5.2326e-02,-2,2,1,3,0.8,1.6,0.2,0.6
5.2402e-02,-2,-6,-1,-3,-7.15256e-08,-0.8,0.2,-0.2
5.2479e-02,-2,2,-1,1,0.8,1.6,0.2,0.6
5.2556e-02,-2,-6,1,-3,0.8,-0.8,0.2,-0.2
5.2633e-02,-2,2,-1,1,0.8,1.6,0.2,0.6
5.2710e-02,-2,-6,-1,-3,0.8,-0.8,0.2,-0.2
5.2786e-02,-4,2,-1,3,0.8,1.6,0.2,0.6
5.2863e-02,-1.3411e-07,-6,-1,-3,0.8,-0.8,0.2,-0.2
5.2940e-02,-4,2,1,1,0.8,1.6,0.2,0.6
5.3017e-02,-4,-6,-1,-3,0.8,-0.8,0.2,-0.2
5.3094e-02,-4,2,-1,1,-7.15256e-08,1.6,0.2,0.6
5.3171e-02,-2,-6,-1,-3,0.8,-0.8,0.2,-0.2
5.3247e-02,-2,2,-1,1,0.8,1.6,0.2,0.6
5.3324e-02,-2,-6,1,-3,0.8,-0.8,0.2,-0.6
5.3401e-02,-2,2,-1,3,-7.15256e-08,1.6,-0.2,0.6
5.3478e-02,-2,-6,1,-3,0.8,-0.8,0.2,-0.6
5.3555e-02,-2,2,1,1,-7.15256e-08,1.6,0.2,0.6
5.3631e-02,-2,-6,-1,-3,0.8,-0.8,0.2,-0.2
5.3708e-02,-4,2,1,3,0.8,1.6,0.2,0.6
5.3785e-02,-4,-6,-1,-3,0.8,-0.8,0.2,-0.6
5.3862e-02,-2,2,-1,1,0.8,1.6,0.2,0.6
5.3939e-02,-2,-6,-1,-3,0.8,-0.8,0.2,-0.6
5.4015e-02,-4,2,-1,1,0.8,1.6,0.2,0.6
5.4092e-02,-2,-6,-1,-3,0.8,-0.8,0.2,-0.2
5.4169e-02,-2,2,-1,3,0.8,1.6,0.2,0.6
5.4246e-02,-2,-6,-1,-3,0.8,-0.8,0.2,-0.6
5.4323e-02,-2,2,-1,3,0.8,1.6,0.2,0.6
5.4399e-02,-2,-6,-1,-3,0.8,-0.8,0.2,-0.2
5.4476e-02,-4,2,1,1,0.8,1.6,0.2,0.6
5.4553e-02,-2,-6,-1,-3,0.8,-0.8,0.2,-0.2
5.4630e-02,-2,2,-1,3,0.8,1.6,0.2,0.6
5.4707e-02,-2,-6,1,-3,0.8,-0.8,0.2,-0.2
5.4783e-02,-2,2,-1,3,-7.15256e-08,1.6,-0.2,0.6
5.4860e-02,-2,-6,-1,-3,-7.15256e-08,-0.8,0.2,-0.2
5.4937e-02,-4,2,-1,1,-7.15256e-08,1.6,0.2,0.6
5.5014e-02,-4,-6,1,-3,0.8,-0.8,0.2,-0.2
5.5091e-02,-2,2,-1,1,0.8,1.6,0.2,0.6
5.5167e-02,-2,-6,-1,-3,0.8,-0.8,0.2,-0.2
5.5244e-02,-2,2,1,1,0.8,1.6,0.2,0.6
5.5321e-02,-4,-6,-1,-3,0.8,-0.8,0.6,-0.2
5.5398e-02,-2,2,-1,1,0.8,1.6,0.2,0.6
5.5475e-02,-2,-6,-1,-3,0.8,-0.8,0.2,-0.2
5.5551e-02,-2,2,-1,1,-7.15256e-08,1.6,0.2,0.6
5.5628e-02,-4,-6,-1,-3,0.8,-0.8,-0.2,-0.2
5.5705e-02,-2,2,-1,1,0.8,1.6,0.2,0.6
5.5782e-02,-2,-6,-1,-3,0.8,-7.15256e-08,0.2,-0.6
5.5859e-02,-2,2,-1,1,-7.15256e-08,1.6,0.2,0.6
5.5935e-02,-2,-6,-1,-3,-7.15256e-08,-0.8,-0.2,-0.2
5.6012e-02,-2,2,-1,1,0.8,1.6,0.2,0.6
5.6089e-02,-2,-6,-1,-3,0.8,-0.8,0.2,-0.2
5.6166e-02,-2,2,-1,1,0.8,1.6,0.2,0.6
5.6243e-02,-2,-6,-1,-3,0.8,-0.8,0.2,-0.2
5.6320e-02,-2,2,-1,1,0.8,1.6,0.2,0.6
5.6396e-02,-2,-6,-1,-3,0.8,-0.8,0.2,-0.2
5.6473e-02,-2,2,-1,1,-7.15256e-08,1.6,0.2,0.6
5.6550e-02,-2,-6,-1,-3,0.8,-0.8,0.2,-0.2
5.6627e-02,-4,2,-1,1,0.8,1.6,0.6,0.6
5.6704e-02,-4,-6,-1,-3,0.8,-0.8,0.2,-0.2
5.6780e-02,-2,2,-1,1,0.8,1.6,0.2,0.6
5.6857e-02,-4,-6,-1,-3,0.8,-7.15256e-08,0.2,-0.2
5.6934e-02,-2,2,-1,1,0.8,1.6,0.2,0.6
5.7011e-02,-2,-6,1,-3,0.8,-0.8,0.2,-0.2
5.7088e-02,-2,2,-1,1,0.8,1.6,0.2,0.6
5.7164e-02,-2,-6,1,-3,0.8,-7.15256e-08,0.2,-0.2
5.7241e-02,-2,2,-1,1,0.8,1.6,0.2,0.6
5.7318e-02,-2,-6,-1,-3,-7.15256e-08,-0.8,0.2,-0.6
5.7395e-02,-4,2,-1,1,0.8,1.6,0.2,0.6
5.7472e-02,-4,-6,1,-3,-7.15256e-08,-0.8,0.2,-0.2
5.7548e-02,-4,2,-1,1,0.8,1.6,0.2,0.6
5.7625e-02,-4,-6,-1,-3,0.8,-0.8,0.2,-0.2
5.7702e-02,-4,2,-1,1,0.8,1.6,0.2,0.6
5.7779e-02,-2,-6,-1,-3,0.8,-0.8,0.2,-0.2
5.7856e-02,-2,2,-1,1,-7.15256e-08,1.6,0.2,0.6
5.7932e-02,-2,-6,-1,-3,-7.15256e-08,-0.8,0.2,-0.2
5.8009e-02,-2,2,-1,1,-7.15256e-08,1.6,0.2,0.6
5.8086e-02,-4,-6,-1,-3,0.8,-7.15256e-08,0.2,-0.2
5.8163e-02,-4,2,-1,1,0.8,1.6,0.2,0.6
5.8240e-02,-2,-6,-1,-3,0.8,-7.15256e-08,0.2,-0.2
5.8316e-02,-2,2,-1,1,-7.15256e-08,1.6,0.2,0.6
5.8393e-02,-2,-6,-1,-3,0.8,-0.8,0.2,-0.2
5.8470e-02,-2,2,-1,1,0.8,1.6,0.2,0.6
5.8547e-02,-2,-6,1,-3,0.8,-0.8,0.2,-0.2
5.8624e-02,-2,2,-1,1,0.8,1.6,0.2,0.6
5.8700e-02,-4,-6,-1,-3,-7.15256e-08,-0.8,0.2,-0.2
5.8777e-02,-4,2,-1,1,0.8,1.6,0.2,0.6
5.8854e-02,-4,-6,-1,-3,0.8,-0.8,0.2,-0.2
5.8931e-02,-2,2,-1,1,0.8,1.6,0.2,0.6
5.9008e-02,-4,-6,-1,-3,0.8,-0.8,0.2,-0.2
5.9084e-02,-2,2,-1,1,0.8,1.6,0.2,0.6
5.9161e-02,-2,-6,-1,-3,0.8,-0.8,0.2,-0.2
5.9238e-02,-4,2,-1,1,0.8,1.6,0.2,0.6
5.9315e-02,-2,-6,-1,-3,0.8,-7.15256e-08,0.2,-0.2
5.9392e-02,-2,2,-1,1,0.8,1.6,0.2,0.6
5.9469e-02,-2,-6,-1,-3,0.8,-0.8,0.2,-0.2
5.9545e-02,-4,2,-1,1,0.8,1.6,0.2,0.6
5.9622e-02,-4,-6,-1,-3,-7.15256e-08,-7.15256e-08,-0.2,-0.2
5.9699e-02,-2,2,-1,1,0.8,1.6,0.2,0.6
5.9776e-02,-2,-6,-1,-3,0.8,-7.15256e-08,0.2,-0.2
5.9853e-02,-2,2,-1,1,0.8,1.6,0.2,0.6
5.9929e-02,-2,-6,-1,-3,0.8,-0.8,0.2,-0.2
6.0006e-02,-2,2,-1,1,0.8,1.6,0.2,0.6
6.0083e-02,-2,-6,-1,-3,0.8,-0.8,0.2,-0.2
6.0160e-02,-2,2,-1,1,0.8,1.6,0.2,0.6
6.0237e-02,-2,-6,-1,-3,-7.15256e-08,-0.8,0.2,-0.6
6.0313e-02,-1.3411e-07,2,-1,1,0.8,1.6,0.2,0.6
6.0390e-02,-2,-6,-1,-3,0.8,-0.8,0.2,-0.2
6.0467e-02,-2,2,-1,1,0.8,1.6,0.2,0.6
6.0544e-02,-2,-6,-1,-3,0.8,-0.8,0.2,-0.2
6.0621e-02,-2,2,-1,1,0.8,1.6,0.2,0.6
6.0697e-02,-2,-6,-1,-3,0.8,-0.8,0.6,-0.2
6.0774e-02,-4,2,-1,1,0.8,1.6,0.2,0.6
6.0851e-02,-2,-6,-1,-3,-7.15256e-08,-0.8,0.2,-0.2
6.0928e-02,-2,2,-1,1,0.8,1.6,0.2,0.6
6.1005e-02,-2,-6,-1,-3,0.8,-0.8,0.2,-0.6
6.1081e-02,-4,2,-1,1,0.8,1.6,0.2,0.6
6.1158e-02,-2,-6,-1,-3,0.8,-0.8,0.2,-0.2
6.1235e-02,-2,2,-1,1,0.8,1.6,0.2,0.6
6.1312e-02,-2,-6,-1,-3,0.8,-0.8,0.2,-0.2
6.1389e-02,-2,2,-1,1,0.8,1.6,0.2,0.6
6.1465e-02,-2,-6,-1,-3,0.8,-0.8,0.2,-0.2
6.1542e-02,-2,2,-1,1,0.8,1.6,0.2,0.6
6.1619e-02,-4,-6,-1,-3,0.8,-0.8,0.2,-0.2
6.1696e-02,-1.3411e-07,2,-1,1,0.8,1.6,0.2,0.6
6.1773e-02,-2,-6,-1,-3,0.8,-0.8,0.2,-0.2
6.1849e-02,-2,2,-1,1,0.8,1.6,0.2,0.6
6.1926e-02,-2,-6,-1,-3,0.8,-0.8,0.2,-0.2
6.2003e-02,-2,2,-1,1,0.8,1.6,0.2,0.6
6.2080e-02,-2,-6,-1,-3,0.8,-0.8,0.6,-0.2
6.2157e-02,-4,2,-1,1,0.8,1.6,0.2,0.6
6.2233e-02,-2,-6,-1,-3,-7.15256e-08,-0.8,0.2,-0.2
6.2310e-02,-2,2,-1,1,-7.15256e-08,1.6,0.2,0.6
6.2387e-02,-4,-6,-1,-3,0.8,-0.8,0.2,-0.2
6.2464e-02,-4,2,-1,1,-7.15256e-08,1.6,0.2,0.6
6.2541e-02,-2,-6,-1,-3,0.8,-0.8,0.2,-0.6
6.2618e-02,-2,2,-1,1,0.8,1.6,0.2,0.6
6.2694e-02,-4,-6,-1,-3,0.8,-7.15256e-08,0.2,-0.6
6.2771e-02,-2,2,-1,1,0.8,1.6,0.2,0.6
6.2848e-02,-2,-6,-1,-3,-7.15256e-08,-0.8,0.2,-0.2
6.2925e-02,-2,2,-1,1,0.8,1.6,0.2,0.6
6.3002e-02,-2,-6,-1,-3,0.8,-7.15256e-08,0.2,-0.6
6.3078e-02,-2,2,-1,1,0.8,1.6,0.2,0.6
6.3155e-02,-2,-6,-3,-3,0.8,-0.8,0.2,-0.6
6.3232e-02,-2,2,-1,1,0.8,1.6,0.2,0.6
6.3309e-02,-2,-6,-1,-3,0.8,-0.8,0.2,-0.2
6.3386e-02,-2,2,-1,1,0.8,1.6,0.2,0.6
6.3462e-02,-4,-6,-1,-3,0.8,-0.8,0.2,-0.6
6.3539e-02,-2,2,-1,1,0.8,1.6,0.2,0.6
6.3616e-02,-2,-6,-1,-3,0.8,-0.8,0.2,-0.6
6.3693e-02,-4,2,-1,1,0.8,1.6,0.2,0.6
6.3770e-02,-2,-6,-1,-3,0.8,-0.8,0.2,-0.2
6.3846e-02,-4,2,-1,1,0.8,1.6,0.2,0.6
6.3923e-02,-2,-6,-1,-3,-7.15256e-08,-0.8,0.2,-0.2
6.4000e-02,-4,2,-1,1,0.8,1.6,-0.2,0.6
6.4077e-02,-1.3411e-07,-6,-1,-3,0.8,-0.8,0.2,-0.2
6.4154e-02,-2,2,-1,1,0.8,1.6,0.2,0.6
6.4230e-02,-2,-6,-1,-3,0.8,-0.8,0.2,-0.6
6.4307e-02,-4,2,-1,1,0.8,1.6,0.2,0.6
6.4384e-02,-4,-6,-1,-3,0.8,-0.8,0.2,-0.2
6.4461e-02,-4,2,-1,1,0.8,1.6,0.2,0.6
6.4538e-02,-2,-6,-1,-3,0.8,-0.8,0.2,-0.2
6.4614e-02,-2,2,-1,1,0.8,1.6,0.2,0.6
6.4691e-02,-2,-6,-1,-3,-7.15256e-08,-0.8,-0.2,-0.2
6.4768e-02,-2,2,-1,1,0.8,1.6,0.2,0.6
6.4845e-02,-2,-6,-3,-3,0.8,-0.8,0.2,-0.2
6.4922e-02,-2,2,-1,1,0.8,1.6,0.2,0.6
6.4998e-02,-2,-6,-1,-3,0.8,-7.15256e-08,0.2,-0.6
6.5075e-02,-4,2,-1,1,0.8,1.6,0.2,0.6
6.5152e-02,-2,-6,-1,-3,-7.15256e-08,-0.8,0.2,-0.2
6.5229e-02,-2,2,-1,1,0.8,1.6,0.2,0.6
6.5306e-02,-4,-6,-1,-3,-7.15256e-08,-0.8,0.2,-0.2
6.5382e-02,-2,2,-1,1,0.8,1.6,0.2,0.6
6.5459e-02,-2,-6,-1,-3,0.8,-0.8,-0.2,-0.2
6.5536e-02,-4,2,-1,1,0.8,1.6,0.2,0.6
6.5613e-02,-2,-6,-1,-3,0.8,-0.8,0.2,-0.2
6.5690e-02,-2,2,-1,1,0.8,1.6,0.2,0.6
6.5767e-02,-4,-6,-1,-3,0.8,-0.8,0.2,-0.2
6.5843e-02,-4,2,-1,1,0.8,1.6,0.2,0.6
6.5920e-02,-2,-6,-1,-3,0.8,-0.8,0.2,-0.2
6.5997e-02,-4,2,-1,1,0.8,1.6,0.2,0.6
6.6074e-02,-4,-6,-1,-3,0.8,-0.8,0.2,-0.6
6.6151e-02,-2,2,-3,1,0.8,1.6,0.2,0.6
6.6227e-02,-2,-6,1,-3,0.8,-7.15256e-08,0.2,-0.2
6.6304e-02,-2,2,1,1,0.8,1.6,0.2,0.6
6.6381e-02,-2,-6,-1,-3,0.8,-0.8,0.2,-0.6
6.6458e-02,-4,2,-1,1,0.8,1.6,0.2,0.6
6.6535e-02,-2,-6,-1,-3,0.8,-7.15256e-08,0.2,-0.2
6.6611e-02,-2,2,-1,1,0.8,1.6,0.2,0.6
6.6688e-02,-4,-6,-1,-3,0.8,-0.8,0.2,-0.2
6.6765e-02,-2,2,-1,1,0.8,1.6,0.2,0.6
6.6842e-02,-2,-6,-1,-3,0.8,-0.8,0.2,-0.2
6.6919e-02,-2,2,-1,1,-7.15256e-08,1.6,0.2,0.6
6.6995e-02,-1.3411e-07,-6,-1,-3,0.8,-0.8,0.2,-0.2
6.7072e-02,-2,2,-1,1,0.8,1.6,0.2,0.6
6.7149e-02,-2,-6,-1,-3,0.8,-7.15256e-08,0.2,-0.2
6.7226e-02,-4,2,-1,1,0.8,1.6,0.2,0.6
6.7303e-02,-4,-6,-1,-3,0.8,-0.8,0.2,-0.2
6.7379e-02,-4,2,-1,1,0.8,1.6,0.2,0.6
6.7456e-02,-2,-6,-1,-3,0.8,-0.8,0.2,-0.2
6.7533e-02,-4,2,-1,1,0.8,1.6,0.2,0.6
6.7610e-02,-2,-6,-1,-3,0.8,-0.8,0.2,-0.2
6.7687e-02,-4,2,1,1,0.8,1.6,0.2,0.6
6.7763e-02,-2,-6,-1,-3,0.8,-7.15256e-08,0.2,-0.6
6.7840e-02,-2,2,-1,1,0.8,1.6,-0.2,0.6
6.7917e-02,-2,-6,-1,-3,0.8,-0.8,0.2,-0.2
6.7994e-02,-2,2,-1,1,-7.15256e-08,1.6,0.2,0.6
6.8071e-02,-2,-6,-1,-3,-7.15256e-08,-7.15256e-08,0.2,-0.2
6.8147e-02,-2,2,-1,1,-7.15256e-08,1.6,0.2,0.6
6.8224e-02,-4,-6,-1,-3,0.8,-0.8,0.2,-0.6
6.8301e-02,-2,2,-1,1,0.8,1.6,0.2,0.6
6.8378e-02,-2,-6,-1,-3,0.8,-0.8,0.2,-0.2
6.8455e-02,-4,2,1,1,0.8,1.6,0.2,0.6
6.8531e-02,-2,-6,-1,-3,0.8,-0.8,0.2,-0.2
6.8608e-02,-2,2,-1,1,0.8,1.6,0.2,0.6
6.8685e-02,-2,-6,-1,-3,0.8,-7.15256e-08,0.2,-0.2
6.8762e-02,-2,2,-1,1,0.8,1.6,0.2,0.6
6.8839e-02,-2,-6,-1,-3,0.8,-0.8,0.2,-0.2
6.8916e-02,-1.3411e-07,2,-1,1,0.8,1.6,0.2,0.6
6.8992e-02,-4,-6,-1,-3,0.8,-7.15256e-08,0.2,-0.2
6.9069e-02,-1.3411e-07,2,-1,1,0.8,1.6,0.2,0.6
6.9146e-02,-2,-6,-1,-3,0.8,-7.15256e-08,0.2,-0.6
6.9223e-02,-4,2,-3,1,-7.15256e-08,1.6,0.2,0.6
6.9300e-02,-2,-6,-1,-3,-7.15256e-08,-0.8,0.2,-0.2
6.9376e-02,-2,2,-1,1,0.8,1.6,0.2,0.6
6.9453e-02,-2,-6,-1,-3,0.8,-0.8,0.2,-0.6
6.9530e-02,-2,2,-1,1,0.8,1.6,0.2,0.6
6.9607e-02,-2,-6,-1,-3,0.8,-0.8,0.2,-0.2
6.9684e-02,-4,2,-1,1,0.8,1.6,0.2,0.6
6.9760e-02,-2,-6,-1,-3,0.8,-0.8,0.2,-0.2
6.9837e-02,-2,2,-1,1,0.8,1.6,0.2,0.6
6.9914e-02,-2,-6,-1,-3,0.8,-7.15256e-08,0.2,-0.6
6.9991e-02,-2,2,-1,1,-7.15256e-08,1.6,0.2,0.6
7.0068e-02,-4,-6,-1,-3,0.8,-0.8,0.2,-0.6
7.0144e-02,-4,2,-1,1,0.8,1.6,0.2,0.6
7.0221e-02,-2,-6,-1,-3,1.6,-7.15256e-08,0.2,-0.2
7.0298e-02,-2,2,-1,1,0.8,1.6,0.2,0.6
7.0375e-02,-1.3411e-07,-6,-1,-3,0.8,-7.15256e-08,0.2,-0.2
7.0452e-02,-2,2,-1,1,0.8,1.6,0.2,0.6
7.0528e-02,-2,-6,-1,-3,0.8,-7.15256e-08,0.2,-0.2
7.0605e-02,-4,2,-1,1,0.8,1.6,0.2,0.6
7.0682e-02,-6,-6,-1,-3,0.8,-0.8,0.2,-0.2
7.0759e-02,-2,2,-1,1,0.8,1.6,0.2,0.6
7.0836e-02,-2,-6,-1,-3,0.8,-0.8,0.2,-0.2
7.0912e-02,-4,2,-1,1,-7.15256e-08,1.6,0.2,0.6
7.0989e-02,-2,-6,-1,-3,0.8,-0.8,0.2,-0.2
7.1066e-02,-2,2,-1,1,0.8,1.6,0.2,0.6
7.1143e-02,-2,-6,-1,-3,-7.15256e-08,-7.15256e-08,0.2,-0.2
7.1220e-02,-4,2,-1,1,0.8,1.6,0.2,0.6
7.1296e-02,-2,-6,-1,-3,0.8,-0.8,0.2,-0.2
7.1373e-02,-4,2,-1,1,0.8,1.6,0.2,0.6
7.1450e-02,-2,-6,-1,-3,-7.15256e-08,-7.15256e-08,-0.2,-0.2
7.1527e-02,-2,2,-1,1,0.8,1.6,0.2,0.6
7.1604e-02,-2,-6,-1,-3,0.8,-0.8,0.2,-0.6
7.1680e-02,-4,2,-1,1,0.8,1.6,0.2,0.6
7.1757e-02,-4,-6,-1,-3,0.8,-0.8,0.2,-0.2
7.1834e-02,-2,2,-1,1,0.8,1.6,-0.2,0.6
7.1911e-02,-4,-6,-1,-3,0.8,-0.8,0.2,-0.6
7.1988e-02,-4,2,-1,1,0.8,1.6,0.2,0.6
7.2065e-02,-2,-6,-1,-3,0.8,-0.8,0.2,-0.2
7.2141e-02,-4,2,-1,1,0.8,1.6,0.2,0.6
7.2218e-02,-2,-6,-1,-3,0.8,-0.8,0.2,-0.2
7.2295e-02,-4,2,-1,1,0.8,1.6,0.2,0.6
7.2372e-02,-2,-6,-1,-3,0.8,-0.8,0.2,-0.2
7.2449e-02,-4,2,-1,1,0.8,1.6,0.2,0.6
7.2525e-02,-4,-6,-1,-3,0.8,-0.8,0.2,-0.6
7.2602e-02,-2,2,-1,1,0.8,1.6,0.2,0.6
7.2679e-02,-4,-6,-1,-3,0.8,-0.8,0.2,-0.2
7.2756e-02,-2,2,-1,1,0.8,1.6,0.2,0.6
7.2833e-02,-2,-6,-1,-3,-7.15256e-08,-0.8,0.2,-0.2
7.2909e-02,-2,2,-3,1,0.8,1.6,0.2,0.6
7.2986e-02,-2,-6,-1,-3,0.8,-0.8,-0.2,-0.2
7.3063e-02,-2,2,-1,1,-7.15256e-08,1.6,0.2,0.6
7.3140e-02,-2,-6,-1,-3,0.8,-0.8,0.2,-0.2
7.3217e-02,-2,2,-1,1,0.8,1.6,-0.2,0.6
7.3293e-02,-2,-6,-1,-3,0.8,-7.15256e-08,0.2,-0.2
7.3370e-02,-2,2,-1,1,0.8,1.6,-0.2,0.6
7.3447e-02,-4,-6,-1,-3,0.8,-7.15256e-08,-0.2,-0.2
7.3524e-02,-2,2,-1,1,0.8,1.6,0.2,0.6
7.3601e-02,-2,-6,-1,-3,0.8,-0.8,0.2,-0.6
7.3677e-02,-2,2,-1,1,0.8,1.6,0.2,0.6
7.3754e-02,-2,-6,-1,-3,0.8,-7.15256e-08,0.2,-0.6
7.3831e-02,-2,2,-3,1,0.8,1.6,0.2,0.6
7.3908e-02,-2,-6,-1,-3,0.8,-7.15256e-08,0.2,-0.2
7.3985e-02,-2,2,-1,1,0.8,1.6,0.2,0.6
7.4061e-02,-2,-6,-1,-3,0.8,-0.8,0.2,-0.2
7.4138e-02,-2,2,-1,1,0.8,1.6,0.2,0.6
7.4215e-02,-2,-6,-1,-3,0.8,-7.15256e-08,0.2,-0.2
7.4292e-02,-2,2,-3,1,0.8,1.6,0.2,0.6
7.4369e-02,-2,-6,-1,-3,0.8,-7.15256e-08,0.2,-0.2
7.4445e-02,-2,2,-1,1,0.8,1.6,0.2,0.6
7.4522e-02,-2,-8,-1,-3,0.8,-7.15256e-08,0.2,-0.2
7.4599e-02,-2,2,-1,1,0.8,1.6,-0.2,0.6
7.4676e-02,-2,-6,-1,-3,0.8,-7.15256e-08,0.2,-0.2
7.4753e-02,-2,2,-1,1,0.8,1.6,0.2,0.6
7.4829e-02,-2,-6,-3,-3,0.8,-7.15256e-08,0.2,-0.2
7.4906e-02,-4,2,-1,1,0.8,1.6,-0.2,0.6
7.4983e-02,-2,-6,-1,-3,0.8,-7.15256e-08,-0.2,-0.6
7.5060e-02,-2,2,-1,1,0.8,1.6,0.2,0.6
7.5137e-02,-2,-6,-1,-3,0.8,-7.15256e-08,0.2,-0.2
7.5214e-02,-4,2,-1,1,0.8,1.6,0.2,0.6
7.5290e-02,-4,-6,-1,-3,0.8,-0.8,0.2,-0.6
7.5367e-02,-4,2,-1,1,0.8,1.6,0.2,0.6
7.5444e-02,-2,-6,-1,-3,-7.15256e-08,-7.15256e-08,0.2,-0.6
7.5521e-02,-2,2,-1,1,-7.15256e-08,1.6,0.2,0.6
7.5598e-02,-2,-6,-1,-3,-7.15256e-08,-0.8,0.2,-0.6
7.5674e-02,-2,2,-1,1,0.8,1.6,0.2,0.6
7.5751e-02,-2,-6,-1,-3,0.8,-7.15256e-08,0.2,-0.2
7.5828e-02,-4,2,-1,1,-7.15256e-08,1.6,-0.2,0.6
7.5905e-02,-4,-6,-1,-3,0.8,-7.15256e-08,0.2,-0.2
7.5982e-02,-2,2,-3,1,0.8,1.6,0.2,0.6
7.6058e-02,-4,-6,-1,-3,0.8,-0.8,0.2,-0.6
7.6135e-02,-4,2,-1,1,0.8,1.6,0.2,0.6
7.6212e-02,-2,-6,-1,-3,0.8,-7.15256e-08,0.2,-0.2
7.6289e-02,-2,2,-1,1,1.6,1.6,0.2,0.6
7.6366e-02,-2,-6,-1,-3,0.8,-7.15256e-08,-0.2,-0.2
7.6442e-02,-4,2,-1,1,0.8,1.6,0.2,0.6
7.6519e-02,-4,-6,-1,-3,0.8,-7.15256e-08,0.2,-0.2
7.6596e-02,-2,2,-1,1,0.8,1.6,0.2,0.6
7.6673e-02,-2,-6,-1,-3,0.8,-0.8,0.2,-0.6
7.6750e-02,-4,2,-1,1,0.8,1.6,0.2,0.6
7.6826e-02,-2,-6,-1,-3,0.8,-0.8,-0.2,-0.6
7.6903e-02,-1.3411e-07,2,-3,1,0.8,1.6,0.2,0.6
7.6980e-02,-2,-6,-1,-3,0.8,-7.15256e-08,0.2,-0.6
7.7057e-02,-6,2,-1,1,0.8,1.6,0.2,0.6
7.7134e-02,-2,-6,-1,-3,0.8,-7.15256e-08,0.2,-0.2
7.7210e-02,-2,2,-1,1,0.8,1.6,0.2,0.6
7.7287e-02,-2,-6,-1,-3,-7.15256e-08,-0.8,0.2,-0.6
7.7364e-02,-2,2,-3,1,0.8,1.6,0.2,0.6
7.7441e-02,-2,-6,-1,-3,0.8,-7.15256e-08,0.2,-0.6
7.7518e-02,-4,2,-1,1,0.8,1.6,0.2,0.6
7.7594e-02,-2,-6,-1,-3,0.8,-7.15256e-08,0.2,-0.6
7.7671e-02,-2,2,-1,1,0.8,1.6,0.2,0.6
7.7748e-02,-2,-6,-1,-3,0.8,-7.15256e-08,0.2,-0.6
7.7825e-02,-4,2,-1,1,0.8,1.6,0.2,0.6
7.7902e-02,-2,-6,-3,-3,0.8,-0.8,-0.2,-0.6
7.7978e-02,-4,2,-3,1,0.8,1.6,0.2,0.6
7.8055e-02,-2,-6,-1,-3,0.8,-0.8,0.2,-0.6
7.8132e-02,-2,2,-1,1,0.8,1.6,0.2,0.6
7.8209e-02,-2,-6,-1,-3,1.6,-7.15256e-08,0.2,-0.2
7.8286e-02,-2,2,-1,1,0.8,1.6,0.2,0.6
7.8363e-02,-2,-6,-1,-3,0.8,-7.15256e-08,0.2,-0.2
7.8439e-02,-2,2,-1,1,0.8,1.6,0.2,0.6
7.8516e-02,-4,-6,-1,-3,0.8,-0.8,0.2,-0.2
7.8593e-02,-4,2,-1,1,0.8,1.6,0.2,0.6
7.8670e-02,-4,-6,-1,-3,0.8,-7.15256e-08,0.2,-0.2
7.8747e-02,-4,2,1,1,0.8,1.6,0.2,0.6
7.8823e-02,-2,-6,-1,-3,0.8,-0.8,0.2,-0.6
7.8900e-02,-2,2,-3,1,0.8,1.6,0.2,0.6
7.8977e-02,-4,-8,-1,-3,0.8,-7.15256e-08,-0.2,-0.6
7.9054e-02,-4,2,-1,1,0.8,1.6,0.2,0.6
7.9131e-02,-4,-6,-1,-3,0.8,-0.8,0.2,-0.2
7.9207e-02,-4,2,-1,1,0.8,1.6,0.2,0.6
7.9284e-02,-4,-6,-1,-3,0.8,-0.8,0.2,-0.6
7.9361e-02,-2,2,-1,1,0.8,1.6,0.2,0.6
7.9438e-02,-2,-6,-1,-3,0.8,-0.8,0.2,-0.6
7.9515e-02,-4,2,-1,1,0.8,1.6,0.2,0.6
7.9591e-02,-2,-6,-1,-3,0.8,-0.8,0.2,-0.2
7.9668e-02,-2,2,-1,1,0.8,1.6,0.2,0.6
7.9745e-02,-2,-6,-1,-3,-7.15256e-08,-0.8,-0.2,-0.2
7.9822e-02,-2,2,-1,1,0.8,1.6,-0.2,0.6
7.9899e-02,-2,-6,-1,-3,0.8,-0.8,0.2,-0.6
7.9975e-02,-2,2,-1,1,0.8,1.6,0.2,0.6
8.0052e-02,-4,-6,-3,-3,0.8,-0.8,0.2,-0.6
8.0129e-02,-2,2,-1,1,0.8,1.6,0.2,0.6
8.0206e-02,-4,-6,-1,-3,0.8,-0.8,0.2,-0.6
8.0283e-02,-2,2,-1,1,0.8,1.6,0.2,0.6
8.0359e-02,-2,-6,-1,-3,0.8,-0.8,0.2,-0.2
8.0436e-02,-4,2,-1,1,0.8,1.6,0.2,0.6
8.0513e-02,-2,-6,-1,-3,0.8,-0.8,-0.2,-0.6
8.0590e-02,-4,2,-1,1,0.8,1.6,0.2,0.6
8.0667e-02,-2,-6,-1,-3,0.8,-7.15256e-08,0.2,-0.2
8.0743e-02,-2,2,-1,1,0.8,1.6,0.2,0.6
8.0820e-02,-4,-6,-1,-3,0.8,-0.8,0.2,-0.2
8.0897e-02,-2,2,-1,1,0.8,1.6,0.2,0.6
8.0974e-02,-4,-6,-1,-3,0.8,-0.8,0.2,-0.6
8.1051e-02,-2,2,-1,1,0.8,1.6,-0.2,0.6
8.1127e-02,-2,-6,-1,-3,0.8,-0.8,0.2,-0.6
8.1204e-02,-2,2,-1,1,0.8,1.6,0.2,0.6
8.1281e-02,-2,-6,-1,-3,0.8,-0.8,0.2,-0.6
8.1358e-02,-1.3411e-07,2,-1,1,0.8,1.6,0.2,0.6
8.1435e-02,-2,-6,-1,-3,0.8,-7.15256e-08,0.2,-0.6
8.1512e-02,-2,2,-1,1,0.8,1.6,0.2,0.6
8.1588e-02,-2,-6,-1,-3,0.8,-7.15256e-08,0.2,-0.6
8.1665e-02,-2,2,-1,1,0.8,1.6,0.2,0.6
8.1742e-02,-2,-6,-1,-3,-7.15256e-08,-7.15256e-08,0.2,-0.6
8.1819e-02,-2,2,-1,1,0.8,1.6,0.2,0.6
8.1896e-02,-2,-6,-1,-3,0.8,-0.8,0.2,-0.6
8.1972e-02,-4,2,-1,1,0.8,1.6,0.2,0.6
8.2049e-02,-4,-6,-3,-3,0.8,-7.15256e-08,0.2,-0.6
8.2126e-02,-4,2,-1,1,0.8,1.6,0.2,0.6
8.2203e-02,-2,-6,-1,-3,-7.15256e-08,-0.8,0.2,-0.2
8.2280e-02,-2,2,-1,1,0.8,1.6,0.2,0.6
8.2356e-02,-4,-6,-1,-3,-7.15256e-08,-7.15256e-08,0.2,-0.6
8.2433e-02,-4,2,-3,1,0.8,1.6,0.2,0.6
8.2510e-02,-2,-6,-1,-3,0.8,-0.8,0.2,-0.2
8.2587e-02,-2,2,-3,1,0.8,1.6,0.2,0.6
8.2664e-02,-2,-6,-1,-3,0.8,-7.15256e-08,0.2,-0.6
8.2740e-02,-2,2,-1,1,0.8,1.6,0.2,0.6
8.2817e-02,-1.3411e-07,-6,-1,-3,0.8,-0.8,0.2,-0.6
8.2894e-02,-2,2,-1,1,0.8,1.6,0.2,0.6
8.2971e-02,-2,-6,-1,-3,0.8,-7.15256e-08,0.2,-0.6
8.3048e-02,-1.3411e-07,2,-1,1,0.8,1.6,0.2,0.6
8.3124e-02,-2,-6,-1,-5,0.8,-0.8,0.2,-0.6
8.3201e-02,-2,2,-1,1,0.8,1.6,0.2,0.6
8.3278e-02,-2,-6,-1,-3,0.8,-0.8,0.2,-0.6
8.3355e-02,-2,2,-3,1,0.8,1.6,0.2,0.6
8.3432e-02,-2,-6,-1,-3,0.8,-7.15256e-08,0.2,-0.2
8.3508e-02,-2,2,-1,1,0.8,1.6,0.2,0.6
8.3585e-02,-2,-6,-1,-3,0.8,-7.15256e-08,0.2,-0.2
8.3662e-02,-2,2,-1,1,0.8,1.6,0.2,0.6
8.3739e-02,-4,-6,-1,-3,0.8,-7.15256e-08,0.2,-0.2
8.3816e-02,-4,2,-1,1,-7.15256e-08,1.6,0.2,0.6
8.3892e-02,-4,-6,-1,-3,0.8,-0.8,0.2,-0.2
8.3969e-02,-4,2,-1,1,0.8,1.6,0.2,0.6
8.4046e-02,-2,-6,-1,-3,0.8,-0.8,0.2,-0.2
8.4123e-02,-2,2,-1,1,0.8,1.6,0.2,0.6
8.4200e-02,-2,-6,-1,-3,0.8,-7.15256e-08,0.2,-0.6
8.4276e-02,-2,2,-1,1,0.8,1.6,0.2,0.6
8.4353e-02,-4,-6,-3,-3,0.8,-7.15256e-08,0.2,-0.2
8.4430e-02,-2,2,-1,1,0.8,1.6,0.2,0.6
8.4507e-02,-2,-6,-1,-3,0.8,-7.15256e-08,0.2,-0.6
8.4584e-02,-2,2,-3,1,0.8,1.6,0.2,0.6
8.4661e-02,-2,-6,-1,-3,0.8,-7.15256e-08,0.2,-0.2
8.4737e-02,-1.3411e-07,2,-1,1,0.8,1.6,0.2,0.6
8.4814e-02,-2,-6,-1,-3,0.8,-7.15256e-08,-0.2,-0.6
8.4891e-02,-2,2,-1,1,0.8,1.6,0.2,0.6
8.4968e-02,-2,-6,-1,-3,0.8,-0.8,0.2,-0.6
8.5045e-02,-2,2,-1,1,0.8,1.6,0.2,0.6
8.5121e-02,-1.3411e-07,-6,-1,-3,0.8,-0.8,0.2,-0.6
8.5198e-02,-2,2,-1,1,0.8,1.6,0.2,0.6
8.5275e-02,-2,-6,-1,-3,0.8,-0.8,0.2,-0.6
8.5352e-02,-2,2,-3,1,0.8,1.6,-0.2,0.6
8.5429e-02,-4,-6,-1,-3,0.8,-0.8,0.2,-0.6
8.5505e-02,-2,2,-3,1,0.8,1.6,0.2,0.6
8.5582e-02,-2,-6,-1,-3,0.8,-7.15256e-08,0.2,-0.6
8.5659e-02,-4,2,-1,1,0.8,1.6,0.2,0.6
8.5736e-02,-2,-6,-1,-3,0.8,-0.8,0.2,-0.2
8.5813e-02,-2,2,-1,1,0.8,1.6,0.2,0.6
8.5889e-02,-2,-6,-1,-3,0.8,-0.8,0.2,-0.6
8.5966e-02,-4,2,-1,1,-7.15256e-08,1.6,0.2,0.6
8.6043e-02,-2,-6,-1,-3,0.8,-0.8,0.2,-0.2
8.6120e-02,-4,2,-1,1,0.8,1.6,0.2,0.6
8.6197e-02,-2,-6,-1,-3,0.8,-7.15256e-08,0.2,-0.2
8.6273e-02,-2,2,-1,1,0.8,1.6,0.2,0.6
8.6350e-02,-2,-6,-1,-3,0.8,-0.8,0.2,-0.2
8.6427e-02,-4,2,-1,1,0.8,1.6,-0.2,0.6
8.6504e-02,-2,-6,-1,-3,0.8,-7.15256e-08,0.2,-0.6
8.6581e-02,-2,2,-1,1,0.8,1.6,-0.2,0.6
8.6657e-02,-2,-6,-1,-3,0.8,-7.15256e-08,0.2,-0.6
8.6734e-02,-2,2,-1,1,0.8,1.6,-0.2,0.6
8.6811e-02,-2,-6,-1,-3,0.8,-0.8,0.2,-0.2
8.6888e-02,-4,2,-1,1,0.8,1.6,0.2,0.6
8.6965e-02,-2,-6,-1,-3,0.8,-7.15256e-08,0.2,-0.2
8.7041e-02,-2,2,-1,1,0.8,1.6,0.2,0.6
8.7118e-02,-2,-6,-1,-3,0.8,-7.15256e-08,0.2,-0.6
8.7195e-02,-2,2,-1,1,-7.15256e-08,1.6,-0.2,0.6
8.7272e-02,-2,-6,-1,-3,0.8,-7.15256e-08,0.2,-0.6
8.7349e-02,-4,2,-1,1,0.8,1.6,0.2,0.6
8.7425e-02,-4,-6,-1,-3,0.8,-7.15256e-08,0.2,-0.2
8.7502e-02,-4,2,-1,1,0.8,1.6,0.2,0.6
8.7579e-02,-2,-6,-1,-3,0.8,-7.15256e-08,0.2,-0.2
8.7656e-02,-2,2,-1,1,0.8,1.6,0.2,0.6
8.7733e-02,-4,-6,-1,-3,0.8,-0.8,0.2,-0.6
8.7810e-02,-2,2,-1,1,0.8,1.6,0.2,0.6
8.7886e-02,-4,-6,-1,-3,0.8,-7.15256e-08,0.2,-0.6
8.7963e-02,-2,2,-1,1,0.8,1.6,0.2,0.6
8.8040e-02,-4,-6,-1,-3,0.8,-7.15256e-08,0.2,-0.2
8.8117e-02,-4,2,-1,1,-7.15256e-08,1.6,0.2,0.6
8.8194e-02,-4,-6,-1,-3,-7.15256e-08,-0.8,0.2,-0.2
8.8270e-02,-2,2,-1,1,0.8,1.6,0.2,0.6
8.8347e-02,-4,-6,-1,-3,0.8,-7.15256e-08,0.2,-0.2
8.8424e-02,-2,2,-1,1,0.8,1.6,0.2,0.6
8.8501e-02,-4,-6,-1,-3,0.8,-7.15256e-08,0.2,-0.6
8.8578e-02,-2,2,-1,1,0.8,1.6,0.2,0.6
8.8654e-02,-2,-6,-1,-3,0.8,-7.15256e-08,0.2,-0.2
8.8731e-02,-1.3411e-07,2,-1,1,0.8,1.6,0.2,0.6
8.8808e-02,-2,-6,-1,-3,-7.15256e-08,-7.15256e-08,0.2,-0.2
8.8885e-02,-2,2,-1,1,0.8,1.6,0.2,0.6
8.8962e-02,-1.3411e-07,-6,-1,-3,0.8,-0.8,0.2,-0.2
8.9038e-02,-1.3411e-07,2,-1,1,0.8,1.6,0.6,0.6
8.9115e-02,-2,-6,-1,-3,-7.15256e-08,-0.8,0.2,-0.6
8.9192e-02,-2,2,-1,1,0.8,1.6,0.2,0.6
8.9269e-02,-2,-6,-1,-3,0.8,-0.8,0.2,-0.2
8.9346e-02,-2,2,-1,1,0.8,1.6,0.2,0.6
8.9422e-02,-2,-6,-1,-3,0.8,-7.15256e-08,0.2,-0.2
8.9499e-02,-4,2,-3,1,0.8,1.6,0.2,0.6
8.9576e-02,-4,-6,-3,-3,0.8,-7.15256e-08,0.2,-0.6
8.9653e-02,-4,2,-1,1,0.8,1.6,0.2,0.6
8.9730e-02,-2,-6,-1,-3,0.8,-7.15256e-08,0.2,-0.6
8.9806e-02,-4,2,-1,1,0.8,1.6,0.2,0.6
8.9883e-02,-2,-6,-1,-3,0.8,-7.15256e-08,0.2,-0.2
8.9960e-02,-2,2,-1,1,0.8,1.6,0.2,0.6
9.0037e-02,-2,-6,-1,-3,-7.15256e-08,-7.15256e-08,0.2,-0.6
9.0114e-02,-2,2,-1,1,0.8,1.6,0.2,0.6
9.0190e-02,-4,-6,-3,-3,0.8,-0.8,0.2,-0.6
9.0267e-02,-4,2,-1,1,0.8,1.6,0.2,0.6
9.0344e-02,-4,-6,-3,-3,0.8,-7.15256e-08,0.2,-0.2
9.0421e-02,-4,2,-1,1,0.8,1.6,0.2,0.6
9.0498e-02,-2,-6,-1,-3,0.8,-7.15256e-08,0.2,-0.6
9.0575e-02,-2,2,-1,1,0.8,1.6,0.2,0.6
9.0651e-02,-1.3411e-07,-6,-1,-3,0.8,-7.15256e-08,0.2,-0.2
9.0728e-02,-2,2,-1,1,0.8,1.6,0.2,0.6
9.0805e-02,-2,-6,-1,-3,0.8,-0.8,0.2,-0.6
9.0882e-02,-4,2,-1,1,-7.15256e-08,1.6,-0.2,0.6
9.0959e-02,-2,-6,-1,-3,0.8,-7.15256e-08,-0.2,-0.6
9.1035e-02,-2,2,-1,1,0.8,1.6,0.2,0.6
9.1112e-02,-2,-6,-3,-3,0.8,-7.15256e-08,0.2,-0.2
9.1189e-02,-2,2,-1,1,0.8,1.6,0.2,0.6
9.1266e-02,-2,-6,-3,-3,0.8,-7.15256e-08,-0.2,-0.2
9.1343e-02,-4,2,-1,1,0.8,1.6,0.2,0.6
9.1419e-02,-2,-6,-1,-3,0.8,-7.15256e-08,0.2,-0.6
9.1496e-02,-2,2,-3,1,0.8,1.6,0.2,0.6
9.1573e-02,-4,-6,-1,-3,0.8,-0.8,0.2,-0.6
9.1650e-02,-4,2,-1,1,0.8,1.6,0.2,0.6
9.1727e-02,-2,-6,-1,-3,0.8,-0.8,0.2,-0.2
9.1803e-02,-2,2,-1,1,0.8,1.6,0.2,0.6
9.1880e-02,-4,-6,-1,-3,0.8,-7.15256e-08,0.2,-0.2
9.1957e-02,-2,2,-1,1,0.8,1.6,0.2,0.6
9.2034e-02,-2,-6,-1,-3,0.8,-7.15256e-08,0.2,-0.6
9.2111e-02,-2,2,-1,1,0.8,1.6,0.2,0.6
9.2187e-02,-4,-6,-1,-3,-7.15256e-08,-7.15256e-08,0.2,-0.6
9.2264e-02,-4,2,-1,1,-7.15256e-08,1.6,0.2,0.6
9.2341e-02,-2,-6,-1,-3,0.8,-0.8,0.2,-0.2
9.2418e-02,-2,2,-1,1,0.8,1.6,0.2,0.6
9.2495e-02,-2,-8,-3,-3,-7.15256e-08,-7.15256e-08,0.2,-0.6
9.2571e-02,-4,2,-1,1,0.8,1.6,-0.2,0.6
9.2648e-02,-2,-6,-1,-3,0.8,-7.15256e-08,0.2,-0.2
9.2725e-02,-2,2,-1,1,0.8,1.6,0.2,0.6
9.2802e-02,-2,-6,-1,-3,0.8,-7.15256e-08,0.2,-0.6
9.2879e-02,-2,2,-1,1,0.8,1.6,0.2,0.6
9.2955e-02,-2,-6,-1,-3,0.8,-0.8,0.2,-0.6
9.3032e-02,-4,2,-1,1,-7.15256e-08,1.6,0.2,0.6
9.3109e-02,-2,-6,-1,-3,0.8,-7.15256e-08,-0.2,-0.6
9.3186e-02,-2,2,-1,1,0.8,1.6,0.2,0.6
9.3263e-02,-2,-6,-1,-3,0.8,-7.15256e-08,0.2,-0.2
9.3339e-02,-1.3411e-07,2,-3,1,0.8,1.6,0.2,0.6
9.3416e-02,-2,-8,-1,-3,0.8,-7.15256e-08,0.2,-0.6
9.3493e-02,-2,2,-3,1,0.8,1.6,0.2,0.6
9.3570e-02,-4,-6,-1,-3,0.8,-0.8,0.2,-0.2
9.3647e-02,-2,2,-1,1,0.8,1.6,0.2,0.6
9.3724e-02,-2,-6,-1,-3,0.8,-7.15256e-08,0.2,-0.6
9.3800e-02,-2,2,-1,1,0.8,1.6,0.2,0.6
9.3877e-02,-4,-6,-1,-3,0.8,-7.15256e-08,0.2,-0.6
9.3954e-02,-4,2,-1,1,-7.15256e-08,1.6,0.2,0.6
9.4031e-02,-4,-6,-1,-3,0.8,-0.8,-0.2,-0.2
9.4108e-02,-4,2,-1,1,0.8,1.6,0.2,0.6
9.4184e-02,-4,-6,-1,-3,0.8,-0.8,0.2,-0.2
9.4261e-02,-2,2,-1,1,0.8,1.6,0.2,0.6
9.4338e-02,-2,-6,-1,-3,0.8,-7.15256e-08,0.2,-0.2
9.4415e-02,-2,2,-1,1,0.8,1.6,0.2,0.6
9.4492e-02,-2,-6,-1,-3,0.8,-7.15256e-08,-0.2,-0.6
9.4568e-02,-2,2,-1,1,0.8,1.6,0.2,0.6
9.4645e-02,-2,-6,-3,-3,0.8,-7.15256e-08,0.2,-0.2
9.4722e-02,-4,2,-1,1,0.8,1.6,0.2,0.6
9.4799e-02,-4,-6,-1,-3,0.8,-0.8,0.2,-0.6
9.4876e-02,-2,2,-1,1,0.8,1.6,0.2,0.6
9.4952e-02,-2,-6,-1,-3,0.8,-7.15256e-08,0.2,-0.6
9.5029e-02,-4,2,-1,1,0.8,1.6,0.2,0.6
9.5106e-02,-4,-6,-1,-3,0.8,-0.8,0.2,-0.6
9.5183e-02,-2,2,-1,1,0.8,1.6,0.2,0.6
9.5260e-02,-2,-6,-1,-3,0.8,-7.15256e-08,-0.2,-0.2
9.5336e-02,-2,2,-1,1,0.8,1.6,0.2,0.6
9.5413e-02,-4,-6,-1,-3,0.8,-0.8,0.2,-0.2
9.5490e-02,-2,2,-3,1,0.8,1.6,-0.2,0.6
9.5567e-02,-4,-6,-1,-3,0.8,-0.8,0.2,-0.2
9.5644e-02,-4,2,-1,1,0.8,1.6,0.2,0.6
9.5720e-02,-4,-6,-1,-3,0.8,-7.15256e-08,0.2,-0.2
9.5797e-02,-4,2,-1,1,0.8,1.6,0.2,0.6
9.5874e-02,-2,-6,-1,-3,0.8,-7.15256e-08,0.2,-0.2
9.5951e-02,-2,2,-1,1,0.8,1.6,0.2,0.6
9.6028e-02,-4,-6,-1,-3,-7.15256e-08,-7.15256e-08,0.2,-0.6
9.6104e-02,-1.3411e-07,2,-1,1,0.8,1.6,0.2,0.6
9.6181e-02,-2,-6,-1,-3,0.8,-7.15256e-08,0.2,-0.2
9.6258e-02,-2,2,-3,1,0.8,1.6,0.2,0.6
9.6335e-02,-4,-6,-1,-3,0.8,-7.15256e-08,0.2,-0.6
9.6412e-02,-2,2,-3,1,-7.15256e-08,1.6,0.2,0.6
9.6488e-02,-4,-6,-1,-3,0.8,-0.8,0.2,-0.6
9.6565e-02,-2,2,-1,1,0.8,1.6,0.2,0.6
9.6642e-02,-2,-6,-1,-3,0.8,-0.8,0.2,-0.6
9.6719e-02,-1.3411e-07,2,-3,1,0.8,1.6,0.2,0.6
9.6796e-02,-2,-6,-1,-3,0.8,-0.8,0.2,-0.6
9.6873e-02,-2,2,-1,1,0.8,1.6,0.2,0.6
9.6949e-02,-2,-6,-1,-3,0.8,-0.8,0.2,-0.2
9.7026e-02,-2,2,-1,1,-7.15256e-08,1.6,0.2,0.6
9.7103e-02,-4,-6,-3,-3,0.8,-0.8,0.2,-0.6
9.7180e-02,-4,2,-3,1,0.8,1.6,0.2,0.6
9.7257e-02,-2,-6,-1,-3,0.8,-7.15256e-08,0.2,-0.6
9.7333e-02,-2,2,-1,1,0.8,1.6,0.2,0.6
9.7410e-02,-2,-6,-1,-3,1.6,-7.15256e-08,0.2,-0.6
9.7487e-02,-4,2,-1,1,0.8,1.6,0.2,0.6
9.7564e-02,-2,-6,-1,-3,0.8,-7.15256e-08,-0.2,-0.2
9.7641e-02,-2,2,-1,1,0.8,1.6,0.2,0.6
9.7717e-02,-4,-6,-1,-3,0.8,-7.15256e-08,0.2,-0.6
9.7794e-02,-2,2,-3,1,0.8,1.6,-0.2,0.6
9.7871e-02,-1.3411e-07,-6,-1,-3,0.8,-7.15256e-08,0.2,-0.2
9.7948e-02,-2,2,-3,1,0.8,1.6,0.2,0.6
9.8025e-02,-2,-6,-1,-3,0.8,-7.15256e-08,0.2,-0.6
9.8101e-02,-2,2,-1,1,0.8,1.6,0.2,0.6
9.8178e-02,-2,-6,-1,-3,0.8,-7.15256e-08,0.2,-0.6
9.8255e-02,-4,2,-1,1,0.8,1.6,0.2,0.6
9.8332e-02,-2,-6,-1,-3,0.8,-0.8,0.2,-0.6
9.8409e-02,-4,2,-1,1,0.8,1.6,0.2,0.6
9.8485e-02,-2,-6,-1,-3,0.8,-7.15256e-08,0.2,-0.6
9.8562e-02,-2,2,-1,1,0.8,1.6,0.2,0.6
9.8639e-02,-2,-6,-1,-3,0.8,-7.15256e-08,0.2,-0.6
9.8716e-02,-4,2,-1,1,0.8,1.6,0.2,0.6
9.8793e-02,-4,-6,-3,-3,0.8,-0.8,0.2,-0.6
9.8869e-02,-2,2,-1,1,0.8,1.6,0.2,0.6
9.8946e-02,-4,-6,-1,-3,0.8,-7.15256e-08,0.2,-0.6
9.9023e-02,-2,2,-1,1,0.8,1.6,-0.2,0.6
9.9100e-02,-4,-6,-1,-3,0.8,-7.15256e-08,0.2,-0.6
9.9177e-02,-2,2,-1,1,0.8,1.6,0.2,0.6
9.9253e-02,-2,-6,-1,-3,0.8,-7.15256e-08,0.2,-0.6
9.9330e-02,-2,2,-1,1,0.8,1.6,0.2,0.6
9.9407e-02,-2,-6,-3,-3,0.8,-7.15256e-08,0.2,-0.6
9.9484e-02,-2,2,-1,1,0.8,1.6,0.2,0.6
9.9561e-02,-2,-6,-1,-3,0.8,-7.15256e-08,0.2,-0.6
9.9637e-02,-4,2,-1,1,0.8,1.6,0.2,0.6
9.9714e-02,-2,-6,-1,-3,0.8,-7.15256e-08,0.2,-0.2
9.9791e-02,-2,2,-1,1,0.8,1.6,0.2,0.6
9.9868e-02,-2,-6,-1,-3,0.8,-7.15256e-08,0.2,-0.2
9.9945e-02,-2,2,-1,1,0.8,1.6,0.2,0.6
1.0002e-01,-2,-6,-1,-3,0.8,-0.8,0.2,-0.6
1.0010e-01,-2,2,-1,1,0.8,1.6,0.2,0.6
1.0018e-01,-1.3411e-07,-6,-1,-3,0.8,-7.15256e-08,0.2,-0.6
1.0025e-01,-2,2,-1,1,0.8,1.6,0.2,0.6
1.0033e-01,-2,-6,-1,-3,0.8,-7.15256e-08,0.2,-0.6
1.0041e-01,-4,2,-1,1,0.8,1.6,0.2,0.6
1.0048e-01,-2,-6,-3,-3,0.8,-7.15256e-08,0.2,-0.2
1.0056e-01,-2,2,-1,1,0.8,1.6,0.2,0.6
1.0064e-01,-2,-6,-1,-3,0.8,-7.15256e-08,0.2,-0.2
1.0071e-01,-4,2,-3,1,0.8,1.6,0.2,0.6
1.0079e-01,-4,-6,-1,-3,0.8,-7.15256e-08,0.2,-0.6
1.0087e-01,-2,2,-1,1,0.8,1.6,0.2,0.6
1.0094e-01,-2,-6,-3,-3,0.8,-7.15256e-08,0.2,-0.6
1.0102e-01,-2,2,-1,1,0.8,1.6,0.2,0.6
1.0110e-01,-2,-6,-1,-3,0.8,-7.15256e-08,0.2,-0.6
1.0117e-01,-2,2,-1,1,0.8,1.6,0.2,0.6
1.0125e-01,-4,-6,-1,-3,0.8,-7.15256e-08,0.2,-0.6
1.0133e-01,-2,2,-3,1,0.8,1.6,0.2,0.6
1.0140e-01,-2,-6,-1,-3,-7.15256e-08,-7.15256e-08,0.2,-0.6
1.0148e-01,-2,2,-1,1,-7.15256e-08,1.6,0.2,0.6
1.0156e-01,-2,-6,-3,-3,0.8,-7.15256e-08,0.2,-0.6
1.0163e-01,-2,2,-1,1,0.8,1.6,0.2,0.6
1.0171e-01,-2,-6,-1,-3,0.8,-7.15256e-08,0.2,-0.2
1.0179e-01,-2,2,-1,1,0.8,1.6,0.2,0.6
1.0186e-01,-2,-6,-1,-3,0.8,-0.8,0.2,-0.2
1.0194e-01,-4,2,-1,1,0.8,1.6,0.2,0.6
1.0202e-01,-6,-6,-1,-3,0.8,-7.15256e-08,0.2,-0.6
1.0210e-01,-2,2,-1,1,0.8,1.6,0.2,0.6
1.0217e-01,-1.3411e-07,-6,-3,-3,0.8,-7.15256e-08,0.2,-0.6
1.0225e-01,-4,2,-1,1,0.8,1.6,0.2,0.6
1.0233e-01,-2,-6,-1,-3,0.8,-7.15256e-08,0.2,-0.6
1.0240e-01,-4,2,-1,1,0.8,1.6,0.2,0.6
1.0248e-01,-2,-6,-1,-3,0.8,-0.8,0.2,-0.6
1.0256e-01,-2,2,-1,1,0.8,1.6,0.2,0.6
1.0263e-01,-4,-6,-1,-3,0.8,-7.15256e-08,0.2,-0.2
1.0271e-01,-2,2,-1,1,-7.15256e-08,1.6,0.2,0.6
1.0279e-01,-2,-6,-1,-3,0.8,-0.8,0.2,-0.6
1.0286e-01,-4,2,1,1,0.8,1.6,0.6,0.6
1.0294e-01,-2,-6,-1,-3,0.8,-7.15256e-08,0.2,-0.6
1.0302e-01,-2,2,-1,1,0.8,1.6,0.2,0.6
1.0309e-01,-2,-6,-1,-3,0.8,-7.15256e-08,0.2,-0.6
1.0317e-01,-4,2,-1,1,0.8,1.6,0.2,0.6
1.0325e-01,-2,-6,-1,-3,0.8,-0.8,0.2,-0.6
1.0332e-01,-2,2,-1,1,0.8,1.6,0.2,0.6
1.0340e-01,-2,-6,-1,-3,0.8,-0.8,0.2,-0.6
1.0348e-01,-2,2,-3,1,0.8,1.6,0.2,0.6
1.0355e-01,-2,-6,-1,-3,0.8,-7.15256e-08,0.2,-0.6
1.0363e-01,-2,2,-1,1,0.8,1.6,0.2,0.6
1.0371e-01,-2,-6,-1,-3,0.8,-0.8,0.2,-0.6
1.0378e-01,-2,2,-1,1,0.8,1.6,0.2,0.6
1.0386e-01,-2,-6,-1,-3,0.8,-7.15256e-08,0.2,-0.2
1.0394e-01,-4,2,-1,1,0.8,1.6,0.2,0.6
1.0402e-01,-2,-6,-1,-3,0.8,-7.15256e-08,0.2,-0.2
1.0409e-01,-4,2,-3,1,0.8,1.6,0.2,0.6
1.0417e-01,-2,-6,-1,-3,0.8,-0.8,0.2,-0.6
1.0425e-01,-2,2,-1,1,0.8,1.6,0.2,0.6
1.0432e-01,-4,-6,-1,-3,0.8,-7.15256e-08,0.2,-0.6
1.0440e-01,-4,2,-1,1,-7.15256e-08,1.6,0.2,0.6
1.0448e-01,-2,-6,-1,-3,0.8,-7.15256e-08,0.2,-0.6
1.0455e-01,-4,2,-1,1,0.8,1.6,0.2,0.6
1.0463e-01,-2,-6,-1,-3,-7.15256e-08,-7.15256e-08,0.2,-0.2
1.0471e-01,-2,2,-1,1,0.8,1.6,0.2,0.6
1.0478e-01,-2,-6,-3,-3,0.8,-7.15256e-08,0.2,-0.6
1.0486e-01,-4,2,-1,1,-7.15256e-08,1.6,0.2,0.6
1.0494e-01,-2,-6,-1,-3,0.8,-7.15256e-08,0.2,-0.2
1.0501e-01,-4,2,-3,1,0.8,1.6,-0.2,0.6
1.0509e-01,-2,-6,-1,-3,0.8,-7.15256e-08,0.2,-0.2
1.0517e-01,-4,2,-1,1,0.8,1.6,0.2,0.6
1.0524e-01,-2,-6,-1,-3,0.8,-7.15256e-08,0.2,-0.6
1.0532e-01,-4,2,-1,1,-7.15256e-08,1.6,0.2,0.6
1.0540e-01,-2,-6,-1,-3,0.8,-0.8,0.2,-0.6
1.0547e-01,-2,2,-1,1,-7.15256e-08,1.6,0.2,0.6
1.0555e-01,-2,-6,-1,-3,0.8,-0.8,0.2,-0.6
1.0563e-01,-2,2,-1,1,0.8,1.6,0.2,0.6
1.0571e-01,-4,-6,-1,-3,0.8,-7.15256e-08,-0.2,-0.6
1.0578e-01,-2,2,-1,1,0.8,1.6,0.2,0.6
1.0586e-01,-2,-6,-1,-3,0.8,-7.15256e-08,0.2,-0.6
1.0594e-01,-2,2,-1,1,0.8,1.6,0.2,0.6
1.0601e-01,-4,-6,-1,-3,0.8,-7.15256e-08,0.6,-0.6
1.0609e-01,-1.3411e-07,2,-3,1,0.8,1.6,0.2,0.6
1.0617e-01,-2,-6,-1,-3,0.8,-7.15256e-08,0.2,-0.2
1.0624e-01,-2,2,-3,1,0.8,1.6,0.2,0.6
1.0632e-01,-2,-6,-3,-3,0.8,-7.15256e-08,0.2,-0.2
1.0640e-01,-2,2,-1,1,0.8,1.6,0.2,0.6
1.0647e-01,-4,-6,-1,-3,0.8,-7.15256e-08,0.2,-0.6
1.0655e-01,-4,2,-1,1,0.8,1.6,0.2,0.6
1.0663e-01,-4,-6,-1,-3,0.8,-0.8,-0.2,-0.6
1.0670e-01,-4,2,-3,1,0.8,1.6,0.2,0.6
1.0678e-01,-2,-6,-3,-3,-7.15256e-08,-7.15256e-08,0.2,-0.6
1.0686e-01,-2,2,-1,1,0.8,1.6,0.2,0.6
1.0693e-01,-2,-6,-1,-3,-7.15256e-08,-7.15256e-08,0.2,-0.2
1.0701e-01,-2,2,-1,1,0.8,1.6,0.2,0.6
1.0709e-01,-4,-6,-1,-3,0.8,-7.15256e-08,0.2,-0.6
1.0716e-01,-2,2,-1,1,0.8,1.6,0.2,0.6
1.0724e-01,-2,-6,-1,-3,-7.15256e-08,-7.15256e-08,0.2,-0.6
1.0732e-01,-2,2,-1,1,0.8,1.6,0.2,0.6
1.0739e-01,-4,-6,-1,-3,0.8,-0.8,0.2,-0.6
1.0747e-01,-2,2,-1,1,0.8,1.6,0.2,0.6
1.0755e-01,-2,-6,-1,-3,-7.15256e-08,-7.15256e-08,0.2,-0.6
1.0763e-01,-4,2,-1,1,0.8,1.6,0.2,0.6
1.0770e-01,-2,-6,-1,-3,0.8,-0.8,0.2,-0.2
1.0778e-01,-4,2,-1,1,0.8,1.6,0.2,0.6
1.0786e-01,-2,-6,-1,-3,0.8,-7.15256e-08,0.2,-0.6
1.0793e-01,-2,2,-1,1,0.8,1.6,0.2,0.6
1.0801e-01,-2,-6,-1,-3,0.8,-7.15256e-08,0.2,-0.6
1.0809e-01,-2,2,-1,1,0.8,1.6,0.2,0.6
1.0816e-01,-2,-6,-1,-3,0.8,-7.15256e-08,0.2,-0.6
1.0824e-01,-4,2,-3,1,0.8,1.6,0.2,0.6
1.0832e-01,-2,-6,-1,-3,0.8,-7.15256e-08,0.2,-0.6
1.0839e-01,-4,2,-1,1,1.6,1.6,0.2,0.6
1.0847e-01,-2,-6,-1,-3,0.8,-7.15256e-08,-0.2,-0.6
1.0855e-01,-2,2,-1,1,0.8,1.6,0.2,0.6
1.0862e-01,-2,-6,-1,-3,0.8,-7.15256e-08,0.2,-0.6
1.0870e-01,-2,2,-1,1,0.8,1.6,0.2,0.6
1.0878e-01,-2,-6,-1,-3,0.8,-7.15256e-08,0.2,-0.6
1.0885e-01,-4,2,-1,1,0.8,1.6,0.2,0.6
1.0893e-01,-4,-6,-3,-3,-7.15256e-08,-7.15256e-08,0.2,-0.6
1.0901e-01,-2,2,-1,1,0.8,1.6,0.2,0.6
1.0908e-01,-2,-6,-1,-3,0.8,-7.15256e-08,-0.2,-0.6
1.0916e-01,-2,2,-1,1,0.8,1.6,0.2,0.6
1.0924e-01,-2,-6,-1,-3,0.8,-7.15256e-08,0.2,-0.6
1.0931e-01,-2,2,-3,1,0.8,1.6,0.2,0.6
1.0939e-01,-2,-6,-1,-3,0.8,-7.15256e-08,0.2,-0.6
1.0947e-01,-1.3411e-07,2,-1,1,0.8,1.6,-0.2,0.6
1.0955e-01,-2,-6,-1,-3,0.8,-7.15256e-08,-0.2,-0.6
1.0962e-01,-2,2,-1,1,0.8,1.6,0.2,0.6
1.0970e-01,-2,-6,-1,-3,0.8,-0.8,0.2,-0.6
1.0978e-01,-4,2,-1,1,0.8,1.6,0.2,0.6
1.0985e-01,-2,-6,-1,-3,0.8,-7.15256e-08,0.2,-0.6
1.0993e-01,-4,2,-1,1,0.8,1.6,0.2,0.6
1.1001e-01,-2,-6,-1,-3,0.8,-0.8,0.2,-0.6
1.1008e-01,-2,2,-1,1,0.8,1.6,0.2,0.6
1.1016e-01,-4,-6,-1,-3,0.8,-0.8,0.2,-0.6
1.1024e-01,-2,2,-1,1,0.8,1.6,0.2,0.6
1.1031e-01,-4,-6,-1,-3,0.8,-7.15256e-08,0.2,-0.6
1.1039e-01,-2,2,-1,1,0.8,1.6,0.2,0.6
1.1047e-01,-2,-6,-1,-3,0.8,-7.15256e-08,0.2,-0.6
1.1054e-01,-2,2,-1,1,0.8,1.6,0.2,0.6
1.1062e-01,-4,-6,-1,-3,0.8,-0.8,0.2,-0.6
1.1070e-01,-2,2,-1,1,0.8,1.6,0.2,0.6
1.1077e-01,-2,-6,-1,-3,0.8,-7.15256e-08,0.2,-0.6
1.1085e-01,-2,2,-1,1,0.8,1.6,0.2,0.6
1.1093e-01,-1.3411e-07,-6,-1,-3,0.8,-7.15256e-08,0.2,-0.6
1.1100e-01,-4,2,-1,1,0.8,1.6,0.2,0.6
1.1108e-01,-4,-6,-1,-3,0.8,-0.8,0.2,-0.6
1.1116e-01,-2,2,-3,1,0.8,1.6,0.2,0.6
1.1124e-01,-4,-6,-1,-3,0.8,-0.8,0.2,-0.6
1.1131e-01,-2,2,-1,1,0.8,1.6,0.2,0.6
1.1139e-01,-2,-6,-1,-3,0.8,-7.15256e-08,0.2,-0.6
1.1147e-01,-4,2,-1,1,0.8,1.6,0.2,0.6
1.1154e-01,-4,-6,-3,-3,0.8,-0.8,-0.2,-0.6
1.1162e-01,-4,2,-3,1,0.8,1.6,0.2,0.6
1.1170e-01,-2,-6,-1,-3,0.8,-7.15256e-08,0.2,-0.6
1.1177e-01,-2,2,-1,1,0.8,1.6,0.2,0.6
1.1185e-01,-4,-6,-1,-3,0.8,-0.8,0.2,-0.6
1.1193e-01,-2,2,-1,1,0.8,1.6,0.2,0.6
1.1200e-01,-2,-6,-1,-3,0.8,-0.8,0.2,-0.6
1.1208e-01,-2,2,-1,1,0.8,1.6,0.2,0.6
1.1216e-01,-4,-6,-1,-3,0.8,-0.8,0.2,-0.6
1.1223e-01,-4,2,-3,1,0.8,1.6,0.2,0.6
1.1231e-01,-2,-6,-1,-3,0.8,-0.8,0.2,-0.6
1.1239e-01,-2,2,-1,1,0.8,1.6,0.2,0.6
1.1246e-01,-2,-6,-1,-3,0.8,-7.15256e-08,0.2,-0.6
1.1254e-01,-4,2,-1,1,0.8,1.6,0.2,0.6
1.1262e-01,-4,-6,-1,-3,0.8,-0.8,0.2,-0.6
1.1269e-01,-2,2,-1,1,0.8,1.6,0.2,0.6
1.1277e-01,-2,-6,-3,-5,0.8,-7.15256e-08,0.2,-0.6
1.1285e-01,-2,2,-1,1,0.8,1.6,0.2,0.6
1.1292e-01,-4,-6,-1,-3,0.8,-7.15256e-08,-0.2,-0.6
1.1300e-01,-4,2,-1,1,0.8,1.6,0.2,0.6
1.1308e-01,-4,-6,-1,-3,0.8,-7.15256e-08,-0.2,-0.6
1.1316e-01,-6,2,-1,1,0.8,1.6,0.2,0.6
1.1323e-01,-4,-6,-1,-3,0.8,-7.15256e-08,-0.2,-0.6
1.1331e-01,-2,2,-1,1,-7.15256e-08,1.6,0.2,0.6
1.1339e-01,-2,-6,-1,-3,0.8,-7.15256e-08,0.2,-0.6
1.1346e-01,-4,2,-1,1,0.8,1.6,0.2,0.6
1.1354e-01,-2,-6,-1,-3,0.8,-7.15256e-08,0.2,-0.2
1.1362e-01,-2,2,-1,1,0.8,1.6,0.2,0.6
1.1369e-01,-4,-6,-1,-3,0.8,-7.15256e-08,0.2,-0.2
1.1377e-01,-2,2,-1,1,0.8,1.6,0.2,0.6
1.1385e-01,-2,-6,-1,-3,0.8,-7.15256e-08,0.2,-0.6
1.1392e-01,-4,2,-1,1,0.8,1.6,0.2,0.6
1.1400e-01,-2,-6,-1,-3,0.8,-7.15256e-08,0.2,-0.6
1.1408e-01,-4,2,-1,1,0.8,1.6,0.2,0.6
1.1415e-01,-4,-6,-1,-3,0.8,-7.15256e-08,0.2,-0.6
1.1423e-01,-2,2,-1,1,0.8,1.6,0.2,0.6
1.1431e-01,-2,-6,-1,-3,0.8,-7.15256e-08,-0.2,-0.6
1.1438e-01,-2,2,-1,1,0.8,1.6,0.2,0.6
1.1446e-01,-2,-6,-1,-3,0.8,-7.15256e-08,0.2,-0.6
1.1454e-01,-2,2,-1,1,0.8,1.6,0.2,0.6
1.1461e-01,-1.3411e-07,-6,-1,-3,0.8,-0.8,0.2,-0.2
1.1469e-01,-2,2,-3,1,0.8,1.6,0.2,0.6
1.1477e-01,-2,-6,-3,-3,0.8,-7.15256e-08,0.2,-0.6
1.1484e-01,-4,2,-1,1,0.8,1.6,-0.2,0.6
1.1492e-01,-2,-6,-1,-3,0.8,-7.15256e-08,0.2,-0.6
1.1500e-01,-2,2,-1,1,0.8,1.6,0.2,0.6
1.1508e-01,-4,-6,-3,-3,0.8,-7.15256e-08,0.2,-0.6
1.1515e-01,-2,2,-1,1,0.8,1.6,0.2,0.6
1.1523e-01,-2,-6,-1,-3,0.8,-7.15256e-08,0.2,-0.6
1.1531e-01,-2,2,-1,1,0.8,1.6,0.2,0.6
1.1538e-01,-2,-6,-1,-3,0.8,-0.8,0.2,-0.6
1.1546e-01,-2,2,-1,1,0.8,1.6,0.2,0.6
1.1554e-01,-2,-6,-1,-3,0.8,-7.15256e-08,0.2,-0.6
1.1561e-01,-2,2,-1,1,0.8,1.6,0.2,0.6
1.1569e-01,-2,-6,-1,-3,0.8,-7.15256e-08,0.2,-0.2
1.1577e-01,-2,2,-1,1,0.8,1.6,0.2,0.6
1.1584e-01,-2,-6,-1,-3,0.8,-7.15256e-08,0.2,-0.6
1.1592e-01,-2,2,-1,1,0.8,1.6,0.2,0.6
1.1600e-01,-4,-6,-1,-3,0.8,-0.8,0.2,-0.2
1.1607e-01,-4,2,-1,1,0.8,1.6,0.2,0.6
1.1615e-01,-2,-6,-1,-3,0.8,-7.15256e-08,0.2,-0.6
1.1623e-01,-2,2,-1,1,0.8,1.6,0.2,0.6
1.1630e-01,-2,-6,-1,-3,0.8,-7.15256e-08,0.2,-0.6
1.1638e-01,-4,2,-3,1,0.8,1.6,-0.2,0.6
1.1646e-01,-2,-6,-1,-3,0.8,-7.15256e-08,0.2,-0.6
1.1653e-01,-2,2,-3,1,0.8,1.6,0.2,0.6
1.1661e-01,-1.3411e-07,-6,-1,-3,0.8,-7.15256e-08,0.2,-0.6
1.1669e-01,-2,2,-1,1,0.8,1.6,0.2,0.6
1.1676e-01,-2,-6,-1,-3,0.8,-0.8,0.2,-0.6
1.1684e-01,-2,2,-1,1,0.8,1.6,0.2,0.6
1.1692e-01,-2,-6,-1,-3,0.8,-7.15256e-08,0.2,-0.6
1.1700e-01,-2,2,-1,1,0.8,1.6,0.2,0.6
1.1707e-01,-6,-6,-3,-3,0.8,-7.15256e-08,0.2,-0.6
1.1715e-01,-4,2,-1,1,-7.15256e-08,1.6,-0.2,0.6
1.1723e-01,-2,-6,-1,-3,0.8,-7.15256e-08,0.2,-0.6
1.1730e-01,-2,2,-1,1,0.8,1.6,0.2,0.6
1.1738e-01,-4,-6,-1,-3,0.8,-7.15256e-08,-0.2,-0.6
1.1746e-01,-2,2,-1,1,0.8,1.6,0.2,0.6
1.1753e-01,-2,-6,-1,-3,0.8,-7.15256e-08,0.2,-0.6
1.1761e-01,-2,2,-1,1,0.8,1.6,0.2,0.6
1.1769e-01,-4,-6,-1,-3,0.8,-7.15256e-08,0.2,-0.6
1.1776e-01,-1.3411e-07,2,-1,1,0.8,1.6,0.2,0.6
1.1784e-01,-2,-6,-1,-3,0.8,-0.8,0.2,-0.2
1.1792e-01,-4,2,-1,1,0.8,1.6,0.2,0.6
1.1799e-01,-2,-6,-1,-3,0.8,-7.15256e-08,0.2,-0.6
1.1807e-01,-2,2,-1,1,0.8,1.6,0.2,0.6
1.1815e-01,-2,-6,-1,-3,0.8,-7.15256e-08,0.2,-0.6
1.1822e-01,-2,2,-1,1,0.8,1.6,0.2,0.6
1.1830e-01,-2,-6,-1,-3,0.8,-0.8,-0.2,-0.6
1.1838e-01,-2,2,-1,1,0.8,1.6,0.2,0.6
1.1845e-01,-2,-6,-1,-3,0.8,-7.15256e-08,-0.2,-0.2
1.1853e-01,-2,2,-1,1,0.8,1.6,0.2,0.6
1.1861e-01,-4,-6,-1,-3,0.8,-7.15256e-08,0.2,-0.6
1.1869e-01,-2,2,-1,1,0.8,1.6,-0.2,0.6
1.1876e-01,-4,-6,-1,-3,0.8,-7.15256e-08,0.2,-0.6
1.1884e-01,-4,2,-1,1,0.8,1.6,0.2,0.6
1.1892e-01,-4,-6,-1,-3,0.8,-0.8,0.2,-0.6
1.1899e-01,-4,2,-3,1,0.8,1.6,0.2,0.6
1.1907e-01,-4,-6,-1,-3,0.8,-7.15256e-08,-0.2,-0.2
1.1915e-01,-4,2,-1,1,0.8,1.6,-0.2,0.6
1.1922e-01,-2,-6,-3,-3,0.8,-7.15256e-08,0.2,-0.6
1.1930e-01,-4,2,-1,1,0.8,1.6,0.2,0.6
1.1938e-01,-4,-6,-1,-5,0.8,-0.8,0.2,-0.6
1.1945e-01,-2,2,-1,1,0.8,1.6,0.2,0.6
1.1953e-01,-2,-6,-1,-3,0.8,-7.15256e-08,0.2,-0.6
1.1961e-01,-2,2,-1,1,0.8,1.6,0.2,0.6
1.1968e-01,-2,-6,-1,-3,0.8,-7.15256e-08,0.2,-0.6
1.1976e-01,-2,2,-1,1,0.8,1.6,0.2,0.6
1.1984e-01,-2,-6,-3,-3,0.8,-7.15256e-08,0.2,-0.6
1.1991e-01,-4,2,-1,1,0.8,1.6,0.2,0.6
1.1999e-01,-2,-6,-3,-5,0.8,-7.15256e-08,-0.2,-0.2
1.2007e-01,-2,2,-1,1,0.8,1.6,0.2,0.6
1.2014e-01,-4,-6,-1,-3,0.8,-7.15256e-08,0.2,-0.6
1.2022e-01,-2,2,-1,1,0.8,1.6,-0.2,0.6
1.2030e-01,-2,-6,-1,-5,0.8,-7.15256e-08,0.2,-0.6
1.2037e-01,-2,2,-3,1,0.8,1.6,0.2,0.6
1.2045e-01,-2,-6,-3,-3,0.8,-7.15256e-08,0.2,-0.6
1.2053e-01,-4,2,-1,1,0.8,1.6,0.2,0.6
1.2061e-01,-2,-6,-1,-3,0.8,-0.8,0.2,-0.6
1.2068e-01,-2,2,-1,1,0.8,1.6,0.2,0.6
1.2076e-01,-2,-6,-1,-3,0.8,-7.15256e-08,-0.2,-0.6
1.2084e-01,-4,2,-1,1,0.8,1.6,0.2,0.6
1.2091e-01,-4,-6,-1,-3,0.8,-7.15256e-08,0.2,-0.2
1.2099e-01,-4,2,-1,1,0.8,1.6,-0.2,0.6
1.2107e-01,-2,-6,-1,-3,0.8,-7.15256e-08,-0.2,-0.6
1.2114e-01,-2,2,-1,1,0.8,1.6,0.2,0.6
1.2122e-01,-2,-6,-3,-3,0.8,-7.15256e-08,0.2,-0.6
1.2130e-01,-2,2,-1,1,0.8,1.6,0.2,0.6
1.2137e-01,-1.3411e-07,-6,-1,-3,0.8,-7.15256e-08,-0.2,-0.6
1.2145e-01,-2,2,-1,1,0.8,1.6,0.2,0.6
1.2153e-01,-2,-8,-1,-3,0.8,-0.8,0.2,-0.6
1.2160e-01,-2,2,-1,1,0.8,1.6,0.2,0.6
1.2168e-01,-4,-6,-1,-5,0.8,-7.15256e-08,0.2,-0.6
1.2176e-01,-2,2,-1,1,0.8,1.6,0.2,0.6
1.2183e-01,-4,-6,-1,-3,-7.15256e-08,-7.15256e-08,0.2,-0.6
1.2191e-01,-2,2,-3,1,0.8,1.6,0.2,0.6
1.2199e-01,-2,-6,-1,-3,0.8,-7.15256e-08,0.2,-0.6
1.2206e-01,-2,2,-1,1,0.8,1.6,0.2,0.6
1.2214e-01,-2,-6,-1,-3,0.8,-7.15256e-08,0.2,-0.6
1.2222e-01,-2,2,-1,1,-7.15256e-08,1.6,0.2,0.6
1.2229e-01,-2,-6,-3,-3,0.8,-7.15256e-08,0.2,-0.6
1.2237e-01,-4,2,-1,1,0.8,1.6,-0.2,0.6
1.2245e-01,-2,-6,-1,-3,0.8,-7.15256e-08,0.2,-0.6
1.2253e-01,-4,2,-1,1,0.8,1.6,0.2,0.6
1.2260e-01,-2,-6,-1,-3,0.8,-7.15256e-08,-0.2,-0.2
1.2268e-01,-4,2,-1,1,0.8,1.6,0.2,0.6
1.2276e-01,-2,-6,-1,-3,0.8,-0.8,0.2,-0.6
1.2283e-01,-2,2,-3,1,-7.15256e-08,1.6,0.2,0.6
1.2291e-01,-2,-6,-1,-3,0.8,-7.15256e-08,0.2,-0.6
1.2299e-01,-4,2,-3,1,0.8,1.6,0.2,0.6
1.2306e-01,-4,-6,-1,-3,0.8,-7.15256e-08,0.2,-0.6
1.2314e-01,-2,2,-1,1,0.8,1.6,0.2,0.6
1.2322e-01,-2,-6,-1,-3,0.8,-7.15256e-08,0.2,-0.2
1.2329e-01,-4,2,-1,1,0.8,1.6,-0.2,0.6
1.2337e-01,-2,-6,-1,-5,0.8,-7.15256e-08,0.2,-0.6
1.2345e-01,-4,2,-1,1,-7.15256e-08,1.6,0.2,0.6
1.2352e-01,-2,-6,-1,-3,0.8,-7.15256e-08,0.2,-0.6
1.2360e-01,-2,2,-1,1,0.8,1.6,0.2,0.6
1.2368e-01,-2,-6,-1,-3,0.8,-7.15256e-08,0.2,-0.6
1.2375e-01,-2,2,-1,1,0.8,1.6,0.2,0.6
1.2383e-01,-2,-6,-1,-3,0.8,-0.8,0.2,-0.2
1.2391e-01,-2,2,-3,1,1.6,1.6,0.2,0.6
1.2398e-01,-4,-6,-1,-3,0.8,-7.15256e-08,0.2,-0.6
1.2406e-01,-2,2,-1,1,0.8,1.6,0.2,0.6
1.2414e-01,-2,-6,-1,-3,0.8,-0.8,0.2,-0.6
1.2422e-01,-4,2,-1,1,0.8,1.6,-0.2,0.6
1.2429e-01,-2,-6,-1,-3,0.8,-7.15256e-08,0.2,-0.6
1.2437e-01,-2,2,-1,1,0.8,1.6,0.2,0.6
1.2445e-01,-2,-6,-1,-5,0.8,-7.15256e-08,-0.2,-0.6
1.2452e-01,-4,2,-3,1,0.8,1.6,0.2,0.6
1.2460e-01,-2,-6,-1,-5,0.8,-7.15256e-08,0.2,-0.6
1.2468e-01,-2,2,-3,1,0.8,1.6,0.2,0.6
1.2475e-01,-2,-6,-3,-3,0.8,-7.15256e-08,0.2,-0.6
1.2483e-01,-2,2,-1,1,0.8,1.6,0.2,0.6
1.2491e-01,-4,-6,-3,-3,0.8,-0.8,-0.2,-0.6
1.2498e-01,-2,2,-1,1,0.8,1.6,0.2,0.6
1.2506e-01,-4,-6,-1,-3,0.8,-7.15256e-08,0.2,-0.6
1.2514e-01,-2,2,-1,1,0.8,1.6,0.2,0.6
1.2521e-01,-4,-6,-1,-3,0.8,-7.15256e-08,0.2,-0.6
1.2529e-01,-4,2,-1,1,0.8,1.6,0.2,0.6
1.2537e-01,-4,-6,-1,-3,0.8,-7.15256e-08,0.2,-0.6
1.2544e-01,-2,2,-1,1,0.8,1.6,0.2,0.6
1.2552e-01,-4,-6,-1,-3,0.8,-7.15256e-08,0.2,-0.2
1.2560e-01,-2,2,-1,1,0.8,1.6,0.2,0.6
1.2567e-01,-4,-6,-1,-5,0.8,-0.8,0.2,-0.6
1.2575e-01,-2,2,-1,1,0.8,1.6,0.2,0.6
1.2583e-01,-2,-6,-1,-3,0.8,-7.15256e-08,0.2,-0.6
1.2590e-01,-2,2,-3,1,-7.15256e-08,1.6,-0.2,0.6
1.2598e-01,-2,-6,-1,-3,0.8,-7.15256e-08,0.2,-0.6
1.2606e-01,-4,2,-1,1,0.8,1.6,0.2,0.6
1.2614e-01,-2,-6,-1,-5,0.8,-7.15256e-08,0.2,-0.6
1.2621e-01,-2,2,-3,1,0.8,1.6,0.2,0.6
1.2629e-01,-2,-6,-1,-3,0.8,-7.15256e-08,0.2,-0.6
1.2637e-01,-2,2,-1,1,0.8,1.6,0.2,0.6
1.2644e-01,-2,-6,-1,-3,0.8,-7.15256e-08,0.2,-0.6
1.2652e-01,-2,2,-1,1,0.8,1.6,0.2,0.6
1.2660e-01,-2,-6,-1,-3,0.8,-0.8,0.2,-0.6
1.2667e-01,-2,2,-1,1,0.8,1.6,0.2,0.6
1.2675e-01,-2,-6,-1,-3,0.8,-7.15256e-08,0.2,-0.6
1.2683e-01,-4,2,-3,1,0.8,1.6,-0.2,0.6
1.2690e-01,-4,-6,-1,-3,0.8,-7.15256e-08,0.2,-0.6
1.2698e-01,-4,2,-1,1,0.8,1.6,-0.2,0.6
1.2706e-01,-2,-6,-1,-3,0.8,-7.15256e-08,0.2,-0.6
1.2713e-01,-2,2,-1,1,0.8,1.6,0.2,0.6
1.2721e-01,-4,-6,-1,-3,0.8,-7.15256e-08,0.2,-0.2
1.2729e-01,-4,2,-1,1,0.8,1.6,0.2,0.6
1.2736e-01,-2,-6,-1,-3,0.8,-0.8,-0.2,-0.6
1.2744e-01,-2,2,-1,1,0.8,1.6,0.2,0.6
1.2752e-01,-4,-6,-1,-3,-7.15256e-08,-7.15256e-08,0.2,-0.6
1.2759e-01,-2,2,-1,1,0.8,1.6,0.2,0.6
1.2767e-01,-2,-6,-1,-5,0.8,-7.15256e-08,0.2,-0.6
1.2775e-01,-4,2,-1,1,0.8,1.6,0.2,0.6
1.2782e-01,-4,-6,-1,-3,0.8,-0.8,0.2,-0.6
1.2790e-01,-4,2,-1,1,0.8,1.6,0.2,0.6
1.2798e-01,-4,-6,-3,-5,0.8,-7.15256e-08,0.2,-0.6
1.2806e-01,-2,2,-1,1,0.8,1.6,0.2,0.6
1.2813e-01,-2,-6,-3,-3,0.8,-0.8,0.2,-0.6
1.2821e-01,-2,2,-3,1,0.8,1.6,0.2,0.6
1.2829e-01,-2,-6,-1,-3,0.8,-7.15256e-08,0.2,-0.6
1.2836e-01,-4,2,-1,1,0.8,1.6,0.2,0.6
1.2844e-01,-2,-6,-1,-5,0.8,-0.8,0.2,-0.2
1.2852e-01,-2,2,-1,1,0.8,1.6,0.2,0.6
1.2859e-01,-2,-6,-1,-3,0.8,-7.15256e-08,0.2,-0.6
1.2867e-01,-1.3411e-07,2,-3,1,0.8,1.6,0.2,0.6
1.2875e-01,-6,-6,-3,-3,-7.15256e-08,-0.8,-0.2,-0.6
1.2882e-01,-2,2,-3,1,0.8,1.6,0.2,0.6
1.2890e-01,-2,-6,-1,-3,0.8,-7.15256e-08,-0.2,-0.6
1.2898e-01,-2,2,-1,1,-7.15256e-08,1.6,0.2,0.6
1.2905e-01,-2,-6,-1,-5,0.8,-7.15256e-08,0.2,-0.2
1.2913e-01,-2,2,-1,1,0.8,1.6,0.2,0.6
1.2921e-01,-4,-6,-1,-3,0.8,-0.8,0.2,-0.6
1.2928e-01,-4,2,-1,1,0.8,1.6,0.2,0.6
1.2936e-01,-2,-6,-1,-3,0.8,-7.15256e-08,0.2,-0.6
1.2944e-01,-4,2,-1,1,0.8,1.6,0.2,0.6
1.2951e-01,-2,-6,-1,-3,0.8,-7.15256e-08,0.2,-0.6
1.2959e-01,-2,2,-1,1,0.8,1.6,-0.2,0.6
1.2967e-01,-2,-6,-1,-3,0.8,-7.15256e-08,0.2,-0.6
1.2975e-01,-4,2,-1,1,0.8,1.6,-0.2,0.6
1.2982e-01,-2,-6,-1,-3,0.8,-7.15256e-08,0.2,-0.6
1.2990e-01,-4,2,-1,1,0.8,1.6,-0.2,0.6
1.2998e-01,-2,-6,-1,-3,0.8,-0.8,0.2,-0.6
1.3005e-01,-2,2,-1,1,0.8,1.6,0.2,0.6
1.3013e-01,-2,-6,-1,-3,0.8,-7.15256e-08,-0.2,-0.6
1.3021e-01,-2,2,-1,1,0.8,1.6,0.2,0.6
1.3028e-01,-2,-6,-1,-5,0.8,-7.15256e-08,0.2,-0.6
1.3036e-01,-4,2,-1,1,0.8,1.6,0.2,0.6
1.3044e-01,-4,-6,-1,-3,0.8,-0.8,0.2,-0.6
1.3051e-01,-2,2,-3,1,-7.15256e-08,1.6,0.2,0.6
1.3059e-01,-2,-6,-3,-3,0.8,-7.15256e-08,0.2,-0.6
1.3067e-01,-2,2,-1,1,0.8,1.6,0.2,0.6
1.3074e-01,-2,-6,-1,-3,0.8,-7.15256e-08,0.2,-0.6
1.3082e-01,-2,2,-1,1,-7.15256e-08,1.6,0.2,0.6
1.3090e-01,-4,-6,-1,-5,0.8,-7.15256e-08,0.2,-0.6
1.3097e-01,-2,2,-1,1,0.8,1.6,0.2,0.6
1.3105e-01,-4,-6,-3,-3,0.8,-0.8,0.2,-0.6
1.3113e-01,-2,2,-1,1,-7.15256e-08,1.6,0.2,0.6
1.3120e-01,-2,-6,-3,-3,0.8,-7.15256e-08,0.2,-0.6
1.3128e-01,-4,2,-1,1,0.8,1.6,0.2,0.6
1.3136e-01,-2,-6,-1,-3,0.8,-7.15256e-08,0.2,-0.6
1.3143e-01,-2,2,-3,1,-7.15256e-08,1.6,0.2,0.6
1.3151e-01,-4,-6,-1,-3,0.8,-7.15256e-08,0.2,-0.6
1.3159e-01,-2,2,-1,1,-7.15256e-08,1.6,0.2,0.6
1.3167e-01,-2,-6,-3,-5,0.8,-7.15256e-08,0.2,-0.6
1.3174e-01,-4,2,-1,1,0.8,1.6,0.2,0.6
1.3182e-01,-2,-6,-1,-3,0.8,-0.8,0.2,-0.6
1.3190e-01,-4,2,-3,1,0.8,1.6,0.2,0.6
1.3197e-01,-4,-6,-3,-3,0.8,-7.15256e-08,0.2,-0.6
1.3205e-01,-4,2,-1,1,0.8,1.6,0.2,0.6
1.3213e-01,-2,-6,-3,-3,0.8,-7.15256e-08,0.2,-0.6
1.3220e-01,-2,2,-1,1,0.8,1.6,0.2,0.6
1.3228e-01,-2,-6,-1,-3,0.8,-7.15256e-08,0.2,-0.6
1.3236e-01,-2,2,-1,1,0.8,1.6,0.2,0.6
1.3243e-01,-4,-6,-1,-3,0.8,-7.15256e-08,0.2,-0.6
1.3251e-01,-2,2,-1,1,0.8,1.6,0.2,0.6
1.3259e-01,-4,-6,-1,-3,0.8,-0.8,-0.2,-0.6
1.3266e-01,-4,2,-3,1,0.8,1.6,0.2,0.6
1.3274e-01,-2,-6,-1,-3,0.8,-7.15256e-08,0.2,-0.6
1.3282e-01,-2,2,-1,1,0.8,1.6,0.2,0.6
1.3289e-01,-2,-6,-1,-3,0.8,-7.15256e-08,0.2,-0.6
1.3297e-01,-4,2,-1,1,0.8,1.6,0.2,0.6
1.3305e-01,-4,-6,-1,-3,0.8,-0.8,0.2,-0.6
1.3312e-01,-2,2,-1,1,0.8,1.6,-0.2,0.6
1.3320e-01,-4,-6,-1,-3,-7.15256e-08,-7.15256e-08,0.2,-0.6
1.3328e-01,-2,2,-1,1,0.8,1.6,0.2,0.6
1.3335e-01,-2,-6,-1,-3,0.8,-0.8,0.2,-0.6
1.3343e-01,-4,2,-1,1,0.8,1.6,0.2,0.6
1.3351e-01,-2,-6,-1,-3,0.8,-7.15256e-08,0.2,-0.6
1.3359e-01,-4,2,-1,1,0.8,1.6,0.2,0.6
1.3366e-01,-2,-6,-1,-3,0.8,-7.15256e-08,0.2,-0.6
1.3374e-01,-4,2,-1,1,0.8,1.6,0.2,0.6
1.3382e-01,-4,-6,-1,-3,0.8,-0.8,0.2,-0.6
1.3389e-01,-2,2,-1,1,0.8,1.6,0.2,0.6
1.3397e-01,-2,-6,-3,-3,0.8,-7.15256e-08,0.2,-0.6
1.3405e-01,-4,2,-1,1,0.8,1.6,0.2,0.6
1.3412e-01,-2,-6,-1,-3,0.8,-7.15256e-08,0.2,-0.6
1.3420e-01,-4,2,-1,1,0.8,1.6,0.2,0.6
1.3428e-01,-4,-6,-1,-3,0.8,-7.15256e-08,0.2,-0.6
1.3435e-01,-4,2,-1,1,0.8,1.6,0.2,0.6
1.3443e-01,-4,-6,-1,-3,1.6,-7.15256e-08,0.2,-0.6
1.3451e-01,-4,2,-1,1,0.8,1.6,0.2,0.6
1.3458e-01,-2,-6,-1,-3,0.8,-7.15256e-08,0.2,-0.6
1.3466e-01,-4,2,-1,1,0.8,1.6,0.2,0.6
1.3474e-01,-2,-6,-1,-3,0.8,-7.15256e-08,0.2,-0.6
1.3481e-01,-4,2,-1,1,0.8,1.6,0.2,0.6
1.3489e-01,-4,-6,-1,-3,0.8,-7.15256e-08,0.2,-0.6
1.3497e-01,-4,2,-1,1,0.8,1.6,0.2,0.6
1.3504e-01,-2,-6,-1,-3,0.8,-7.15256e-08,-0.2,-0.6
1.3512e-01,-2,2,-1,1,0.8,1.6,-0.2,0.6
1.3520e-01,-2,-6,-1,-3,0.8,-7.15256e-08,-0.2,-0.6
1.3527e-01,-2,2,-1,1,0.8,1.6,0.2,0.6
1.3535e-01,-2,-6,-1,-3,-7.15256e-08,-7.15256e-08,0.2,-0.6
1.3543e-01,-2,2,-1,1,0.8,1.6,0.2,0.6
1.3551e-01,-2,-6,-1,-3,0.8,-7.15256e-08,0.2,-0.6
1.3558e-01,-4,2,-1,1,0.8,1.6,0.2,0.6
1.3566e-01,-2,-6,-1,-3,0.8,-7.15256e-08,0.2,-0.6
1.3574e-01,-2,2,-1,1,0.8,1.6,0.2,0.6
1.3581e-01,-4,-6,-1,-3,0.8,-7.15256e-08,0.2,-0.6
1.3589e-01,-2,2,-1,1,0.8,1.6,0.2,0.6
1.3597e-01,-2,-6,-1,-3,0.8,-7.15256e-08,0.2,-0.6
1.3604e-01,-4,2,-1,1,0.8,1.6,0.2,0.6
1.3612e-01,-2,-6,-1,-3,0.8,-7.15256e-08,0.2,-0.6
1.3620e-01,-2,2,-1,1,0.8,1.6,0.2,0.6
1.3627e-01,-4,-6,-1,-3,0.8,-7.15256e-08,0.2,-0.6
1.3635e-01,-2,2,-1,1,0.8,1.6,0.2,0.6
1.3643e-01,-2,-6,-1,-3,0.8,-7.15256e-08,0.2,-0.6
1.3650e-01,-4,2,-1,1,0.8,1.6,0.2,0.6
1.3658e-01,-2,-6,-1,-3,0.8,-7.15256e-08,0.2,-0.6
1.3666e-01,-4,2,-1,1,0.8,1.6,-0.2,0.6
1.3673e-01,-2,-6,-1,-3,0.8,-7.15256e-08,0.2,-0.6
1.3681e-01,-2,2,-1,1,0.8,1.6,0.2,0.6
1.3689e-01,-2,-6,-1,-3,0.8,-7.15256e-08,0.2,-0.6
1.3696e-01,-4,2,-1,1,1.6,1.6,0.2,0.6
1.3704e-01,-4,-6,-1,-5,0.8,-7.15256e-08,0.2,-0.6
1.3712e-01,-4,2,-1,1,0.8,1.6,0.2,0.6
1.3720e-01,-2,-6,-1,-3,0.8,-0.8,0.2,-0.6
1.3727e-01,-2,2,-1,1,0.8,1.6,-0.2,0.6
1.3735e-01,-4,-6,-1,-3,0.8,-7.15256e-08,0.2,-0.6
1.3743e-01,-2,2,-1,1,0.8,1.6,0.2,0.6
1.3750e-01,-2,-6,-1,-5,0.8,-7.15256e-08,0.2,-0.6
1.3758e-01,-2,2,-1,1,0.8,1.6,0.2,0.6
1.3766e-01,-2,-6,-3,-3,0.8,-7.15256e-08,0.2,-0.6
1.3773e-01,-4,2,-1,1,0.8,1.6,-0.2,0.6
1.3781e-01,-2,-6,-1,-3,0.8,-7.15256e-08,0.2,-0.6
1.3789e-01,-2,2,-1,1,0.8,1.6,0.2,0.6
1.3796e-01,-4,-6,-1,-3,1.6,-0.8,0.2,-0.6
1.3804e-01,-2,2,-1,1,0.8,1.6,0.2,0.6
1.3812e-01,-4,-6,-1,-3,0.8,-7.15256e-08,0.2,-0.6
1.3819e-01,-4,2,-1,1,0.8,1.6,-0.2,0.6
1.3827e-01,-2,-6,-1,-3,0.8,-7.15256e-08,0.2,-0.6
1.3835e-01,-2,2,-1,1,0.8,1.6,0.2,0.6
1.3842e-01,-2,-6,-1,-3,0.8,-7.15256e-08,0.2,-0.6
1.3850e-01,-2,2,-1,1,0.8,1.6,0.2,0.6
1.3858e-01,-1.3411e-07,-6,-1,-3,0.8,-7.15256e-08,0.2,-0.6
1.3865e-01,-2,2,-1,1,0.8,1.6,0.2,0.6
1.3873e-01,-2,-6,-1,-3,0.8,-7.15256e-08,0.2,-0.6
1.3881e-01,-4,2,-3,1,0.8,1.6,0.2,0.6
1.3888e-01,-2,-6,-1,-3,0.8,-7.15256e-08,0.2,-0.6
1.3896e-01,-4,2,-1,1,0.8,1.6,-0.2,0.6
1.3904e-01,-2,-6,-1,-3,0.8,-7.15256e-08,0.2,-0.6
1.3912e-01,-2,2,-1,1,0.8,1.6,0.2,0.6
1.3919e-01,-2,-6,-1,-3,0.8,-7.15256e-08,0.2,-0.6
1.3927e-01,-4,2,-1,1,0.8,1.6,0.2,0.6
1.3935e-01,-2,-6,-1,-3,0.8,-7.15256e-08,0.2,-0.6
1.3942e-01,-4,2,-3,1,0.8,1.6,0.2,0.6
1.3950e-01,-2,-6,-1,-3,0.8,-7.15256e-08,-0.2,-0.6
1.3958e-01,-2,2,-1,1,0.8,1.6,0.2,0.6
1.3965e-01,-1.3411e-07,-6,-1,-3,0.8,-7.15256e-08,0.2,-0.6
1.3973e-01,-2,2,-1,1,0.8,1.6,-0.2,0.6
1.3981e-01,-2,-6,-1,-3,0.8,-7.15256e-08,0.2,-0.6
1.3988e-01,-2,2,-1,1,0.8,1.6,0.2,0.6
1.3996e-01,-2,-6,-1,-3,0.8,-7.15256e-08,0.2,-0.6
1.4004e-01,-4,2,-1,1,0.8,1.6,0.2,0.6
1.4011e-01,-4,-6,-1,-3,0.8,-7.15256e-08,0.2,-0.6
1.4019e-01,-2,2,-3,1,-7.15256e-08,1.6,0.2,0.6
1.4027e-01,-2,-6,-3,-3,0.8,-7.15256e-08,0.2,-0.2
1.4034e-01,-2,2,-1,1,0.8,1.6,0.2,0.6
1.4042e-01,-2,-6,-1,-3,0.8,-7.15256e-08,0.2,-0.6
1.4050e-01,-4,2,-1,1,0.8,1.6,0.2,0.6
1.4057e-01,-1.3411e-07,-6,-1,-3,0.8,-7.15256e-08,0.2,-0.6
1.4065e-01,-4,2,-1,1,0.8,1.6,0.2,0.6
1.4073e-01,-2,-6,-1,-3,0.8,-7.15256e-08,0.2,-0.6
1.4080e-01,-2,2,-3,1,1.6,1.6,-0.2,0.6
1.4088e-01,-2,-6,-1,-3,0.8,-7.15256e-08,-0.2,-0.6
1.4096e-01,-2,2,-1,1,0.8,1.6,0.2,0.6
1.4104e-01,-2,-6,-1,-3,0.8,-7.15256e-08,-0.2,-0.6
1.4111e-01,-2,2,-1,1,0.8,1.6,0.2,0.6
1.4119e-01,-4,-6,-1,-3,0.8,-7.15256e-08,-0.2,-0.6
1.4127e-01,-2,2,-1,1,0.8,1.6,0.2,0.6
1.4134e-01,-2,-6,-1,-3,0.8,-7.15256e-08,0.2,-0.6
1.4142e-01,-2,2,-1,1,0.8,1.6,0.2,0.6
1.4150e-01,-2,-6,-1,-3,0.8,-0.8,0.2,-0.6
1.4157e-01,-2,2,-3,1,0.8,1.6,-0.2,0.6
1.4165e-01,-4,-6,-1,-3,0.8,-7.15256e-08,0.2,-0.6
1.4173e-01,-2,2,-3,1,0.8,1.6,-0.2,0.6
1.4180e-01,-2,-6,-1,-3,0.8,-7.15256e-08,0.2,-0.6
1.4188e-01,-2,2,-3,1,0.8,1.6,0.2,0.6
1.4196e-01,-2,-6,-1,-5,0.8,-7.15256e-08,-0.2,-0.6
1.4203e-01,-2,2,-1,1,0.8,1.6,0.2,0.6
1.4211e-01,-4,-6,-1,-3,0.8,-0.8,-0.2,-0.6
1.4219e-01,-2,2,-1,1,0.8,1.6,0.2,0.6
1.4226e-01,-2,-6,-1,-3,0.8,-7.15256e-08,0.2,-0.6
1.4234e-01,-2,2,-1,1,0.8,1.6,0.2,0.6
1.4242e-01,-2,-6,-1,-3,0.8,-7.15256e-08,0.2,-0.6
1.4249e-01,-4,2,-1,1,0.8,1.6,0.2,0.6
1.4257e-01,-4,-6,-1,-3,0.8,-7.15256e-08,0.2,-0.6
1.4265e-01,-2,2,-1,1,0.8,1.6,0.2,0.6
1.4273e-01,-2,-6,-1,-3,1.6,-7.15256e-08,0.2,-0.6
1.4280e-01,-2,2,-1,1,0.8,1.6,0.2,0.6
1.4288e-01,-2,-6,-1,-3,0.8,-7.15256e-08,0.2,-0.6
1.4296e-01,-4,2,-3,1,0.8,1.6,-0.2,0.6
1.4303e-01,-2,-6,-1,-3,0.8,-7.15256e-08,0.2,-0.6
1.4311e-01,-2,2,-1,1,0.8,1.6,0.2,0.6
1.4319e-01,-2,-6,-1,-3,0.8,-7.15256e-08,0.2,-0.6
1.4326e-01,-4,2,-1,1,0.8,1.6,0.2,0.6
1.4334e-01,-4,-6,-1,-3,0.8,-7.15256e-08,0.2,-0.6
1.4342e-01,-2,2,-3,1,0.8,1.6,-0.2,0.6
1.4349e-01,-2,-6,-1,-3,0.8,-7.15256e-08,0.2,-0.6
1.4357e-01,-2,2,-1,1,0.8,1.6,0.2,0.6
1.4365e-01,-1.3411e-07,-6,-1,-3,0.8,-0.8,0.2,-0.6
1.4372e-01,-2,2,-1,1,0.8,1.6,0.2,0.6
1.4380e-01,-2,-6,-1,-3,0.8,-7.15256e-08,0.2,-0.6
1.4388e-01,-4,2,-1,1,0.8,1.6,0.2,0.6
1.4395e-01,-2,-6,-3,-5,0.8,-7.15256e-08,0.2,-0.6
1.4403e-01,-2,2,-1,1,0.8,1.6,-0.2,0.6
1.4411e-01,-2,-6,-1,-3,0.8,-7.15256e-08,0.2,-0.6
1.4418e-01,-4,2,-1,1,0.8,1.6,0.2,0.6
1.4426e-01,-2,-6,-1,-3,0.8,-7.15256e-08,0.2,-0.6
1.4434e-01,-4,2,-1,1,0.8,1.6,0.2,0.6
1.4441e-01,-2,-6,-1,-3,0.8,-0.8,-0.2,-0.6
1.4449e-01,-2,2,-1,1,0.8,1.6,0.2,0.6
1.4457e-01,-1.3411e-07,-6,-1,-3,0.8,-7.15256e-08,0.2,-0.6
1.4465e-01,-4,2,-1,1,0.8,1.6,0.2,0.6
1.4472e-01,-2,-6,-1,-3,0.8,-0.8,0.2,-0.6
1.4480e-01,-4,2,-1,1,0.8,1.6,0.2,0.6
1.4488e-01,-2,-6,-1,-3,0.8,-7.15256e-08,0.2,-0.6
1.4495e-01,-2,2,-1,1,0.8,1.6,0.2,0.6
1.4503e-01,-2,-6,-1,-3,0.8,-7.15256e-08,0.2,-0.6
1.4511e-01,-4,2,-1,1,0.8,1.6,0.2,0.6
1.4518e-01,-4,-6,-3,-3,0.8,-0.8,0.2,-0.6
1.4526e-01,-4,2,-1,1,0.8,1.6,0.2,0.6
1.4534e-01,-6,-6,-1,-3,0.8,-7.15256e-08,-0.2,-0.6
1.4541e-01,-2,2,-3,1,0.8,1.6,0.2,0.6
1.4549e-01,-4,-6,-1,-5,0.8,-0.8,0.2,-0.6
1.4557e-01,-2,2,-1,1,0.8,1.6,0.2,0.6
1.4564e-01,-1.3411e-07,-6,-1,-3,0.8,-7.15256e-08,0.2,-0.6
1.4572e-01,-2,2,-3,1,0.8,1.6,0.2,0.6
1.4580e-01,-2,-6,-1,-3,-7.15256e-08,-0.8,-0.2,-0.6
1.4587e-01,-2,2,-1,1,0.8,1.6,-0.2,0.6
1.4595e-01,-4,-6,-1,-3,0.8,-7.15256e-08,0.2,-0.6
1.4603e-01,-4,2,-1,1,0.8,1.6,0.2,0.6
1.4610e-01,-2,-6,-3,-5,0.8,-7.15256e-08,0.2,-0.6
1.4618e-01,-2,2,-3,1,0.8,1.6,-0.2,0.6
1.4626e-01,-2,-6,-1,-3,0.8,-0.8,0.2,-0.6
1.4633e-01,-2,2,-1,1,0.8,1.6,0.2,0.6
1.4641e-01,-2,-6,-1,-3,0.8,-0.8,0.2,-0.6
1.4649e-01,-2,2,-1,1,0.8,1.6,0.2,0.6
1.4657e-01,-2,-6,-1,-3,0.8,-7.15256e-08,0.2,-0.6
1.4664e-01,-1.3411e-07,2,-3,1,0.8,1.6,0.2,0.6
1.4672e-01,-2,-6,-1,-3,0.8,-7.15256e-08,-0.2,-0.6
1.4680e-01,-4,2,-1,1,0.8,1.6,0.2,0.6
1.4687e-01,-2,-6,-3,-3,0.8,-7.15256e-08,0.2,-0.6
1.4695e-01,-2,2,-3,1,-7.15256e-08,1.6,0.2,0.6
1.4703e-01,-1.3411e-07,-6,-1,-3,0.8,-7.15256e-08,0.2,-0.6
1.4710e-01,-2,2,-1,1,0.8,1.6,0.2,0.6
1.4718e-01,-4,-6,-1,-3,0.8,-7.15256e-08,0.2,-0.6
1.4726e-01,-2,2,-1,1,0.8,1.6,0.2,0.6
1.4733e-01,-2,-6,-1,-3,0.8,-7.15256e-08,0.2,-0.6
1.4741e-01,-4,2,-1,1,0.8,1.6,0.2,0.6
1.4749e-01,-4,-6,-1,-3,0.8,-7.15256e-08,0.2,-0.6
1.4756e-01,-2,2,-1,1,0.8,1.6,0.2,0.6
1.4764e-01,-4,-6,-1,-3,0.8,-7.15256e-08,0.2,-0.6
1.4772e-01,-4,2,-1,1,1.6,1.6,0.2,0.6
1.4779e-01,-2,-6,-1,-3,0.8,-7.15256e-08,-0.2,-0.6
1.4787e-01,-4,2,-1,1,0.8,1.6,0.2,0.6
1.4795e-01,-2,-6,-1,-3,0.8,-7.15256e-08,-0.2,-0.6
1.4802e-01,-2,2,-3,1,0.8,1.6,0.2,0.6
1.4810e-01,-4,-6,-1,-3,0.8,-7.15256e-08,0.2,-0.6
1.4818e-01,-2,2,-1,1,0.8,1.6,0.2,0.6
1.4825e-01,-2,-6,-3,-3,0.8,-7.15256e-08,0.2,-0.6
1.4833e-01,-4,2,-1,1,-7.15256e-08,1.6,-0.2,0.6
1.4841e-01,-2,-6,-1,-3,0.8,-0.8,0.2,-0.6
1.4849e-01,-2,2,-1,1,0.8,1.6,0.2,0.6
1.4856e-01,-2,-6,-3,-3,0.8,-7.15256e-08,0.2,-0.6
1.4864e-01,-4,2,-1,1,0.8,1.6,0.2,0.6
1.4872e-01,-4,-6,-1,-3,1.6,-0.8,0.2,-0.6
1.4879e-01,-2,2,-1,1,1.6,1.6,0.2,0.6
1.4887e-01,-2,-6,-1,-3,0.8,-0.8,0.2,-0.6
1.4895e-01,-4,2,-1,1,-7.15256e-08,1.6,0.2,0.6
1.4902e-01,-4,-6,-1,-5,0.8,-7.15256e-08,0.2,-0.6
1.4910e-01,-4,2,-3,1,0.8,1.6,0.2,0.6
1.4918e-01,-4,-6,-1,-3,0.8,-7.15256e-08,0.2,-0.6
1.4925e-01,-2,2,-1,1,0.8,1.6,0.2,0.6
1.4933e-01,-2,-6,-1,-3,0.8,-7.15256e-08,0.2,-0.6
1.4941e-01,-4,2,-3,1,0.8,1.6,0.2,0.6
1.4948e-01,-4,-6,-1,-3,0.8,-7.15256e-08,0.2,-0.6
1.4956e-01,-2,2,-1,1,0.8,1.6,0.2,0.6
1.4964e-01,-2,-6,-1,-3,0.8,-7.15256e-08,0.2,-0.6
1.4971e-01,-2,2,-1,1,0.8,1.6,0.2,0.6
1.4979e-01,-2,-6,-1,-3,0.8,-0.8,0.2,-0.6
1.4987e-01,-4,2,-1,1,0.8,1.6,0.2,0.6
1.4994e-01,-2,-6,-3,-3,0.8,-7.15256e-08,0.2,-0.6
1.5002e-01,-4,2,-1,1,0.8,1.6,0.2,0.6
1.5010e-01,-4,-6,-1,-3,0.8,-7.15256e-08,0.2,-0.6
1.5018e-01,-2,2,-1,1,0.8,1.6,0.2,0.6
1.5025e-01,-2,-6,-1,-3,0.8,-7.15256e-08,0.2,-0.6
1.5033e-01,-2,2,-1,1,0.8,1.6,0.2,0.6
1.5041e-01,-2,-6,-1,-3,0.8,-0.8,0.2,-0.6
1.5048e-01,-4,2,-1,1,0.8,1.6,0.2,0.6
1.5056e-01,-2,-6,-1,-3,0.8,-7.15256e-08,0.2,-0.6
1.5064e-01,-2,2,-1,1,0.8,1.6,0.2,0.6
1.5071e-01,-4,-6,-1,-3,0.8,-7.15256e-08,0.2,-0.6
1.5079e-01,-2,2,-1,1,0.8,1.6,0.2,0.6
1.5087e-01,-2,-6,-1,-3,0.8,-7.15256e-08,0.2,-0.6
1.5094e-01,-4,2,-1,1,0.8,1.6,0.2,0.6
1.5102e-01,-2,-6,-1,-3,0.8,-7.15256e-08,0.2,-0.6
1.5110e-01,-4,2,-3,1,0.8,1.6,0.2,0.6
1.5117e-01,-2,-6,-1,-3,0.8,-7.15256e-08,0.2,-0.6
1.5125e-01,-4,2,-1,1,0.8,1.6,-0.2,0.6
1.5133e-01,-4,-6,-1,-3,0.8,-7.15256e-08,0.2,-0.6
1.5140e-01,-4,2,-1,1,0.8,1.6,0.2,0.6
1.5148e-01,-2,-6,-3,-3,0.8,-7.15256e-08,0.2,-0.6
1.5156e-01,-2,2,-1,1,0.8,1.6,0.2,0.6
1.5163e-01,-2,-6,-1,-3,0.8,-7.15256e-08,0.2,-0.6
1.5171e-01,-2,2,-3,1,-7.15256e-08,1.6,0.2,0.6
1.5179e-01,-4,-6,-3,-3,0.8,-7.15256e-08,0.2,-0.6
1.5186e-01,-2,2,-1,1,0.8,1.6,0.2,0.6
1.5194e-01,-2,-6,-1,-3,0.8,-7.15256e-08,0.2,-0.6
1.5202e-01,-2,2,-1,1,0.8,1.6,0.2,0.6
1.5210e-01,-2,-6,-1,-3,0.8,-7.15256e-08,0.2,-0.6
1.5217e-01,-2,2,-1,1,0.8,1.6,0.2,0.6
1.5225e-01,-4,-6,-1,-3,0.8,-7.15256e-08,0.2,-0.6
1.5233e-01,-2,2,-1,1,0.8,1.6,0.2,0.6
1.5240e-01,-4,-6,-3,-3,0.8,-7.15256e-08,0.2,-0.6
1.5248e-01,-4,2,-1,1,0.8,1.6,0.2,0.6
1.5256e-01,-4,-6,-1,-3,1.6,-7.15256e-08,0.2,-0.6
1.5263e-01,-4,2,-1,1,0.8,1.6,0.2,0.6
1.5271e-01,-4,-6,-1,-3,0.8,-7.15256e-08,0.2,-0.6
1.5279e-01,-2,2,-1,1,0.8,1.6,0.2,0.6
1.5286e-01,-2,-6,-1,-3,0.8,-0.8,0.2,-0.6
1.5294e-01,-2,2,-3,1,0.8,1.6,0.2,0.6
1.5302e-01,-2,-6,-3,-3,0.8,-7.15256e-08,0.2,-0.6
1.5309e-01,-1.3411e-07,2,-1,1,0.8,1.6,0.2,0.6
1.5317e-01,-2,-6,-1,-3,0.8,-0.8,0.2,-0.6
1.5325e-01,-2,2,-1,1,0.8,1.6,0.2,0.6
1.5332e-01,-1.3411e-07,-6,-1,-5,0.8,-7.15256e-08,0.2,-0.6
1.5340e-01,-4,2,-3,1,0.8,1.6,0.2,0.6
1.5348e-01,-2,-8,-1,-3,0.8,-0.8,-0.2,-0.6
1.5355e-01,-4,2,-1,1,0.8,1.6,0.2,0.6
1.5363e-01,-4,-6,-3,-5,0.8,-7.15256e-08,-0.2,-0.6
1.5371e-01,-2,2,-3,1,0.8,1.6,0.2,0.6
1.5378e-01,-4,-6,-1,-3,0.8,-7.15256e-08,0.2,-0.6
1.5386e-01,-2,2,-1,1,0.8,1.6,0.2,0.6
1.5394e-01,-2,-8,-3,-3,0.8,-0.8,0.2,-0.6
1.5402e-01,-2,-1.3411e-07,-1,1,0.8,1.6,0.2,0.6
1.5409e-01,-4,-6,-3,-3,0.8,-0.8,0.2,-0.6
1.5417e-01,-2,2,-3,1,0.8,1.6,0.2,0.6
1.5425e-01,-4,-6,-1,-3,0.8,-7.15256e-08,0.2,-0.6
1.5432e-01,-4,2,-1,1,0.8,1.6,0.2,0.6
1.5440e-01,-4,-6,-1,-3,0.8,-7.15256e-08,0.2,-0.6
1.5448e-01,-2,2,-1,1,0.8,1.6,0.2,0.6
1.5455e-01,-2,-6,-1,-3,0.8,-7.15256e-08,0.2,-0.6
1.5463e-01,-2,2,-1,1,0.8,1.6,-0.2,0.6
1.5471e-01,-2,-6,-1,-3,0.8,-7.15256e-08,0.2,-0.6
1.5478e-01,-4,2,-3,1,0.8,1.6,0.2,0.6
1.5486e-01,-4,-6,-1,-5,0.8,-0.8,0.2,-0.6
1.5494e-01,-1.3411e-07,2,-1,1,0.8,1.6,-0.2,0.6
1.5501e-01,-2,-6,-1,-3,0.8,-0.8,0.2,-0.6
1.5509e-01,-2,-1.3411e-07,-1,1,1.6,1.6,0.2,0.6
1.5517e-01,-2,-6,-1,-3,0.8,-0.8,0.2,-0.6
1.5524e-01,-2,2,-1,1,0.8,1.6,0.2,0.6
1.5532e-01,-2,-8,-3,-3,0.8,-0.8,-0.2,-0.6
1.5540e-01,-4,2,-1,1,0.8,1.6,0.2,0.6
1.5547e-01,-2,-6,-1,-3,0.8,-7.15256e-08,0.2,-0.6
1.5555e-01,-2,2,-3,1,0.8,1.6,0.2,0.6
1.5563e-01,-2,-6,-1,-3,0.8,-0.8,0.2,-0.6
1.5571e-01,-4,2,-1,1,0.8,1.6,0.2,0.6
1.5578e-01,-4,-6,-1,-3,0.8,-7.15256e-08,0.2,-0.6
1.5586e-01,-2,2,-1,1,0.8,1.6,0.2,0.6
1.5594e-01,-4,-6,-3,-3,0.8,-0.8,0.2,-0.6
1.5601e-01,-2,2,-1,1,0.8,1.6,0.2,0.6
1.5609e-01,-4,-6,-1,-3,0.8,-7.15256e-08,0.2,-0.6
1.5617e-01,-2,2,-1,1,0.8,1.6,0.2,0.6
1.5624e-01,-4,-6,-1,-3,0.8,-7.15256e-08,0.2,-0.6
1.5632e-01,-4,2,-1,1,0.8,1.6,-0.2,0.6
1.5640e-01,-4,-6,-1,-3,0.8,-7.15256e-08,0.2,-0.6
1.5647e-01,-2,2,-1,1,0.8,1.6,0.2,0.6
1.5655e-01,-2,-6,-1,-3,0.8,-7.15256e-08,0.2,-0.6
1.5663e-01,-2,2,-1,1,-7.15256e-08,1.6,0.2,0.6
1.5670e-01,-2,-6,-1,-3,0.8,-0.8,0.2,-0.6
1.5678e-01,-2,2,-1,1,0.8,1.6,0.2,0.6
1.5686e-01,-2,-6,-1,-3,0.8,-7.15256e-08,0.2,-0.6
1.5693e-01,-4,2,-1,1,0.8,1.6,0.2,0.6
1.5701e-01,-2,-6,-1,-5,0.8,-7.15256e-08,0.2,-0.6
1.5709e-01,-4,2,-1,1,0.8,1.6,-0.2,0.6
1.5716e-01,-4,-6,-1,-3,0.8,-7.15256e-08,0.2,-0.6
1.5724e-01,-2,2,-1,1,-7.15256e-08,1.6,0.2,0.6
1.5732e-01,-4,-6,-3,-3,0.8,-0.8,0.2,-0.6
1.5739e-01,-2,2,-1,1,0.8,1.6,0.2,0.6
1.5747e-01,-2,-6,-1,-3,0.8,-0.8,-0.2,-0.6
1.5755e-01,-2,2,-3,1,-7.15256e-08,1.6,0.2,0.6
1.5763e-01,-4,-6,-1,-3,0.8,-0.8,0.2,-0.6
1.5770e-01,-2,2,-3,1,0.8,1.6,-0.2,0.6
1.5778e-01,-2,-6,-3,-3,0.8,-7.15256e-08,0.2,-0.6
1.5786e-01,-2,2,-1,1,0.8,1.6,0.2,0.6
1.5793e-01,-2,-6,-1,-3,0.8,-7.15256e-08,0.2,-0.6
1.5801e-01,-2,2,-3,1,0.8,1.6,0.2,0.6
1.5809e-01,-2,-6,-1,-3,-7.15256e-08,-7.15256e-08,0.2,-0.6
1.5816e-01,-2,2,-1,1,0.8,1.6,0.2,0.6
1.5824e-01,-2,-6,-1,-3,0.8,-7.15256e-08,0.2,-0.6
1.5832e-01,-2,2,-3,1,0.8,1.6,0.2,0.6
1.5839e-01,-4,-6,-3,-3,0.8,-7.15256e-08,0.2,-0.6
1.5847e-01,-4,2,-1,1,0.8,1.6,0.2,0.6
1.5855e-01,-2,-6,-1,-3,0.8,-7.15256e-08,0.2,-0.6
1.5862e-01,-2,2,-1,1,0.8,1.6,0.2,0.6
1.5870e-01,-4,-6,-3,-3,0.8,-0.8,0.2,-0.6
1.5878e-01,-2,2,-1,1,0.8,1.6,-0.2,0.6
1.5885e-01,-2,-6,-1,-3,0.8,-7.15256e-08,0.2,-0.6
1.5893e-01,-4,2,-3,1,0.8,1.6,0.2,0.6
1.5901e-01,-4,-6,-1,-3,-7.15256e-08,-7.15256e-08,0.2,-0.6
1.5908e-01,-4,2,-1,1,1.6,1.6,0.2,0.6
1.5916e-01,-4,-6,-1,-3,0.8,-7.15256e-08,0.2,-0.2
1.5924e-01,-2,2,-1,1,0.8,1.6,0.2,0.6
1.5931e-01,-2,-6,-3,-3,0.8,-0.8,0.2,-0.6
1.5939e-01,-2,2,-1,1,0.8,1.6,0.2,0.6
1.5947e-01,-2,-6,-1,-3,0.8,-7.15256e-08,0.2,-0.6
1.5955e-01,-2,2,-1,1,0.8,1.6,0.2,0.6
1.5962e-01,-2,-6,-1,-3,0.8,-7.15256e-08,-0.2,-0.6
1.5970e-01,-1.3411e-07,2,-1,1,0.8,1.6,0.2,0.6
1.5978e-01,-2,-6,-1,-3,0.8,-7.15256e-08,-0.2,-0.6
1.5985e-01,-2,2,-1,1,0.8,1.6,0.2,0.6
1.5993e-01,-4,-6,-1,-3,0.8,-7.15256e-08,0.2,-0.6
1.6001e-01,-2,2,-1,1,0.8,1.6,0.2,0.6
1.6008e-01,-4,-6,-1,-3,0.8,-7.15256e-08,-0.2,-0.6
1.6016e-01,-2,2,-1,1,0.8,1.6,0.2,0.6
1.6024e-01,-4,-6,-1,-3,0.8,-0.8,0.2,-0.6
1.6031e-01,-2,2,-1,1,0.8,1.6,0.2,0.6
1.6039e-01,-2,-6,-1,-3,0.8,-7.15256e-08,0.2,-0.6
1.6047e-01,-2,2,-3,1,0.8,1.6,0.2,0.6
1.6054e-01,-2,-6,-3,-3,1.6,-7.15256e-08,0.2,-0.6
1.6062e-01,-2,2,-1,1,0.8,1.6,0.2,0.6
1.6070e-01,-2,-6,-1,-5,0.8,-7.15256e-08,0.2,-0.6
1.6077e-01,-2,2,-3,1,0.8,1.6,-0.2,0.6
1.6085e-01,-4,-6,-1,-3,0.8,-7.15256e-08,0.2,-0.6
1.6093e-01,-2,2,-3,1,0.8,1.6,0.2,0.6
1.6100e-01,-2,-6,-1,-3,0.8,-7.15256e-08,0.2,-0.6
1.6108e-01,-2,2,-1,1,0.8,1.6,-0.2,0.6
1.6116e-01,-2,-6,-1,-3,-7.15256e-08,-7.15256e-08,0.2,-0.6
1.6124e-01,-2,2,-1,1,0.8,1.6,0.2,0.6
1.6131e-01,-2,-6,-1,-3,0.8,-0.8,0.2,-0.6
1.6139e-01,-2,2,-1,1,-7.15256e-08,1.6,0.2,0.6
1.6147e-01,-2,-6,-1,-3,0.8,-7.15256e-08,0.2,-0.6
1.6154e-01,-2,2,-1,1,0.8,1.6,0.2,0.6
1.6162e-01,-2,-6,-1,-3,0.8,-7.15256e-08,-0.2,-0.6
1.6170e-01,-4,2,-1,1,0.8,1.6,0.2,0.6
1.6177e-01,-2,-6,-1,-3,0.8,-0.8,0.2,-0.6
1.6185e-01,-4,2,-3,1,0.8,1.6,0.2,0.6
1.6193e-01,-2,-6,-1,-3,-7.15256e-08,-7.15256e-08,0.2,-0.6
1.6200e-01,-2,2,-1,1,0.8,1.6,0.2,0.6
1.6208e-01,-2,-6,-1,-5,0.8,-7.15256e-08,0.2,-0.6
1.6216e-01,-2,2,-1,1,0.8,1.6,0.2,0.6
1.6223e-01,-4,-6,-1,-3,0.8,-7.15256e-08,0.2,-0.6
1.6231e-01,-4,2,-1,1,0.8,1.6,-0.2,0.6
1.6239e-01,-2,-6,-1,-3,0.8,-7.15256e-08,0.2,-0.6
1.6246e-01,-2,2,-3,1,0.8,1.6,0.2,0.6
1.6254e-01,-2,-6,-1,-5,0.8,-0.8,0.2,-0.6
1.6262e-01,-4,2,-3,1,-7.15256e-08,1.6,0.2,0.6
1.6269e-01,-2,-6,-1,-3,0.8,-7.15256e-08,0.2,-0.6
1.6277e-01,-1.3411e-07,2,-1,1,0.8,1.6,0.2,0.6
1.6285e-01,-4,-6,-1,-3,0.8,-7.15256e-08,0.2,-0.6
1.6292e-01,-2,2,-1,1,0.8,1.6,-0.2,0.6
1.6300e-01,-2,-6,-1,-3,0.8,-7.15256e-08,0.2,-0.6
1.6308e-01,-2,2,-1,1,0.8,1.6,0.2,0.6
1.6316e-01,-4,-6,-1,-3,0.8,-7.15256e-08,-0.2,-0.6
1.6323e-01,-2,2,-1,1,0.8,1.6,0.2,0.6
1.6331e-01,-2,-6,-1,-3,0.8,-7.15256e-08,0.2,-0.6
1.6339e-01,-4,2,-3,1,0.8,1.6,-0.2,0.6
1.6346e-01,-2,-6,-3,-5,0.8,-0.8,-0.2,-0.6
1.6354e-01,-4,2,-1,1,0.8,1.6,0.2,0.6
1.6362e-01,-2,-6,-1,-3,0.8,-7.15256e-08,0.2,-0.6
1.6369e-01,-2,2,-1,1,0.8,1.6,0.2,0.6
1.6377e-01,-2,-6,-1,-3,-7.15256e-08,-7.15256e-08,0.2,-0.6
1.6385e-01,-2,2,-1,1,0.8,1.6,-0.2,0.6
1.6392e-01,-2,-6,-1,-3,0.8,-7.15256e-08,0.2,-0.6
1.6400e-01,-2,2,-1,1,0.8,1.6,0.2,0.6
1.6408e-01,-2,-6,-3,-3,0.8,-7.15256e-08,0.2,-0.6
1.6415e-01,-2,2,-1,1,0.8,1.6,0.2,0.6
1.6423e-01,-2,-6,-1,-3,0.8,-7.15256e-08,0.2,-0.6
1.6431e-01,-2,2,-3,1,0.8,1.6,0.2,0.6
1.6438e-01,-2,-6,-1,-3,0.8,-7.15256e-08,0.2,-0.6
1.6446e-01,-2,2,-1,1,0.8,1.6,0.2,0.6
1.6454e-01,-4,-6,-1,-3,0.8,-7.15256e-08,-0.2,-0.6
1.6461e-01,-2,2,-1,1,0.8,1.6,0.2,0.6
1.6469e-01,-2,-6,-1,-3,0.8,-7.15256e-08,0.2,-0.6
1.6477e-01,-2,2,-1,1,0.8,1.6,0.2,0.6
1.6484e-01,-4,-6,-3,-3,0.8,-0.8,0.2,-0.6
1.6492e-01,-2,2,-1,1,0.8,1.6,0.2,0.6
1.6500e-01,-2,-6,-1,-3,0.8,-7.15256e-08,0.2,-0.6
1.6508e-01,-2,2,-1,1,0.8,1.6,-0.2,0.6
1.6515e-01,-2,-6,-1,-3,0.8,-7.15256e-08,-0.2,-0.6
1.6523e-01,-2,2,-3,1,0.8,1.6,0.2,0.6
1.6531e-01,-4,-6,-1,-3,0.8,-7.15256e-08,0.2,-0.6
1.6538e-01,-2,2,-1,1,-7.15256e-08,1.6,0.2,0.6
1.6546e-01,-2,-6,-1,-3,0.8,-7.15256e-08,0.2,-0.6
1.6554e-01,-2,2,-3,1,0.8,1.6,-0.2,0.6
1.6561e-01,-2,-6,-3,-3,0.8,-0.8,0.2,-0.6
1.6569e-01,-2,2,-1,1,0.8,1.6,0.2,0.6
1.6577e-01,-2,-6,-3,-3,0.8,-7.15256e-08,0.2,-0.6
1.6584e-01,-2,2,-1,1,0.8,1.6,0.2,0.6
1.6592e-01,-2,-6,-1,-3,0.8,-0.8,0.2,-0.6
1.6600e-01,-2,2,-3,1,0.8,1.6,-0.2,0.6
1.6607e-01,-4,-6,-1,-3,0.8,-7.15256e-08,-0.2,-0.6
1.6615e-01,-2,2,-1,1,0.8,1.6,0.2,0.6
1.6623e-01,-4,-6,-3,-3,0.8,-7.15256e-08,0.2,-0.6
1.6630e-01,-6,2,-1,1,0.8,1.6,0.2,0.6
1.6638e-01,-4,-6,-1,-3,0.8,-7.15256e-08,0.2,-0.6
1.6646e-01,-2,2,-1,1,0.8,1.6,-0.2,0.6
1.6653e-01,-4,-6,-1,-3,0.8,-7.15256e-08,0.2,-0.6
1.6661e-01,-4,2,-1,1,0.8,1.6,0.2,0.6
1.6669e-01,-2,-6,-1,-3,0.8,-7.15256e-08,0.2,-0.6
1.6676e-01,-4,2,-1,1,1.6,1.6,0.2,0.6
1.6684e-01,-4,-6,-1,-3,0.8,-0.8,0.2,-0.6
1.6692e-01,-2,2,-1,1,0.8,1.6,0.2,0.6
1.6700e-01,-2,-6,-1,-3,0.8,-0.8,0.2,-0.6
1.6707e-01,-2,2,-1,1,0.8,1.6,0.2,0.6
1.6715e-01,-2,-6,-1,-5,0.8,-7.15256e-08,0.2,-0.6
1.6723e-01,-2,2,-1,1,0.8,1.6,0.2,0.6
1.6730e-01,-2,-6,-1,-3,1.6,-7.15256e-08,0.2,-0.6
1.6738e-01,-2,2,-3,1,0.8,1.6,0.2,0.6
1.6746e-01,-2,-6,-3,-3,0.8,-0.8,0.2,-0.6
1.6753e-01,-2,2,-3,1,0.8,1.6,0.2,0.6
1.6761e-01,-4,-6,-1,-3,0.8,-7.15256e-08,0.2,-0.6
1.6769e-01,-4,2,-1,1,0.8,1.6,0.2,0.6
1.6776e-01,-2,-6,-1,-3,0.8,-7.15256e-08,0.2,-0.6
1.6784e-01,-4,2,-1,1,0.8,1.6,0.2,0.6
1.6792e-01,-2,-6,-3,-3,0.8,-7.15256e-08,0.2,-0.6
1.6799e-01,-2,2,-3,1,0.8,1.6,0.2,0.6
1.6807e-01,-2,-6,-3,-3,0.8,-7.15256e-08,0.2,-0.6
1.6815e-01,-4,2,-1,1,0.8,1.6,0.2,0.6
1.6822e-01,-4,-6,-1,-3,0.8,-0.8,-0.2,-0.6
1.6830e-01,-2,2,-1,1,0.8,1.6,0.2,0.6
1.6838e-01,-4,-6,-1,-3,0.8,-7.15256e-08,0.2,-0.6
1.6845e-01,-4,2,-1,1,0.8,1.6,0.2,0.6
1.6853e-01,-2,-6,-1,-3,0.8,-0.8,0.2,-0.6
1.6861e-01,-2,2,-1,1,0.8,1.6,0.2,0.6
1.6869e-01,-2,-6,-1,-3,0.8,-0.8,0.2,-0.6
1.6876e-01,-2,2,-1,1,0.8,1.6,0.2,0.6
1.6884e-01,-4,-6,-1,-3,0.8,-7.15256e-08,0.2,-0.6
1.6892e-01,-2,2,-1,1,0.8,1.6,0.2,0.6
1.6899e-01,-2,-6,-3,-3,0.8,-7.15256e-08,-0.2,-0.6
1.6907e-01,-2,2,-1,1,-7.15256e-08,1.6,0.2,0.6
1.6915e-01,-4,-6,-1,-3,-7.15256e-08,-7.15256e-08,0.2,-0.6
1.6922e-01,-2,2,-1,1,0.8,1.6,0.2,0.6
1.6930e-01,-2,-6,-1,-3,0.8,-7.15256e-08,0.2,-0.6
1.6938e-01,-2,2,-1,1,0.8,1.6,0.2,0.6
1.6945e-01,-2,-6,-1,-3,0.8,-7.15256e-08,-0.2,-0.6
1.6953e-01,-2,2,-1,1,0.8,1.6,0.2,0.6
1.6961e-01,-4,-6,-1,-3,0.8,-7.15256e-08,0.2,-0.6
1.6968e-01,-4,2,-1,1,-7.15256e-08,1.6,0.2,0.6
1.6976e-01,-2,-6,-1,-3,-7.15256e-08,-7.15256e-08,0.2,-0.6
1.6984e-01,-2,2,-3,1,0.8,1.6,0.2,0.6
1.6991e-01,-4,-6,-1,-3,0.8,-7.15256e-08,0.2,-0.6
1.6999e-01,-2,2,-1,1,-7.15256e-08,1.6,-0.2,0.6
1.7007e-01,-2,-6,-3,-3,0.8,-0.8,0.2,-0.6
1.7014e-01,-4,2,-1,1,0.8,1.6,0.2,0.6
1.7022e-01,-2,-6,-1,-3,0.8,-0.8,-0.2,-0.6
1.7030e-01,-2,2,-1,1,0.8,1.6,-0.2,0.6
1.7037e-01,-4,-6,-1,-3,0.8,-7.15256e-08,0.2,-0.6
1.7045e-01,-2,2,-1,1,0.8,1.6,0.2,0.6
1.7053e-01,-2,-6,-1,-3,0.8,-7.15256e-08,0.2,-0.6
1.7061e-01,-2,2,-3,1,0.8,1.6,0.2,0.6
1.7068e-01,-2,-6,-1,-3,0.8,-7.15256e-08,0.2,-0.6
1.7076e-01,-2,2,-1,1,0.8,1.6,0.2,0.6
1.7084e-01,-2,-6,-3,-3,0.8,-0.8,0.2,-0.6
1.7091e-01,-2,2,-1,1,0.8,1.6,0.2,0.6
1.7099e-01,-4,-6,-3,-3,0.8,-0.8,0.2,-0.6
1.7107e-01,-2,2,-1,1,0.8,1.6,0.2,0.6
1.7114e-01,-2,-6,-1,-3,0.8,-7.15256e-08,0.2,-0.6
1.7122e-01,-4,2,-1,1,0.8,1.6,0.2,0.6
1.7130e-01,-2,-6,-1,-3,0.8,-7.15256e-08,0.2,-0.6
1.7137e-01,-2,2,-3,1,0.8,1.6,-0.2,0.6
1.7145e-01,-2,-6,-1,-3,0.8,-7.15256e-08,0.2,-0.6
1.7153e-01,-2,2,-1,1,0.8,1.6,0.2,0.6
1.7160e-01,-2,-6,-1,-3,0.8,-7.15256e-08,0.2,-0.6
1.7168e-01,-2,2,-1,1,0.8,1.6,0.2,0.6
1.7176e-01,-4,-6,-3,-3,0.8,-0.8,0.2,-0.6
1.7183e-01,-2,2,-3,1,-7.15256e-08,1.6,-0.2,0.6
1.7191e-01,-4,-6,-1,-3,0.8,-7.15256e-08,0.2,-0.6
1.7199e-01,-2,2,-1,1,-7.15256e-08,1.6,0.2,0.6
1.7206e-01,-2,-6,-1,-3,0.8,-7.15256e-08,0.2,-0.6
1.7214e-01,-2,2,-1,1,0.8,1.6,-0.2,0.6
1.7222e-01,-2,-6,-1,-3,0.8,-7.15256e-08,0.2,-0.6
1.7229e-01,-2,2,-1,1,0.8,1.6,0.2,0.6
1.7237e-01,-4,-6,-1,-3,0.8,-7.15256e-08,0.2,-0.6
1.7245e-01,-2,2,-1,1,0.8,1.6,0.2,0.6
1.7253e-01,-4,-6,-1,-3,0.8,-7.15256e-08,0.2,-0.6
1.7260e-01,-2,2,-1,1,0.8,1.6,0.2,0.6
1.7268e-01,-4,-6,-1,-5,0.8,-7.15256e-08,0.2,-0.6
1.7276e-01,-2,2,-1,1,0.8,1.6,0.2,0.6
1.7283e-01,-2,-6,-1,-3,0.8,-7.15256e-08,0.2,-0.6
1.7291e-01,-2,2,-1,1,0.8,1.6,0.2,0.6
1.7299e-01,-4,-6,-1,-3,0.8,-0.8,0.2,-0.6
1.7306e-01,-2,2,-1,1,0.8,1.6,0.2,0.6
1.7314e-01,-2,-6,-1,-3,0.8,-7.15256e-08,-0.2,-0.6
1.7322e-01,-4,2,-1,1,0.8,1.6,0.2,0.6
1.7329e-01,-2,-6,-1,-3,0.8,-7.15256e-08,0.2,-0.6
1.7337e-01,-2,2,-1,1,0.8,1.6,0.2,0.6
1.7345e-01,-2,-6,-1,-3,0.8,-7.15256e-08,0.2,-0.6
1.7352e-01,-2,2,-1,1,0.8,1.6,0.2,0.6
1.7360e-01,-4,-6,-1,-3,1.6,-7.15256e-08,0.2,-0.6
1.7368e-01,-4,2,-1,1,0.8,1.6,0.2,0.6
1.7375e-01,-2,-6,-3,-3,0.8,-7.15256e-08,0.2,-0.6
1.7383e-01,-4,2,-1,1,0.8,1.6,0.2,0.6
1.7391e-01,-4,-6,-1,-3,0.8,-7.15256e-08,0.2,-0.6
1.7398e-01,-4,2,-1,1,0.8,1.6,0.2,0.6
1.7406e-01,-2,-6,-1,-3,0.8,-7.15256e-08,0.2,-0.6
1.7414e-01,-4,2,-1,1,0.8,1.6,0.2,0.6
1.7422e-01,-4,-6,-1,-3,0.8,-7.15256e-08,0.2,-0.6
1.7429e-01,-2,2,-1,1,0.8,1.6,0.2,0.6
1.7437e-01,-2,-6,-1,-3,0.8,-7.15256e-08,0.2,-0.6
1.7445e-01,-4,2,-1,1,0.8,1.6,-0.2,0.6
1.7452e-01,-4,-6,-3,-3,0.8,-7.15256e-08,-0.2,-0.6
1.7460e-01,-4,2,-1,1,0.8,1.6,-0.2,0.6
1.7468e-01,-4,-6,-1,-3,0.8,-7.15256e-08,0.2,-0.6
1.7475e-01,-2,2,-1,1,-7.15256e-08,1.6,-0.2,0.6
1.7483e-01,-2,-6,-1,-3,0.8,-7.15256e-08,0.2,-0.6
1.7491e-01,-2,2,-1,1,0.8,1.6,-0.2,0.6
1.7498e-01,-2,-6,-1,-5,0.8,-7.15256e-08,0.2,-0.6
1.7506e-01,-4,2,-1,1,0.8,1.6,0.2,0.6
1.7514e-01,-2,-6,-1,-3,-7.15256e-08,-7.15256e-08,0.2,-0.6
1.7521e-01,-2,2,-1,1,0.8,1.6,0.2,0.6
1.7529e-01,-4,-6,-3,-3,0.8,-7.15256e-08,0.2,-0.6
1.7537e-01,-4,2,-1,1,0.8,1.6,0.2,0.6
1.7544e-01,-4,-6,-1,-3,0.8,-7.15256e-08,0.2,-0.6
1.7552e-01,-2,2,-1,1,0.8,1.6,0.2,0.6
1.7560e-01,-4,-6,-1,-3,0.8,-7.15256e-08,0.2,-0.6
1.7567e-01,-2,2,-1,1,0.8,1.6,-0.2,0.6
1.7575e-01,-4,-6,-1,-3,0.8,-0.8,0.2,-0.6
1.7583e-01,-2,2,-1,1,0.8,1.6,0.2,0.6
1.7590e-01,-4,-6,-1,-3,-7.15256e-08,-7.15256e-08,0.2,-0.6
1.7598e-01,-4,2,-1,1,0.8,1.6,0.2,0.6
1.7606e-01,-2,-6,-1,-3,0.8,-0.8,0.2,-0.6
1.7614e-01,-2,2,-1,1,0.8,1.6,0.2,0.6
1.7621e-01,-4,-6,-3,-3,0.8,-7.15256e-08,0.2,-0.6
1.7629e-01,-2,2,-1,1,0.8,1.6,0.2,0.6
1.7637e-01,-4,-6,-1,-3,-7.15256e-08,-7.15256e-08,0.2,-0.6
1.7644e-01,-2,2,-1,1,0.8,1.6,0.2,0.6
1.7652e-01,-2,-6,-1,-3,1.6,-7.15256e-08,0.2,-0.6
1.7660e-01,-4,2,-1,1,0.8,1.6,0.2,0.6
1.7667e-01,-4,-8,-3,-3,0.8,-7.15256e-08,0.2,-0.6
1.7675e-01,-4,2,-1,1,0.8,1.6,0.2,0.6
1.7683e-01,-2,-6,-3,-3,0.8,-7.15256e-08,0.2,-0.6
1.7690e-01,-2,2,-1,1,0.8,1.6,-0.2,0.6
1.7698e-01,-4,-6,-1,-3,0.8,-7.15256e-08,0.2,-0.6
1.7706e-01,-4,2,-3,1,0.8,1.6,0.2,0.6
1.7713e-01,-4,-6,-1,-3,0.8,-7.15256e-08,-0.2,-0.6
1.7721e-01,-4,2,-1,1,0.8,1.6,0.2,0.6
1.7729e-01,-4,-6,-1,-3,0.8,-7.15256e-08,0.2,-0.6
1.7736e-01,-4,2,-3,1,0.8,1.6,0.2,0.6
1.7744e-01,-2,-6,-1,-3,0.8,-7.15256e-08,0.2,-0.6
1.7752e-01,-4,2,-1,1,0.8,1.6,0.2,0.6
1.7759e-01,-4,-6,-3,-3,0.8,-7.15256e-08,0.2,-0.6
1.7767e-01,-2,2,-1,1,0.8,1.6,0.2,0.6
1.7775e-01,-2,-6,-1,-3,0.8,-7.15256e-08,-0.2,-0.6
1.7782e-01,-4,2,-1,1,0.8,1.6,0.2,0.6
1.7790e-01,-4,-6,-1,-3,0.8,-7.15256e-08,0.2,-0.6
1.7798e-01,-2,2,-1,1,0.8,1.6,-0.2,0.6
1.7806e-01,-4,-6,-1,-3,0.8,-7.15256e-08,0.2,-0.6
1.7813e-01,-2,2,-1,1,0.8,1.6,0.2,0.6
1.7821e-01,-4,-6,-3,-3,0.8,-7.15256e-08,0.2,-0.6
1.7829e-01,-2,2,-1,1,0.8,1.6,0.2,0.6
1.7836e-01,-2,-6,-1,-3,0.8,-7.15256e-08,0.2,-0.6
1.7844e-01,-2,2,-1,1,0.8,1.6,0.2,0.6
1.7852e-01,-4,-6,-1,-3,0.8,-7.15256e-08,0.2,-0.6
1.7859e-01,-1.3411e-07,2,-1,1,0.8,1.6,-0.2,0.6
1.7867e-01,-2,-6,-1,-3,0.8,-7.15256e-08,-0.2,-0.6
1.7875e-01,-4,2,-1,1,0.8,1.6,0.2,0.6
1.7882e-01,-2,-6,-1,-3,0.8,-7.15256e-08,0.2,-0.6
1.7890e-01,-2,2,-1,1,0.8,1.6,0.2,0.6
1.7898e-01,-4,-6,-3,-5,0.8,-7.15256e-08,-0.2,-0.6
1.7905e-01,-4,2,-1,1,0.8,1.6,0.2,0.6
1.7913e-01,-4,-6,-1,-3,0.8,-7.15256e-08,0.2,-0.6
1.7921e-01,-4,2,-1,1,0.8,1.6,0.2,0.6
1.7928e-01,-2,-6,-3,-3,0.8,-7.15256e-08,0.2,-0.6
1.7936e-01,-2,2,-1,1,0.8,1.6,0.2,0.6
1.7944e-01,-2,-6,-1,-5,0.8,-7.15256e-08,0.2,-0.6
1.7951e-01,-4,2,-1,1,0.8,1.6,0.2,0.6
1.7959e-01,-4,-6,-3,-3,0.8,-7.15256e-08,0.2,-0.6
1.7967e-01,-2,2,-1,1,0.8,1.6,0.2,0.6
1.7975e-01,-4,-6,-1,-5,-7.15256e-08,-7.15256e-08,0.2,-0.6
1.7982e-01,-4,2,-3,1,0.8,1.6,0.2,0.6
1.7990e-01,-2,-6,-1,-3,0.8,-7.15256e-08,0.2,-0.6
1.7998e-01,-2,2,-1,1,0.8,1.6,0.2,0.6
1.8005e-01,-2,-6,-1,-3,0.8,-0.8,0.2,-0.6
1.8013e-01,-4,2,-3,1,0.8,1.6,-0.2,0.6
1.8021e-01,-2,-6,-3,-3,0.8,-7.15256e-08,0.2,-0.6
1.8028e-01,-2,2,-1,1,0.8,1.6,0.2,0.6
1.8036e-01,-4,-6,-1,-3,0.8,-7.15256e-08,0.2,-0.6
1.8044e-01,-2,2,-1,1,-7.15256e-08,1.6,0.2,0.6
1.8051e-01,-2,-6,-1,-3,0.8,-0.8,0.2,-0.6
1.8059e-01,-2,2,-1,1,0.8,1.6,0.2,0.6
1.8067e-01,-2,-6,-1,-3,0.8,-7.15256e-08,0.2,-0.6
1.8074e-01,-2,2,-1,1,0.8,1.6,0.2,0.6
1.8082e-01,-2,-6,-1,-3,0.8,-7.15256e-08,0.2,-0.6
1.8090e-01,-2,2,-1,1,0.8,1.6,0.2,0.6
1.8097e-01,-2,-6,-3,-3,0.8,-7.15256e-08,0.2,-0.6
1.8105e-01,-2,2,-3,1,0.8,1.6,0.2,0.6
1.8113e-01,-1.3411e-07,-6,-3,-3,0.8,-7.15256e-08,0.2,-0.6
1.8120e-01,-4,2,-1,1,0.8,1.6,-0.2,0.6
1.8128e-01,-2,-6,-1,-3,0.8,-0.8,0.2,-0.6
1.8136e-01,-4,2,-3,1,0.8,1.6,0.2,0.6
1.8143e-01,-4,-6,-1,-3,0.8,-7.15256e-08,0.2,-0.6
1.8151e-01,-2,2,-3,1,0.8,1.6,0.2,0.6
1.8159e-01,-4,-6,-1,-3,0.8,-0.8,0.2,-0.6
1.8167e-01,-2,2,-1,1,0.8,1.6,0.2,0.6
1.8174e-01,-2,-6,-3,-3,0.8,-0.8,0.2,-0.6
1.8182e-01,-4,2,-1,1,0.8,1.6,0.2,0.6
1.8190e-01,-4,-6,-3,-3,0.8,-7.15256e-08,0.2,-0.6
1.8197e-01,-4,2,-1,1,0.8,1.6,-0.2,0.6
1.8205e-01,-4,-6,-3,-3,0.8,-7.15256e-08,0.2,-0.6
1.8213e-01,-2,2,-1,1,0.8,1.6,0.2,0.6
1.8220e-01,-2,-6,-1,-3,-7.15256e-08,-7.15256e-08,-0.2,-0.6
1.8228e-01,-2,2,-1,1,0.8,1.6,0.2,0.6
1.8236e-01,-2,-6,-1,-3,0.8,-0.8,0.2,-0.6
1.8243e-01,-2,2,-1,1,0.8,1.6,0.2,0.6
1.8251e-01,-4,-6,-1,-3,0.8,-7.15256e-08,0.2,-0.6
1.8259e-01,-2,2,-1,1,0.8,1.6,0.2,0.6
1.8266e-01,-2,-6,-1,-3,0.8,-7.15256e-08,0.2,-0.6
1.8274e-01,-2,2,-1,1,0.8,1.6,0.2,0.6
1.8282e-01,-2,-6,-1,-3,-7.15256e-08,-7.15256e-08,0.2,-0.6
1.8289e-01,-2,2,-1,1,0.8,1.6,0.2,0.6
1.8297e-01,-2,-6,-1,-3,0.8,-7.15256e-08,0.2,-0.6
1.8305e-01,-4,2,-1,1,0.8,1.6,0.2,0.6
1.8312e-01,-2,-6,-1,-3,0.8,-0.8,-0.2,-0.6
1.8320e-01,-2,2,-1,1,0.8,1.6,0.2,0.6
1.8328e-01,-2,-6,-1,-5,0.8,-0.8,0.2,-0.6
1.8335e-01,-2,2,-1,1,-7.15256e-08,1.6,0.2,0.6
1.8343e-01,-2,-6,-1,-3,0.8,-7.15256e-08,0.2,-0.6
1.8351e-01,-2,2,-3,1,-7.15256e-08,1.6,0.2,0.6
1.8359e-01,-4,-6,-1,-3,0.8,-7.15256e-08,0.2,-0.6
1.8366e-01,-2,2,-3,1,0.8,1.6,0.2,0.6
1.8374e-01,-2,-6,-3,-5,0.8,-7.15256e-08,0.2,-0.6
1.8382e-01,-2,2,-3,1,0.8,1.6,0.2,0.6
1.8389e-01,-2,-6,-1,-3,0.8,-7.15256e-08,0.2,-0.6
1.8397e-01,-2,2,-1,1,0.8,1.6,0.2,0.6
1.8405e-01,-2,-6,-1,-3,-7.15256e-08,-7.15256e-08,0.2,-0.6
1.8412e-01,-2,2,-1,1,0.8,1.6,-0.2,0.6
1.8420e-01,-1.3411e-07,-6,-1,-3,0.8,-0.8,0.2,-0.6
1.8428e-01,-2,2,-1,1,0.8,1.6,0.2,0.6
1.8435e-01,-2,-6,-1,-3,0.8,-7.15256e-08,0.2,-0.6
1.8443e-01,-4,2,-1,1,-7.15256e-08,1.6,0.2,0.6
1.8451e-01,-4,-6,-1,-3,0.8,-7.15256e-08,0.2,-0.6
1.8458e-01,-2,2,-1,1,0.8,1.6,0.2,0.6
1.8466e-01,-2,-6,-1,-3,0.8,-0.8,0.2,-0.6
1.8474e-01,-4,2,-3,1,0.8,1.6,0.2,0.6
1.8481e-01,-2,-6,-3,-3,0.8,-0.8,0.2,-0.6
1.8489e-01,-4,2,-1,1,0.8,1.6,0.2,0.6
1.8497e-01,-2,-6,-1,-3,0.8,-0.8,0.2,-0.6
1.8504e-01,-4,2,-3,1,-7.15256e-08,1.6,0.2,0.6
1.8512e-01,-2,-6,-1,-3,0.8,-7.15256e-08,0.2,-0.6
1.8520e-01,-2,2,-3,1,0.8,1.6,0.2,0.6
1.8527e-01,-2,-6,-3,-3,0.8,-0.8,0.2,-0.6
1.8535e-01,-2,2,-1,1,0.8,1.6,0.2,0.6
1.8543e-01,-2,-6,-3,-3,0.8,-0.8,0.2,-0.6
1.8551e-01,-4,2,-3,1,0.8,1.6,0.2,0.6
1.8558e-01,-2,-6,-1,-3,0.8,-0.8,0.2,-0.6
1.8566e-01,-2,2,-1,1,0.8,1.6,0.2,0.6
1.8574e-01,-2,-6,-1,-3,-7.15256e-08,-7.15256e-08,-0.2,-0.6
1.8581e-01,-2,2,-1,1,0.8,1.6,0.2,0.6
1.8589e-01,-2,-6,1,-3,0.8,-7.15256e-08,0.2,-0.6
1.8597e-01,-4,2,-1,1,0.8,1.6,0.2,0.6
1.8604e-01,-4,-6,-1,-3,0.8,-0.8,0.2,-0.6
1.8612e-01,-2,2,-1,1,0.8,1.6,0.2,0.6
1.8620e-01,-2,-6,-1,-3,0.8,-7.15256e-08,0.2,-0.6
1.8627e-01,-2,2,-1,1,0.8,1.6,0.2,0.6
1.8635e-01,-4,-6,-1,-3,0.8,-7.15256e-08,0.2,-0.6
1.8643e-01,-2,2,-1,1,-7.15256e-08,1.6,0.2,0.6
1.8650e-01,-2,-6,-1,-3,0.8,-7.15256e-08,0.2,-0.6
1.8658e-01,-2,2,-1,1,0.8,1.6,0.2,0.6
1.8666e-01,-2,-6,-1,-5,0.8,-0.8,0.2,-0.6
1.8673e-01,-2,2,-1,1,0.8,1.6,0.2,0.6
1.8681e-01,-2,-6,-1,-3,0.8,-7.15256e-08,0.2,-0.6
1.8689e-01,-2,2,-1,1,0.8,1.6,0.2,0.6
1.8696e-01,-2,-6,-1,-3,0.8,-0.8,-0.2,-0.6
1.8704e-01,-2,2,-3,1,0.8,1.6,0.2,0.6
1.8712e-01,-2,-6,-1,-3,0.8,-7.15256e-08,0.2,-0.6
1.8720e-01,-2,2,-1,1,0.8,1.6,0.2,0.6
1.8727e-01,-2,-6,-1,-3,0.8,-7.15256e-08,0.2,-0.6
1.8735e-01,-2,2,-1,1,-7.15256e-08,1.6,0.2,0.6
1.8743e-01,-2,-6,-1,-5,0.8,-7.15256e-08,0.2,-0.6
1.8750e-01,-4,2,-1,1,0.8,1.6,0.2,0.6
1.8758e-01,-4,-6,-1,-3,0.8,-7.15256e-08,0.2,-0.6
1.8766e-01,-2,2,-3,1,-7.15256e-08,1.6,0.2,0.6
1.8773e-01,-2,-6,-1,-3,0.8,-7.15256e-08,0.2,-0.6
1.8781e-01,-2,2,-1,1,0.8,1.6,0.2,0.6
1.8789e-01,-4,-6,-3,-3,0.8,-0.8,0.2,-0.6
1.8796e-01,-2,2,-1,1,0.8,1.6,0.2,0.6
1.8804e-01,-2,-6,-1,-3,0.8,-0.8,0.2,-0.6
1.8812e-01,-2,2,-1,1,0.8,1.6,0.2,0.6
1.8819e-01,-4,-6,-1,-3,0.8,-7.15256e-08,0.2,-0.6
1.8827e-01,-2,2,-1,1,-7.15256e-08,1.6,0.2,0.6
1.8835e-01,-4,-6,-1,-3,0.8,-7.15256e-08,0.2,-0.6
1.8842e-01,-1.3411e-07,2,-1,1,0.8,1.6,0.2,0.6
1.8850e-01,-2,-6,-1,-3,0.8,-7.15256e-08,0.2,-0.6
1.8858e-01,-2,2,-1,1,0.8,1.6,0.2,0.6
1.8865e-01,-4,-6,-1,-3,0.8,-7.15256e-08,0.2,-0.6
1.8873e-01,-2,2,-1,1,0.8,1.6,0.2,0.6
1.8881e-01,-2,-6,-3,-3,0.8,-7.15256e-08,0.2,-0.6
1.8888e-01,-2,2,-1,1,0.8,1.6,0.2,0.6
1.8896e-01,-2,-6,-1,-3,0.8,-7.15256e-08,0.2,-0.6
1.8904e-01,-2,2,-1,1,0.8,1.6,0.2,0.6
1.8912e-01,-2,-6,-1,-3,0.8,-7.15256e-08,0.2,-0.6
1.8919e-01,-2,2,-1,1,0.8,1.6,0.2,0.6
1.8927e-01,-2,-6,-3,-3,0.8,-7.15256e-08,0.2,-0.6
1.8935e-01,-2,2,-1,1,0.8,1.6,0.2,0.6
1.8942e-01,-2,-6,-1,-3,0.8,-7.15256e-08,0.2,-0.6
1.8950e-01,-2,2,-1,1,0.8,1.6,0.2,0.6
1.8958e-01,-2,-6,-3,-3,0.8,-0.8,0.2,-0.6
1.8965e-01,-2,2,-1,1,0.8,1.6,0.2,0.6
1.8973e-01,-4,-6,-1,-3,0.8,-7.15256e-08,0.2,-0.6
1.8981e-01,-2,2,-3,1,0.8,1.6,0.2,0.6
1.8988e-01,-2,-6,-1,-3,0.8,-7.15256e-08,0.2,-0.6
1.8996e-01,-2,2,-1,1,0.8,1.6,0.2,0.6
1.9004e-01,-2,-6,-1,-3,0.8,-0.8,0.2,-0.6
1.9011e-01,-2,2,-1,1,0.8,1.6,0.2,0.6
1.9019e-01,-2,-6,-1,-3,0.8,-0.8,0.2,-0.6
1.9027e-01,-4,2,-3,1,0.8,1.6,0.2,0.6
1.9034e-01,-4,-6,-1,-3,0.8,-7.15256e-08,0.2,-0.6
1.9042e-01,-2,2,-3,1,-7.15256e-08,1.6,0.2,0.6
1.9050e-01,-2,-6,-1,-3,0.8,-7.15256e-08,0.2,-0.6
1.9057e-01,-2,2,-1,1,0.8,1.6,0.2,0.6
1.9065e-01,-4,-6,-1,-3,0.8,-7.15256e-08,0.2,-0.6
1.9073e-01,-4,2,-1,1,0.8,1.6,-0.2,0.6
1.9080e-01,-2,-6,-1,-3,0.8,-7.15256e-08,0.2,-0.6
1.9088e-01,-4,2,-1,1,0.8,1.6,-0.2,0.6
1.9096e-01,-2,-6,-1,-3,0.8,-0.8,0.2,-0.6
1.9104e-01,-2,2,-1,1,0.8,1.6,0.2,0.6
1.9111e-01,-2,-6,-1,-3,0.8,-7.15256e-08,0.2,-0.6
1.9119e-01,-2,2,-1,1,0.8,1.6,0.2,0.6
1.9127e-01,-2,-6,-1,-3,0.8,-7.15256e-08,0.2,-0.6
1.9134e-01,-2,2,-1,1,0.8,1.6,0.2,0.6
1.9142e-01,-2,-6,-1,-3,0.8,-7.15256e-08,-0.2,-0.6
1.9150e-01,-4,2,-1,1,-7.15256e-08,1.6,0.2,0.6
1.9157e-01,-2,-6,-1,-3,0.8,-0.8,0.2,-0.6
1.9165e-01,-2,2,-1,1,0.8,1.6,0.2,0.6
1.9173e-01,-2,-6,-1,-3,0.8,-7.15256e-08,0.2,-0.6
1.9180e-01,-2,2,-1,1,0.8,1.6,0.2,0.6
1.9188e-01,-2,-6,-1,-3,-7.15256e-08,-0.8,0.2,-0.6
1.9196e-01,-4,2,-1,1,0.8,1.6,0.2,0.6
1.9203e-01,-2,-6,-1,-3,0.8,-7.15256e-08,0.2,-0.6
1.9211e-01,-4,2,-3,1,0.8,1.6,0.2,0.6
1.9219e-01,-2,-6,-1,-3,0.8,-7.15256e-08,0.2,-0.6
1.9226e-01,-4,2,-1,1,0.8,1.6,0.2,0.6
1.9234e-01,-2,-6,-1,-3,0.8,-7.15256e-08,0.2,-0.6
1.9242e-01,-2,2,-1,1,0.8,1.6,0.2,0.6
1.9249e-01,-4,-6,-1,-3,0.8,-7.15256e-08,-0.2,-0.6
1.9257e-01,-2,2,-3,1,0.8,1.6,0.2,0.6
1.9265e-01,-2,-6,-3,-3,0.8,-7.15256e-08,-0.2,-0.6
1.9273e-01,-2,2,-1,1,0.8,1.6,0.2,0.6
1.9280e-01,-4,-6,-1,-3,0.8,-7.15256e-08,0.2,-0.6
1.9288e-01,-2,2,-3,1,0.8,1.6,0.2,0.6
1.9296e-01,-2,-6,-1,-3,0.8,-7.15256e-08,0.2,-0.6
1.9303e-01,-2,2,-1,1,0.8,1.6,0.2,0.6
1.9311e-01,-2,-6,-1,-5,0.8,-7.15256e-08,0.2,-0.6
1.9319e-01,-2,2,-1,1,0.8,1.6,0.2,0.6
1.9326e-01,-2,-6,-1,-3,0.8,-7.15256e-08,-0.2,-0.6
1.9334e-01,-2,-1.3411e-07,-1,1,0.8,1.6,-0.2,0.6
1.9342e-01,-4,-6,-1,-3,0.8,-7.15256e-08,0.2,-0.6
1.9349e-01,-4,2,-1,1,0.8,1.6,0.2,0.6
1.9357e-01,-2,-6,-1,-3,0.8,-7.15256e-08,-0.2,-0.6
1.9365e-01,-2,2,-1,1,0.8,1.6,0.2,0.6
1.9372e-01,-4,-6,-1,-3,0.8,-0.8,0.2,-0.6
1.9380e-01,-2,2,-1,1,0.8,1.6,0.2,0.6
1.9388e-01,-2,-6,-1,-3,0.8,-7.15256e-08,0.2,-0.6
1.9395e-01,-2,2,-1,1,0.8,1.6,0.2,0.6
1.9403e-01,-2,-6,-1,-3,0.8,-7.15256e-08,0.2,-0.6
1.9411e-01,-2,2,-1,1,0.8,1.6,0.2,0.6
1.9418e-01,-4,-6,-1,-3,0.8,-7.15256e-08,0.2,-0.6
1.9426e-01,-2,2,-1,1,0.8,1.6,0.2,0.6
1.9434e-01,-4,-6,-1,-3,0.8,-7.15256e-08,0.2,-0.6
1.9441e-01,-2,2,-1,1,0.8,1.6,0.2,0.6
1.9449e-01,-4,-6,-1,-3,0.8,-7.15256e-08,0.2,-0.6
1.9457e-01,-2,-1.3411e-07,-3,1,0.8,1.6,0.2,0.6
1.9465e-01,-2,-6,-1,-5,0.8,-7.15256e-08,0.2,-0.6
1.9472e-01,-4,2,-1,1,0.8,1.6,-0.2,0.6
1.9480e-01,-4,-6,-1,-3,0.8,-7.15256e-08,0.2,-0.6
1.9488e-01,-2,2,-1,1,-7.15256e-08,1.6,0.2,0.6
1.9495e-01,-4,-6,-1,-3,0.8,-0.8,-0.2,-0.6
1.9503e-01,-2,2,-1,1,0.8,1.6,0.2,0.6
1.9511e-01,-2,-6,-1,-3,0.8,-7.15256e-08,0.2,-0.6
1.9518e-01,-4,2,-1,1,0.8,1.6,0.2,0.6
1.9526e-01,-2,-6,-1,-3,0.8,-7.15256e-08,0.2,-0.6
1.9534e-01,-2,2,-1,1,0.8,1.6,0.2,0.6
1.9541e-01,-4,-6,-1,-3,0.8,-7.15256e-08,0.2,-0.6
1.9549e-01,-2,2,-1,1,0.8,1.6,0.2,0.6
1.9557e-01,-4,-6,-1,-3,0.8,-7.15256e-08,0.2,-0.6
1.9564e-01,-2,2,-3,1,0.8,1.6,0.2,0.6
1.9572e-01,-2,-6,-1,-3,0.8,-7.15256e-08,0.2,-0.6
1.9580e-01,-4,2,-1,1,0.8,1.6,0.2,0.6
1.9587e-01,-2,-6,-1,-3,0.8,-0.8,0.2,-0.6
1.9595e-01,-4,2,-1,1,0.8,1.6,0.2,0.6
1.9603e-01,-4,-6,-1,-3,0.8,-0.8,0.2,-0.6
1.9610e-01,-6,2,-3,1,-7.15256e-08,1.6,0.2,0.6
1.9618e-01,-2,-6,-1,-3,0.8,-7.15256e-08,0.2,-0.6
1.9626e-01,-2,2,-1,1,0.8,1.6,-0.2,0.6
1.9633e-01,-2,-6,-1,-3,0.8,-7.15256e-08,0.2,-0.6
1.9641e-01,-2,2,-1,1,0.8,1.6,0.2,0.6
1.9649e-01,-4,-6,-1,-3,0.8,-7.15256e-08,0.2,-0.6
1.9657e-01,-4,2,-1,1,0.8,1.6,0.2,0.6
1.9664e-01,-4,-6,-1,-3,0.8,-7.15256e-08,0.2,-0.6
1.9672e-01,-2,2,-1,1,0.8,1.6,0.2,0.6
1.9680e-01,-2,-6,-1,-3,0.8,-7.15256e-08,0.2,-0.6
1.9687e-01,-2,2,-1,1,0.8,1.6,0.2,0.6
1.9695e-01,-2,-6,-1,-5,0.8,-0.8,0.2,-0.6
1.9703e-01,-2,2,-1,1,0.8,1.6,0.2,0.6
1.9710e-01,-2,-6,-1,-3,0.8,-7.15256e-08,0.2,-0.6
1.9718e-01,-4,2,-1,1,0.8,1.6,0.2,0.6
1.9726e-01,-2,-6,-1,-3,-7.15256e-08,-7.15256e-08,0.2,-0.6
1.9733e-01,-2,2,-1,1,0.8,1.6,0.2,0.6
1.9741e-01,-2,-6,-1,-3,0.8,-7.15256e-08,0.2,-0.6
1.9749e-01,-4,2,-1,1,0.8,1.6,0.2,0.6
1.9756e-01,-2,-6,-3,-3,0.8,-7.15256e-08,0.2,-0.6
1.9764e-01,-2,2,-1,1,0.8,1.6,0.2,0.6
1.9772e-01,-4,-6,-1,-3,0.8,-7.15256e-08,0.2,-0.2
1.9779e-01,-2,2,-1,1,0.8,1.6,0.2,0.6
1.9787e-01,-2,-6,-1,-3,0.8,-7.15256e-08,0.2,-0.6
1.9795e-01,-4,2,-3,1,0.8,1.6,0.2,0.6
1.9802e-01,-2,-6,-1,-5,0.8,-7.15256e-08,0.2,-0.6
1.9810e-01,-2,2,-1,1,0.8,1.6,0.2,0.6
1.9818e-01,-4,-6,-3,-3,0.8,-0.8,0.2,-0.6
1.9825e-01,-4,2,-1,1,0.8,1.6,0.2,0.6
1.9833e-01,-4,-6,-1,-3,0.8,-7.15256e-08,-0.2,-0.6
1.9841e-01,-2,2,-1,1,0.8,1.6,0.2,0.6
1.9849e-01,-4,-6,-3,-3,0.8,-7.15256e-08,0.2,-0.6
1.9856e-01,-4,2,-3,1,0.8,1.6,-0.2,0.6
1.9864e-01,-2,-6,-1,-3,0.8,-0.8,0.2,-0.6
1.9872e-01,-2,2,-3,1,0.8,1.6,0.2,0.6
1.9879e-01,-2,-6,-1,-3,0.8,-0.8,0.2,-0.6
1.9887e-01,-2,2,-1,1,0.8,1.6,0.2,0.6
1.9895e-01,-2,-6,-3,-3,0.8,-7.15256e-08,0.2,-0.6
1.9902e-01,-2,2,-1,1,0.8,1.6,0.2,0.6
1.9910e-01,-2,-6,-1,-5,-7.15256e-08,-7.15256e-08,0.2,-0.6
1.9918e-01,-4,2,-1,1,0.8,1.6,0.2,0.6
1.9925e-01,-2,-6,-1,-3,0.8,-0.8,0.2,-0.6
1.9933e-01,-2,2,-1,1,0.8,1.6,0.2,0.6
1.9941e-01,-2,-6,-1,-3,0.8,-7.15256e-08,-0.2,-0.6
1.9948e-01,-2,2,-1,1,0.8,1.6,0.2,0.6
1.9956e-01,-2,-6,-1,-3,0.8,-7.15256e-08,0.2,-0.6
1.9964e-01,-2,2,-1,1,0.8,1.6,0.2,0.6
1.9971e-01,-2,-6,-1,-3,0.8,-7.15256e-08,0.2,-0.6
1.9979e-01,-2,2,-3,1,0.8,1.6,0.2,0.6
1.9987e-01,-4,-6,-1,-5,0.8,-7.15256e-08,0.2,-0.6
1.9994e-01,-2,2,-1,1,0.8,1.6,-0.2,0.6
2.0002e-01,-2,-6,-1,-3,0.8,-7.15256e-08,0.2,-0.6
2.0010e-01,-1.3411e-07,2,-3,1,0.8,1.6,0.2,0.6
2.0018e-01,-2,-6,-3,-5,0.8,-7.15256e-08,0.2,-0.6
2.0025e-01,-2,2,-1,1,0.8,1.6,0.2,0.6
2.0033e-01,-2,-6,-1,-5,0.8,-7.15256e-08,0.2,-0.6
2.0041e-01,-2,2,-1,1,0.8,1.6,0.2,0.6
2.0048e-01,-2,-6,-1,-5,0.8,-7.15256e-08,0.2,-0.6
2.0056e-01,-2,2,-1,1,0.8,1.6,0.2,0.6
2.0064e-01,-2,-6,-1,-5,0.8,-0.8,0.2,-0.6
2.0071e-01,-2,2,-1,1,0.8,1.6,-0.2,0.6
2.0079e-01,-2,-6,-3,-5,0.8,-7.15256e-08,0.2,-0.6
2.0087e-01,-2,2,-1,1,0.8,1.6,0.2,0.6
2.0094e-01,-4,-6,-3,-5,0.8,-0.8,0.2,-0.6
2.0102e-01,-1.3411e-07,2,-1,1,0.8,1.6,0.2,0.6
2.0110e-01,-2,-6,-1,-5,0.8,-7.15256e-08,0.2,-0.6
2.0117e-01,-2,2,-1,1,0.8,1.6,0.2,0.6
2.0125e-01,-2,-6,-1,-5,0.8,-0.8,0.2,-0.6
2.0133e-01,-2,2,-3,1,0.8,1.6,0.2,0.6
2.0140e-01,-2,-6,-3,-5,0.8,-7.15256e-08,0.2,-0.6
2.0148e-01,-2,2,-1,1,0.8,1.6,0.2,0.6
2.0156e-01,-4,-6,-1,-3,0.8,-7.15256e-08,-0.2,-0.6
2.0163e-01,-2,2,-1,1,0.8,1.6,0.2,0.6
2.0171e-01,-4,-6,-1,-3,0.8,-7.15256e-08,-0.2,-0.6
2.0179e-01,-2,2,-3,1,0.8,1.6,0.2,0.6
2.0186e-01,-2,-6,-1,-5,0.8,-7.15256e-08,0.2,-0.6
2.0194e-01,-2,2,-1,1,0.8,1.6,0.2,0.6
2.0202e-01,-2,-6,-1,-3,1.6,-7.15256e-08,0.2,-0.6
2.0210e-01,-2,2,-3,1,0.8,1.6,0.2,0.6
2.0217e-01,-2,-6,-1,-3,0.8,-7.15256e-08,0.2,-0.6
2.0225e-01,-2,2,-1,1,0.8,1.6,0.2,0.6
2.0233e-01,-2,-6,-1,-5,0.8,-7.15256e-08,-0.2,-0.6
2.0240e-01,-4,2,-1,1,0.8,1.6,0.2,0.6
2.0248e-01,-4,-6,-3,-5,-7.15256e-08,-7.15256e-08,0.2,-0.6
2.0256e-01,-2,2,-1,1,0.8,1.6,0.2,0.6
2.0263e-01,-4,-8,-1,-5,0.8,-7.15256e-08,-0.2,-0.6
2.0271e-01,-2,2,-3,1,-7.15256e-08,1.6,0.2,0.6
2.0279e-01,-2,-6,-1,-3,0.8,-7.15256e-08,0.2,-0.6
2.0286e-01,-2,2,-1,1,0.8,1.6,0.2,0.6
2.0294e-01,-2,-6,-1,-3,0.8,-7.15256e-08,0.2,-0.6
2.0302e-01,-2,2,-1,1,0.8,1.6,-0.2,0.6
2.0309e-01,-2,-6,-3,-5,0.8,-7.15256e-08,0.2,-0.6
2.0317e-01,-2,2,-3,1,0.8,1.6,0.2,0.6
2.0325e-01,-1.3411e-07,-6,-1,-5,0.8,-7.15256e-08,0.2,-0.6
2.0332e-01,-4,2,-1,1,-7.15256e-08,1.6,-0.2,0.6
2.0340e-01,-2,-6,-3,-3,0.8,-7.15256e-08,-0.2,-0.6
2.0348e-01,-2,2,-3,1,0.8,1.6,0.2,0.6
2.0355e-01,-2,-6,-1,-5,0.8,-7.15256e-08,0.2,-0.6
2.0363e-01,-4,2,-1,1,0.8,1.6,0.2,0.6
2.0371e-01,-4,-6,-1,-5,0.8,-7.15256e-08,0.2,-0.6
2.0378e-01,-2,2,-1,1,0.8,1.6,0.2,0.6
2.0386e-01,-4,-6,-1,-3,0.8,-7.15256e-08,0.2,-0.6
2.0394e-01,-2,2,-1,1,0.8,1.6,0.2,0.6
2.0402e-01,-2,-6,-1,-5,0.8,-7.15256e-08,0.2,-0.6
2.0409e-01,-2,2,-1,1,0.8,1.6,0.2,0.6
2.0417e-01,-4,-6,-3,-3,0.8,-7.15256e-08,0.2,-0.6
2.0425e-01,-4,2,-1,1,0.8,1.6,0.2,0.6
2.0432e-01,-4,-6,-1,-3,0.8,-0.8,0.2,-0.6
2.0440e-01,-2,2,-3,1,0.8,1.6,-0.2,0.6
2.0448e-01,-2,-6,-1,-3,0.8,-0.8,0.2,-0.6
2.0455e-01,-2,2,-1,1,0.8,1.6,0.2,0.6
2.0463e-01,-4,-6,-1,-3,0.8,-7.15256e-08,0.2,-0.6
2.0471e-01,-2,2,-1,1,0.8,1.6,-0.2,0.6
2.0478e-01,-4,-6,-1,-3,0.8,-7.15256e-08,0.2,-0.6
2.0486e-01,-4,2,-1,1,0.8,1.6,0.2,0.6
2.0494e-01,-2,-6,-1,-3,0.8,-7.15256e-08,0.2,-0.6
2.0501e-01,-2,2,-1,1,0.8,1.6,0.2,0.6
2.0509e-01,-2,-6,-3,-3,0.8,-0.8,0.2,-0.6
2.0517e-01,-2,2,-1,1,0.8,1.6,0.2,0.6
2.0524e-01,-6,-6,-1,-3,0.8,-7.15256e-08,-0.2,-0.6
2.0532e-01,-2,2,-3,1,0.8,1.6,0.2,0.6
2.0540e-01,-4,-6,-1,-3,0.8,-7.15256e-08,0.2,-0.6
2.0547e-01,-2,2,-1,1,0.8,1.6,0.2,0.6
2.0555e-01,-2,-6,-1,-3,0.8,-7.15256e-08,0.2,-0.6
2.0563e-01,-2,2,-1,1,0.8,1.6,0.2,0.6
2.0571e-01,-2,-6,-3,-5,1.6,-0.8,0.2,-0.6
2.0578e-01,-4,2,-1,1,0.8,1.6,0.2,0.6
2.0586e-01,-2,-6,-1,-3,0.8,-7.15256e-08,0.2,-0.6
2.0594e-01,-4,2,-1,1,0.8,1.6,0.2,0.6
2.0601e-01,-4,-6,-1,-3,0.8,-7.15256e-08,-0.2,-0.6
2.0609e-01,-4,2,-1,1,0.8,1.6,0.2,0.6
2.0617e-01,-4,-6,-1,-3,0.8,-7.15256e-08,-0.2,-0.6
2.0624e-01,-2,2,-1,1,-7.15256e-08,1.6,0.2,0.6
2.0632e-01,-2,-6,-1,-3,0.8,-7.15256e-08,0.2,-0.6
2.0640e-01,-4,2,-3,1,0.8,1.6,-0.2,0.6
2.0647e-01,-2,-6,-3,-3,0.8,-7.15256e-08,0.2,-0.6
2.0655e-01,-2,2,-1,1,0.8,1.6,0.2,0.6
2.0663e-01,-2,-6,-1,-3,0.8,-0.8,0.2,-0.6
2.0670e-01,-2,2,-1,1,0.8,1.6,0.2,0.6
2.0678e-01,-4,-6,-1,-3,0.8,-7.15256e-08,0.2,-0.6
2.0686e-01,-4,2,-1,1,0.8,1.6,0.2,0.6
2.0693e-01,-2,-6,-1,-3,0.8,-7.15256e-08,0.2,-0.6
2.0701e-01,-4,2,-1,1,0.8,1.6,0.2,0.6
2.0709e-01,-4,-6,-1,-3,0.8,-0.8,0.2,-0.6
2.0716e-01,-2,2,-1,1,0.8,1.6,0.2,0.6
2.0724e-01,-4,-6,-1,-3,0.8,-7.15256e-08,0.2,-0.6
2.0732e-01,-2,2,-3,1,0.8,1.6,0.2,0.6
2.0739e-01,-2,-6,-1,-3,0.8,-0.8,0.2,-0.6
2.0747e-01,-2,2,-1,1,0.8,1.6,0.2,0.6
2.0755e-01,-2,-6,-1,-3,0.8,-0.8,0.2,-0.6
2.0763e-01,-4,2,-1,1,1.6,1.6,0.2,0.6
2.0770e-01,-2,-6,-1,-3,0.8,-7.15256e-08,0.2,-0.6
2.0778e-01,-2,2,-1,1,0.8,1.6,0.2,0.6
2.0786e-01,-4,-6,-1,-3,0.8,-7.15256e-08,0.2,-0.6
2.0793e-01,-2,2,-1,1,0.8,1.6,0.2,0.6
2.0801e-01,-4,-6,-1,-3,0.8,-0.8,0.2,-0.6
2.0809e-01,-4,2,-1,1,0.8,1.6,0.2,0.6
2.0816e-01,-4,-6,-3,-3,0.8,-7.15256e-08,0.2,-0.6
2.0824e-01,-2,2,-1,1,0.8,1.6,0.2,0.6
2.0832e-01,-2,-6,-1,-3,0.8,-7.15256e-08,0.2,-0.6
2.0839e-01,-2,2,-1,1,0.8,1.6,0.2,0.6
2.0847e-01,-4,-6,-1,-3,-7.15256e-08,-7.15256e-08,0.2,-0.6
2.0855e-01,-2,2,-1,1,0.8,1.6,0.2,0.6
2.0862e-01,-4,-6,-1,-3,0.8,-7.15256e-08,0.2,-0.6
2.0870e-01,-1.3411e-07,2,-3,1,0.8,1.6,-0.2,0.6
2.0878e-01,-4,-6,-3,-3,0.8,-7.15256e-08,0.2,-0.6
2.0885e-01,-4,2,-1,1,0.8,1.6,0.2,0.6
2.0893e-01,-2,-6,-1,-3,0.8,-7.15256e-08,0.2,-0.6
2.0901e-01,-4,2,-1,1,0.8,1.6,0.2,0.6
2.0908e-01,-4,-6,-1,-3,0.8,-7.15256e-08,0.2,-0.6
2.0916e-01,-2,-1.3411e-07,-1,1,0.8,1.6,0.2,0.6
2.0924e-01,-4,-6,-1,-3,0.8,-7.15256e-08,0.2,-0.6
2.0931e-01,-2,2,-1,1,0.8,1.6,0.2,0.6
2.0939e-01,-2,-6,-1,-3,0.8,-7.15256e-08,0.2,-0.6
2.0947e-01,-2,2,-1,1,0.8,1.6,0.2,0.6
2.0955e-01,-4,-6,-1,-3,0.8,-7.15256e-08,0.2,-0.6
2.0962e-01,-2,2,-1,1,0.8,1.6,0.2,0.6
2.0970e-01,-2,-6,-1,-3,0.8,-0.8,0.2,-0.6
2.0978e-01,-2,2,-1,1,0.8,1.6,0.2,0.6
2.0985e-01,-4,-6,-1,-3,-7.15256e-08,-7.15256e-08,0.2,-0.6
2.0993e-01,-2,2,-1,1,0.8,1.6,0.2,0.6
2.1001e-01,-2,-6,-1,-3,0.8,-7.15256e-08,0.2,-0.6
2.1008e-01,-2,2,-1,1,0.8,1.6,0.2,0.6
2.1016e-01,-4,-6,-1,-3,0.8,-7.15256e-08,-0.2,-0.6
2.1024e-01,-2,2,-1,1,0.8,1.6,0.2,0.6
2.1031e-01,-4,-6,-1,-3,0.8,-7.15256e-08,-0.2,-0.6
2.1039e-01,-2,2,-1,1,0.8,1.6,0.2,0.6
2.1047e-01,-2,-6,-1,-5,0.8,-7.15256e-08,0.2,-0.6
2.1054e-01,-2,2,-1,1,0.8,1.6,0.2,0.6
2.1062e-01,-2,-6,-1,-3,0.8,-0.8,0.2,-0.6
2.1070e-01,-2,2,-1,1,0.8,1.6,0.2,0.6
2.1077e-01,-4,-6,-3,-3,0.8,-7.15256e-08,0.2,-0.6
2.1085e-01,-2,2,-1,1,0.8,1.6,0.2,0.6
2.1093e-01,-2,-6,-1,-3,0.8,-7.15256e-08,0.2,-0.6
2.1100e-01,-4,2,-1,1,0.8,1.6,-0.2,0.6
2.1108e-01,-2,-6,-1,-3,0.8,-7.15256e-08,0.2,-0.6
2.1116e-01,-4,2,-1,1,0.8,1.6,0.2,0.6
2.1124e-01,-4,-6,-1,-3,0.8,-0.8,0.2,-0.6
2.1131e-01,-2,2,-1,1,0.8,1.6,0.2,0.6
2.1139e-01,-6,-6,-1,-3,0.8,-7.15256e-08,0.2,-0.6
2.1147e-01,-4,2,-1,1,0.8,1.6,0.2,0.6
2.1154e-01,-2,-6,-1,-3,0.8,-7.15256e-08,0.2,-0.6
2.1162e-01,-4,2,-1,1,-7.15256e-08,1.6,0.2,0.6
2.1170e-01,-2,-6,-1,-3,0.8,-7.15256e-08,0.2,-0.6
2.1177e-01,-4,2,-1,1,0.8,1.6,0.2,0.6
2.1185e-01,-4,-6,-1,-3,0.8,-7.15256e-08,0.2,-0.6
2.1193e-01,-2,2,-1,1,0.8,1.6,-0.2,0.6
2.1200e-01,-4,-6,-1,-3,0.8,-7.15256e-08,0.2,-0.6
2.1208e-01,-2,2,-1,1,0.8,1.6,0.2,0.6
2.1216e-01,-2,-6,-1,-3,0.8,-7.15256e-08,0.2,-0.6
2.1223e-01,-4,2,-1,1,0.8,1.6,0.2,0.6
2.1231e-01,-2,-6,-1,-3,1.6,-7.15256e-08,0.2,-0.6
2.1239e-01,-2,2,-1,1,0.8,1.6,0.2,0.6
2.1246e-01,-4,-6,-1,-3,0.8,-7.15256e-08,0.2,-0.6
2.1254e-01,-4,2,-1,1,0.8,1.6,-0.2,0.6
2.1262e-01,-4,-6,-1,-3,0.8,-0.8,-0.2,-0.6
2.1269e-01,-2,2,-1,1,0.8,1.6,0.2,0.6
2.1277e-01,-4,-6,-1,-3,0.8,-7.15256e-08,-0.2,-0.6
2.1285e-01,-2,2,-1,1,0.8,1.6,0.2,0.6
2.1292e-01,-2,-6,-1,-3,0.8,-7.15256e-08,0.2,-0.6
2.1300e-01,-2,-1.3411e-07,-1,1,0.8,1.6,0.2,0.6
2.1308e-01,-2,-6,-1,-3,0.8,-7.15256e-08,0.2,-0.6
2.1316e-01,-4,-1.3411e-07,-3,1,-7.15256e-08,1.6,-0.2,0.6
2.1323e-01,-2,-6,-1,-3,0.8,-7.15256e-08,0.2,-0.6
2.1331e-01,-4,2,-1,1,0.8,1.6,0.2,0.6
2.1339e-01,-2,-6,-3,-3,0.8,-7.15256e-08,-0.2,-0.6
2.1346e-01,-2,-1.3411e-07,-1,1,0.8,1.6,0.2,0.6
2.1354e-01,-2,-6,-3,-3,0.8,-0.8,-0.2,-0.6
2.1362e-01,-4,2,-1,1,0.8,1.6,0.2,0.6
2.1369e-01,-2,-6,-3,-3,0.8,-7.15256e-08,0.2,-0.6
2.1377e-01,-2,2,-3,1,0.8,1.6,0.2,0.6
2.1385e-01,-2,-6,-1,-3,0.8,-0.8,0.2,-0.6
2.1392e-01,-4,2,-1,1,0.8,1.6,0.2,0.6
2.1400e-01,-2,-6,-3,-3,0.8,-7.15256e-08,0.2,-0.2
2.1408e-01,-4,2,-1,1,0.8,1.6,0.2,0.6
2.1415e-01,-2,-6,-1,-3,-7.15256e-08,-0.8,0.2,-0.6
2.1423e-01,-4,2,-1,1,0.8,1.6,0.2,0.6
2.1431e-01,-2,-6,-1,-3,0.8,-0.8,0.2,-0.6
2.1438e-01,-2,2,-3,1,0.8,1.6,0.2,0.6
2.1446e-01,-2,-6,-1,-3,0.8,-7.15256e-08,0.2,-0.6
2.1454e-01,-2,-1.3411e-07,-3,1,0.8,1.6,0.2,0.6
2.1461e-01,-4,-6,-1,-3,0.8,-7.15256e-08,0.2,-0.6
2.1469e-01,-2,-1.3411e-07,-1,1,0.8,1.6,-0.2,0.6
2.1477e-01,-2,-6,-1,-3,0.8,-7.15256e-08,-0.2,-0.6
2.1484e-01,-2,2,-1,1,0.8,1.6,0.2,0.6
2.1492e-01,-2,-6,-1,-3,0.8,-7.15256e-08,0.2,-0.6
2.1500e-01,-2,2,-1,1,0.8,1.6,0.2,0.6
2.1508e-01,-4,-6,-3,-3,-7.15256e-08,-7.15256e-08,0.2,-0.6
2.1515e-01,-2,2,-3,1,0.8,1.6,0.2,0.6
2.1523e-01,-2,-6,-1,-3,0.8,-7.15256e-08,0.2,-0.6
2.1531e-01,-2,-1.3411e-07,-3,1,0.8,1.6,0.2,0.6
2.1538e-01,-2,-6,-3,-3,0.8,-7.15256e-08,0.2,-0.6
2.1546e-01,-4,2,-1,1,0.8,1.6,0.2,0.6
2.1554e-01,-2,-6,-1,-3,0.8,-7.15256e-08,0.2,-0.6
2.1561e-01,-2,2,-1,1,0.8,1.6,0.2,0.6
2.1569e-01,-4,-6,-1,-3,0.8,-7.15256e-08,0.2,-0.6
2.1577e-01,-2,2,-1,1,0.8,1.6,0.2,0.6
2.1584e-01,-4,-6,-1,-3,0.8,-7.15256e-08,0.2,-0.6
2.1592e-01,-2,2,-1,1,0.8,1.6,0.2,0.6
2.1600e-01,-2,-8,-1,-5,0.8,-7.15256e-08,0.2,-0.6
2.1607e-01,-2,2,-1,1,0.8,1.6,0.2,0.6
2.1615e-01,-4,-6,-3,-3,-7.15256e-08,-7.15256e-08,0.2,-0.6
2.1623e-01,-2,-1.3411e-07,-1,1,0.8,1.6,0.2,0.6
2.1630e-01,-4,-6,-1,-5,0.8,-7.15256e-08,0.2,-0.6
2.1638e-01,-2,2,-1,1,0.8,1.6,0.2,0.6
2.1646e-01,-2,-6,-1,-3,0.8,-7.15256e-08,0.2,-0.6
2.1653e-01,-4,-1.3411e-07,-1,1,0.8,1.6,0.2,0.6
2.1661e-01,-2,-6,-3,-3,0.8,-7.15256e-08,-0.2,-0.6
2.1669e-01,-2,2,-3,1,0.8,1.6,-0.2,0.6
2.1676e-01,-4,-6,-1,-3,0.8,-7.15256e-08,0.2,-0.2
2.1684e-01,-2,2,-1,1,0.8,1.6,0.2,0.6
2.1692e-01,-4,-6,-1,-3,0.8,-7.15256e-08,-0.2,-0.6
2.1700e-01,-2,2,-1,1,0.8,1.6,0.2,0.6
2.1707e-01,-2,-6,-3,-3,0.8,-0.8,0.2,-0.6
2.1715e-01,-4,-1.3411e-07,-1,1,0.8,1.6,0.2,0.6
2.1723e-01,-4,-6,-1,-3,0.8,-7.15256e-08,-0.2,-0.2
2.1730e-01,-2,2,-1,1,1.6,1.6,0.2,0.6
2.1738e-01,-2,-6,-1,-3,0.8,-7.15256e-08,0.2,-0.6
2.1746e-01,-2,2,-1,1,0.8,1.6,0.2,0.6
2.1753e-01,-2,-6,-1,-3,0.8,-7.15256e-08,0.2,-0.6
2.1761e-01,-2,2,-1,1,0.8,1.6,0.2,0.6
2.1769e-01,-2,-6,-1,-3,0.8,-7.15256e-08,0.2,-0.6
2.1776e-01,-2,2,-1,1,0.8,1.6,0.2,0.6
2.1784e-01,-4,-6,-3,-3,0.8,-7.15256e-08,0.2,-0.6
2.1792e-01,-2,2,-3,1,0.8,1.6,0.2,0.6
2.1799e-01,-2,-6,-3,-3,1.6,-7.15256e-08,0.2,-0.2
2.1807e-01,-4,2,-3,1,0.8,1.6,0.2,0.6
2.1815e-01,-2,-6,-1,-5,0.8,-7.15256e-08,0.2,-0.6
2.1822e-01,-4,2,-1,1,0.8,1.6,0.2,0.6
2.1830e-01,-2,-6,-1,-5,0.8,-7.15256e-08,0.2,-0.6
2.1838e-01,-2,2,-3,1,0.8,1.6,0.2,0.6
2.1845e-01,-4,-6,-1,-3,0.8,-7.15256e-08,0.2,-0.6
2.1853e-01,-2,2,-1,1,0.8,1.6,0.2,0.6
2.1861e-01,-2,-6,-3,-3,0.8,-0.8,0.2,-0.6
2.1869e-01,-4,2,-1,1,0.8,1.6,0.2,0.6
2.1876e-01,-4,-6,-1,-3,0.8,-0.8,0.2,-0.6
2.1884e-01,-2,2,-1,1,0.8,1.6,0.2,0.6
2.1892e-01,-4,-6,-1,-3,0.8,-7.15256e-08,0.2,-0.6
2.1899e-01,-6,2,-1,1,0.8,1.6,0.2,0.6
2.1907e-01,-4,-6,-1,-3,0.8,-7.15256e-08,-0.2,-0.6
2.1915e-01,-2,2,-3,1,0.8,1.6,0.2,0.6
2.1922e-01,-2,-6,-1,-3,0.8,-7.15256e-08,0.2,-0.6
2.1930e-01,-2,2,-1,1,0.8,1.6,0.2,0.6
2.1938e-01,-2,-6,-1,-3,0.8,-7.15256e-08,0.2,-0.6
2.1945e-01,-4,2,-1,1,0.8,1.6,-0.2,0.6
2.1953e-01,-2,-6,-1,-3,0.8,-7.15256e-08,0.2,-0.6
2.1961e-01,-4,2,-3,1,0.8,1.6,0.2,0.6
2.1968e-01,-4,-6,-1,-3,0.8,-7.15256e-08,0.2,-0.6
2.1976e-01,-4,2,-1,1,0.8,1.6,0.2,0.6
2.1984e-01,-4,-6,-3,-3,-7.15256e-08,-7.15256e-08,0.2,-0.6
2.1991e-01,-2,2,-1,1,0.8,1.6,0.2,0.6
2.1999e-01,-4,-6,-3,-3,0.8,-7.15256e-08,-0.2,-0.2
2.2007e-01,-2,2,-1,1,0.8,1.6,0.2,0.6
2.2014e-01,-4,-6,-3,-3,0.8,-7.15256e-08,-0.2,-0.6
2.2022e-01,-2,2,-1,1,0.8,1.6,0.2,0.6
2.2030e-01,-2,-6,-1,-3,0.8,-0.8,0.2,-0.6
2.2037e-01,-2,2,-1,1,0.8,1.6,0.2,0.6
2.2045e-01,-2,-6,-1,-3,0.8,-0.8,0.2,-0.6
2.2053e-01,-4,2,-1,1,0.8,1.6,0.2,0.6
2.2061e-01,-2,-6,-1,-3,0.8,-7.15256e-08,0.2,-0.6
2.2068e-01,-4,2,-1,1,0.8,1.6,0.2,0.6
2.2076e-01,-2,-6,-1,-3,0.8,-0.8,0.2,-0.6
2.2084e-01,-2,2,-3,1,0.8,1.6,0.2,0.6
2.2091e-01,-2,-6,-1,-3,0.8,-0.8,0.2,-0.6
2.2099e-01,-4,2,-1,1,0.8,1.6,0.2,0.6
2.2107e-01,-4,-6,-1,-3,0.8,-7.15256e-08,0.2,-0.6
2.2114e-01,-2,2,-3,1,0.8,1.6,0.2,0.6
2.2122e-01,-2,-6,-3,-3,0.8,-7.15256e-08,-0.2,-0.6
2.2130e-01,-2,2,-1,1,0.8,1.6,0.2,0.6
2.2137e-01,-2,-6,-1,-3,0.8,-7.15256e-08,0.2,-0.6
2.2145e-01,-4,2,-1,1,0.8,1.6,0.2,0.6
2.2153e-01,-1.3411e-07,-6,-1,-5,1.6,-7.15256e-08,0.2,-0.6
2.2160e-01,-4,2,-3,1,0.8,1.6,-0.2,0.6
2.2168e-01,-2,-6,-1,-3,0.8,-7.15256e-08,0.2,-0.6
2.2176e-01,-2,2,-1,1,0.8,1.6,-0.2,0.6
2.2183e-01,-1.3411e-07,-6,-3,-3,0.8,-7.15256e-08,0.2,-0.6
2.2191e-01,-2,2,-3,1,-7.15256e-08,1.6,-0.2,0.6
2.2199e-01,-4,-6,-1,-3,0.8,-0.8,0.2,-0.6
2.2206e-01,-2,2,-3,1,0.8,1.6,0.2,0.6
2.2214e-01,-2,-6,-1,-3,-7.15256e-08,-7.15256e-08,0.2,-0.6
2.2222e-01,-2,2,-1,1,0.8,1.6,0.2,0.6
2.2229e-01,-2,-6,1,-5,0.8,-7.15256e-08,0.2,-0.6
2.2237e-01,-2,2,-3,1,0.8,1.6,0.2,0.6
2.2245e-01,-1.3411e-07,-6,-1,-3,0.8,-7.15256e-08,0.2,-0.6
2.2253e-01,-2,2,-1,1,0.8,1.6,0.2,0.6
2.2260e-01,-4,-6,-1,-3,0.8,-0.8,0.2,-0.6
2.2268e-01,-2,2,-3,1,0.8,1.6,0.2,0.6
2.2276e-01,-2,-6,-1,-3,0.8,-7.15256e-08,0.2,-0.6
2.2283e-01,-4,2,-1,1,0.8,1.6,0.2,0.6
2.2291e-01,-2,-6,-1,-3,0.8,-7.15256e-08,-0.2,-0.6
2.2299e-01,-2,2,-3,1,0.8,1.6,-0.2,0.6
2.2306e-01,-2,-6,-3,-3,0.8,-0.8,-0.2,-0.6
2.2314e-01,-2,2,-1,1,0.8,1.6,0.2,0.6
2.2322e-01,-4,-6,-1,-3,0.8,-7.15256e-08,0.2,-0.6
2.2329e-01,-4,2,-1,1,0.8,1.6,0.2,0.6
2.2337e-01,-2,-6,-1,-3,0.8,-7.15256e-08,0.2,-0.6
2.2345e-01,-2,2,-3,1,0.8,1.6,0.2,0.6
2.2352e-01,-2,-6,-1,-3,0.8,-0.8,0.2,-0.6
2.2360e-01,-2,2,-1,1,0.8,1.6,0.2,0.6
2.2368e-01,-2,-6,-3,-3,0.8,-7.15256e-08,0.2,-0.6
2.2375e-01,-4,2,-1,1,0.8,1.6,-0.2,0.6
2.2383e-01,-4,-6,-3,-3,0.8,-7.15256e-08,0.2,-0.6
2.2391e-01,-4,2,-1,1,0.8,1.6,0.2,0.6
2.2398e-01,-2,-6,-1,-5,0.8,-7.15256e-08,0.2,-0.6
2.2406e-01,-4,2,-3,1,0.8,1.6,0.2,0.6
2.2414e-01,-2,-6,-3,-3,0.8,-7.15256e-08,0.2,-0.6
2.2422e-01,-2,2,-3,1,0.8,1.6,0.2,0.6
2.2429e-01,-4,-6,-1,-3,0.8,-7.15256e-08,0.2,-0.6
2.2437e-01,-2,2,-1,1,0.8,1.6,0.2,0.6
2.2445e-01,-2,-6,-1,-3,0.8,-7.15256e-08,0.2,-0.6
2.2452e-01,-2,2,-1,1,0.8,1.6,0.2,0.6
2.2460e-01,-4,-6,-3,-3,0.8,-0.8,0.2,-0.6
2.2468e-01,-4,2,-3,1,0.8,1.6,0.2,0.6
2.2475e-01,-1.3411e-07,-6,-1,-5,0.8,-7.15256e-08,0.2,-0.6
2.2483e-01,-2,2,-1,1,0.8,1.6,0.2,0.6
2.2491e-01,-2,-6,-1,-3,0.8,-7.15256e-08,0.2,-0.6
2.2498e-01,-2,2,-1,1,0.8,1.6,-0.2,0.6
2.2506e-01,-2,-6,-1,-3,0.8,-7.15256e-08,0.2,-0.6
2.2514e-01,-2,2,-1,1,0.8,1.6,0.2,0.6
2.2521e-01,-2,-6,-1,-3,0.8,-7.15256e-08,0.2,-0.6
2.2529e-01,-2,2,-1,1,0.8,1.6,0.2,0.6
2.2537e-01,-4,-6,-1,-5,0.8,-0.8,0.2,-0.6
2.2544e-01,-2,2,-1,1,0.8,1.6,0.2,0.6
2.2552e-01,-2,-6,-3,-3,0.8,-7.15256e-08,0.2,-0.6
2.2560e-01,-4,2,-1,1,0.8,1.6,0.2,0.6
2.2567e-01,-2,-6,-1,-3,0.8,-7.15256e-08,0.2,-0.6
2.2575e-01,-2,2,-1,1,0.8,1.6,0.2,0.6
2.2583e-01,-2,-6,-1,-5,0.8,-7.15256e-08,0.2,-0.6
2.2590e-01,-4,2,-1,1,0.8,1.6,-0.2,0.6
2.2598e-01,-2,-6,-1,-3,0.8,-7.15256e-08,0.2,-0.6
2.2606e-01,-2,2,-3,1,0.8,1.6,-0.2,0.6
2.2614e-01,-2,-6,-1,-3,0.8,-7.15256e-08,-0.2,-0.6
2.2621e-01,-4,2,-3,1,0.8,1.6,0.2,0.6
2.2629e-01,-2,-6,-3,-3,0.8,-7.15256e-08,-0.2,-0.6
2.2637e-01,-2,2,-1,1,0.8,1.6,0.2,0.6
2.2644e-01,-2,-6,-1,-3,0.8,-7.15256e-08,-0.2,-0.6
2.2652e-01,-2,2,-1,1,0.8,1.6,-0.2,0.6
2.2660e-01,-2,-6,-1,-3,0.8,-7.15256e-08,-0.2,-0.6
2.2667e-01,-2,2,-3,1,0.8,1.6,0.2,0.6
2.2675e-01,-4,-6,-3,-3,0.8,-7.15256e-08,0.2,-0.6
2.2683e-01,-2,2,-1,1,0.8,1.6,0.2,0.6
2.2690e-01,-1.3411e-07,-6,-3,-3,0.8,-7.15256e-08,0.2,-0.6
2.2698e-01,-2,2,-1,1,0.8,1.6,0.2,0.6
2.2706e-01,-4,-6,-1,-3,0.8,-7.15256e-08,0.2,-0.2
2.2713e-01,-2,2,-1,1,0.8,1.6,-0.2,0.6
2.2721e-01,-2,-6,-3,-3,0.8,-7.15256e-08,0.2,-0.6
2.2729e-01,-2,2,-3,1,0.8,1.6,0.2,0.6
2.2736e-01,-2,-6,-1,-3,0.8,-0.8,0.2,-0.6
2.2744e-01,-4,2,-1,1,0.8,1.6,0.2,0.6
2.2752e-01,-4,-6,-1,-3,0.8,-7.15256e-08,0.2,-0.6
2.2759e-01,-2,2,-1,1,0.8,1.6,0.2,0.6
2.2767e-01,-2,-6,-1,-3,0.8,-7.15256e-08,0.2,-0.6
2.2775e-01,-2,2,-1,1,0.8,1.6,-0.2,0.6
2.2782e-01,-2,-6,-3,-3,0.8,-0.8,0.2,-0.6
2.2790e-01,-2,2,-1,1,0.8,1.6,0.2,0.6
2.2798e-01,-4,-6,-1,-3,0.8,-7.15256e-08,0.2,-0.6
2.2806e-01,-2,2,-1,1,0.8,1.6,0.2,0.6
2.2813e-01,-2,-6,-1,-3,0.8,-0.8,0.2,-0.6
2.2821e-01,-2,2,-1,1,0.8,1.6,0.2,0.6
2.2829e-01,-2,-6,-1,-3,0.8,-7.15256e-08,0.2,-0.6
2.2836e-01,-2,2,-1,1,0.8,1.6,0.2,0.6
2.2844e-01,-2,-6,-1,-3,0.8,-7.15256e-08,0.2,-0.6
2.2852e-01,-4,2,-1,1,0.8,1.6,0.2,0.6
2.2859e-01,-2,-6,-3,-5,0.8,-7.15256e-08,0.2,-0.6
2.2867e-01,-4,2,-3,1,0.8,1.6,0.2,0.6
2.2875e-01,-4,-6,-1,-3,0.8,-7.15256e-08,-0.2,-0.6
2.2882e-01,-2,2,-1,1,-7.15256e-08,1.6,0.2,0.6
2.2890e-01,-4,-6,-1,-3,0.8,-7.15256e-08,0.2,-0.6
2.2898e-01,-2,2,-1,1,0.8,1.6,0.2,0.6
2.2905e-01,-2,-6,-1,-3,1.6,-7.15256e-08,0.2,-0.6
2.2913e-01,-1.3411e-07,2,-1,1,0.8,1.6,0.2,0.6
2.2921e-01,-2,-6,-1,-3,0.8,-7.15256e-08,0.2,-0.6
2.2928e-01,-2,2,-1,1,0.8,1.6,0.2,0.6
2.2936e-01,-4,-6,-1,-3,0.8,-7.15256e-08,0.2,-0.6
2.2944e-01,-4,2,-1,1,0.8,1.6,0.2,0.6
2.2951e-01,-2,-6,-3,-3,0.8,-7.15256e-08,0.2,-0.6
2.2959e-01,-2,2,-1,1,0.8,1.6,0.2,0.6
2.2967e-01,-2,-6,-1,-3,0.8,-7.15256e-08,0.2,-0.6
2.2975e-01,-2,2,-1,1,-7.15256e-08,1.6,0.2,0.6
2.2982e-01,-2,-6,-1,-3,0.8,-7.15256e-08,0.2,-0.6
2.2990e-01,-2,2,-1,1,0.8,1.6,0.2,0.6
2.2998e-01,-4,-6,-1,-3,0.8,-7.15256e-08,0.2,-0.6
2.3005e-01,-4,2,-3,1,-7.15256e-08,1.6,0.2,0.6
2.3013e-01,-4,-6,-3,-3,0.8,-7.15256e-08,0.2,-0.6
2.3021e-01,-2,2,-3,1,0.8,1.6,0.2,0.6
2.3028e-01,-4,-6,-1,-3,0.8,-7.15256e-08,0.2,-0.6
2.3036e-01,-4,2,-1,1,0.8,1.6,0.2,0.6
2.3044e-01,-2,-6,-3,-3,0.8,-0.8,0.2,-0.6
2.3051e-01,-2,2,-1,1,0.8,1.6,0.2,0.6
2.3059e-01,-2,-6,-1,-5,0.8,-0.8,0.2,-0.6
2.3067e-01,-4,2,-1,1,0.8,1.6,0.2,0.6
2.3074e-01,-2,-6,-1,-3,0.8,-7.15256e-08,-0.2,-0.6
2.3082e-01,-2,2,-1,1,0.8,1.6,0.2,0.6
2.3090e-01,-2,-6,-3,-3,0.8,-7.15256e-08,0.2,-0.6
2.3097e-01,-4,2,-1,1,0.8,1.6,0.2,0.6
2.3105e-01,-4,-6,-1,-3,0.8,-0.8,0.2,-0.6
2.3113e-01,-2,2,-1,1,0.8,1.6,-0.2,0.6
2.3120e-01,-2,-6,-1,-3,0.8,-7.15256e-08,0.2,-0.6
2.3128e-01,-4,2,-1,1,0.8,1.6,0.2,0.6
2.3136e-01,-1.3411e-07,-6,-3,-3,0.8,-7.15256e-08,0.2,-0.6
2.3143e-01,-2,2,-3,1,0.8,1.6,0.2,0.6
2.3151e-01,-2,-6,-1,-3,0.8,-7.15256e-08,0.2,-0.6
2.3159e-01,-2,2,-3,1,0.8,1.6,0.2,0.6
2.3167e-01,-2,-6,-1,-3,0.8,-7.15256e-08,0.2,-0.6
2.3174e-01,-2,2,-1,1,0.8,1.6,0.2,0.6
2.3182e-01,-2,-6,-1,-3,0.8,-7.15256e-08,0.2,-0.6
2.3190e-01,-4,2,-1,1,0.8,1.6,0.2,0.6
2.3197e-01,-2,-6,-3,-3,1.6,-0.8,0.2,-0.6
2.3205e-01,-2,2,-1,1,0.8,1.6,0.2,0.6
2.3213e-01,-2,-6,-1,-3,0.8,-7.15256e-08,0.2,-0.6
2.3220e-01,-2,2,-3,1,0.8,1.6,0.2,0.6
2.3228e-01,-2,-6,-1,-3,0.8,-7.15256e-08,-0.2,-0.6
2.3236e-01,-2,2,-3,1,0.8,1.6,0.2,0.6
2.3243e-01,-2,-6,-1,-3,1.6,-7.15256e-08,0.2,-0.6
2.3251e-01,-2,2,-1,1,0.8,1.6,0.2,0.6
2.3259e-01,-2,-6,-3,-3,1.6,-7.15256e-08,0.2,-0.6
2.3266e-01,-2,2,-1,1,0.8,1.6,0.2,0.6
2.3274e-01,-2,-6,-3,-3,-7.15256e-08,-7.15256e-08,0.2,-0.6
2.3282e-01,-4,2,-1,1,0.8,1.6,0.2,0.6
2.3289e-01,-4,-6,-3,-3,0.8,-7.15256e-08,0.2,-0.6
2.3297e-01,-2,2,-1,1,0.8,1.6,0.2,0.6
2.3305e-01,-4,-6,-1,-5,-7.15256e-08,-0.8,0.2,-0.6
2.3312e-01,-2,2,-1,1,0.8,1.6,0.2,0.6
2.3320e-01,-2,-6,-1,-3,0.8,-0.8,0.2,-0.6
2.3328e-01,-4,2,-3,1,0.8,1.6,0.2,0.6
2.3335e-01,-2,-6,-1,-3,0.8,-7.15256e-08,0.2,-0.6
2.3343e-01,-4,2,-1,1,0.8,1.6,0.2,0.6
2.3351e-01,-2,-6,-1,-3,0.8,-7.15256e-08,0.2,-0.6
2.3359e-01,-2,2,-1,1,0.8,1.6,0.2,0.6
2.3366e-01,-4,-6,-1,-5,0.8,-7.15256e-08,0.2,-0.6
2.3374e-01,-4,2,-1,1,-7.15256e-08,1.6,0.2,0.6
2.3382e-01,-4,-6,-1,-3,0.8,-7.15256e-08,-0.2,-0.6
2.3389e-01,-4,2,-3,1,0.8,1.6,0.2,0.6
2.3397e-01,-2,-6,-3,-3,0.8,-7.15256e-08,0.2,-0.6
2.3405e-01,-2,2,-1,1,0.8,1.6,0.2,0.6
2.3412e-01,-2,-6,-1,-3,0.8,-7.15256e-08,0.2,-0.6
2.3420e-01,-4,2,-1,1,0.8,1.6,0.2,0.6
2.3428e-01,-4,-6,-3,-3,0.8,-7.15256e-08,0.2,-0.6
2.3435e-01,-2,2,-1,1,0.8,1.6,0.2,0.6
2.3443e-01,-2,-6,-1,-3,0.8,-7.15256e-08,-0.2,-0.6
2.3451e-01,-2,2,-1,1,0.8,1.6,0.2,0.6
2.3458e-01,-1.3411e-07,-6,-1,-3,0.8,-7.15256e-08,0.2,-0.6
2.3466e-01,-2,2,-1,1,0.8,1.6,0.2,0.6
2.3474e-01,-4,-6,-1,-3,0.8,-7.15256e-08,0.2,-0.6
2.3481e-01,-2,2,-1,1,0.8,1.6,0.2,0.6
2.3489e-01,-4,-6,-1,-3,0.8,-7.15256e-08,0.2,-0.6
2.3497e-01,-4,2,-1,1,0.8,1.6,0.2,0.6
2.3504e-01,-4,-6,-1,-3,0.8,-7.15256e-08,-0.2,-0.6
2.3512e-01,-2,2,-1,1,0.8,1.6,-0.2,0.6
2.3520e-01,-2,-6,-1,-3,0.8,-7.15256e-08,0.2,-0.6
2.3527e-01,-2,2,-1,1,0.8,1.6,0.2,0.6
2.3535e-01,-2,-6,-1,-5,0.8,-7.15256e-08,0.2,-0.6
2.3543e-01,-2,2,-1,1,1.6,1.6,0.2,0.6
2.3551e-01,-2,-6,-1,-3,0.8,-7.15256e-08,0.2,-0.6
2.3558e-01,-4,2,-1,1,0.8,1.6,0.2,0.6
2.3566e-01,-2,-6,-1,-3,0.8,-7.15256e-08,0.2,-0.6
2.3574e-01,-6,2,-3,1,1.6,1.6,0.2,0.6
2.3581e-01,-4,-6,-1,-3,0.8,-7.15256e-08,-0.2,-0.6
2.3589e-01,-4,2,-1,1,0.8,1.6,-0.2,0.6
2.3597e-01,-4,-6,-1,-3,0.8,-7.15256e-08,0.2,-0.6
2.3604e-01,-2,2,-3,1,0.8,1.6,0.2,0.6
2.3612e-01,-4,-6,-1,-3,0.8,-7.15256e-08,0.2,-0.6
2.3620e-01,-2,2,-1,1,0.8,1.6,0.2,0.6
2.3627e-01,-2,-6,-1,-3,0.8,-0.8,-0.2,-0.6
2.3635e-01,-2,2,-1,1,0.8,1.6,0.2,0.6
2.3643e-01,-2,-6,-3,-3,0.8,-7.15256e-08,0.2,-0.6
2.3650e-01,-2,2,-1,1,0.8,1.6,0.2,0.6
2.3658e-01,-2,-6,-1,-3,0.8,-7.15256e-08,0.2,-0.6
2.3666e-01,-4,2,-1,1,0.8,1.6,-0.2,0.6
2.3673e-01,-4,-6,-1,-3,0.8,-7.15256e-08,-0.2,-0.6
2.3681e-01,-4,2,-1,1,0.8,1.6,0.2,0.6
2.3689e-01,-1.3411e-07,-6,-1,-3,0.8,-0.8,0.2,-0.6
2.3696e-01,-4,2,-1,1,0.8,1.6,0.2,0.6
2.3704e-01,-2,-6,-1,-3,0.8,-0.8,0.2,-0.6
2.3712e-01,-2,2,-3,1,0.8,1.6,0.2,0.6
2.3720e-01,-4,-6,-3,-3,0.8,-7.15256e-08,0.2,-0.6
2.3727e-01,-2,2,-1,1,0.8,1.6,-0.2,0.6
2.3735e-01,-4,-6,-1,-3,0.8,-0.8,-0.2,-0.6
2.3743e-01,-2,2,-1,1,0.8,1.6,-0.2,0.6
2.3750e-01,-4,-6,-1,-3,0.8,-7.15256e-08,0.2,-0.6
2.3758e-01,-2,2,-1,1,0.8,1.6,0.2,0.6
2.3766e-01,-2,-6,-1,-3,0.8,-7.15256e-08,0.2,-0.6
2.3773e-01,-2,2,-1,1,0.8,1.6,0.2,0.6
2.3781e-01,-2,-6,-1,-3,0.8,-7.15256e-08,-0.2,-0.6
2.3789e-01,-2,2,-1,1,0.8,1.6,-0.2,0.6
2.3796e-01,-4,-6,-1,-3,-7.15256e-08,-7.15256e-08,0.2,-0.6
2.3804e-01,-2,2,-3,1,0.8,1.6,0.2,0.6
2.3812e-01,-2,-6,-1,-3,0.8,-7.15256e-08,0.2,-0.6
2.3819e-01,-2,2,-1,1,0.8,1.6,0.2,0.6
2.3827e-01,-2,-6,-1,-3,0.8,-7.15256e-08,0.2,-0.6
2.3835e-01,-2,2,-1,1,0.8,1.6,0.2,0.6
2.3842e-01,-4,-6,-1,-3,0.8,-7.15256e-08,-0.2,-0.6
2.3850e-01,-2,2,-1,1,0.8,1.6,0.2,0.6
2.3858e-01,-2,-6,-1,-3,0.8,-7.15256e-08,0.2,-0.6
2.3865e-01,-2,2,-1,1,0.8,1.6,0.2,0.6
2.3873e-01,-2,-6,-1,-3,-7.15256e-08,-0.8,0.2,-0.6
2.3881e-01,-2,2,-3,1,0.8,1.6,0.2,0.6
2.3888e-01,-2,-6,-1,-3,0.8,-7.15256e-08,0.2,-0.6
2.3896e-01,-2,2,-1,1,1.6,1.6,0.2,0.6
2.3904e-01,-2,-6,-1,-3,0.8,-7.15256e-08,-0.2,-0.6
2.3912e-01,-2,2,-3,1,0.8,1.6,-0.2,0.6
2.3919e-01,-2,-6,-1,-3,0.8,-7.15256e-08,0.2,-0.6
2.3927e-01,-4,2,-1,1,0.8,1.6,0.2,0.6
2.3935e-01,-4,-6,-1,-3,0.8,-7.15256e-08,0.2,-0.6
2.3942e-01,-2,2,-1,1,0.8,1.6,0.2,0.6
2.3950e-01,-4,-6,-1,-3,0.8,-7.15256e-08,0.2,-0.6
2.3958e-01,-4,2,-1,1,0.8,1.6,0.2,0.6
2.3965e-01,-2,-6,-3,-3,0.8,-7.15256e-08,-0.2,-0.6
2.3973e-01,-4,2,-1,1,0.8,1.6,0.2,0.6
2.3981e-01,-4,-6,-1,-3,0.8,-7.15256e-08,0.2,-0.6
2.3988e-01,-4,2,-1,1,0.8,1.6,0.2,0.6
2.3996e-01,-4,-6,-1,-3,0.8,-7.15256e-08,0.2,-0.6
2.4004e-01,-2,2,-3,1,0.8,1.6,0.2,0.6
2.4011e-01,-2,-6,-1,-3,0.8,-7.15256e-08,0.2,-0.6
2.4019e-01,-2,2,-1,1,0.8,1.6,0.2,0.6
2.4027e-01,-2,-6,-1,-3,1.6,-7.15256e-08,0.2,-0.6
2.4034e-01,-2,2,-1,1,0.8,1.6,0.2,0.6
2.4042e-01,-2,-6,-1,-3,1.6,-7.15256e-08,0.2,-0.6
2.4050e-01,-2,2,-1,1,0.8,1.6,0.2,0.6
2.4057e-01,-4,-6,-1,-3,0.8,-7.15256e-08,0.2,-0.6
2.4065e-01,-4,2,-3,1,0.8,1.6,0.2,0.6
2.4073e-01,-2,-6,-3,-5,0.8,-0.8,0.2,-0.6
2.4080e-01,-4,2,-3,1,0.8,1.6,0.2,0.6
2.4088e-01,-2,-6,-1,-3,0.8,-0.8,0.2,-0.6
2.4096e-01,-2,2,-1,1,0.8,1.6,0.2,0.6
2.4104e-01,-2,-6,-1,-3,0.8,-7.15256e-08,0.2,-0.6
2.4111e-01,-4,2,-1,1,0.8,1.6,0.2,0.6
2.4119e-01,-2,-6,-1,-3,0.8,-7.15256e-08,0.2,-0.6
2.4127e-01,-4,2,-3,1,0.8,1.6,0.2,0.6
2.4134e-01,-2,-6,-1,-3,0.8,-7.15256e-08,0.2,-0.6
2.4142e-01,-4,2,-3,1,0.8,1.6,-0.2,0.6
2.4150e-01,-2,-6,-1,-3,0.8,-0.8,0.2,-0.6
2.4157e-01,-4,2,-1,1,0.8,1.6,-0.2,0.6
2.4165e-01,-2,-6,-1,-3,0.8,-7.15256e-08,0.2,-0.6
2.4173e-01,-4,2,-3,1,0.8,1.6,0.2,0.6
2.4180e-01,-4,-6,-1,-3,0.8,-7.15256e-08,-0.2,-0.6
2.4188e-01,-1.3411e-07,2,-1,1,0.8,1.6,-0.2,0.6
2.4196e-01,-2,-6,-3,-5,0.8,-7.15256e-08,-0.2,-0.6
2.4203e-01,-2,2,-1,1,0.8,1.6,0.2,0.6
2.4211e-01,-2,-6,-3,-3,0.8,-0.8,0.2,-0.6
2.4219e-01,-2,2,-1,1,0.8,1.6,0.2,0.6
2.4226e-01,-2,-6,-1,-3,0.8,-7.15256e-08,0.2,-0.6
2.4234e-01,-2,2,-1,1,0.8,1.6,-0.2,0.6
2.4242e-01,-4,-6,-1,-5,0.8,-7.15256e-08,-0.2,-0.6
2.4249e-01,-2,2,-1,1,0.8,1.6,0.2,0.6
2.4257e-01,-4,-6,-1,-5,0.8,-7.15256e-08,0.2,-0.6
2.4265e-01,-2,2,-1,1,0.8,1.6,0.2,0.6
2.4273e-01,-4,-6,-1,-3,0.8,-7.15256e-08,0.2,-0.6
2.4280e-01,-2,2,-1,1,0.8,1.6,0.2,0.6
2.4288e-01,-1.3411e-07,-6,-1,-3,0.8,-7.15256e-08,0.2,-0.6
2.4296e-01,-2,2,-1,1,0.8,1.6,-0.2,0.6
2.4303e-01,-4,-6,-1,-3,0.8,-0.8,-0.2,-0.6
2.4311e-01,-2,2,-1,1,0.8,1.6,0.2,0.6
2.4319e-01,-4,-6,-1,-3,0.8,-7.15256e-08,-0.2,-0.6
2.4326e-01,-2,2,-1,1,0.8,1.6,0.2,0.6
2.4334e-01,-2,-6,-1,-3,0.8,-0.8,0.2,-0.6
2.4342e-01,-2,2,-1,1,0.8,1.6,0.2,0.6
2.4349e-01,-2,-6,-1,-3,0.8,-7.15256e-08,-0.2,-0.6
2.4357e-01,-2,2,-1,1,0.8,1.6,0.2,0.6
2.4365e-01,-4,-6,-1,-3,0.8,-7.15256e-08,0.2,-0.6
2.4372e-01,-4,2,-3,1,0.8,1.6,0.2,0.6
2.4380e-01,-2,-6,-1,-3,0.8,-7.15256e-08,0.2,-0.6
2.4388e-01,-2,2,-1,1,0.8,1.6,-0.2,0.6
2.4395e-01,-2,-6,-1,-5,1.6,-7.15256e-08,0.2,-0.6
2.4403e-01,-2,2,-1,1,0.8,1.6,0.2,0.6
2.4411e-01,-2,-6,-1,-3,0.8,-7.15256e-08,0.2,-0.6
2.4418e-01,-4,2,-3,1,0.8,1.6,0.2,0.6
2.4426e-01,-2,-6,-1,-3,0.8,-7.15256e-08,0.2,-0.6
2.4434e-01,-2,2,-1,1,0.8,1.6,0.2,0.6
2.4441e-01,-4,-6,-1,-5,0.8,-0.8,0.2,-0.6
2.4449e-01,-2,2,-1,1,0.8,1.6,0.2,0.6
2.4457e-01,-4,-6,-1,-3,0.8,-0.8,0.2,-0.6
2.4465e-01,-2,2,-1,1,0.8,1.6,0.2,0.6
2.4472e-01,-2,-6,-1,-3,0.8,-7.15256e-08,-0.2,-0.6
2.4480e-01,-2,2,-1,1,0.8,1.6,-0.2,0.6
2.4488e-01,-2,-6,-1,-3,-7.15256e-08,-7.15256e-08,0.2,-0.6
2.4495e-01,-2,2,-1,1,0.8,1.6,0.2,0.6
2.4503e-01,-2,-6,-1,-5,0.8,-7.15256e-08,0.2,-0.6
2.4511e-01,-4,2,-1,1,0.8,1.6,0.2,0.6
2.4518e-01,-2,-6,-1,-3,0.8,-7.15256e-08,0.2,-0.6
2.4526e-01,-2,2,-1,1,0.8,1.6,0.2,0.6
2.4534e-01,-2,-6,-1,-3,0.8,-0.8,0.2,-0.6
2.4541e-01,-1.3411e-07,2,-1,1,0.8,1.6,0.2,0.6
2.4549e-01,-2,-6,-1,-3,0.8,-0.8,0.2,-0.6
2.4557e-01,-2,2,-1,1,0.8,1.6,0.2,0.6
2.4564e-01,-4,-6,-1,-3,0.8,-7.15256e-08,0.2,-0.6
2.4572e-01,-4,2,-1,1,-7.15256e-08,1.6,0.2,0.6
2.4580e-01,-2,-6,-3,-3,0.8,-7.15256e-08,0.2,-0.6
2.4587e-01,-2,2,-3,1,0.8,1.6,0.2,0.6
2.4595e-01,-2,-6,-3,-3,0.8,-0.8,0.2,-0.6
2.4603e-01,-2,2,-1,1,0.8,1.6,0.2,0.6
2.4610e-01,-2,-6,-1,-3,0.8,-7.15256e-08,0.2,-0.6
2.4618e-01,-4,2,-1,1,0.8,1.6,0.2,0.6
2.4626e-01,-2,-6,-1,-3,0.8,-7.15256e-08,0.2,-0.6
2.4633e-01,-4,2,-1,1,0.8,1.6,0.2,0.6
2.4641e-01,-2,-6,-1,-3,0.8,-7.15256e-08,0.2,-0.6
2.4649e-01,-2,2,-1,1,0.8,1.6,0.2,0.6
2.4657e-01,-2,-6,-1,-3,0.8,-7.15256e-08,0.2,-0.6
2.4664e-01,-2,2,-1,1,0.8,1.6,0.2,0.6
2.4672e-01,-4,-6,-1,-3,0.8,-0.8,0.2,-0.6
2.4680e-01,-2,2,-3,1,0.8,1.6,0.2,0.6
2.4687e-01,-1.3411e-07,-6,-1,-3,0.8,-7.15256e-08,0.2,-0.6
2.4695e-01,-2,2,-1,1,0.8,1.6,0.2,0.6
2.4703e-01,-2,-6,-1,-3,0.8,-7.15256e-08,0.2,-0.6
2.4710e-01,-4,2,-1,1,1.6,1.6,0.2,0.6
2.4718e-01,-2,-6,-3,-3,0.8,-7.15256e-08,0.2,-0.6
2.4726e-01,-2,2,-3,1,0.8,1.6,0.2,0.6
2.4733e-01,-2,-6,-3,-3,0.8,-7.15256e-08,0.2,-0.6
2.4741e-01,-2,2,-3,1,0.8,1.6,-0.2,0.6
2.4749e-01,-4,-6,-1,-3,0.8,-7.15256e-08,0.2,-0.6
2.4756e-01,-2,2,-3,1,0.8,1.6,0.2,0.6
2.4764e-01,-4,-6,-1,-3,0.8,-7.15256e-08,0.2,-0.6
2.4772e-01,-2,2,-1,1,0.8,1.6,0.2,0.6
2.4779e-01,-4,-6,-1,-3,0.8,-7.15256e-08,0.2,-0.6
2.4787e-01,-2,2,-3,1,0.8,1.6,0.2,0.6
2.4795e-01,-2,-6,-1,-3,0.8,-7.15256e-08,0.2,-0.6
2.4802e-01,-2,2,-1,1,0.8,1.6,0.2,0.6
2.4810e-01,-2,-6,-1,-3,0.8,-7.15256e-08,0.2,-0.6
2.4818e-01,-4,2,-1,1,0.8,1.6,0.2,0.6
2.4825e-01,-2,-6,-1,-3,0.8,-7.15256e-08,0.2,-0.6
2.4833e-01,-2,2,-1,1,0.8,1.6,0.2,0.6
2.4841e-01,-2,-6,-3,-3,0.8,-7.15256e-08,0.2,-0.6
2.4849e-01,-2,2,-1,1,0.8,1.6,0.2,0.6
2.4856e-01,-2,-6,-1,-3,1.6,-7.15256e-08,0.2,-0.6
2.4864e-01,-4,2,-1,1,0.8,1.6,0.2,0.6
2.4872e-01,-2,-6,-1,-5,0.8,-7.15256e-08,0.2,-0.6
2.4879e-01,-2,2,-1,1,0.8,1.6,0.2,0.6
2.4887e-01,-2,-6,-1,-5,0.8,-7.15256e-08,0.2,-0.6
2.4895e-01,-4,2,-1,1,0.8,1.6,0.2,0.6
2.4902e-01,-4,-6,-1,-3,0.8,-7.15256e-08,0.2,-0.6
2.4910e-01,-2,2,-1,1,0.8,1.6,0.2,0.6
2.4918e-01,-2,-6,-1,-3,0.8,-7.15256e-08,0.2,-0.6
2.4925e-01,-2,2,-1,1,0.8,1.6,-0.2,0.6
2.4933e-01,-4,-6,-3,-3,1.6,-7.15256e-08,0.2,-0.6
2.4941e-01,-2,2,-1,1,0.8,1.6,0.2,0.6
2.4948e-01,-2,-6,-1,-3,0.8,-7.15256e-08,0.2,-0.6
2.4956e-01,-2,2,-1,1,0.8,1.6,-0.2,0.6
2.4964e-01,-2,-6,-1,-3,0.8,-7.15256e-08,-0.2,-0.6
2.4971e-01,-4,2,-1,1,0.8,1.6,-0.2,0.6
2.4979e-01,-2,-6,-1,-3,0.8,-0.8,0.2,-0.6
2.4987e-01,-4,2,-3,1,0.8,1.6,0.2,0.6
2.4994e-01,-2,-6,-1,-3,0.8,-7.15256e-08,0.2,-0.6
2.5002e-01,-4,2,-1,1,0.8,1.6,0.2,0.6
2.5010e-01,-2,-6,-1,-3,0.8,-7.15256e-08,0.2,-0.6
2.5018e-01,-2,2,-1,1,0.8,1.6,0.2,0.6
2.5025e-01,-1.3411e-07,-6,-1,-3,0.8,-7.15256e-08,0.2,-0.6
2.5033e-01,-4,2,-1,1,0.8,1.6,0.2,0.6
2.5041e-01,-2,-6,-3,-3,0.8,-0.8,0.2,-0.6
2.5048e-01,-4,2,-1,1,0.8,1.6,0.2,0.6
2.5056e-01,-2,-6,-1,-3,0.8,-7.15256e-08,0.2,-0.6
2.5064e-01,-4,2,-1,1,0.8,1.6,0.2,0.6
2.5071e-01,-2,-6,-3,-3,0.8,-7.15256e-08,0.2,-0.6
2.5079e-01,-2,2,-1,1,0.8,1.6,-0.2,0.6
2.5087e-01,-4,-6,-1,-3,0.8,-7.15256e-08,0.2,-0.6
2.5094e-01,-4,2,-3,1,0.8,1.6,0.2,0.6
2.5102e-01,-2,-6,-1,-3,0.8,-0.8,0.2,-0.6
2.5110e-01,-2,2,-1,1,0.8,1.6,0.2,0.6
2.5117e-01,-2,-6,-3,-3,0.8,-7.15256e-08,0.2,-0.6
2.5125e-01,-2,2,-1,1,0.8,1.6,0.2,0.6
2.5133e-01,-2,-6,-1,-3,0.8,-0.8,0.2,-0.6
2.5140e-01,-2,2,-1,1,0.8,1.6,0.2,0.6
2.5148e-01,-2,-6,-1,-3,0.8,-7.15256e-08,0.2,-0.6
2.5156e-01,-2,2,-1,1,0.8,1.6,0.2,0.6
2.5163e-01,-2,-6,-1,-3,0.8,-7.15256e-08,0.2,-0.6
2.5171e-01,-2,2,-1,1,0.8,1.6,0.2,0.6
2.5179e-01,-4,-6,-1,-3,0.8,-7.15256e-08,0.2,-0.6
2.5186e-01,-2,2,-1,1,0.8,1.6,0.2,0.6
2.5194e-01,-4,-6,-3,-3,0.8,-7.15256e-08,0.2,-0.6
2.5202e-01,-4,2,-1,1,0.8,1.6,0.2,0.6
2.5210e-01,-4,-6,-1,-3,0.8,-7.15256e-08,0.2,-0.6
2.5217e-01,-2,2,-1,1,0.8,1.6,0.2,0.6
2.5225e-01,-2,-6,-1,-3,0.8,-7.15256e-08,0.2,-0.6
2.5233e-01,-4,2,-1,1,-7.15256e-08,1.6,0.2,0.6
2.5240e-01,-2,-6,-1,-3,1.6,-7.15256e-08,0.2,-0.6
2.5248e-01,-2,2,-1,1,0.8,1.6,0.2,0.6
2.5256e-01,-2,-6,-1,-3,0.8,-7.15256e-08,-0.2,-0.6
2.5263e-01,-2,2,-1,1,0.8,1.6,0.2,0.6
2.5271e-01,-2,-6,-1,-3,0.8,-0.8,0.2,-0.6
2.5279e-01,-4,2,-1,1,0.8,1.6,0.2,0.6
2.5286e-01,-6,-6,-1,-3,0.8,-7.15256e-08,0.2,-0.6
2.5294e-01,-4,2,-1,1,0.8,1.6,0.2,0.6
2.5302e-01,-2,-6,-1,-3,0.8,-7.15256e-08,0.2,-0.6
2.5309e-01,-2,2,-1,1,0.8,1.6,0.2,0.6
2.5317e-01,-4,-6,-1,-3,0.8,-0.8,0.2,-0.6
2.5325e-01,-4,2,-1,1,0.8,1.6,0.2,0.6
2.5332e-01,-2,-6,-1,-5,0.8,-7.15256e-08,0.2,-0.6
2.5340e-01,-2,2,-1,1,0.8,1.6,0.2,0.6
2.5348e-01,-2,-6,-1,-3,0.8,-7.15256e-08,0.2,-0.6
2.5355e-01,-2,2,-1,1,0.8,1.6,0.2,0.6
2.5363e-01,-2,-6,-1,-3,0.8,-7.15256e-08,0.2,-0.6
2.5371e-01,-4,2,-3,1,0.8,1.6,0.2,0.6
2.5378e-01,-4,-6,-1,-5,0.8,-0.8,0.2,-0.6
2.5386e-01,-2,2,-1,1,0.8,1.6,0.2,0.6
2.5394e-01,-2,-6,-1,-3,0.8,-0.8,0.2,-0.6
2.5402e-01,-4,2,-1,1,0.8,1.6,-0.2,0.6
2.5409e-01,-4,-6,-1,-3,0.8,-0.8,0.2,-0.6
2.5417e-01,-2,2,-1,1,0.8,1.6,0.2,0.6
2.5425e-01,-6,-6,-1,-3,0.8,-7.15256e-08,0.2,-0.6
2.5432e-01,-2,2,-1,1,0.8,1.6,0.2,0.6
2.5440e-01,-2,-6,-1,-3,0.8,-7.15256e-08,0.2,-0.6
2.5448e-01,-2,2,-1,1,0.8,1.6,-0.2,0.6
2.5455e-01,-4,-6,-1,-5,-7.15256e-08,-7.15256e-08,0.2,-0.6
2.5463e-01,-2,2,-3,1,0.8,1.6,-0.2,0.6
2.5471e-01,-4,-6,-3,-3,0.8,-7.15256e-08,0.2,-0.6
2.5478e-01,-4,2,-1,1,0.8,1.6,0.2,0.6
2.5486e-01,-4,-6,-1,-3,0.8,-7.15256e-08,-0.2,-0.6
2.5494e-01,-2,2,-3,1,1.6,1.6,0.2,0.6
2.5501e-01,-2,-6,-1,-3,0.8,-7.15256e-08,0.2,-0.6
2.5509e-01,-2,2,-1,1,0.8,1.6,0.2,0.6
2.5517e-01,-2,-6,-3,-3,0.8,-0.8,0.2,-0.6
2.5524e-01,-2,2,-1,1,0.8,1.6,0.2,0.6
2.5532e-01,-2,-6,-1,-3,1.6,-7.15256e-08,0.2,-0.6
2.5540e-01,-4,2,-1,1,0.8,1.6,-0.2,0.6
2.5547e-01,-4,-6,-1,-3,0.8,-7.15256e-08,0.2,-0.6
2.5555e-01,-2,2,-1,1,0.8,1.6,0.2,0.6
2.5563e-01,-2,-6,-1,-3,0.8,-7.15256e-08,-0.2,-0.6
2.5571e-01,-4,2,-1,1,0.8,1.6,0.2,0.6
2.5578e-01,-2,-6,-3,-3,0.8,-0.8,0.2,-0.6
2.5586e-01,-4,2,-1,1,1.6,1.6,0.2,0.6
2.5594e-01,-2,-6,-1,-3,0.8,-7.15256e-08,0.2,-0.6
2.5601e-01,-2,2,-1,1,0.8,1.6,0.2,0.6
2.5609e-01,-2,-6,-1,-3,0.8,-0.8,0.2,-0.6
2.5617e-01,-4,2,-1,1,0.8,1.6,0.2,0.6
2.5624e-01,-2,-6,-1,-3,0.8,-7.15256e-08,-0.2,-0.6
2.5632e-01,-2,2,-1,1,0.8,1.6,0.2,0.6
2.5640e-01,-2,-6,-1,-3,0.8,-7.15256e-08,0.2,-0.6
2.5647e-01,-2,2,-1,1,0.8,1.6,-0.2,0.6
2.5655e-01,-2,-6,-1,-3,0.8,-7.15256e-08,0.2,-0.6
2.5663e-01,-2,2,-1,1,0.8,1.6,0.2,0.6
2.5670e-01,-4,-6,-3,-3,0.8,-7.15256e-08,0.2,-0.6
2.5678e-01,-2,2,-1,1,0.8,1.6,0.2,0.6
2.5686e-01,-2,-6,-1,-3,0.8,-7.15256e-08,0.2,-0.6
2.5693e-01,-4,2,-3,1,0.8,1.6,0.2,0.6
2.5701e-01,-2,-6,-1,-3,0.8,-7.15256e-08,0.2,-0.6
2.5709e-01,-4,2,-1,1,0.8,1.6,0.2,0.6
2.5716e-01,-2,-6,-1,-3,0.8,-7.15256e-08,0.2,-0.6
2.5724e-01,-4,2,-3,1,0.8,1.6,-0.2,0.6
2.5732e-01,-2,-6,-3,-3,0.8,-7.15256e-08,0.2,-0.6
2.5739e-01,-2,2,-3,1,0.8,1.6,0.2,0.6
2.5747e-01,-4,-6,-1,-5,0.8,-0.8,0.2,-0.6
2.5755e-01,-2,2,-1,1,0.8,1.6,0.2,0.6
2.5763e-01,-2,-6,-1,-5,0.8,-7.15256e-08,0.2,-0.6
2.5770e-01,-4,2,-1,1,0.8,1.6,0.2,0.6
2.5778e-01,-4,-6,-1,-3,0.8,-7.15256e-08,0.2,-0.6
2.5786e-01,-2,2,1,1,0.8,1.6,-0.2,0.6
2.5793e-01,-2,-6,-1,-3,0.8,-7.15256e-08,0.2,-0.6
2.5801e-01,-2,2,-3,1,0.8,1.6,0.2,0.6
2.5809e-01,-4,-6,-1,-5,0.8,-7.15256e-08,0.2,-0.6
2.5816e-01,-1.3411e-07,2,-1,1,0.8,1.6,0.2,0.6
2.5824e-01,-4,-6,-1,-3,0.8,-7.15256e-08,-0.2,-0.6
2.5832e-01,-2,2,-1,1,0.8,1.6,0.2,0.6
2.5839e-01,-2,-6,-1,-3,0.8,-0.8,-0.2,-0.6
2.5847e-01,-2,2,-1,1,0.8,1.6,0.2,0.6
2.5855e-01,-2,-6,-1,-3,0.8,-7.15256e-08,-0.2,-0.6
2.5862e-01,-2,2,-1,1,0.8,1.6,0.2,0.6
2.5870e-01,-2,-6,-3,-5,0.8,-7.15256e-08,-0.2,-0.6
2.5878e-01,-4,2,-3,1,0.8,1.6,0.2,0.6
2.5885e-01,-4,-6,-1,-5,0.8,-7.15256e-08,0.2,-0.6
2.5893e-01,-2,2,-1,1,0.8,1.6,-0.2,0.6
2.5901e-01,-1.3411e-07,-6,-1,-3,0.8,-7.15256e-08,0.2,-0.6
2.5908e-01,-4,2,-1,1,-7.15256e-08,1.6,0.2,0.6
2.5916e-01,-4,-6,-1,-3,0.8,-7.15256e-08,0.2,-0.2
2.5924e-01,-4,2,-1,1,0.8,1.6,0.2,0.6
2.5931e-01,-4,-6,-1,-3,0.8,-7.15256e-08,0.2,-0.6
2.5939e-01,-2,2,-1,1,-7.15256e-08,1.6,-0.2,0.6
2.5947e-01,-2,-6,-1,-5,0.8,-7.15256e-08,0.2,-0.6
2.5955e-01,-4,2,-1,1,0.8,1.6,-0.2,0.6
2.5962e-01,-2,-6,-1,-3,0.8,-7.15256e-08,-0.2,-0.6
2.5970e-01,-2,2,-3,1,0.8,1.6,0.2,0.6
2.5978e-01,-2,-6,-1,-5,0.8,-7.15256e-08,0.2,-0.6
2.5985e-01,-2,2,-1,1,0.8,1.6,0.2,0.6
2.5993e-01,-2,-6,-1,-3,0.8,-7.15256e-08,0.2,-0.6
2.6001e-01,-2,2,-1,1,0.8,1.6,0.2,0.6
2.6008e-01,-2,-6,-1,-3,0.8,-7.15256e-08,0.2,-0.6
2.6016e-01,-2,2,-1,1,-7.15256e-08,1.6,0.2,0.6
2.6024e-01,-2,-6,-1,-3,0.8,-7.15256e-08,0.2,-0.6
2.6031e-01,-2,2,-1,1,0.8,1.6,0.2,0.6
2.6039e-01,-4,-6,-1,-5,0.8,-7.15256e-08,0.2,-0.6
2.6047e-01,-2,2,-1,1,0.8,1.6,0.2,0.6
2.6054e-01,-4,-6,-1,-3,0.8,-7.15256e-08,0.2,-0.6
2.6062e-01,-4,2,-1,1,0.8,1.6,0.2,0.6
2.6070e-01,-4,-6,-1,-3,0.8,-7.15256e-08,0.2,-0.6
2.6077e-01,-4,2,-1,1,-7.15256e-08,1.6,0.2,0.6
2.6085e-01,-4,-6,-1,-3,0.8,-0.8,-0.2,-0.6
2.6093e-01,-4,2,-3,1,0.8,1.6,-0.2,0.6
2.6100e-01,-2,-6,-3,-3,0.8,-7.15256e-08,-0.2,-0.6
2.6108e-01,-2,2,-1,1,0.8,1.6,0.2,0.6
2.6116e-01,-2,-6,-3,-3,0.8,-0.8,0.2,-0.6
2.6124e-01,-2,2,-1,1,0.8,1.6,0.2,0.6
2.6131e-01,-4,-6,-1,-5,0.8,-7.15256e-08,0.2,-0.6
2.6139e-01,-2,2,-3,1,0.8,1.6,0.2,0.6
2.6147e-01,-2,-6,-1,-3,0.8,-7.15256e-08,-0.2,-0.6
2.6154e-01,-4,2,-1,1,0.8,1.6,0.2,0.6
2.6162e-01,-4,-6,-3,-5,0.8,-7.15256e-08,0.2,-0.6
2.6170e-01,-4,2,-1,1,0.8,1.6,0.2,0.6
2.6177e-01,-2,-6,-1,-3,0.8,-7.15256e-08,0.2,-0.6
2.6185e-01,-4,2,-1,1,0.8,1.6,0.2,0.6
2.6193e-01,-4,-6,-1,-3,0.8,-7.15256e-08,0.2,-0.6
2.6200e-01,-2,2,-3,1,0.8,1.6,0.2,0.6
2.6208e-01,-2,-6,-1,-3,0.8,-0.8,-0.2,-0.6
2.6216e-01,-2,2,-1,1,0.8,1.6,0.2,0.6
2.6223e-01,-2,-6,-1,-3,0.8,-7.15256e-08,0.2,-0.6
2.6231e-01,-2,2,-1,1,0.8,1.6,0.2,0.6
2.6239e-01,-2,-6,-1,-3,0.8,-7.15256e-08,0.2,-0.6
2.6246e-01,-2,2,-1,1,0.8,1.6,0.2,0.6
2.6254e-01,-4,-6,-1,-3,0.8,-7.15256e-08,0.2,-0.6
2.6262e-01,-4,2,-3,1,0.8,1.6,0.2,0.6
2.6269e-01,-2,-6,-1,-5,0.8,-7.15256e-08,0.2,-0.6
2.6277e-01,-2,2,-3,1,0.8,1.6,0.2,0.6
2.6285e-01,-2,-6,-1,-3,0.8,-7.15256e-08,0.2,-0.6
2.6292e-01,-2,2,-1,1,0.8,1.6,0.2,0.6
2.6300e-01,-4,-6,-1,-5,0.8,-0.8,0.2,-0.6
2.6308e-01,-2,2,-1,1,0.8,1.6,0.2,0.6
2.6316e-01,-2,-6,-1,-3,0.8,-7.15256e-08,0.2,-0.6
2.6323e-01,-4,2,-3,1,0.8,1.6,-0.2,0.6
2.6331e-01,-4,-6,-1,-3,0.8,-7.15256e-08,0.2,-0.6
2.6339e-01,-1.3411e-07,2,-1,1,0.8,1.6,-0.2,0.6
2.6346e-01,-2,-6,-1,-3,1.6,-7.15256e-08,0.2,-0.6
2.6354e-01,-2,2,-1,1,0.8,1.6,0.2,0.6
2.6362e-01,-2,-6,-1,-3,0.8,-0.8,-0.2,-0.6
2.6369e-01,-2,2,-3,1,0.8,1.6,0.2,0.6
2.6377e-01,-4,-6,-1,-3,0.8,-7.15256e-08,0.2,-0.6
2.6385e-01,-4,2,-1,1,1.6,1.6,0.2,0.6
2.6392e-01,-4,-6,-1,-3,0.8,-7.15256e-08,0.2,-0.6
2.6400e-01,-2,2,-1,1,0.8,1.6,0.2,0.6
2.6408e-01,-4,-6,-1,-5,1.6,-7.15256e-08,0.2,-0.6
2.6415e-01,-2,2,-1,1,0.8,1.6,0.2,0.6
2.6423e-01,-2,-6,-1,-5,0.8,-7.15256e-08,0.2,-0.6
2.6431e-01,-2,2,-3,1,0.8,1.6,0.2,0.6
2.6438e-01,-4,-6,-1,-3,0.8,-0.8,-0.2,-0.6
2.6446e-01,-2,2,-1,1,-7.15256e-08,1.6,0.2,0.6
2.6454e-01,-2,-6,-1,-5,0.8,-7.15256e-08,0.2,-0.6
2.6461e-01,-2,2,-1,1,0.8,1.6,0.2,0.6
2.6469e-01,-2,-6,-1,-3,0.8,-7.15256e-08,0.2,-0.6
2.6477e-01,-4,2,-3,1,-7.15256e-08,1.6,0.2,0.6
2.6484e-01,-4,-6,-3,-3,0.8,-7.15256e-08,0.2,-0.6
2.6492e-01,-2,2,-1,1,0.8,1.6,0.2,0.6
2.6500e-01,-4,-6,-1,-3,0.8,-7.15256e-08,0.2,-0.6
2.6508e-01,-4,2,-3,1,0.8,1.6,0.2,0.6
2.6515e-01,-2,-6,-3,-3,0.8,-7.15256e-08,0.2,-0.6
2.6523e-01,-2,2,-1,1,0.8,1.6,0.2,0.6
2.6531e-01,-2,-6,-1,-5,0.8,-0.8,-0.2,-0.6
2.6538e-01,-4,2,-1,1,0.8,1.6,0.2,0.6
2.6546e-01,-2,-6,-1,-3,0.8,-7.15256e-08,-0.2,-0.6
2.6554e-01,-2,2,-1,1,0.8,1.6,0.2,0.6
2.6561e-01,-4,-6,-1,-3,0.8,-0.8,0.2,-0.2
2.6569e-01,-2,2,-1,1,0.8,1.6,0.2,0.6
2.6577e-01,-2,-6,-1,-3,0.8,-7.15256e-08,0.2,-0.6
2.6584e-01,-2,2,-3,1,-7.15256e-08,1.6,0.2,0.6
2.6592e-01,-2,-6,-1,-3,-7.15256e-08,-7.15256e-08,0.2,-0.2
2.6600e-01,-4,2,-1,1,0.8,1.6,0.2,0.6
2.6607e-01,-4,-6,-3,-3,1.6,-7.15256e-08,0.2,-0.6
2.6615e-01,-2,2,-3,1,0.8,1.6,0.2,0.6
2.6623e-01,-2,-6,-1,-3,0.8,-7.15256e-08,0.2,-0.6
2.6630e-01,-4,2,-1,1,0.8,1.6,0.2,0.6
2.6638e-01,-2,-6,-1,-3,0.8,-7.15256e-08,0.2,-0.6
2.6646e-01,-2,2,-3,1,0.8,1.6,0.2,0.6
2.6653e-01,-2,-6,-3,-3,0.8,-7.15256e-08,-0.2,-0.6
2.6661e-01,-4,2,-3,1,0.8,1.6,0.2,0.6
2.6669e-01,-2,-6,-1,-3,0.8,-7.15256e-08,0.2,-0.6
2.6676e-01,-4,2,-1,1,0.8,1.6,0.2,0.6
2.6684e-01,-2,-6,-1,-3,0.8,-7.15256e-08,0.2,-0.6
2.6692e-01,-2,2,-1,1,0.8,1.6,0.2,0.6
2.6700e-01,-4,-6,-1,-3,0.8,-7.15256e-08,0.2,-0.6
2.6707e-01,-2,2,-1,1,0.8,1.6,0.2,0.6
2.6715e-01,-2,-6,-1,-3,0.8,-7.15256e-08,0.2,-0.6
2.6723e-01,-2,2,-1,1,0.8,1.6,0.2,0.6
2.6730e-01,-2,-6,-1,-3,0.8,-0.8,0.2,-0.6
2.6738e-01,-2,2,-1,1,0.8,1.6,0.2,0.6
2.6746e-01,-2,-6,-1,-3,0.8,-7.15256e-08,0.2,-0.6
2.6753e-01,-4,2,-1,1,0.8,1.6,0.2,0.6
2.6761e-01,-4,-6,-1,-3,0.8,-7.15256e-08,-0.2,-0.6
2.6769e-01,-4,2,-1,1,0.8,1.6,0.2,0.6
2.6776e-01,-2,-6,-3,-3,0.8,-7.15256e-08,0.2,-0.6
2.6784e-01,-2,2,-1,1,0.8,1.6,0.2,0.6
2.6792e-01,-2,-6,-3,-3,0.8,-7.15256e-08,-0.2,-0.6
2.6799e-01,-4,2,-1,1,0.8,1.6,0.2,0.6
2.6807e-01,-4,-6,-1,-3,0.8,-0.8,0.2,-0.6
2.6815e-01,-2,2,-1,1,0.8,1.6,0.2,0.6
2.6822e-01,-2,-6,-1,-3,0.8,-7.15256e-08,-0.2,-0.6
2.6830e-01,-2,2,-3,1,0.8,1.6,0.2,0.6
2.6838e-01,-2,-6,-1,-3,0.8,-7.15256e-08,-0.2,-0.6
2.6845e-01,-2,2,-1,1,0.8,1.6,0.2,0.6
2.6853e-01,-2,-6,-1,-3,0.8,-7.15256e-08,0.2,-0.6
2.6861e-01,-2,2,-1,1,0.8,1.6,0.2,0.6
2.6869e-01,-2,-6,-1,-5,0.8,-7.15256e-08,0.2,-0.6
2.6876e-01,-2,2,-1,1,0.8,1.6,0.2,0.6
2.6884e-01,-2,-6,-1,-3,0.8,-7.15256e-08,0.2,-0.6
2.6892e-01,-2,2,-1,1,0.8,1.6,0.2,0.6
2.6899e-01,-2,-6,-3,-3,0.8,-7.15256e-08,0.2,-0.2
2.6907e-01,-2,2,-1,1,0.8,1.6,0.2,0.6
2.6915e-01,-2,-6,-1,-3,0.8,-7.15256e-08,0.2,-0.6
2.6922e-01,-4,2,-1,1,0.8,1.6,0.2,0.6
2.6930e-01,-2,-6,-3,-3,0.8,-0.8,0.2,-0.6
2.6938e-01,-4,2,-1,1,0.8,1.6,0.2,0.6
2.6945e-01,-2,-6,-1,-3,0.8,-7.15256e-08,0.2,-0.6
2.6953e-01,-4,2,-1,1,0.8,1.6,0.2,0.6
2.6961e-01,-2,-6,-1,-3,0.8,-7.15256e-08,0.2,-0.2
2.6968e-01,-4,2,-1,1,0.8,1.6,0.2,0.6
2.6976e-01,-2,-6,-1,-3,0.8,-7.15256e-08,0.2,-0.6
2.6984e-01,-6,2,-1,1,1.6,1.6,0.2,0.6
2.6991e-01,-4,-6,-1,-3,0.8,-7.15256e-08,0.2,-0.6
2.6999e-01,-2,2,-1,1,0.8,1.6,0.2,0.6
2.7007e-01,-4,-6,-3,-3,0.8,-7.15256e-08,0.2,-0.6
2.7014e-01,-2,2,-1,1,0.8,1.6,-0.2,0.6
2.7022e-01,-4,-6,-1,-3,0.8,-7.15256e-08,0.2,-0.6
2.7030e-01,-4,2,-3,1,0.8,1.6,0.2,0.6
2.7037e-01,-2,-6,-1,-3,0.8,-7.15256e-08,0.2,-0.6
2.7045e-01,-4,2,-1,1,0.8,1.6,-0.2,0.6
2.7053e-01,-2,-6,-1,-3,0.8,-7.15256e-08,0.2,-0.6
2.7061e-01,-2,2,-3,1,0.8,1.6,0.2,0.6
2.7068e-01,-4,-6,-1,-3,0.8,-7.15256e-08,0.2,-0.6
2.7076e-01,-2,2,-1,1,0.8,1.6,0.2,0.6
2.7084e-01,-2,-6,-1,-3,0.8,-0.8,0.2,-0.6
2.7091e-01,-4,2,-1,1,0.8,1.6,0.2,0.6
2.7099e-01,-2,-6,-1,-3,0.8,-7.15256e-08,0.2,-0.6
2.7107e-01,-2,2,-1,1,0.8,1.6,0.2,0.6
2.7114e-01,-2,-6,-1,-3,0.8,-0.8,0.2,-0.6
2.7122e-01,-2,2,-3,1,0.8,1.6,0.2,0.6
2.7130e-01,-2,-6,-1,-3,0.8,-0.8,0.2,-0.6
2.7137e-01,-4,2,-1,1,0.8,1.6,0.2,0.6
2.7145e-01,-2,-6,-1,-3,0.8,-7.15256e-08,0.2,-0.6
2.7153e-01,-2,2,-1,1,-7.15256e-08,1.6,0.2,0.6
2.7160e-01,-2,-6,-1,-3,0.8,-7.15256e-08,-0.2,-0.6
2.7168e-01,-2,2,-1,1,0.8,1.6,0.2,0.6
2.7176e-01,-4,-8,-1,-3,0.8,-7.15256e-08,0.2,-0.6
2.7183e-01,-2,2,-1,1,0.8,1.6,0.2,0.6
2.7191e-01,-4,-6,-1,-3,0.8,-7.15256e-08,-0.2,-0.6
2.7199e-01,-4,2,-1,1,0.8,1.6,0.2,0.6
2.7206e-01,-2,-6,-1,-3,0.8,-0.8,0.2,-0.6
2.7214e-01,-2,2,-1,1,0.8,1.6,0.2,0.6
2.7222e-01,-2,-6,-1,-3,0.8,-7.15256e-08,0.2,-0.6
2.7229e-01,-4,2,-1,1,0.8,1.6,0.2,0.6
2.7237e-01,-2,-6,-1,-3,0.8,-0.8,0.2,-0.6
2.7245e-01,-2,2,-3,1,0.8,1.6,-0.2,0.6
2.7253e-01,-4,-8,-1,-3,0.8,-7.15256e-08,0.2,-0.6
2.7260e-01,-4,2,-1,1,0.8,1.6,-0.2,0.6
2.7268e-01,-4,-6,-1,-3,0.8,-7.15256e-08,0.2,-0.6
2.7276e-01,-4,2,-1,1,0.8,1.6,0.2,0.6
2.7283e-01,-4,-6,-3,-3,0.8,-0.8,-0.2,-0.6
2.7291e-01,-4,2,-1,1,0.8,1.6,-0.2,0.6
2.7299e-01,-2,-6,-1,-3,1.6,-0.8,-0.2,-0.6
2.7306e-01,-2,2,-3,1,0.8,1.6,0.2,0.6
2.7314e-01,-4,-6,-1,-3,0.8,-7.15256e-08,0.2,-0.6
2.7322e-01,-2,2,-1,1,0.8,2.4,-0.2,0.6
2.7329e-01,-2,-6,-3,-5,0.8,-7.15256e-08,0.2,-0.6
2.7337e-01,-2,2,-1,1,0.8,1.6,0.2,0.6
2.7345e-01,-2,-6,-1,-3,0.8,-7.15256e-08,0.2,-0.6
2.7352e-01,-2,2,-3,1,0.8,1.6,0.2,0.6
2.7360e-01,-2,-6,-1,-3,0.8,-7.15256e-08,0.2,-0.6
2.7368e-01,-4,2,-3,1,0.8,1.6,0.2,0.6
2.7375e-01,-2,-6,-1,-3,0.8,-7.15256e-08,0.2,-0.6
2.7383e-01,-2,2,-1,1,0.8,1.6,-0.2,0.6
2.7391e-01,-2,-6,-1,-3,0.8,-0.8,0.2,-0.6
2.7398e-01,-4,2,-3,1,0.8,1.6,0.2,0.6
2.7406e-01,-2,-6,-1,-3,0.8,-7.15256e-08,-0.2,-0.6
2.7414e-01,-2,2,-1,1,0.8,1.6,0.2,0.6
2.7422e-01,-4,-6,-1,-3,0.8,-7.15256e-08,0.2,-0.6
2.7429e-01,-4,2,-1,1,0.8,1.6,-0.2,0.6
2.7437e-01,-2,-6,-1,-5,0.8,-7.15256e-08,0.2,-0.6
2.7445e-01,-4,2,-1,1,0.8,1.6,0.2,0.6
2.7452e-01,-4,-6,-1,-3,-7.15256e-08,-7.15256e-08,0.2,-0.6
2.7460e-01,-2,2,-1,1,1.6,1.6,0.2,0.6
2.7468e-01,-4,-6,-3,-3,0.8,-7.15256e-08,0.2,-0.6
2.7475e-01,-2,2,-1,1,0.8,1.6,0.2,0.6
2.7483e-01,-2,-6,-1,-3,0.8,-7.15256e-08,0.2,-0.6
2.7491e-01,-2,2,-1,1,0.8,1.6,0.2,0.6
2.7498e-01,-2,-6,-1,-5,0.8,-7.15256e-08,0.2,-0.6
2.7506e-01,-2,2,-1,1,0.8,1.6,0.2,0.6
2.7514e-01,-4,-6,-1,-3,0.8,-7.15256e-08,0.2,-0.6
2.7521e-01,-2,2,-1,1,0.8,1.6,-0.2,0.6
2.7529e-01,-4,-6,-1,-3,0.8,-0.8,0.2,-0.6
2.7537e-01,-2,2,-1,1,0.8,1.6,0.2,0.6
2.7544e-01,-2,-6,-1,-3,0.8,-7.15256e-08,0.2,-0.6
2.7552e-01,-4,2,-1,1,0.8,1.6,0.2,0.6
2.7560e-01,-2,-6,-1,-3,0.8,-7.15256e-08,-0.2,-0.6
2.7567e-01,-2,2,-1,1,0.8,1.6,0.2,0.6
2.7575e-01,-2,-6,-1,-3,0.8,-7.15256e-08,0.2,-0.6
2.7583e-01,-2,2,-1,1,0.8,1.6,0.2,0.6
2.7590e-01,-2,-6,-1,-3,0.8,-7.15256e-08,0.2,-0.6
2.7598e-01,-2,2,-3,1,0.8,1.6,0.2,0.6
2.7606e-01,-2,-6,-1,-3,0.8,-0.8,0.2,-0.6
2.7614e-01,-2,2,-1,1,1.6,1.6,0.2,0.6
2.7621e-01,-4,-6,-1,-3,0.8,-7.15256e-08,0.2,-0.6
2.7629e-01,-4,2,-3,1,0.8,1.6,0.2,0.6
2.7637e-01,-2,-6,-1,-3,0.8,-7.15256e-08,0.2,-0.6
2.7644e-01,-2,2,-1,1,0.8,1.6,0.2,0.6
2.7652e-01,-2,-6,-1,-3,0.8,-7.15256e-08,0.2,-0.6
2.7660e-01,-2,2,-1,1,0.8,1.6,0.2,0.6
2.7667e-01,-2,-6,-1,-3,0.8,-0.8,0.2,-0.6
2.7675e-01,-2,2,-3,1,0.8,1.6,0.2,0.6
2.7683e-01,-2,-8,-1,-3,0.8,-7.15256e-08,0.2,-0.6
2.7690e-01,-2,2,-1,1,0.8,1.6,0.2,0.6
2.7698e-01,-2,-6,-1,-3,0.8,-7.15256e-08,0.2,-0.6
2.7706e-01,-2,2,-3,1,0.8,1.6,0.2,0.6
2.7713e-01,-2,-6,-3,-5,0.8,-7.15256e-08,0.2,-0.6
2.7721e-01,-4,2,-3,1,0.8,1.6,0.2,0.6
2.7729e-01,-4,-6,-3,-3,0.8,-7.15256e-08,0.2,-0.6
2.7736e-01,-4,2,-1,1,0.8,1.6,0.2,0.6
2.7744e-01,-4,-6,-1,-3,0.8,-7.15256e-08,-0.2,-0.6
2.7752e-01,-4,2,-1,1,-7.15256e-08,1.6,0.2,0.6
2.7759e-01,-4,-8,-1,-3,0.8,-7.15256e-08,-0.2,-0.6
2.7767e-01,-2,2,-1,1,0.8,1.6,0.2,0.6
2.7775e-01,-2,-6,-1,-3,0.8,-7.15256e-08,0.2,-0.6
2.7782e-01,-2,2,-3,1,0.8,1.6,0.2,0.6
2.7790e-01,-2,-6,-1,-3,0.8,-7.15256e-08,0.2,-0.6
2.7798e-01,-4,2,-3,1,0.8,1.6,-0.2,0.6
2.7806e-01,-2,-6,-1,-5,0.8,-7.15256e-08,0.2,-0.6
2.7813e-01,-4,2,-1,1,0.8,1.6,0.2,0.6
2.7821e-01,-4,-8,-3,-3,0.8,-0.8,0.2,-0.6
2.7829e-01,-4,2,-3,1,0.8,1.6,0.2,0.6
2.7836e-01,-2,-6,-1,-3,0.8,-7.15256e-08,0.2,-0.6
2.7844e-01,-4,2,-1,1,0.8,1.6,-0.2,0.6
2.7852e-01,-4,-6,-1,-3,0.8,-7.15256e-08,0.2,-0.6
2.7859e-01,-2,2,-1,1,0.8,1.6,0.2,0.6
2.7867e-01,-2,-6,-1,-3,0.8,-7.15256e-08,0.2,-0.6
2.7875e-01,-4,-1.3411e-07,-1,1,0.8,1.6,-0.2,0.6
2.7882e-01,-2,-6,-3,-3,0.8,-7.15256e-08,0.2,-0.6
2.7890e-01,-4,2,-1,1,0.8,1.6,0.2,0.6
2.7898e-01,-4,-6,-1,-3,0.8,-0.8,0.2,-0.6
2.7905e-01,-2,2,-1,1,0.8,1.6,0.2,0.6
2.7913e-01,-2,-8,-3,-3,0.8,-0.8,0.2,-0.6
2.7921e-01,-2,2,-3,1,0.8,1.6,0.2,0.6
2.7928e-01,-4,-6,-1,-3,0.8,-7.15256e-08,0.2,-0.6
2.7936e-01,-4,2,-1,1,0.8,1.6,0.2,0.6
2.7944e-01,-2,-6,-1,-3,0.8,-7.15256e-08,-0.2,-0.6
2.7951e-01,-4,2,-1,1,0.8,1.6,-0.2,0.6
2.7959e-01,-2,-6,-1,-3,0.8,-7.15256e-08,0.2,-0.6
2.7967e-01,-2,2,-1,1,0.8,1.6,0.2,0.6
2.7975e-01,-2,-6,-3,-3,0.8,-7.15256e-08,0.2,-0.6
2.7982e-01,-2,2,-1,1,0.8,1.6,-0.2,0.6
2.7990e-01,-4,-6,-1,-3,0.8,-0.8,0.2,-0.6
2.7998e-01,-2,2,-1,1,0.8,1.6,0.2,0.6
2.8005e-01,-2,-6,-1,-3,0.8,-7.15256e-08,0.2,-0.6
2.8013e-01,-4,2,-1,1,0.8,1.6,0.2,0.6
2.8021e-01,-2,-6,-3,-3,0.8,-0.8,0.2,-0.6
2.8028e-01,-4,2,-3,1,0.8,1.6,-0.2,0.6
2.8036e-01,-2,-6,-3,-3,0.8,-0.8,0.2,-0.6
2.8044e-01,-2,2,-1,1,0.8,1.6,0.2,0.6
2.8051e-01,-2,-6,-1,-3,0.8,-0.8,0.2,-0.6
2.8059e-01,-1.3411e-07,2,-1,1,0.8,1.6,0.2,0.6
2.8067e-01,-4,-6,-1,-3,0.8,-7.15256e-08,0.2,-0.6
2.8074e-01,-2,2,-1,1,0.8,1.6,0.2,0.6
2.8082e-01,-2,-6,-1,-3,0.8,-7.15256e-08,0.2,-0.6
2.8090e-01,-4,2,-1,1,0.8,1.6,0.2,0.6
2.8097e-01,-2,-6,-1,-3,0.8,-7.15256e-08,0.2,-0.6
2.8105e-01,-2,2,-1,1,0.8,1.6,-0.2,0.6
2.8113e-01,-4,-6,-1,-3,0.8,-7.15256e-08,0.2,-0.6
2.8120e-01,-2,2,-1,1,0.8,1.6,0.2,0.6
2.8128e-01,-2,-6,-1,-3,0.8,-7.15256e-08,0.2,-0.6
2.8136e-01,-4,2,-1,1,0.8,1.6,0.2,0.6
2.8143e-01,-4,-6,-1,-3,0.8,-7.15256e-08,0.2,-0.6
2.8151e-01,-4,2,-1,1,1.6,1.6,0.2,0.6
2.8159e-01,-2,-6,-3,-3,0.8,-7.15256e-08,0.2,-0.6
2.8167e-01,-4,2,-1,1,0.8,1.6,0.2,0.6
2.8174e-01,-2,-6,-1,-3,0.8,-0.8,0.2,-0.6
2.8182e-01,-2,2,-1,1,0.8,1.6,0.2,0.6
2.8190e-01,-2,-6,-1,-3,0.8,-7.15256e-08,0.2,-0.6
2.8197e-01,-2,2,-1,1,0.8,1.6,0.2,0.6
2.8205e-01,-2,-6,-1,-5,0.8,-7.15256e-08,0.2,-0.6
2.8213e-01,-2,2,-1,1,0.8,1.6,0.2,0.6
2.8220e-01,-2,-6,1,-3,0.8,-7.15256e-08,0.2,-0.6
2.8228e-01,-2,2,-1,1,0.8,1.6,-0.2,0.6
2.8236e-01,-4,-6,-1,-3,0.8,-7.15256e-08,0.2,-0.6
2.8243e-01,-2,2,-1,1,0.8,1.6,0.2,0.6
2.8251e-01,-2,-6,-1,-3,0.8,-7.15256e-08,-0.2,-0.6
2.8259e-01,-1.3411e-07,2,-3,1,0.8,1.6,0.2,0.6
2.8266e-01,-4,-6,-1,-3,0.8,-7.15256e-08,0.2,-0.6
2.8274e-01,-4,2,-1,1,0.8,1.6,0.2,0.6
2.8282e-01,-2,-6,-1,-3,0.8,-7.15256e-08,0.2,-0.6
2.8289e-01,-4,2,-1,1,0.8,1.6,0.2,0.6
2.8297e-01,-4,-6,-1,-3,0.8,-7.15256e-08,0.2,-0.6
2.8305e-01,-2,2,-3,1,0.8,1.6,0.2,0.6
2.8312e-01,-2,-6,-1,-3,0.8,-7.15256e-08,-0.2,-0.6
2.8320e-01,-2,2,-1,1,0.8,1.6,0.2,0.6
2.8328e-01,-2,-6,-3,-3,0.8,-0.8,0.2,-0.6
2.8335e-01,-2,2,-1,1,0.8,1.6,0.2,0.6
2.8343e-01,-2,-6,-1,-3,0.8,-7.15256e-08,-0.2,-0.6
2.8351e-01,-2,2,-1,1,0.8,1.6,0.2,0.6
2.8359e-01,-2,-6,-1,-3,0.8,-7.15256e-08,0.2,-0.6
2.8366e-01,-4,2,-1,1,0.8,1.6,0.2,0.6
2.8374e-01,-4,-6,-1,-3,0.8,-7.15256e-08,0.2,-0.6
2.8382e-01,-4,2,-1,1,0.8,1.6,0.2,0.6
2.8389e-01,-2,-6,-1,-3,0.8,-7.15256e-08,-0.2,-0.6
2.8397e-01,-4,2,-1,1,0.8,1.6,0.2,0.6
2.8405e-01,-4,-6,-1,-3,0.8,-7.15256e-08,-0.2,-0.6
2.8412e-01,-2,2,-1,1,0.8,1.6,0.2,0.6
2.8420e-01,-4,-6,-1,-3,0.8,-0.8,-0.2,-0.6
2.8428e-01,-2,2,-3,1,0.8,1.6,0.2,0.6
2.8435e-01,-2,-6,-3,-3,0.8,-7.15256e-08,0.2,-0.6
2.8443e-01,-2,2,-1,1,0.8,1.6,-0.2,0.6
2.8451e-01,-4,-6,-1,-3,0.8,-7.15256e-08,-0.2,-0.6
2.8458e-01,-2,2,-3,1,0.8,1.6,0.2,0.6
2.8466e-01,-2,-6,-1,-3,0.8,-7.15256e-08,0.2,-0.6
2.8474e-01,-2,2,-3,1,0.8,1.6,0.2,0.6
2.8481e-01,-2,-6,-3,-5,0.8,-7.15256e-08,0.2,-0.6
2.8489e-01,-4,2,-1,1,0.8,1.6,0.2,0.6
2.8497e-01,-2,-6,-1,-3,0.8,-7.15256e-08,-0.2,-0.6
2.8504e-01,-2,2,-1,1,0.8,1.6,0.2,0.6
2.8512e-01,-4,-6,-3,-3,0.8,-7.15256e-08,0.2,-0.6
2.8520e-01,-2,2,-3,1,0.8,1.6,0.2,0.6
2.8527e-01,-4,-6,-3,-3,0.8,-0.8,-0.2,-0.6
2.8535e-01,-2,2,-1,1,0.8,1.6,0.2,0.6
2.8543e-01,-2,-6,-1,-3,0.8,-7.15256e-08,0.2,-0.6
2.8551e-01,-4,2,-1,1,0.8,1.6,0.2,0.6
2.8558e-01,-2,-6,-1,-3,0.8,-7.15256e-08,0.2,-0.6
2.8566e-01,-2,2,-1,1,0.8,1.6,0.2,0.6
2.8574e-01,-2,-6,-1,-3,0.8,-0.8,0.2,-0.6
2.8581e-01,-2,2,-1,1,0.8,1.6,0.2,0.6
2.8589e-01,-4,-6,-1,-5,-7.15256e-08,-7.15256e-08,0.2,-0.6
2.8597e-01,-4,2,-3,1,0.8,1.6,0.2,0.6
2.8604e-01,-2,-6,-3,-3,0.8,-7.15256e-08,0.2,-0.6
2.8612e-01,-4,2,-1,1,0.8,1.6,-0.2,0.6
2.8620e-01,-2,-6,-1,-3,0.8,-7.15256e-08,-0.2,-0.6
2.8627e-01,-2,2,-1,1,0.8,1.6,0.2,0.6
2.8635e-01,-2,-6,-3,-3,0.8,-7.15256e-08,0.2,-0.6
2.8643e-01,-4,2,-1,1,0.8,1.6,0.2,0.6
2.8650e-01,-2,-6,-3,-3,0.8,-7.15256e-08,-0.2,-0.6
2.8658e-01,-2,2,-1,1,0.8,1.6,0.2,0.6
2.8666e-01,-4,-6,-3,-3,0.8,-7.15256e-08,-0.2,-0.6
2.8673e-01,-2,2,-1,1,0.8,1.6,-0.2,0.6
2.8681e-01,-2,-6,-1,-3,0.8,-0.8,0.2,-0.6
2.8689e-01,-2,2,-1,1,1.6,1.6,0.2,0.6
2.8696e-01,-2,-6,-1,-3,0.8,-7.15256e-08,0.2,-0.6
2.8704e-01,-2,2,-1,1,0.8,1.6,0.2,0.6
2.8712e-01,-2,-6,-3,-3,0.8,-7.15256e-08,0.2,-0.6
2.8720e-01,-2,2,-1,1,0.8,1.6,0.2,0.6
2.8727e-01,-2,-6,-1,-3,0.8,-7.15256e-08,0.2,-0.6
2.8735e-01,-4,2,-1,1,0.8,1.6,0.2,0.6
2.8743e-01,-4,-6,-1,-3,0.8,-7.15256e-08,0.2,-0.6
2.8750e-01,-4,2,-1,1,0.8,1.6,0.2,0.6
2.8758e-01,-4,-6,-1,-3,0.8,-7.15256e-08,0.2,-0.6
2.8766e-01,-2,2,-1,1,0.8,1.6,0.2,0.6
2.8773e-01,-1.3411e-07,-6,-1,-3,0.8,-7.15256e-08,0.2,-0.6
2.8781e-01,-4,2,-1,1,0.8,1.6,0.2,0.6
2.8789e-01,-2,-6,-3,-3,0.8,-7.15256e-08,0.2,-0.6
2.8796e-01,-2,2,-1,1,0.8,1.6,-0.2,0.6
2.8804e-01,-2,-6,-1,-3,0.8,-7.15256e-08,-0.2,-0.6
2.8812e-01,-2,2,-3,1,0.8,1.6,-0.2,0.6
2.8819e-01,-2,-6,-1,-3,0.8,-7.15256e-08,0.2,-0.6
2.8827e-01,-2,2,-1,1,0.8,1.6,-0.2,0.6
2.8835e-01,-4,-6,-1,-3,0.8,-7.15256e-08,0.2,-0.6
2.8842e-01,-2,2,-1,1,0.8,1.6,-0.2,0.6
2.8850e-01,-2,-6,-3,-5,0.8,-0.8,0.2,-0.6
2.8858e-01,-1.3411e-07,2,-1,1,0.8,1.6,0.2,0.6
2.8865e-01,-2,-6,-1,-3,0.8,-0.8,0.2,-0.6
2.8873e-01,-2,2,-3,1,0.8,1.6,0.2,0.6
2.8881e-01,-2,-6,-1,-3,0.8,-0.8,0.2,-0.6
2.8888e-01,-2,2,-1,1,0.8,1.6,0.2,0.6
2.8896e-01,-2,-6,-1,-3,0.8,-7.15256e-08,0.2,-0.6
2.8904e-01,-4,2,-1,1,0.8,1.6,0.2,0.6
2.8912e-01,-2,-6,-1,-3,0.8,-7.15256e-08,0.2,-0.6
2.8919e-01,-2,2,-1,1,0.8,1.6,0.2,0.6
2.8927e-01,-2,-6,-1,-3,0.8,-0.8,0.2,-0.6
2.8935e-01,-2,2,-1,1,0.8,1.6,0.2,0.6
2.8942e-01,-2,-6,-1,-3,0.8,-0.8,0.2,-0.6
2.8950e-01,-2,2,-1,1,0.8,1.6,0.2,0.6
2.8958e-01,-2,-6,-1,-3,-7.15256e-08,-7.15256e-08,0.2,-0.6
2.8965e-01,-1.3411e-07,2,-1,1,0.8,1.6,-0.2,0.6
2.8973e-01,-4,-6,-1,-3,0.8,-0.8,0.2,-0.6
2.8981e-01,-2,2,-1,1,0.8,1.6,0.2,0.6
2.8988e-01,-2,-6,-1,-3,0.8,-7.15256e-08,0.2,-0.6
2.8996e-01,-2,2,-1,1,0.8,1.6,0.2,0.6
2.9004e-01,-1.3411e-07,-6,-1,-3,0.8,-7.15256e-08,0.2,-0.6
2.9011e-01,-4,2,-3,1,0.8,1.6,0.2,0.6
2.9019e-01,-4,-6,-1,-3,0.8,-7.15256e-08,0.2,-0.6
2.9027e-01,-4,2,-1,1,0.8,1.6,0.2,0.6
2.9034e-01,-2,-6,-1,-3,0.8,-0.8,0.2,-0.6
2.9042e-01,-2,2,-1,1,0.8,1.6,0.2,0.6
2.9050e-01,-2,-6,-3,-3,0.8,-7.15256e-08,0.2,-0.6
2.9057e-01,-2,2,-1,1,0.8,1.6,0.2,0.6
2.9065e-01,-4,-6,-1,-3,0.8,-7.15256e-08,0.2,-0.6
2.9073e-01,-2,2,-1,1,0.8,1.6,0.2,0.6
2.9080e-01,-2,-6,-1,-3,0.8,-7.15256e-08,0.2,-0.6
2.9088e-01,-4,2,-1,1,0.8,1.6,0.2,0.6
2.9096e-01,-4,-6,-1,-5,0.8,-7.15256e-08,-0.2,-0.6
2.9104e-01,-4,2,-3,1,0.8,1.6,0.2,0.6
2.9111e-01,-2,-6,-1,-3,0.8,-0.8,0.2,-0.6
2.9119e-01,-2,2,-1,1,0.8,1.6,0.2,0.6
2.9127e-01,-2,-6,-1,-3,0.8,-7.15256e-08,0.2,-0.6
2.9134e-01,-1.3411e-07,2,-1,1,0.8,1.6,0.2,0.6
2.9142e-01,-2,-6,-1,-3,0.8,-0.8,0.2,-0.6
2.9150e-01,-2,2,-3,1,0.8,1.6,-0.2,0.6
2.9157e-01,-4,-6,-3,-3,0.8,-0.8,0.2,-0.6
2.9165e-01,-4,2,-1,1,0.8,1.6,0.2,0.6
2.9173e-01,-4,-6,-1,-3,0.8,-7.15256e-08,0.2,-0.6
2.9180e-01,-2,2,-1,1,0.8,1.6,0.2,0.6
2.9188e-01,-4,-6,-1,-3,0.8,-7.15256e-08,0.2,-0.6
2.9196e-01,-4,2,-1,1,0.8,1.6,0.2,0.6
2.9203e-01,-2,-6,-3,-3,0.8,-0.8,0.2,-0.6
2.9211e-01,-2,2,-1,1,0.8,1.6,0.2,0.6
2.9219e-01,-2,-6,-3,-3,0.8,-0.8,0.2,-0.6
2.9226e-01,-2,2,-1,1,0.8,1.6,0.2,0.6
2.9234e-01,-1.3411e-07,-6,-1,-3,0.8,-7.15256e-08,0.2,-0.6
2.9242e-01,-2,2,-1,1,0.8,1.6,0.2,0.6
2.9249e-01,-4,-6,-1,-3,0.8,-7.15256e-08,0.2,-0.6
2.9257e-01,-2,2,-1,1,1.6,1.6,0.2,0.6
2.9265e-01,-2,-6,-3,-3,0.8,-7.15256e-08,0.2,-0.6
2.9273e-01,-4,2,-3,1,0.8,1.6,0.2,0.6
2.9280e-01,-4,-6,-1,-3,0.8,-7.15256e-08,0.2,-0.6
2.9288e-01,-2,2,-1,1,0.8,1.6,0.2,0.6
2.9296e-01,-2,-6,-1,-3,0.8,-7.15256e-08,0.2,-0.6
2.9303e-01,-2,2,-3,1,0.8,1.6,0.2,0.6
2.9311e-01,-1.3411e-07,-6,-1,-3,0.8,-7.15256e-08,0.2,-0.6
2.9319e-01,-2,2,-1,1,0.8,1.6,0.2,0.6
2.9326e-01,-2,-6,-1,-3,0.8,-0.8,0.2,-0.6
2.9334e-01,-2,2,-3,1,0.8,1.6,0.2,0.6
2.9342e-01,-4,-6,-1,-3,0.8,-7.15256e-08,0.2,-0.6
2.9349e-01,-2,2,-1,1,-7.15256e-08,1.6,-0.2,0.6
2.9357e-01,-2,-6,-1,-3,0.8,-7.15256e-08,0.2,-0.6
2.9365e-01,-2,2,-1,1,0.8,1.6,0.2,0.6
2.9372e-01,-4,-6,-1,-3,0.8,-7.15256e-08,0.2,-0.6
2.9380e-01,-2,2,-1,1,0.8,2.4,0.2,0.6
2.9388e-01,-4,-6,-3,-3,0.8,-7.15256e-08,0.2,-0.6
2.9395e-01,-2,2,-1,1,0.8,1.6,0.2,0.6
2.9403e-01,-1.3411e-07,-6,-1,-3,0.8,-7.15256e-08,0.2,-0.6
2.9411e-01,-2,2,-1,1,0.8,1.6,0.2,0.6
2.9418e-01,-2,-6,-1,-3,0.8,-7.15256e-08,0.2,-0.6
2.9426e-01,-2,2,-1,1,0.8,1.6,-0.2,0.6
2.9434e-01,-4,-6,-1,-3,0.8,-7.15256e-08,0.2,-0.6
2.9441e-01,-2,-1.3411e-07,-1,1,0.8,1.6,0.2,0.6
2.9449e-01,-2,-8,-1,-3,0.8,-0.8,-0.2,-0.6
2.9457e-01,-2,2,-1,1,0.8,1.6,0.2,0.6
2.9465e-01,-4,-6,-3,-3,0.8,-7.15256e-08,0.2,-0.6
2.9472e-01,-4,2,-3,1,0.8,1.6,-0.2,0.6
2.9480e-01,-4,-6,-1,-3,0.8,-7.15256e-08,0.2,-0.6
2.9488e-01,-2,2,-1,1,0.8,1.6,-0.2,0.6
2.9495e-01,-2,-6,-1,-3,0.8,-0.8,0.2,-0.6
2.9503e-01,-2,2,-1,1,0.8,1.6,0.2,0.6
2.9511e-01,-2,-6,-1,-3,0.8,-7.15256e-08,-0.2,-0.6
2.9518e-01,-4,2,-1,1,0.8,1.6,0.2,0.6
2.9526e-01,-2,-6,-1,-3,0.8,-7.15256e-08,0.2,-0.6
2.9534e-01,-4,2,-3,1,0.8,1.6,0.2,0.6
2.9541e-01,-2,-6,-1,-5,0.8,-7.15256e-08,0.2,-0.6
2.9549e-01,-4,2,-1,1,0.8,1.6,0.2,0.6
2.9557e-01,-4,-6,-3,-3,-7.15256e-08,-7.15256e-08,0.2,-0.6
2.9564e-01,-4,2,-3,1,0.8,1.6,0.2,0.6
2.9572e-01,-4,-6,-1,-3,0.8,-7.15256e-08,0.2,-0.6
2.9580e-01,-4,2,-3,1,-7.15256e-08,1.6,0.2,0.6
2.9587e-01,-4,-6,-1,-3,0.8,-7.15256e-08,0.2,-0.6
2.9595e-01,-4,2,-3,1,0.8,1.6,0.2,0.6
2.9603e-01,-2,-6,-1,-3,0.8,-0.8,0.2,-0.6
2.9610e-01,-2,2,-1,1,0.8,1.6,-0.2,0.6
2.9618e-01,-2,-6,-3,-3,0.8,-0.8,0.2,-0.6
2.9626e-01,-4,2,-3,1,0.8,1.6,0.2,0.6
2.9633e-01,-2,-6,-1,-3,0.8,-7.15256e-08,0.2,-0.6
2.9641e-01,-4,2,-1,1,0.8,1.6,0.2,0.6
2.9649e-01,-4,-6,-1,-5,0.8,-7.15256e-08,0.2,-0.6
2.9657e-01,-2,2,-3,1,0.8,1.6,0.2,0.6
2.9664e-01,-2,-6,-1,-3,0.8,-7.15256e-08,0.2,-0.6
2.9672e-01,-4,2,-1,1,0.8,1.6,-0.2,0.6
2.9680e-01,-2,-8,-3,-3,0.8,-7.15256e-08,0.2,-0.6
2.9687e-01,-2,2,-1,1,0.8,1.6,0.2,0.6
2.9695e-01,-4,-6,-1,-3,0.8,-7.15256e-08,0.2,-0.6
2.9703e-01,-6,2,-3,1,0.8,1.6,0.2,0.6
2.9710e-01,-2,-6,-1,-3,0.8,-0.8,0.2,-0.6
2.9718e-01,-2,2,-1,1,0.8,1.6,0.2,0.6
2.9726e-01,-4,-8,-1,-3,0.8,-7.15256e-08,0.2,-0.6
2.9733e-01,-4,2,-1,1,0.8,1.6,0.2,0.6
2.9741e-01,-4,-6,-3,-3,0.8,-7.15256e-08,0.2,-0.6
2.9749e-01,-2,2,-1,1,0.8,1.6,0.2,0.6
2.9756e-01,-2,-6,-1,-3,0.8,-7.15256e-08,0.2,-0.6
2.9764e-01,-4,2,-1,1,-7.15256e-08,1.6,-0.2,0.6
2.9772e-01,-1.3411e-07,-6,-1,-3,-7.15256e-08,-7.15256e-08,0.2,-0.6
2.9779e-01,-4,2,-1,1,0.8,1.6,-0.2,0.6
2.9787e-01,-2,-6,-1,-3,0.8,-7.15256e-08,-0.2,-0.6
2.9795e-01,-4,2,-1,1,0.8,1.6,0.2,0.6
2.9802e-01,-2,-6,-1,-3,0.8,-7.15256e-08,0.2,-0.6
2.9810e-01,-4,2,-3,1,0.8,1.6,-0.2,0.6
2.9818e-01,-4,-6,-1,-3,0.8,-7.15256e-08,0.2,-0.6
2.9825e-01,-4,2,-1,1,0.8,1.6,0.2,0.6
2.9833e-01,-4,-6,-3,-3,0.8,-0.8,0.2,-0.6
2.9841e-01,-4,2,-1,1,0.8,1.6,0.2,0.6
2.9849e-01,-6,-6,-1,-5,0.8,-7.15256e-08,-0.2,-0.6
2.9856e-01,-2,2,-1,1,0.8,1.6,0.2,0.6
2.9864e-01,-4,-6,-1,-3,0.8,-7.15256e-08,0.2,-0.6
2.9872e-01,-2,2,-3,1,0.8,1.6,0.2,0.6
2.9879e-01,-4,-8,-1,-3,0.8,-7.15256e-08,0.2,-0.6
2.9887e-01,-2,2,-1,1,0.8,1.6,0.2,0.6
2.9895e-01,-4,-6,-1,-3,0.8,-7.15256e-08,0.2,-0.6
2.9902e-01,-2,2,-3,1,0.8,1.6,0.2,0.6
2.9910e-01,-2,-6,-1,-3,0.8,-0.8,-0.2,-0.6
2.9918e-01,-4,2,-1,1,0.8,1.6,-0.2,0.6
2.9925e-01,-2,-6,-1,-3,0.8,-0.8,0.2,-0.6
2.9933e-01,-2,2,-1,1,0.8,1.6,0.2,0.6
2.9941e-01,-2,-6,-3,-3,0.8,-7.15256e-08,0.2,-0.6
2.9948e-01,-2,2,-1,1,0.8,1.6,0.2,0.6
2.9956e-01,-4,-6,-1,-3,0.8,-7.15256e-08,0.2,-0.6
2.9964e-01,-2,2,-1,1,0.8,1.6,0.2,0.6
2.9971e-01,-2,-6,-3,-5,0.8,-7.15256e-08,0.2,-0.6
2.9979e-01,-2,2,-3,1,-7.15256e-08,1.6,-0.2,0.6
2.9987e-01,-2,-6,-1,-3,0.8,-0.8,0.2,-0.6
2.9994e-01,-2,2,-1,1,0.8,1.6,0.2,0.6
3.0002e-01,-2,-6,-1,-3,0.8,-0.8,0.2,-0.6
3.0010e-01,-4,2,-1,1,1.6,1.6,0.2,0.6
3.0018e-01,-4,-6,-1,-3,0.8,-7.15256e-08,0.2,-0.6
3.0025e-01,-4,2,-1,1,0.8,1.6,-0.2,0.6
3.0033e-01,-4,-6,-1,-3,0.8,-7.15256e-08,0.2,-0.6
3.0041e-01,-2,2,-3,1,0.8,1.6,0.2,0.6
3.0048e-01,-2,-6,-3,-3,0.8,-7.15256e-08,0.2,-0.6
3.0056e-01,-4,2,-1,1,0.8,1.6,0.2,0.6
3.0064e-01,-2,-6,-1,-3,0.8,-7.15256e-08,-0.2,-0.6
3.0071e-01,-2,2,-3,1,1.6,1.6,-0.2,0.6
3.0079e-01,-4,-6,-3,-5,0.8,-7.15256e-08,0.2,-0.6
3.0087e-01,-4,2,-3,1,0.8,1.6,0.2,0.6
3.0094e-01,-2,-6,-3,-3,0.8,-7.15256e-08,0.2,-0.6
3.0102e-01,-2,2,-1,1,0.8,1.6,-0.2,0.6
3.0110e-01,-2,-6,-1,-3,0.8,-7.15256e-08,0.2,-0.6
3.0117e-01,-2,2,-3,1,0.8,1.6,0.2,0.6
3.0125e-01,-4,-6,-1,-3,0.8,-7.15256e-08,0.2,-0.6
3.0133e-01,-1.3411e-07,2,-3,1,-7.15256e-08,1.6,0.2,0.6
3.0140e-01,-2,-6,-1,-3,0.8,-7.15256e-08,0.2,-0.6
3.0148e-01,-2,2,-1,1,0.8,1.6,-0.2,0.6
3.0156e-01,-4,-6,-1,-3,0.8,-7.15256e-08,0.2,-0.6
3.0163e-01,-2,2,-1,1,0.8,1.6,-0.2,0.6
3.0171e-01,-4,-6,-1,-5,0.8,-7.15256e-08,-0.2,-0.6
3.0179e-01,-2,2,-1,1,0.8,1.6,0.2,0.6
3.0186e-01,-4,-6,-3,-3,0.8,-7.15256e-08,0.2,-0.6
3.0194e-01,-4,2,-3,1,0.8,1.6,-0.2,0.6
3.0202e-01,-2,-6,-1,-5,0.8,-7.15256e-08,0.2,-0.6
3.0210e-01,-4,2,-1,1,-7.15256e-08,1.6,0.2,0.6
3.0217e-01,-2,-6,-1,-3,0.8,-7.15256e-08,0.2,-0.6
3.0225e-01,-2,2,-1,1,0.8,1.6,0.2,0.6
3.0233e-01,-2,-6,-3,-3,0.8,-7.15256e-08,0.2,-0.6
3.0240e-01,-2,2,-1,1,0.8,1.6,0.2,0.6
3.0248e-01,-2,-6,-1,-3,0.8,-7.15256e-08,0.2,-0.6
3.0256e-01,-4,2,-1,1,0.8,1.6,0.2,0.6
3.0263e-01,-4,-6,-1,-3,0.8,-7.15256e-08,0.2,-0.6
3.0271e-01,-4,2,-1,1,0.8,1.6,0.2,0.6
3.0279e-01,-2,-6,-1,-3,0.8,-7.15256e-08,0.2,-0.6
3.0286e-01,-2,2,-1,1,0.8,1.6,0.2,0.6
3.0294e-01,-2,-6,-3,-3,0.8,-0.8,0.2,-0.6
3.0302e-01,-2,2,-1,1,0.8,1.6,0.2,0.6
3.0309e-01,-2,-6,-3,-3,0.8,-7.15256e-08,0.2,-0.6
3.0317e-01,-2,2,-1,1,0.8,1.6,0.2,0.6
3.0325e-01,-2,-6,-1,-3,0.8,-7.15256e-08,0.2,-0.6
3.0332e-01,-4,2,-3,1,1.6,1.6,0.2,0.6
3.0340e-01,-2,-6,-1,-5,0.8,-7.15256e-08,0.2,-0.6
3.0348e-01,-2,2,-1,1,0.8,1.6,0.2,0.6
3.0355e-01,-2,-6,-1,-3,0.8,-7.15256e-08,0.2,-0.6
3.0363e-01,-4,2,-1,1,0.8,1.6,0.2,0.6
3.0371e-01,-2,-6,-1,-3,0.8,-7.15256e-08,0.2,-0.6
3.0378e-01,-2,2,-1,1,0.8,1.6,0.2,0.6
3.0386e-01,-2,-6,-1,-3,0.8,-7.15256e-08,0.2,-0.6
3.0394e-01,-4,2,-1,1,0.8,1.6,0.2,0.6
3.0402e-01,-4,-6,-1,-3,0.8,-7.15256e-08,-0.2,-0.6
3.0409e-01,-2,2,-1,1,0.8,1.6,0.2,0.6
3.0417e-01,-2,-6,-1,-3,0.8,-7.15256e-08,0.2,-0.6
3.0425e-01,-2,2,-3,1,-7.15256e-08,1.6,-0.2,0.6
3.0432e-01,-2,-6,-1,-3,0.8,-7.15256e-08,0.2,-0.6
3.0440e-01,-4,2,-1,1,0.8,1.6,0.2,0.6
3.0448e-01,-4,-6,-3,-3,0.8,-7.15256e-08,0.2,-0.6
3.0455e-01,-2,2,-1,1,0.8,1.6,-0.2,0.6
3.0463e-01,-4,-6,-1,-3,0.8,-7.15256e-08,-0.2,-0.6
3.0471e-01,-2,2,-3,1,0.8,1.6,0.2,0.6
3.0478e-01,-2,-6,-1,-3,0.8,-0.8,0.2,-0.6
3.0486e-01,-2,2,-3,1,0.8,1.6,0.2,0.6
3.0494e-01,-2,-6,-1,-3,0.8,-0.8,0.2,-0.6
3.0501e-01,-2,2,-1,1,0.8,1.6,0.2,0.6
3.0509e-01,-2,-6,-1,-3,0.8,-7.15256e-08,0.2,-0.6
3.0517e-01,-2,2,-1,1,0.8,1.6,0.2,0.6
3.0524e-01,-2,-6,-3,-3,0.8,-7.15256e-08,0.2,-0.6
3.0532e-01,-2,2,-1,1,0.8,1.6,0.2,0.6
3.0540e-01,-2,-6,-1,-3,0.8,-7.15256e-08,0.2,-0.6
3.0547e-01,-2,2,-1,1,0.8,1.6,0.2,0.6
3.0555e-01,-1.3411e-07,-6,-1,-3,0.8,-7.15256e-08,0.2,-0.6
3.0563e-01,-2,2,-1,1,1.6,1.6,0.2,0.6
3.0571e-01,-2,-6,-1,-3,0.8,-7.15256e-08,0.2,-0.6
3.0578e-01,-2,2,-1,1,0.8,1.6,0.2,0.6
3.0586e-01,-4,-6,-1,-3,0.8,-7.15256e-08,0.2,-0.6
3.0594e-01,-2,2,-1,1,0.8,1.6,0.2,0.6
3.0601e-01,-4,-6,-1,-3,0.8,-7.15256e-08,0.2,-0.6
3.0609e-01,-2,2,-1,1,0.8,1.6,-0.2,0.6
3.0617e-01,-4,-6,-1,-3,0.8,-7.15256e-08,0.2,-0.6
3.0624e-01,-2,2,-1,1,0.8,1.6,0.2,0.6
3.0632e-01,-4,-6,-1,-3,0.8,-0.8,0.2,-0.6
3.0640e-01,-4,2,-1,1,0.8,1.6,0.2,0.6
3.0647e-01,-4,-6,-1,-3,0.8,-7.15256e-08,0.2,-0.6
3.0655e-01,-2,2,-3,1,0.8,1.6,0.2,0.6
3.0663e-01,-2,-6,-3,-3,0.8,-7.15256e-08,0.2,-0.6
3.0670e-01,-2,-1.3411e-07,-1,1,0.8,1.6,0.2,0.6
3.0678e-01,-2,-6,-1,-3,0.8,-7.15256e-08,0.2,-0.6
3.0686e-01,-2,2,-1,1,0.8,1.6,0.2,0.6
3.0693e-01,-4,-6,-1,-3,0.8,-7.15256e-08,0.2,-0.6
3.0701e-01,-4,2,-1,1,0.8,1.6,0.2,0.6
3.0709e-01,-4,-6,-1,-3,0.8,-0.8,0.2,-0.6
3.0716e-01,-2,2,-3,1,0.8,1.6,0.2,0.6
3.0724e-01,-2,-6,-1,-3,0.8,-0.8,0.2,-0.6
3.0732e-01,-4,2,-1,1,0.8,1.6,0.2,0.6
3.0739e-01,-4,-6,-1,-3,0.8,-7.15256e-08,0.2,-0.6
3.0747e-01,-4,2,-1,1,0.8,1.6,-0.2,0.6
3.0755e-01,-2,-6,-1,-3,0.8,-7.15256e-08,0.2,-0.6
3.0763e-01,-2,2,-1,1,0.8,1.6,0.2,0.6
3.0770e-01,-2,-6,-1,-3,0.8,-7.15256e-08,0.2,-0.6
3.0778e-01,-2,2,-1,1,0.8,1.6,0.2,0.6
3.0786e-01,-2,-6,-1,-3,-7.15256e-08,-7.15256e-08,0.2,-0.6
3.0793e-01,-2,2,-1,1,0.8,1.6,-0.2,0.6
3.0801e-01,-2,-6,-3,-3,0.8,-7.15256e-08,0.2,-0.6
3.0809e-01,-2,2,-1,1,0.8,1.6,-0.2,0.6
3.0816e-01,-2,-8,-1,-3,0.8,-7.15256e-08,0.2,-0.6
3.0824e-01,-2,2,-3,1,0.8,1.6,0.2,0.6
3.0832e-01,-2,-6,-1,-3,0.8,-7.15256e-08,0.2,-0.6
3.0839e-01,-2,2,-1,1,0.8,1.6,0.2,0.6
3.0847e-01,-2,-6,-1,-3,0.8,-7.15256e-08,0.2,-0.6
3.0855e-01,-4,2,-1,1,0.8,1.6,0.2,0.6
3.0862e-01,-4,-6,-1,-3,0.8,-7.15256e-08,0.2,-0.6
3.0870e-01,-2,2,-1,1,0.8,1.6,-0.2,0.6
3.0878e-01,-2,-6,-1,-3,0.8,-7.15256e-08,0.2,-0.6
3.0885e-01,-4,2,-1,1,0.8,1.6,0.2,0.6
3.0893e-01,-1.3411e-07,-6,-1,-3,0.8,-0.8,0.2,-0.6
3.0901e-01,-2,2,-1,1,0.8,1.6,0.2,0.6
3.0908e-01,-2,-6,-3,-3,0.8,-7.15256e-08,-0.2,-0.6
3.0916e-01,-2,2,-1,1,0.8,1.6,0.2,0.6
3.0924e-01,-2,-6,-1,-3,0.8,-7.15256e-08,0.2,-0.6
3.0931e-01,-2,2,-1,1,0.8,1.6,0.2,0.6
3.0939e-01,-2,-6,-3,-3,0.8,-0.8,-0.2,-0.6
3.0947e-01,-1.3411e-07,2,-1,1,0.8,1.6,0.2,0.6
3.0955e-01,-2,-6,-1,-3,0.8,-7.15256e-08,-0.2,-0.6
3.0962e-01,-2,2,-1,1,0.8,1.6,0.2,0.6
3.0970e-01,-4,-6,-1,-3,0.8,-0.8,0.2,-0.6
3.0978e-01,-1.3411e-07,2,-1,1,0.8,1.6,0.2,0.6
3.0985e-01,-2,-6,-1,-3,0.8,-0.8,0.2,-0.6
3.0993e-01,-2,2,-1,1,0.8,1.6,0.2,0.6
3.1001e-01,-2,-6,-1,-3,0.8,-7.15256e-08,0.2,-0.6
3.1008e-01,-4,2,-1,1,0.8,1.6,-0.2,0.6
3.1016e-01,-4,-6,-1,-3,0.8,-7.15256e-08,0.2,-0.6
3.1024e-01,-2,2,-1,1,0.8,1.6,0.2,0.6
3.1031e-01,-2,-6,-3,-3,0.8,-7.15256e-08,-0.2,-0.6
3.1039e-01,-4,2,-1,1,0.8,1.6,-0.2,0.6
3.1047e-01,-4,-6,-1,-3,0.8,-7.15256e-08,0.2,-0.6
3.1054e-01,-2,2,-1,1,0.8,1.6,-0.2,0.6
3.1062e-01,-2,-6,-1,-3,0.8,-7.15256e-08,0.2,-0.6
3.1070e-01,-4,2,-3,1,0.8,1.6,0.2,0.6
3.1077e-01,-2,-6,-1,-3,0.8,-7.15256e-08,0.2,-0.6
3.1085e-01,-2,2,-3,1,0.8,1.6,0.2,0.6
3.1093e-01,-2,-6,-1,-3,0.8,-0.8,0.2,-0.6
3.1100e-01,-2,2,-1,1,0.8,1.6,0.2,0.6
3.1108e-01,-4,-6,-1,-5,0.8,-7.15256e-08,0.2,-0.6
3.1116e-01,-4,2,-1,1,0.8,1.6,0.2,0.6
3.1124e-01,-2,-6,-3,-3,0.8,-7.15256e-08,-0.2,-0.6
3.1131e-01,-2,2,-1,1,0.8,1.6,-0.2,0.6
3.1139e-01,-2,-6,-1,-3,0.8,-7.15256e-08,0.2,-0.6
3.1147e-01,-4,2,-1,1,0.8,1.6,0.2,0.6
3.1154e-01,-2,-6,-1,-3,0.8,-0.8,0.2,-0.6
3.1162e-01,-2,2,-1,1,1.6,1.6,-0.2,0.6
3.1170e-01,-4,-6,-1,-3,0.8,-7.15256e-08,-0.2,-0.6
3.1177e-01,-2,2,-1,1,0.8,1.6,0.2,0.6
3.1185e-01,-2,-6,-3,-3,0.8,-7.15256e-08,0.2,-0.6
3.1193e-01,-2,2,-1,1,0.8,1.6,0.2,0.6
3.1200e-01,-2,-6,-1,-3,0.8,-7.15256e-08,0.2,-0.6
3.1208e-01,-2,2,-1,1,0.8,1.6,0.2,0.6
3.1216e-01,-2,-6,-1,-3,0.8,-0.8,0.2,-0.6
3.1223e-01,-4,2,-3,1,0.8,1.6,-0.2,0.6
3.1231e-01,-2,-6,-1,-3,0.8,-7.15256e-08,0.2,-0.6
3.1239e-01,-4,2,-1,1,0.8,1.6,0.2,0.6
3.1246e-01,-4,-6,-1,-3,0.8,-7.15256e-08,0.2,-0.6
3.1254e-01,-2,2,-1,1,1.6,1.6,0.2,0.6
3.1262e-01,-2,-6,-1,-3,0.8,-7.15256e-08,0.2,-0.6
3.1269e-01,-2,2,-1,1,0.8,1.6,0.2,0.6
3.1277e-01,-4,-6,-1,-3,0.8,-7.15256e-08,0.2,-0.6
3.1285e-01,-4,2,-1,1,0.8,1.6,0.2,0.6
3.1292e-01,-4,-6,-1,-3,0.8,-0.8,-0.2,-0.6
3.1300e-01,-2,2,-3,1,0.8,1.6,-0.2,0.6
3.1308e-01,-2,-6,-1,-3,0.8,-7.15256e-08,0.2,-0.6
3.1316e-01,-4,2,-1,1,0.8,1.6,0.2,0.6
3.1323e-01,-2,-6,-1,-3,0.8,-7.15256e-08,0.2,-0.6
3.1331e-01,-2,2,-1,1,0.8,1.6,0.2,0.6
3.1339e-01,-2,-6,-1,-3,0.8,-7.15256e-08,0.2,-0.6
3.1346e-01,-4,2,-1,1,0.8,1.6,0.2,0.6
3.1354e-01,-2,-6,-1,-3,0.8,-7.15256e-08,0.2,-0.6
3.1362e-01,-2,2,-1,1,0.8,1.6,0.2,0.6
3.1369e-01,-2,-6,-1,-3,0.8,-7.15256e-08,-0.2,-0.6
3.1377e-01,-4,2,-1,1,0.8,1.6,0.2,0.6
3.1385e-01,-4,-6,-1,-3,0.8,-7.15256e-08,0.2,-0.6

