Model,DPO2014B
Firmware Version,1.52

Point Format,Y,,,,,,,
Horizontal Units,S,,,,,,,
Horizontal Scale,0.1,,,,,,,
Sample Interval,0.000192012,,,,,,,
Filter Frequency,1e+08,,,,,,,
Record Length,5207,,,,,,,
Gating,0.0% to 100.0%,,0.0% to 100.0%,,0.0% to 100.0%,,0.0% to 100.0%,
Probe Attenuation,100,,50,,10,,10,
Vertical Units,V,,V,,A,,A,
Vertical Offset,0,,0,,0,,0,
Vertical Scale,50,,50,,10,,10,
Label,,,,,,,,
TIME,CH1,CH1 Peak Detect,CH2,CH2 Peak Detect,CH3,CH3 Peak Detect,CH4,CH4 Peak Detect
-2.040e-01,12,8,8,8,-0.8,-1.2,-0.4,-0.8
-2.038e-01,18,26,14,22,-0.8,1.78814e-08,-0.4,1.78814e-08
-2.036e-01,24,20,20,18,-0.8,-1.2,-0.4,-0.8
-2.034e-01,30,38,26,34,-0.4,1.78814e-08,-0.4,0.4
-2.032e-01,36,32,32,30,-0.4,-1.2,-0.4,-0.8
-2.030e-01,42,50,38,46,-0.4,1.78814e-08,-0.4,0.4
-2.028e-01,48,44,44,42,-0.4,-0.8,-0.4,-0.8
-2.027e-01,54,62,50,56,-0.4,1.78814e-08,1.78814e-08,0.4
-2.025e-01,60,56,56,52,-0.4,-0.8,1.78814e-08,-0.4
-2.023e-01,64,72,60,66,-0.4,0.4,1.78814e-08,0.4
-2.021e-01,68,66,64,62,-0.4,-0.8,1.78814e-08,-0.4
-2.019e-01,76,82,70,76,1.78814e-08,0.4,1.78814e-08,0.4
-2.017e-01,78,76,74,72,1.78814e-08,-0.4,1.78814e-08,-0.4
-2.015e-01,82,90,76,84,1.78814e-08,0.4,1.78814e-08,0.8
-2.013e-01,86,82,82,78,0.4,-0.4,1.78814e-08,-0.4
-2.011e-01,90,94,84,88,0.4,0.8,0.4,0.8
-2.009e-01,92,88,86,84,0.4,-0.4,1.78814e-08,-0.4
-2.007e-01,96,100,90,94,0.4,0.8,1.78814e-08,0.8
-2.005e-01,96,94,92,90,0.4,1.78814e-08,0.4,-0.4
-2.004e-01,100,106,94,98,0.4,0.8,0.4,0.8
-2.002e-01,102,98,96,94,0.4,1.78814e-08,0.4,1.78814e-08
-2.000e-01,104,108,100,102,0.8,1.2,0.4,0.8
-1.998e-01,106,102,100,98,0.8,1.78814e-08,0.4,1.78814e-08
-1.996e-01,106,110,100,104,0.4,1.2,0.4,0.8
-1.994e-01,106,100,102,96,0.4,0.4,0.4,1.78814e-08
-1.992e-01,104,110,100,104,0.8,1.2,0.4,0.8
-1.990e-01,104,96,98,92,0.8,0.4,0.4,1.78814e-08
-1.988e-01,102,106,98,100,1.2,1.2,0.4,0.8
-1.986e-01,98,92,94,88,1.2,0.4,0.4,1.78814e-08
-1.984e-01,96,102,92,96,0.8,1.6,0.4,0.8
-1.982e-01,94,86,90,84,0.8,0.4,0.4,1.78814e-08
-1.980e-01,92,98,88,92,0.8,1.6,0.4,0.8
-1.979e-01,90,82,84,78,1.2,0.4,0.4,1.78814e-08
-1.977e-01,88,94,82,88,1.2,1.6,0.4,1.2
-1.975e-01,86,74,80,72,1.2,0.4,0.4,1.78814e-08
-1.973e-01,80,88,78,82,1.2,1.6,0.4,1.2
-1.971e-01,80,66,74,64,1.2,0.8,0.4,1.78814e-08
-1.969e-01,74,82,70,76,1.2,1.6,0.4,1.2
-1.967e-01,70,58,68,56,1.2,0.8,0.4,1.78814e-08
-1.965e-01,68,74,62,70,1.2,1.6,0.4,1.2
-1.963e-01,62,46,58,44,1.2,0.8,0.4,1.78814e-08
-1.961e-01,54,64,54,60,1.2,1.6,0.4,0.8
-1.959e-01,50,32,46,30,1.2,0.8,0.4,1.78814e-08
-1.957e-01,42,52,38,48,1.2,1.6,0.4,0.8
-1.956e-01,34,18,32,16,1.2,0.4,0.4,1.78814e-08
-1.954e-01,28,38,26,34,1.2,1.6,0.4,0.8
-1.952e-01,20,6,18,6,1.2,0.4,0.4,1.78814e-08
-1.950e-01,12,24,12,20,1.2,1.6,0.4,0.8
-1.948e-01,8,-6,8,-4,1.2,0.4,0.4,1.78814e-08
-1.946e-01,2,12,2,10,0.8,1.6,0.4,0.8
-1.944e-01,-2,-16,-2,-16,0.8,0.4,1.78814e-08,-0.4
-1.942e-01,-8,2,-8,4.47035e-08,0.8,1.2,0.4,0.8
-1.940e-01,-12,-28,-12,-26,1.2,0.4,0.4,-0.4
-1.938e-01,-20,-10,-20,-10,0.8,1.2,1.78814e-08,0.8
-1.936e-01,-24,-40,-24,-38,0.8,1.78814e-08,0.4,-0.4
-1.934e-01,-30,-22,-28,-22,0.8,1.2,1.78814e-08,0.8
-1.932e-01,-38,-52,-36,-50,0.8,1.78814e-08,0.4,-0.4
-1.931e-01,-42,-32,-42,-34,0.8,1.2,1.78814e-08,0.8
-1.929e-01,-48,-64,-46,-60,0.4,1.78814e-08,1.78814e-08,-0.4
-1.927e-01,-54,-46,-54,-46,0.4,0.8,-0.4,0.4
-1.925e-01,-60,-74,-58,-72,0.4,1.78814e-08,1.78814e-08,-0.8
-1.923e-01,-64,-56,-64,-56,0.4,0.8,1.78814e-08,0.4
-1.921e-01,-72,-82,-68,-80,0.4,-0.4,1.78814e-08,-0.8
-1.919e-01,-74,-66,-74,-66,1.78814e-08,0.8,-0.4,0.4
-1.917e-01,-80,-90,-78,-88,1.78814e-08,-0.4,-0.4,-0.8
-1.915e-01,-84,-76,-82,-76,1.78814e-08,0.8,-0.4,0.4
-1.913e-01,-86,-96,-86,-92,1.78814e-08,-0.4,-0.4,-0.8
-1.911e-01,-92,-84,-88,-84,1.78814e-08,0.4,-0.4,0.4
-1.909e-01,-94,-102,-92,-98,1.78814e-08,-0.8,-0.4,-0.8
-1.908e-01,-96,-90,-92,-90,-0.4,0.4,-0.8,1.78814e-08
-1.906e-01,-98,-106,-94,-102,1.78814e-08,-0.8,-0.4,-1.2
-1.904e-01,-100,-94,-98,-94,-0.4,0.4,-0.4,1.78814e-08
-1.902e-01,-104,-110,-100,-106,-0.4,-0.8,-0.4,-1.2
-1.900e-01,-106,-100,-102,-98,-0.4,1.78814e-08,-0.4,1.78814e-08
-1.898e-01,-108,-112,-104,-108,-0.4,-1.2,-0.8,-1.2
-1.896e-01,-106,-102,-106,-102,-0.4,1.78814e-08,-0.4,1.78814e-08
-1.894e-01,-108,-110,-104,-108,-0.4,-1.2,-0.4,-1.2
-1.892e-01,-106,-100,-104,-100,-0.8,1.78814e-08,-0.4,1.78814e-08
-1.890e-01,-104,-108,-104,-104,-0.8,-1.2,-0.8,-1.2
-1.888e-01,-104,-96,-100,-96,-0.8,-0.4,-0.4,1.78814e-08
-1.886e-01,-100,-104,-98,-100,-0.8,-1.2,-0.4,-1.2
-1.884e-01,-100,-92,-96,-92,-0.8,-0.4,-0.8,1.78814e-08
-1.883e-01,-98,-100,-94,-96,-0.8,-1.6,-0.8,-1.2
-1.881e-01,-94,-88,-92,-88,-0.8,-0.4,-0.8,1.78814e-08
-1.879e-01,-92,-94,-90,-92,-0.8,-1.6,-0.8,-1.2
-1.877e-01,-88,-82,-88,-82,-0.8,-0.4,-0.8,-0.4
-1.875e-01,-88,-90,-84,-86,-0.8,-1.6,-0.8,-1.2
-1.873e-01,-82,-76,-82,-76,-0.8,-0.4,-0.8,-0.4
-1.871e-01,-78,-82,-78,-82,-1.2,-1.6,-0.8,-1.2
-1.869e-01,-76,-68,-74,-70,-1.2,-0.4,-0.8,1.78814e-08
-1.867e-01,-72,-76,-72,-74,-1.2,-1.6,-0.8,-1.2
-1.865e-01,-68,-60,-68,-60,-0.8,-0.4,-0.4,1.78814e-08
-1.863e-01,-62,-66,-62,-66,-0.8,-1.6,-0.4,-1.2
-1.861e-01,-56,-48,-58,-50,-1.2,-0.4,-0.8,1.78814e-08
-1.860e-01,-50,-54,-52,-54,-1.2,-1.6,-0.8,-1.2
-1.858e-01,-42,-34,-46,-36,-1.2,-0.4,-0.4,1.78814e-08
-1.856e-01,-38,-40,-38,-40,-1.2,-1.6,-0.8,-1.2
-1.854e-01,-32,-20,-30,-22,-0.8,-0.4,-0.4,1.78814e-08
-1.852e-01,-24,-26,-24,-26,-0.8,-1.6,-0.8,-1.2
-1.850e-01,-16,-8,-18,-10,-1.2,-0.4,-0.4,1.78814e-08
-1.848e-01,-12,-14,-12,-14,-0.8,-1.6,-0.4,-1.2
-1.846e-01,-4,2,-6,4.47035e-08,-0.8,-0.4,-0.8,1.78814e-08
-1.844e-01,-2,-4,-2,-4,-0.8,-1.2,-0.4,-0.8
-1.842e-01,4,14,4,10,-0.4,-0.4,-0.4,1.78814e-08
-1.840e-01,10,8,8,6,-0.8,-1.2,-0.4,-0.8
-1.838e-01,16,24,14,20,-0.8,-0.4,-0.4,1.78814e-08
-1.836e-01,20,18,20,16,-0.8,-1.2,-0.4,-0.8
-1.835e-01,28,38,24,32,-0.8,1.78814e-08,-0.4,0.4
-1.833e-01,34,30,30,28,-0.4,-1.2,1.78814e-08,-0.8
-1.831e-01,42,50,36,44,-0.4,1.78814e-08,-0.4,0.4
-1.829e-01,48,44,42,40,-0.4,-0.8,-0.4,-0.8
-1.827e-01,52,60,48,56,1.78814e-08,1.78814e-08,-0.4,0.4
-1.825e-01,58,54,54,52,-0.4,-0.8,1.78814e-08,-0.8
-1.823e-01,62,72,58,66,-0.4,0.4,1.78814e-08,0.4
-1.821e-01,70,66,64,62,-0.4,-0.8,1.78814e-08,-0.4
-1.819e-01,74,82,68,74,1.78814e-08,0.4,-0.4,0.4
-1.817e-01,78,74,74,70,1.78814e-08,-0.4,1.78814e-08,-0.4
-1.815e-01,82,88,76,82,1.78814e-08,0.4,1.78814e-08,0.4
-1.813e-01,86,82,80,78,1.78814e-08,-0.4,1.78814e-08,-0.4
-1.812e-01,88,96,84,88,0.4,0.8,1.78814e-08,0.8
-1.810e-01,92,88,86,84,1.78814e-08,-0.4,1.78814e-08,-0.4
-1.808e-01,94,100,88,94,0.4,0.8,1.78814e-08,0.8
-1.806e-01,96,94,90,88,1.78814e-08,1.78814e-08,0.4,-0.4
-1.804e-01,100,104,94,98,0.4,0.8,0.4,0.8
-1.802e-01,102,98,96,94,0.4,1.78814e-08,1.78814e-08,1.78814e-08
-1.800e-01,102,108,98,102,0.4,1.2,0.4,0.8
-1.798e-01,106,102,100,98,0.8,1.78814e-08,0.4,1.78814e-08
-1.796e-01,106,110,100,104,0.4,1.2,0.4,0.8
-1.794e-01,106,100,102,98,0.8,0.4,0.4,1.78814e-08
-1.792e-01,106,110,102,104,0.8,1.2,1.78814e-08,0.8
-1.790e-01,104,96,100,92,0.8,0.4,0.4,1.78814e-08
-1.788e-01,104,108,98,102,0.8,1.2,0.4,0.8
-1.787e-01,100,90,94,88,0.8,0.4,0.4,1.78814e-08
-1.785e-01,98,104,92,96,0.8,1.2,0.4,0.8
-1.783e-01,94,86,88,84,1.2,0.4,0.8,1.78814e-08
-1.781e-01,92,98,88,92,0.8,1.6,0.4,0.8
-1.779e-01,90,82,86,78,0.8,0.4,0.4,1.78814e-08
-1.777e-01,88,94,82,88,1.2,1.6,0.8,1.2
-1.775e-01,84,76,80,72,1.2,0.4,0.4,1.78814e-08
-1.773e-01,82,88,78,84,1.2,1.6,0.4,1.2
-1.771e-01,78,68,74,66,1.2,0.8,0.4,1.78814e-08
-1.769e-01,78,82,72,78,1.2,1.6,0.4,1.2
-1.767e-01,72,58,68,56,1.2,0.8,0.4,1.78814e-08
-1.765e-01,68,74,62,70,1.6,1.6,0.4,1.2
-1.764e-01,62,46,58,46,1.2,0.8,0.4,1.78814e-08
-1.762e-01,56,64,54,60,1.2,1.6,0.4,0.8
-1.760e-01,48,32,48,32,1.2,0.8,0.4,1.78814e-08
-1.758e-01,44,54,42,50,1.2,1.6,0.4,0.8
-1.756e-01,36,18,34,18,1.2,0.4,0.4,1.78814e-08
-1.754e-01,28,40,28,36,1.2,1.6,0.4,0.8
-1.752e-01,22,6,20,6,1.2,0.4,0.4,1.78814e-08
-1.750e-01,14,26,12,22,0.8,1.6,0.4,0.8
-1.748e-01,10,-4,8,-4,0.8,0.4,0.4,1.78814e-08
-1.746e-01,4,14,2,10,0.8,1.6,0.4,0.8
-1.744e-01,4.47035e-08,-14,-2,-14,1.2,0.4,0.4,-0.4
-1.742e-01,-8,2,-6,4.47035e-08,0.8,1.6,1.78814e-08,0.8
-1.740e-01,-14,-26,-12,-24,0.8,0.4,0.4,-0.4
-1.739e-01,-18,-8,-16,-10,0.8,1.2,1.78814e-08,0.8
-1.737e-01,-24,-38,-22,-36,0.8,1.78814e-08,0.4,-0.4
-1.735e-01,-28,-20,-28,-20,0.8,1.2,1.78814e-08,0.8
-1.733e-01,-36,-52,-34,-48,0.8,1.78814e-08,1.78814e-08,-0.4
-1.731e-01,-42,-30,-42,-32,0.8,1.2,1.78814e-08,0.4
-1.729e-01,-48,-62,-46,-60,0.8,1.78814e-08,1.78814e-08,-0.4
-1.727e-01,-54,-44,-52,-44,0.4,1.2,1.78814e-08,0.4
-1.725e-01,-58,-72,-56,-70,0.4,1.78814e-08,1.78814e-08,-0.4
-1.723e-01,-64,-54,-64,-56,0.4,0.8,1.78814e-08,0.4
-1.721e-01,-70,-82,-68,-80,1.78814e-08,-0.4,-0.4,-0.8
-1.719e-01,-74,-66,-72,-66,1.78814e-08,0.8,1.78814e-08,0.4
-1.717e-01,-80,-90,-76,-86,1.78814e-08,-0.4,-0.4,-0.8
-1.715e-01,-84,-76,-82,-74,1.78814e-08,0.4,-0.4,0.4
-1.714e-01,-86,-96,-84,-92,1.78814e-08,-0.4,-0.4,-0.8
-1.712e-01,-90,-82,-88,-82,1.78814e-08,0.4,-0.4,0.4
-1.710e-01,-92,-100,-90,-98,1.78814e-08,-0.8,-0.4,-0.8
-1.708e-01,-96,-88,-94,-88,1.78814e-08,0.4,-0.4,1.78814e-08
-1.706e-01,-98,-106,-94,-102,-0.4,-0.8,-0.4,-0.8
-1.704e-01,-100,-94,-98,-94,1.78814e-08,0.4,-0.4,1.78814e-08
-1.702e-01,-104,-110,-100,-106,-0.4,-0.8,-0.4,-1.2
-1.700e-01,-104,-98,-102,-98,-0.4,1.78814e-08,-0.8,1.78814e-08
-1.698e-01,-106,-112,-104,-108,-0.4,-1.2,-0.4,-1.2
-1.696e-01,-108,-102,-104,-102,-0.4,1.78814e-08,-0.8,1.78814e-08
-1.694e-01,-108,-110,-106,-108,-0.8,-1.2,-0.8,-1.2
-1.692e-01,-106,-102,-104,-102,-0.8,1.78814e-08,-0.4,1.78814e-08
-1.691e-01,-106,-108,-104,-106,-0.4,-1.2,-0.4,-1.2
-1.689e-01,-104,-96,-100,-98,-0.4,-0.4,-0.8,1.78814e-08
-1.687e-01,-100,-104,-100,-102,-0.8,-1.6,-0.8,-1.2
-1.685e-01,-98,-92,-96,-92,-0.8,-0.4,-0.8,1.78814e-08
-1.683e-01,-98,-100,-94,-96,-0.8,-1.6,-0.8,-1.2
-1.681e-01,-94,-88,-92,-88,-0.8,-0.4,-0.8,1.78814e-08
-1.679e-01,-90,-94,-90,-92,-0.8,-1.6,-0.8,-1.2
-1.677e-01,-90,-82,-88,-84,-0.8,-0.4,-0.8,1.78814e-08
-1.675e-01,-88,-90,-84,-88,-0.8,-1.6,-0.8,-1.2
-1.673e-01,-84,-76,-82,-78,-0.8,-0.4,-0.8,1.78814e-08
-1.671e-01,-80,-84,-80,-82,-0.8,-1.6,-0.4,-1.2
-1.669e-01,-78,-68,-76,-70,-0.8,-0.4,-0.8,1.78814e-08
-1.667e-01,-72,-76,-72,-74,-0.8,-1.6,-0.8,-1.2
-1.666e-01,-68,-60,-70,-62,-1.2,-0.4,-0.8,1.78814e-08
-1.664e-01,-64,-66,-64,-66,-1.2,-1.6,-0.4,-1.2
-1.662e-01,-58,-48,-58,-52,-1.2,-0.4,-0.4,1.78814e-08
-1.660e-01,-54,-54,-52,-54,-0.8,-1.6,-0.8,-1.2
-1.658e-01,-46,-36,-48,-38,-1.2,-0.4,-0.8,1.78814e-08
-1.656e-01,-38,-42,-40,-42,-0.8,-1.6,-0.4,-1.2
-1.654e-01,-32,-22,-32,-24,-1.2,-0.4,-0.8,1.78814e-08
-1.652e-01,-24,-28,-26,-28,-1.2,-1.6,-0.4,-1.2
-1.650e-01,-18,-10,-18,-12,-0.8,-0.4,-0.4,1.78814e-08
-1.648e-01,-12,-16,-14,-16,-0.8,-1.6,-0.8,-1.2
-1.646e-01,-6,2,-8,4.47035e-08,-0.8,-0.4,-0.4,1.78814e-08
-1.644e-01,-2,-6,-2,-6,-0.8,-1.2,-0.4,-0.8
-1.643e-01,4,12,2,10,-0.8,-0.4,-0.4,1.78814e-08
-1.641e-01,10,6,8,4,-0.8,-1.2,-0.4,-0.8
-1.639e-01,14,24,12,20,-0.8,-0.4,-0.4,1.78814e-08
-1.637e-01,20,18,18,16,-0.8,-1.2,-0.4,-0.8
-1.635e-01,28,36,24,30,-0.4,1.78814e-08,-0.4,0.4
-1.633e-01,32,30,30,28,-0.8,-1.2,-0.4,-0.8
-1.631e-01,40,48,36,42,-0.4,1.78814e-08,-0.4,0.4
-1.629e-01,44,42,40,38,-0.4,-0.8,-0.4,-0.8
-1.627e-01,52,60,46,54,-0.4,1.78814e-08,-0.4,0.4
-1.625e-01,56,54,52,50,-0.4,-0.8,1.78814e-08,-0.4
-1.623e-01,62,70,58,64,-0.4,0.4,1.78814e-08,0.4
-1.621e-01,68,64,62,60,-0.4,-0.8,1.78814e-08,-0.4
-1.619e-01,74,80,68,74,1.78814e-08,0.4,1.78814e-08,0.4
-1.618e-01,78,74,72,70,1.78814e-08,-0.4,1.78814e-08,-0.4
-1.616e-01,82,88,76,82,1.78814e-08,0.4,1.78814e-08,0.4
-1.614e-01,86,82,80,78,1.78814e-08,-0.4,1.78814e-08,-0.4
-1.612e-01,88,94,82,88,1.78814e-08,0.8,0.4,0.8
-1.610e-01,92,88,86,84,0.4,-0.4,0.4,-0.4
-1.608e-01,96,98,88,92,0.4,0.8,1.78814e-08,0.8
-1.606e-01,94,92,90,88,0.4,1.78814e-08,1.78814e-08,-0.4
-1.604e-01,100,104,92,98,0.4,0.8,0.4,0.8
-1.602e-01,102,98,96,94,0.4,1.78814e-08,1.78814e-08,1.78814e-08
-1.600e-01,104,108,98,102,0.4,0.8,0.4,0.8
-1.598e-01,106,102,100,98,0.4,1.78814e-08,0.4,1.78814e-08
-1.596e-01,104,110,100,104,0.8,1.2,0.4,0.8
-1.595e-01,106,100,102,98,0.8,0.4,0.4,1.78814e-08
-1.593e-01,106,110,100,104,0.8,1.2,1.78814e-08,0.8
-1.591e-01,104,96,100,94,0.8,0.4,0.4,1.78814e-08
-1.589e-01,102,108,98,102,0.8,1.2,1.78814e-08,0.8
-1.587e-01,100,92,94,88,0.8,0.4,0.4,1.78814e-08
-1.585e-01,98,104,92,98,1.2,1.6,0.4,0.8
-1.583e-01,96,86,90,84,0.8,0.4,0.8,1.78814e-08
-1.581e-01,94,98,88,92,0.8,1.6,0.4,0.8
-1.579e-01,92,82,86,78,1.2,0.4,0.4,1.78814e-08
-1.577e-01,88,94,84,88,0.8,1.6,0.4,1.2
-1.575e-01,86,76,82,74,1.2,0.4,0.4,1.78814e-08
-1.573e-01,82,90,78,82,1.2,1.6,0.4,1.2
-1.571e-01,80,70,76,66,0.8,0.4,0.8,1.78814e-08
-1.570e-01,76,82,72,78,1.2,1.6,0.4,1.2
-1.568e-01,72,60,68,58,1.2,0.8,0.4,1.78814e-08
-1.566e-01,68,76,64,70,1.2,1.6,0.4,1.2
-1.564e-01,62,48,60,48,1.2,0.4,0.4,1.78814e-08
-1.562e-01,58,66,54,62,1.2,1.6,0.4,0.8
-1.560e-01,52,34,48,34,1.2,0.8,0.4,1.78814e-08
-1.558e-01,46,54,42,52,1.2,1.6,0.4,0.8
-1.556e-01,38,20,36,20,1.2,0.4,0.4,-0.4
-1.554e-01,32,40,30,38,1.2,1.6,0.4,0.8
-1.552e-01,22,8,22,8,1.2,0.4,0.4,1.78814e-08
-1.550e-01,16,26,16,24,1.2,1.6,0.4,0.8
-1.548e-01,12,-2,10,-2,0.8,0.4,0.4,-0.4
-1.547e-01,4,14,4,12,0.8,1.6,1.78814e-08,0.8
-1.545e-01,4.47035e-08,-14,-2,-12,1.2,0.4,1.78814e-08,-0.4
-1.543e-01,-4,4,-6,2,0.8,1.2,0.4,0.8
-1.541e-01,-10,-24,-10,-24,0.8,0.4,0.4,-0.4
-1.539e-01,-16,-8,-16,-8,0.8,1.2,0.4,0.8
-1.537e-01,-22,-38,-20,-34,0.8,0.4,0.4,-0.4
-1.535e-01,-30,-18,-26,-20,0.8,1.2,0.4,0.8
-1.533e-01,-36,-50,-34,-46,0.8,1.78814e-08,1.78814e-08,-0.4
-1.531e-01,-40,-30,-40,-30,0.8,1.2,1.78814e-08,0.4
-1.529e-01,-46,-60,-46,-58,0.4,1.78814e-08,1.78814e-08,-0.4
-1.527e-01,-52,-44,-52,-42,0.8,1.2,-0.4,0.4
-1.525e-01,-60,-72,-58,-70,0.4,1.78814e-08,1.78814e-08,-0.8
-1.523e-01,-64,-54,-64,-54,0.4,0.8,-0.4,0.4
-1.522e-01,-66,-80,-66,-78,0.4,-0.4,1.78814e-08,-0.8
-1.520e-01,-74,-64,-72,-64,0.4,0.8,1.78814e-08,0.4
-1.518e-01,-78,-88,-76,-86,1.78814e-08,-0.4,1.78814e-08,-0.8
-1.516e-01,-82,-74,-82,-74,1.78814e-08,0.8,1.78814e-08,0.4
-1.514e-01,-86,-96,-84,-92,1.78814e-08,-0.4,-0.4,-0.8
-1.512e-01,-90,-82,-88,-82,1.78814e-08,0.4,-0.4,0.4
-1.510e-01,-92,-100,-90,-96,1.78814e-08,-0.8,-0.4,-0.8
-1.508e-01,-94,-88,-92,-88,1.78814e-08,0.4,1.78814e-08,0.4
-1.506e-01,-98,-106,-94,-102,1.78814e-08,-0.8,-0.4,-0.8
-1.504e-01,-100,-94,-96,-92,1.78814e-08,0.4,-0.4,0.4
-1.502e-01,-104,-110,-100,-106,-0.4,-0.8,-0.4,-1.2
-1.500e-01,-104,-98,-100,-96,-0.4,1.78814e-08,-0.4,1.78814e-08
-1.499e-01,-106,-112,-104,-108,-0.4,-1.2,-0.8,-1.2
-1.497e-01,-106,-102,-104,-102,-0.4,1.78814e-08,-0.4,1.78814e-08
-1.495e-01,-106,-112,-106,-108,-0.4,-1.2,-0.8,-1.2
-1.493e-01,-108,-102,-104,-102,-0.8,1.78814e-08,-0.4,1.78814e-08
-1.491e-01,-106,-108,-104,-106,-0.8,-1.2,-0.8,-1.2
-1.489e-01,-104,-98,-102,-98,-0.8,-0.4,-0.4,1.78814e-08
-1.487e-01,-102,-106,-100,-102,-0.8,-1.2,-0.8,-1.2
-1.485e-01,-100,-94,-98,-94,-0.8,-0.4,-0.4,1.78814e-08
-1.483e-01,-98,-100,-94,-98,-0.8,-1.6,-0.8,-1.2
-1.481e-01,-94,-88,-92,-88,-0.8,-0.4,-0.8,1.78814e-08
-1.479e-01,-92,-96,-90,-94,-0.8,-1.6,-0.8,-1.2
-1.477e-01,-90,-84,-88,-84,-0.8,-0.4,-0.8,1.78814e-08
-1.475e-01,-86,-90,-86,-88,-0.8,-1.6,-0.8,-1.2
-1.474e-01,-84,-78,-84,-78,-0.8,-0.4,-0.8,1.78814e-08
-1.472e-01,-82,-84,-80,-82,-1.2,-1.6,-0.8,-1.2
-1.470e-01,-78,-70,-78,-72,-1.2,-0.4,-0.4,1.78814e-08
-1.468e-01,-74,-78,-74,-76,-0.8,-1.6,-0.8,-1.2
-1.466e-01,-68,-62,-70,-62,-1.2,-0.4,-0.8,1.78814e-08
-1.464e-01,-64,-68,-64,-66,-1.2,-1.6,-0.4,-1.2
-1.462e-01,-60,-50,-60,-52,-1.2,-0.4,-0.8,1.78814e-08
-1.460e-01,-54,-56,-52,-56,-0.8,-1.6,-0.8,-1.2
-1.458e-01,-46,-36,-48,-40,-1.2,-0.4,-0.8,1.78814e-08
-1.456e-01,-42,-44,-40,-44,-0.8,-1.6,-0.4,-1.2
-1.454e-01,-32,-22,-34,-24,-1.2,-0.4,-0.4,1.78814e-08
-1.452e-01,-26,-30,-26,-28,-0.8,-1.6,-0.4,-1.2
-1.451e-01,-20,-10,-20,-12,-1.2,-0.4,-0.4,1.78814e-08
-1.449e-01,-14,-16,-14,-16,-0.8,-1.6,-0.8,-1.2
-1.447e-01,-8,4.47035e-08,-8,-2,-0.8,-0.4,-0.4,1.78814e-08
-1.445e-01,-4,-6,-4,-6,-0.8,-1.2,-0.8,-1.2
-1.443e-01,2,12,4.47035e-08,8,-0.8,-0.4,-0.4,1.78814e-08
-1.441e-01,8,4,6,4,-0.8,-1.2,-0.4,-1.2
-1.439e-01,14,22,12,18,-0.8,-0.4,-0.4,1.78814e-08
-1.437e-01,20,16,16,14,-0.8,-1.2,-0.4,-0.8
-1.435e-01,26,34,22,30,-0.8,1.78814e-08,-0.4,0.4
-1.433e-01,30,28,30,26,-0.8,-1.2,-0.4,-0.8
-1.431e-01,38,48,34,42,-0.4,1.78814e-08,-0.4,0.4
-1.429e-01,44,40,40,38,-0.4,-1.2,1.78814e-08,-0.8
-1.427e-01,48,58,46,54,-0.4,1.78814e-08,1.78814e-08,0.4
-1.426e-01,58,52,52,48,-0.4,-0.8,-0.4,-0.4
-1.424e-01,62,70,58,64,1.78814e-08,0.4,1.78814e-08,0.4
-1.422e-01,64,62,62,60,1.78814e-08,-0.8,1.78814e-08,-0.4
-1.420e-01,72,80,68,72,1.78814e-08,0.4,1.78814e-08,0.4
-1.418e-01,76,72,72,68,1.78814e-08,-0.4,1.78814e-08,-0.4
-1.416e-01,80,86,76,82,1.78814e-08,0.4,1.78814e-08,0.4
-1.414e-01,84,80,80,76,1.78814e-08,-0.4,1.78814e-08,-0.4
-1.412e-01,88,94,82,88,1.78814e-08,0.8,1.78814e-08,0.4
-1.410e-01,92,86,86,84,1.78814e-08,-0.4,1.78814e-08,-0.4
-1.408e-01,92,98,88,92,1.78814e-08,0.8,1.78814e-08,0.8
-1.406e-01,96,92,90,88,0.4,1.78814e-08,1.78814e-08,-0.4
-1.404e-01,98,104,94,98,0.4,0.8,1.78814e-08,0.8
-1.403e-01,100,96,94,92,0.4,1.78814e-08,0.4,1.78814e-08
-1.401e-01,104,108,96,100,0.4,0.8,0.4,0.8
-1.399e-01,104,100,98,96,0.8,1.78814e-08,0.4,1.78814e-08
-1.397e-01,104,110,100,104,0.4,1.2,0.4,0.8
-1.395e-01,106,100,102,98,0.8,1.78814e-08,0.4,1.78814e-08
-1.393e-01,106,110,100,104,0.8,1.2,0.4,0.8
-1.391e-01,106,96,100,94,0.8,0.4,0.4,1.78814e-08
-1.389e-01,102,108,96,102,0.8,1.2,0.4,0.8
-1.387e-01,100,92,96,88,0.8,0.4,0.4,1.78814e-08
-1.385e-01,98,104,94,98,1.2,1.2,0.4,0.8
-1.383e-01,94,88,92,84,0.8,0.4,0.4,1.78814e-08
-1.381e-01,94,100,88,94,0.8,1.6,0.4,1.2
-1.379e-01,92,82,88,80,0.8,0.4,0.8,1.78814e-08
-1.378e-01,88,94,84,88,1.2,1.6,0.4,1.2
-1.376e-01,86,76,82,74,1.2,0.4,0.4,1.78814e-08
-1.374e-01,82,90,80,84,1.2,1.6,0.4,1.2
-1.372e-01,80,70,76,66,1.2,0.4,0.4,1.78814e-08
-1.370e-01,76,84,74,78,0.8,1.6,0.4,1.2
-1.368e-01,74,60,70,58,1.2,0.8,0.4,1.78814e-08
-1.366e-01,68,76,66,72,1.2,1.6,0.4,1.2
-1.364e-01,64,50,60,48,1.2,0.8,0.4,1.78814e-08
-1.362e-01,58,68,56,62,1.2,1.6,0.4,0.8
-1.360e-01,52,36,50,36,1.2,0.8,0.4,1.78814e-08
-1.358e-01,46,56,44,52,1.2,1.6,0.4,0.8
-1.356e-01,38,22,38,22,1.2,0.8,0.4,1.78814e-08
-1.355e-01,32,42,30,38,1.2,1.6,0.4,0.8
-1.353e-01,24,10,24,8,1.2,0.4,0.4,1.78814e-08
-1.351e-01,18,28,16,26,0.8,1.6,0.4,0.8
-1.349e-01,12,-2,10,-2,1.2,0.4,0.4,1.78814e-08
-1.347e-01,6,16,6,12,0.8,1.6,0.4,0.8
-1.345e-01,4.47035e-08,-12,4.47035e-08,-12,0.8,0.4,1.78814e-08,1.78814e-08
-1.343e-01,-4,6,-6,2,1.2,1.6,0.4,0.8
-1.341e-01,-10,-24,-10,-22,0.8,0.4,1.78814e-08,-0.4
-1.339e-01,-16,-6,-14,-8,0.8,1.2,0.4,0.8
-1.337e-01,-22,-36,-20,-34,0.8,0.4,1.78814e-08,-0.4
-1.335e-01,-28,-18,-26,-18,0.8,1.2,1.78814e-08,0.8
-1.333e-01,-32,-48,-32,-46,0.8,1.78814e-08,1.78814e-08,-0.4
-1.331e-01,-40,-30,-38,-30,0.8,1.2,1.78814e-08,0.4
-1.330e-01,-48,-60,-46,-58,0.4,1.78814e-08,1.78814e-08,-0.4
-1.328e-01,-52,-42,-50,-42,0.4,1.2,1.78814e-08,0.4
-1.326e-01,-58,-70,-56,-68,0.4,1.78814e-08,1.78814e-08,-0.4
-1.324e-01,-62,-54,-62,-54,0.4,0.8,1.78814e-08,0.4
-1.322e-01,-66,-80,-66,-78,1.78814e-08,-0.4,1.78814e-08,-0.8
-1.320e-01,-72,-64,-70,-64,0.4,0.8,-0.4,0.4
-1.318e-01,-78,-88,-76,-86,1.78814e-08,-0.4,1.78814e-08,-0.8
-1.316e-01,-80,-74,-78,-74,1.78814e-08,0.8,-0.4,0.4
-1.314e-01,-84,-94,-84,-92,1.78814e-08,-0.4,1.78814e-08,-0.8
-1.312e-01,-88,-82,-88,-82,1.78814e-08,0.4,1.78814e-08,0.4
-1.310e-01,-92,-100,-90,-96,1.78814e-08,-0.8,-0.4,-0.8
-1.308e-01,-94,-88,-94,-86,1.78814e-08,0.4,-0.4,0.4
-1.307e-01,-96,-104,-94,-100,-0.4,-0.8,-0.4,-0.8
-1.305e-01,-100,-94,-96,-92,-0.4,0.4,-0.4,0.4
-1.303e-01,-102,-110,-98,-104,-0.4,-0.8,-0.4,-1.2
-1.301e-01,-104,-98,-102,-96,-0.4,0.4,-0.4,0.4
-1.299e-01,-106,-112,-104,-108,-0.4,-1.2,-0.4,-1.2
-1.297e-01,-108,-102,-104,-100,1.78814e-08,1.78814e-08,-0.4,1.78814e-08
-1.295e-01,-108,-112,-106,-108,-0.4,-1.2,-0.4,-1.2
-1.293e-01,-106,-102,-106,-102,-0.4,1.78814e-08,-0.4,1.78814e-08
-1.291e-01,-106,-110,-104,-106,-0.4,-1.2,-0.4,-1.2
-1.289e-01,-106,-98,-102,-98,-0.8,-0.4,-0.8,1.78814e-08
-1.287e-01,-102,-106,-100,-102,-0.4,-1.2,-0.8,-1.2
-1.285e-01,-98,-94,-98,-94,-0.8,-0.4,-0.8,1.78814e-08
-1.283e-01,-96,-102,-96,-98,-0.8,-1.2,-0.8,-1.2
-1.282e-01,-96,-90,-94,-90,-0.8,-0.4,-0.8,1.78814e-08
-1.280e-01,-92,-96,-92,-94,-0.8,-1.6,-0.8,-1.2
-1.278e-01,-90,-84,-88,-84,-0.8,-0.4,-0.8,1.78814e-08
-1.276e-01,-88,-92,-86,-88,-0.8,-1.6,-0.8,-1.2
-1.274e-01,-86,-78,-84,-78,-0.8,-0.4,-0.8,1.78814e-08
-1.272e-01,-80,-86,-80,-84,-1.2,-1.6,-0.8,-1.2
-1.270e-01,-78,-72,-76,-72,-0.8,-0.4,-0.8,1.78814e-08
-1.268e-01,-74,-78,-74,-76,-0.8,-1.6,-0.8,-1.2
-1.266e-01,-70,-62,-70,-64,-1.2,-0.4,-0.8,1.78814e-08
-1.264e-01,-66,-68,-66,-68,-1.2,-1.6,-0.8,-1.2
-1.262e-01,-60,-52,-60,-54,-0.8,-0.4,-0.8,1.78814e-08
-1.260e-01,-56,-58,-56,-58,-1.2,-1.6,-0.8,-1.2
-1.259e-01,-48,-38,-48,-40,-1.2,-0.4,-0.8,1.78814e-08
-1.257e-01,-42,-44,-42,-44,-0.8,-1.6,-0.4,-1.2
-1.255e-01,-34,-24,-36,-26,-1.2,-0.4,-0.4,1.78814e-08
-1.253e-01,-28,-30,-28,-30,-0.8,-1.6,-0.8,-1.2
-1.251e-01,-20,-12,-22,-14,-0.8,-0.4,-0.4,1.78814e-08
-1.249e-01,-14,-18,-16,-18,-0.8,-1.6,-0.8,-1.2
-1.247e-01,-8,4.47035e-08,-10,-2,-0.8,-0.4,-0.8,1.78814e-08
-1.245e-01,-4,-6,-4,-8,-0.8,-1.2,-0.4,-1.2
-1.243e-01,2,10,4.47035e-08,6,-0.8,-0.4,-0.4,1.78814e-08
-1.241e-01,6,4,4,4,-0.8,-1.2,-0.4,-0.8
-1.239e-01,14,22,10,18,-0.8,1.78814e-08,-0.4,1.78814e-08
-1.237e-01,18,14,16,14,-0.4,-1.2,-0.4,-0.8
-1.235e-01,24,34,22,30,-0.4,1.78814e-08,-0.4,0.4
-1.234e-01,30,26,28,24,-0.4,-1.2,-0.4,-0.8
-1.232e-01,36,46,34,40,-0.8,1.78814e-08,-0.4,0.4
-1.230e-01,42,40,40,36,-0.4,-0.8,-0.4,-0.8
-1.228e-01,48,58,46,52,-0.4,1.78814e-08,1.78814e-08,0.4
-1.226e-01,54,52,50,48,-0.4,-0.8,1.78814e-08,-0.4
-1.224e-01,60,68,56,62,1.78814e-08,0.4,-0.4,0.4
-1.222e-01,66,62,60,58,-0.4,-0.8,1.78814e-08,-0.4
-1.220e-01,70,78,66,72,1.78814e-08,0.4,1.78814e-08,0.4
-1.218e-01,74,72,70,68,1.78814e-08,-0.4,1.78814e-08,-0.4
-1.216e-01,82,86,74,80,1.78814e-08,0.4,1.78814e-08,0.4
-1.214e-01,84,80,78,76,1.78814e-08,-0.4,1.78814e-08,-0.4
-1.212e-01,86,92,82,86,1.78814e-08,0.8,1.78814e-08,0.8
-1.211e-01,90,86,84,82,1.78814e-08,-0.4,1.78814e-08,-0.4
-1.209e-01,92,98,86,92,0.4,0.8,1.78814e-08,0.8
-1.207e-01,96,92,90,88,0.4,1.78814e-08,0.4,-0.4
-1.205e-01,98,104,92,96,0.4,0.8,0.4,0.8
-1.203e-01,102,96,96,92,0.4,1.78814e-08,1.78814e-08,-0.4
-1.201e-01,102,108,98,100,0.8,1.2,0.4,0.8
-1.199e-01,106,100,98,96,0.4,1.78814e-08,0.4,1.78814e-08
-1.197e-01,106,110,100,104,0.4,1.2,0.4,0.8
-1.195e-01,106,100,102,98,0.8,0.4,0.4,1.78814e-08
-1.193e-01,106,110,100,104,0.8,1.2,0.8,1.2
-1.191e-01,104,96,100,94,0.8,0.4,0.4,1.78814e-08
-1.189e-01,102,108,98,102,0.8,1.2,0.4,0.8
-1.187e-01,100,94,96,90,0.8,0.4,0.4,1.78814e-08
-1.186e-01,98,104,94,98,1.2,1.2,0.4,0.8
-1.184e-01,96,88,92,84,1.2,0.4,0.4,1.78814e-08
-1.182e-01,94,100,90,94,0.8,1.6,0.4,1.2
-1.180e-01,92,84,86,80,0.8,0.4,0.4,1.78814e-08
-1.178e-01,90,96,86,90,1.2,1.6,0.8,1.2
-1.176e-01,86,78,82,74,1.2,0.4,0.4,1.78814e-08
-1.174e-01,82,90,78,84,0.8,1.6,0.4,1.2
-1.172e-01,82,70,76,68,1.2,0.4,0.4,1.78814e-08
-1.170e-01,78,84,72,78,1.2,1.6,0.8,1.2
-1.168e-01,74,62,70,60,0.8,0.8,0.4,1.78814e-08
-1.166e-01,68,76,66,72,1.2,1.6,0.4,1.2
-1.164e-01,64,50,60,50,1.2,0.8,0.4,1.78814e-08
-1.163e-01,60,68,56,64,1.2,1.6,0.4,0.8
-1.161e-01,54,36,52,36,1.2,0.8,0.4,1.78814e-08
-1.159e-01,48,58,44,54,1.2,1.6,0.8,0.8
-1.157e-01,42,24,38,22,1.2,0.8,0.4,1.78814e-08
-1.155e-01,34,44,32,40,1.2,1.6,0.4,0.8
-1.153e-01,28,10,24,10,1.2,0.4,0.4,1.78814e-08
-1.151e-01,20,30,18,26,0.8,1.6,0.4,0.8
-1.149e-01,14,4.47035e-08,12,4.47035e-08,1.2,0.4,0.4,1.78814e-08
-1.147e-01,6,16,6,14,0.8,1.6,0.4,0.8
-1.145e-01,2,-12,4.47035e-08,-10,1.2,0.4,0.4,-0.4
-1.143e-01,-4,6,-4,4,0.8,1.2,1.78814e-08,0.8
-1.141e-01,-8,-24,-8,-20,1.2,0.4,0.4,-0.4
-1.139e-01,-14,-6,-14,-6,0.8,1.2,1.78814e-08,0.8
-1.138e-01,-20,-34,-20,-32,0.8,0.4,1.78814e-08,-0.4
-1.136e-01,-26,-16,-26,-18,0.8,1.2,1.78814e-08,0.8
-1.134e-01,-30,-48,-30,-44,0.8,1.78814e-08,1.78814e-08,-0.4
-1.132e-01,-38,-28,-36,-28,0.8,1.2,-0.4,0.8
-1.130e-01,-44,-58,-42,-56,0.4,1.78814e-08,1.78814e-08,-0.4
-1.128e-01,-52,-40,-50,-40,0.4,1.2,1.78814e-08,0.4
-1.126e-01,-56,-70,-54,-66,0.4,1.78814e-08,1.78814e-08,-0.4
-1.124e-01,-60,-52,-60,-52,0.4,0.8,-0.4,0.4
-1.122e-01,-66,-80,-66,-76,0.4,-0.4,1.78814e-08,-0.8
-1.120e-01,-72,-62,-70,-62,1.78814e-08,0.8,-0.4,0.4
-1.118e-01,-78,-88,-74,-84,0.4,-0.4,-0.4,-0.8
-1.116e-01,-78,-72,-78,-72,1.78814e-08,0.8,-0.4,0.4
-1.115e-01,-84,-94,-82,-90,0.4,-0.4,-0.4,-0.8
-1.113e-01,-88,-80,-86,-80,1.78814e-08,0.4,1.78814e-08,0.4
-1.111e-01,-90,-100,-88,-96,1.78814e-08,-0.8,-0.4,-0.8
-1.109e-01,-94,-88,-92,-88,1.78814e-08,0.4,-0.4,1.78814e-08
-1.107e-01,-96,-104,-94,-100,-0.4,-0.8,-0.4,-0.8
-1.105e-01,-100,-92,-96,-92,-0.4,0.4,-0.4,1.78814e-08
-1.103e-01,-100,-108,-98,-104,-0.4,-0.8,-0.4,-1.2
-1.101e-01,-104,-98,-100,-96,-0.4,1.78814e-08,-0.4,1.78814e-08
-1.099e-01,-106,-110,-102,-108,-0.4,-0.8,-0.4,-1.2
-1.097e-01,-106,-102,-104,-100,-0.4,1.78814e-08,-0.4,1.78814e-08
-1.095e-01,-108,-112,-106,-108,-0.8,-1.2,-0.8,-1.2
-1.093e-01,-106,-102,-104,-102,-0.4,1.78814e-08,-0.8,1.78814e-08
-1.091e-01,-106,-110,-104,-106,-0.4,-1.6,-0.4,-1.2
-1.090e-01,-106,-98,-102,-98,-0.8,-0.4,-0.8,1.78814e-08
-1.088e-01,-102,-106,-100,-102,-0.8,-1.2,-0.8,-1.2
-1.086e-01,-100,-94,-98,-94,-0.8,-0.4,-0.8,1.78814e-08
-1.084e-01,-98,-102,-96,-98,-0.8,-1.6,-0.8,-1.2
-1.082e-01,-96,-88,-94,-90,-0.8,-0.4,-0.8,1.78814e-08
-1.080e-01,-92,-96,-92,-94,-0.8,-1.6,-0.8,-1.2
-1.078e-01,-90,-84,-90,-84,-0.8,-0.4,-0.8,1.78814e-08
-1.076e-01,-88,-92,-86,-88,-0.8,-1.6,-0.8,-1.2
-1.074e-01,-86,-78,-84,-80,-1.2,-0.4,-0.8,1.78814e-08
-1.072e-01,-84,-86,-82,-84,-0.8,-1.6,-0.8,-1.2
-1.070e-01,-78,-72,-78,-72,-0.8,-0.4,-0.4,1.78814e-08
-1.068e-01,-76,-78,-74,-78,-0.8,-1.6,-0.8,-1.2
-1.066e-01,-70,-62,-70,-64,-0.8,-0.4,-0.4,1.78814e-08
-1.065e-01,-66,-70,-68,-68,-1.2,-1.6,-0.8,-1.2
-1.063e-01,-62,-52,-62,-54,-1.2,-0.4,-0.8,1.78814e-08
-1.061e-01,-56,-58,-56,-58,-1.2,-1.6,-0.4,-1.2
-1.059e-01,-50,-40,-50,-42,-1.2,-0.4,-0.8,1.78814e-08
-1.057e-01,-42,-46,-44,-46,-1.2,-1.6,-0.8,-1.2
-1.055e-01,-36,-24,-36,-28,-1.2,-0.4,-0.4,1.78814e-08
-1.053e-01,-28,-32,-30,-32,-0.8,-1.6,-0.8,-1.2
-1.051e-01,-22,-12,-24,-14,-0.8,-0.4,-0.4,1.78814e-08
-1.049e-01,-16,-18,-16,-18,-1.2,-1.6,-0.4,-1.2
-1.047e-01,-10,-2,-10,-4,-0.8,-0.4,-0.4,1.78814e-08
-1.045e-01,-6,-8,-6,-8,-0.8,-1.2,-0.8,-1.2
-1.043e-01,4.47035e-08,10,-2,6,-0.8,-0.4,-0.8,1.78814e-08
-1.042e-01,6,2,4,2,-0.8,-1.2,-0.8,-0.8
-1.040e-01,12,20,8,16,-0.8,-0.4,-0.4,1.78814e-08
-1.038e-01,16,14,14,12,-0.8,-1.2,-0.4,-0.8
-1.036e-01,22,32,20,28,-0.4,1.78814e-08,-0.4,0.4
-1.034e-01,30,26,26,24,-0.4,-1.2,-0.4,-0.8
-1.032e-01,36,44,32,40,-0.4,1.78814e-08,-0.4,0.4
-1.030e-01,42,38,38,34,-0.4,-0.8,-0.4,-0.8
-1.028e-01,48,56,42,50,-0.4,1.78814e-08,-0.4,0.4
-1.026e-01,54,50,50,46,-0.4,-0.8,-0.4,-0.8
-1.024e-01,60,68,56,62,1.78814e-08,0.4,1.78814e-08,0.4
-1.022e-01,64,60,60,58,-0.4,-0.8,1.78814e-08,-0.4
-1.020e-01,70,78,64,72,1.78814e-08,0.4,1.78814e-08,0.4
-1.018e-01,76,70,70,66,1.78814e-08,-0.8,1.78814e-08,-0.4
-1.017e-01,80,86,74,80,1.78814e-08,0.4,1.78814e-08,0.4
-1.015e-01,82,80,78,76,0.4,-0.4,1.78814e-08,-0.4
-1.013e-01,86,92,82,86,1.78814e-08,0.8,1.78814e-08,0.8
-1.011e-01,88,86,84,82,1.78814e-08,-0.4,1.78814e-08,-0.4
-1.009e-01,92,98,86,92,1.78814e-08,0.8,1.78814e-08,0.8
-1.007e-01,94,92,90,88,0.4,1.78814e-08,0.4,-0.4
-1.005e-01,98,102,92,96,0.4,0.8,1.78814e-08,0.8
-1.003e-01,100,96,94,92,0.4,1.78814e-08,0.4,-0.4
-1.001e-01,102,108,96,100,0.4,0.8,0.4,0.8
-9.993e-02,104,100,98,96,0.4,1.78814e-08,0.4,1.78814e-08
-9.974e-02,106,110,100,104,0.4,1.2,0.4,0.8
-9.955e-02,108,102,102,98,0.8,0.4,0.4,1.78814e-08
-9.935e-02,106,110,102,104,1.2,1.2,0.4,0.8
-9.916e-02,106,98,100,94,0.8,0.4,0.4,1.78814e-08
-9.897e-02,104,108,98,102,0.8,1.2,0.4,0.8
-9.878e-02,100,94,96,90,0.8,0.4,0.4,1.78814e-08
-9.859e-02,98,106,94,98,0.8,1.6,0.4,0.8
-9.839e-02,96,90,92,86,0.8,0.4,0.4,1.78814e-08
-9.820e-02,94,100,88,94,0.8,1.6,0.4,1.2
-9.801e-02,92,84,88,80,0.8,0.4,0.4,1.78814e-08
-9.782e-02,88,96,84,90,0.8,1.6,0.4,1.2
-9.763e-02,88,78,82,74,1.2,0.4,0.4,1.78814e-08
-9.743e-02,84,90,80,84,1.2,1.6,0.4,1.2
-9.724e-02,82,72,78,68,1.2,0.8,0.4,1.78814e-08
-9.705e-02,76,84,74,80,1.2,1.6,0.4,1.2
-9.686e-02,74,62,70,60,1.2,0.8,1.78814e-08,1.78814e-08
-9.667e-02,70,78,66,72,1.2,1.6,0.4,1.2
-9.647e-02,66,52,64,50,1.2,0.8,0.4,1.78814e-08
-9.628e-02,62,70,58,64,1.2,1.6,0.4,0.8
-9.609e-02,54,40,52,38,1.2,0.8,1.78814e-08,1.78814e-08
-9.590e-02,48,58,46,54,1.2,1.6,0.4,0.8
-9.571e-02,40,26,40,24,1.2,0.8,0.4,1.78814e-08
-9.551e-02,34,44,32,42,1.2,1.6,0.4,0.8
-9.532e-02,28,12,26,12,1.2,0.4,0.4,1.78814e-08
-9.513e-02,22,32,20,28,1.2,1.6,0.4,0.8
-9.494e-02,16,4.47035e-08,12,4.47035e-08,1.2,0.4,0.4,1.78814e-08
-9.475e-02,8,18,8,16,0.8,1.6,0.4,0.8
-9.455e-02,2,-10,2,-10,0.8,0.4,0.4,-0.4
-9.436e-02,-2,6,-4,4,0.8,1.6,1.78814e-08,0.8
-9.417e-02,-6,-20,-8,-20,0.8,0.4,0.4,-0.4
-9.398e-02,-12,-4,-14,-4,0.8,1.2,1.78814e-08,0.8
-9.378e-02,-20,-34,-18,-32,0.8,0.4,1.78814e-08,-0.4
-9.359e-02,-26,-16,-24,-16,1.2,1.2,1.78814e-08,0.8
-9.340e-02,-32,-46,-30,-44,0.4,1.78814e-08,0.4,-0.4
-9.321e-02,-36,-26,-36,-28,0.8,1.2,1.78814e-08,0.4
-9.302e-02,-40,-58,-42,-56,0.8,1.78814e-08,0.4,-0.4
-9.282e-02,-50,-38,-48,-40,0.4,1.2,1.78814e-08,0.4
-9.263e-02,-56,-68,-54,-66,0.4,1.78814e-08,1.78814e-08,-0.4
-9.244e-02,-60,-50,-60,-52,0.4,0.8,1.78814e-08,0.4
-9.225e-02,-66,-78,-64,-76,0.4,-0.4,1.78814e-08,-0.8
-9.206e-02,-72,-62,-68,-62,0.4,0.8,1.78814e-08,0.4
-9.186e-02,-76,-86,-74,-84,1.78814e-08,-0.4,-0.4,-0.8
-9.167e-02,-78,-72,-78,-72,0.4,0.8,-0.4,0.4
-9.148e-02,-82,-92,-82,-90,1.78814e-08,-0.4,-0.4,-0.8
-9.129e-02,-88,-80,-86,-80,1.78814e-08,0.4,-0.4,0.4
-9.110e-02,-90,-98,-88,-96,1.78814e-08,-0.8,-0.4,-0.8
-9.090e-02,-92,-86,-90,-86,1.78814e-08,0.4,-0.4,0.4
-9.071e-02,-96,-104,-94,-100,1.78814e-08,-0.8,-0.4,-0.8
-9.052e-02,-98,-92,-96,-92,-0.4,0.4,-0.4,1.78814e-08
-9.033e-02,-102,-108,-98,-104,-0.4,-0.8,-0.4,-1.2
-9.014e-02,-102,-98,-100,-96,-0.4,1.78814e-08,-0.4,1.78814e-08
-8.994e-02,-106,-110,-102,-108,-0.4,-1.2,-0.4,-1.2
-8.975e-02,-106,-100,-104,-100,-0.4,1.78814e-08,-0.4,1.78814e-08
-8.956e-02,-108,-112,-106,-108,-0.4,-1.2,-0.4,-1.2
-8.937e-02,-108,-102,-106,-102,-0.8,1.78814e-08,-0.4,1.78814e-08
-8.918e-02,-106,-110,-104,-106,-0.4,-1.2,-0.4,-1.2
-8.898e-02,-104,-100,-104,-98,-0.8,-0.4,-0.8,1.78814e-08
-8.879e-02,-104,-106,-100,-104,-0.8,-1.2,-0.8,-1.2
-8.860e-02,-100,-94,-98,-94,-0.8,-0.4,-0.8,1.78814e-08
-8.841e-02,-100,-102,-96,-98,-0.8,-1.6,-0.8,-1.2
-8.822e-02,-96,-90,-94,-90,-0.8,-0.4,-0.8,1.78814e-08
-8.802e-02,-94,-98,-92,-94,-0.8,-1.6,-0.8,-1.2
-8.783e-02,-92,-86,-90,-86,-0.8,-0.4,-0.8,1.78814e-08
-8.764e-02,-88,-92,-86,-90,-0.8,-1.6,-0.8,-1.2
-8.745e-02,-86,-78,-86,-80,-0.8,-0.4,-0.8,-0.4
-8.726e-02,-82,-86,-82,-84,-0.8,-1.6,-0.8,-1.2
-8.706e-02,-78,-72,-80,-74,-0.8,-0.4,-0.8,1.78814e-08
-8.687e-02,-76,-80,-76,-78,-1.2,-1.6,-0.8,-1.2
-8.668e-02,-72,-64,-72,-66,-0.8,-0.4,-0.8,1.78814e-08
-8.649e-02,-68,-72,-68,-70,-1.2,-1.6,-0.8,-1.2
-8.630e-02,-62,-54,-64,-56,-0.8,-0.4,-0.8,1.78814e-08
-8.610e-02,-56,-60,-58,-60,-0.8,-1.6,-0.8,-1.2
-8.591e-02,-50,-40,-50,-44,-1.2,-0.4,-0.8,1.78814e-08
-8.572e-02,-44,-48,-44,-48,-0.8,-1.6,-0.8,-1.2
-8.553e-02,-38,-26,-38,-30,-1.2,-0.4,-0.4,1.78814e-08
-8.534e-02,-30,-34,-30,-32,-0.8,-1.6,-0.4,-1.2
-8.514e-02,-24,-14,-24,-16,-0.8,-0.4,-0.4,1.78814e-08
-8.495e-02,-16,-20,-18,-20,-0.8,-1.6,-0.8,-1.2
-8.476e-02,-12,-2,-12,-6,-0.8,-0.4,-0.4,1.78814e-08
-8.457e-02,-6,-10,-6,-10,-0.8,-1.2,-0.4,-0.8
-8.438e-02,-2,8,-2,4,-0.8,-0.4,-0.4,1.78814e-08
-8.418e-02,4,2,4,2,-0.8,-1.2,-0.4,-0.8
-8.399e-02,10,20,8,16,-0.8,-0.4,-0.4,1.78814e-08
-8.380e-02,18,12,14,12,-0.4,-1.2,-0.4,-0.8
-8.361e-02,22,32,18,26,-0.4,1.78814e-08,-0.4,1.78814e-08
-8.342e-02,28,24,24,22,-0.8,-1.2,-0.4,-0.8
-8.322e-02,34,44,32,38,-0.4,1.78814e-08,1.78814e-08,0.4
-8.303e-02,42,38,36,34,-0.4,-0.8,-0.4,-0.8
-8.284e-02,46,56,42,50,-0.4,1.78814e-08,1.78814e-08,0.4
-8.265e-02,52,48,48,46,-0.4,-0.8,1.78814e-08,-0.8
-8.246e-02,56,66,54,60,-0.4,0.4,-0.4,0.4
-8.226e-02,62,60,58,56,-0.4,-0.8,1.78814e-08,-0.4
-8.207e-02,70,76,64,70,1.78814e-08,0.4,1.78814e-08,0.4
-8.188e-02,72,70,70,66,1.78814e-08,-0.4,1.78814e-08,-0.4
-8.169e-02,78,84,72,78,1.78814e-08,0.4,1.78814e-08,0.4
-8.150e-02,82,78,78,74,1.78814e-08,-0.4,1.78814e-08,-0.4
-8.130e-02,86,92,80,86,0.4,0.8,1.78814e-08,0.8
-8.111e-02,90,86,82,82,0.4,-0.4,1.78814e-08,-0.4
-8.092e-02,92,98,86,90,0.4,0.8,1.78814e-08,0.8
-8.073e-02,94,90,88,86,0.4,-0.4,1.78814e-08,-0.4
-8.054e-02,98,102,92,96,0.4,0.8,1.78814e-08,0.8
-8.034e-02,100,96,94,92,0.4,1.78814e-08,0.4,-0.4
-8.015e-02,102,106,96,100,0.4,0.8,1.78814e-08,0.8
-7.996e-02,102,100,98,96,0.4,1.78814e-08,0.4,1.78814e-08
-7.977e-02,104,110,100,102,0.4,1.2,1.78814e-08,0.8
-7.958e-02,106,102,102,98,0.8,1.78814e-08,0.4,1.78814e-08
-7.938e-02,106,110,102,104,0.8,1.2,0.4,0.8
-7.919e-02,104,98,100,94,0.8,0.4,0.4,1.78814e-08
-7.900e-02,104,110,100,102,0.8,1.2,0.4,0.8
-7.881e-02,102,94,98,90,0.8,0.4,0.4,1.78814e-08
-7.862e-02,100,104,94,100,0.8,1.2,0.4,0.8
-7.842e-02,96,90,94,86,0.8,0.4,0.4,1.78814e-08
-7.823e-02,96,100,92,94,0.8,1.6,0.8,1.2
-7.804e-02,94,84,88,82,0.8,0.4,0.8,1.78814e-08
-7.785e-02,88,96,86,90,1.2,1.6,0.4,1.2
-7.766e-02,86,78,84,76,1.2,0.4,0.4,1.78814e-08
-7.746e-02,86,90,80,86,1.2,1.6,0.4,1.2
-7.727e-02,84,72,78,70,1.2,0.4,0.8,1.78814e-08
-7.708e-02,78,84,74,80,1.2,1.6,0.4,1.2
-7.689e-02,76,64,70,62,0.8,0.8,0.4,1.78814e-08
-7.670e-02,72,78,68,74,1.2,1.6,0.4,1.2
-7.650e-02,66,54,62,52,1.2,0.8,0.4,1.78814e-08
-7.631e-02,62,70,58,66,1.2,1.6,0.4,1.2
-7.612e-02,56,40,54,38,1.2,0.8,0.4,1.78814e-08
-7.593e-02,50,60,48,56,1.2,1.6,0.4,0.8
-7.574e-02,42,26,40,26,1.2,0.8,0.4,1.78814e-08
-7.554e-02,36,46,34,42,1.2,1.6,0.4,0.8
-7.535e-02,28,14,28,12,1.2,0.4,0.4,1.78814e-08
-7.516e-02,22,32,20,30,1.2,1.6,0.4,0.8
-7.497e-02,16,2,14,2,1.2,0.4,0.4,1.78814e-08
-7.478e-02,8,20,10,16,1.2,1.6,0.4,0.8
-7.458e-02,4,-10,4,-8,1.2,0.4,1.78814e-08,-0.4
-7.439e-02,4.47035e-08,8,-2,6,0.8,1.6,0.4,0.8
-7.420e-02,-6,-20,-6,-18,0.8,0.4,0.4,-0.4
-7.401e-02,-12,-4,-12,-4,1.2,1.2,0.4,0.8
-7.382e-02,-18,-32,-18,-30,0.8,0.4,1.78814e-08,-0.4
-7.362e-02,-22,-14,-22,-16,0.8,1.2,1.78814e-08,0.8
-7.343e-02,-30,-44,-28,-42,0.8,1.78814e-08,1.78814e-08,-0.4
-7.324e-02,-36,-26,-34,-26,0.8,1.2,1.78814e-08,0.8
-7.305e-02,-44,-56,-40,-54,0.8,1.78814e-08,1.78814e-08,-0.4
-7.286e-02,-48,-38,-48,-38,0.8,1.2,1.78814e-08,0.4
-7.266e-02,-54,-66,-52,-66,0.4,1.78814e-08,1.78814e-08,-0.4
-7.247e-02,-60,-50,-58,-50,0.4,0.8,1.78814e-08,0.4
-7.228e-02,-64,-78,-64,-74,0.4,-0.4,-0.4,-0.8
-7.209e-02,-68,-60,-68,-60,1.78814e-08,0.8,1.78814e-08,0.4
-7.190e-02,-74,-86,-74,-84,0.4,-0.4,-0.4,-0.8
-7.170e-02,-80,-70,-76,-70,0.4,0.8,1.78814e-08,0.4
-7.151e-02,-84,-94,-82,-90,1.78814e-08,-0.4,-0.4,-0.8
-7.132e-02,-88,-80,-84,-80,1.78814e-08,0.4,-0.4,0.4
-7.113e-02,-88,-98,-88,-96,1.78814e-08,-0.8,1.78814e-08,-0.8
-7.094e-02,-92,-86,-90,-86,1.78814e-08,0.4,-0.4,0.4
-7.074e-02,-96,-104,-92,-100,1.78814e-08,-0.8,-0.4,-0.8
-7.055e-02,-96,-92,-96,-92,-0.4,0.4,-0.4,0.4
-7.036e-02,-100,-108,-98,-104,1.78814e-08,-0.8,-0.4,-0.8
-7.017e-02,-104,-96,-100,-96,-0.4,0.4,-0.4,1.78814e-08
-6.998e-02,-104,-112,-102,-106,-0.4,-1.2,-0.8,-1.2
-6.978e-02,-106,-100,-104,-100,-0.4,1.78814e-08,-0.4,1.78814e-08
-6.959e-02,-106,-112,-104,-108,-0.4,-1.2,-0.8,-1.2
-6.940e-02,-106,-102,-106,-102,-0.8,1.78814e-08,-0.4,1.78814e-08
-6.921e-02,-108,-110,-106,-106,-0.4,-1.2,-0.4,-1.2
-6.902e-02,-106,-100,-102,-100,-0.8,-0.4,-0.8,1.78814e-08
-6.882e-02,-104,-106,-102,-104,-0.8,-1.2,-0.4,-1.2
-6.863e-02,-102,-96,-100,-94,-0.8,-0.4,-0.8,1.78814e-08
-6.844e-02,-98,-102,-96,-100,-0.8,-1.2,-0.8,-1.2
-6.825e-02,-96,-90,-94,-90,-0.8,-0.4,-0.8,1.78814e-08
-6.806e-02,-94,-98,-92,-94,-0.8,-1.6,-0.8,-1.2
-6.786e-02,-90,-84,-90,-86,-0.8,-0.4,-0.8,1.78814e-08
-6.767e-02,-90,-92,-88,-90,-0.8,-1.6,-0.4,-1.2
-6.748e-02,-86,-80,-84,-80,-0.8,-0.4,-0.8,1.78814e-08
-6.729e-02,-82,-86,-82,-84,-1.2,-1.6,-0.8,-1.2
-6.710e-02,-78,-74,-78,-74,-0.8,-0.4,-0.8,-0.4
-6.690e-02,-76,-80,-76,-78,-0.8,-1.6,-0.8,-1.2
-6.671e-02,-72,-64,-72,-66,-1.2,-0.4,-0.8,-0.4
-6.652e-02,-66,-72,-68,-70,-1.2,-1.6,-0.8,-1.2
-6.633e-02,-64,-54,-64,-56,-0.8,-0.4,-0.4,1.78814e-08
-6.614e-02,-58,-62,-58,-60,-1.2,-1.6,-0.4,-1.2
-6.594e-02,-52,-42,-54,-44,-1.2,-0.4,-0.8,1.78814e-08
-6.575e-02,-46,-48,-46,-48,-1.2,-1.6,-0.8,-1.2
-6.556e-02,-40,-28,-40,-30,-0.8,-0.4,-0.4,1.78814e-08
-6.537e-02,-30,-34,-32,-34,-0.8,-1.6,-0.8,-1.2
-6.518e-02,-26,-16,-24,-18,-1.2,-0.4,-0.8,1.78814e-08
-6.498e-02,-18,-22,-20,-22,-1.2,-1.6,-0.8,-1.2
-6.479e-02,-14,-4,-12,-6,-0.8,-0.4,-0.4,1.78814e-08
-6.460e-02,-6,-10,-8,-10,-0.8,-1.2,-0.4,-1.2
-6.441e-02,4.47035e-08,8,-2,4,-0.8,-0.4,-0.4,1.78814e-08
-6.422e-02,4,4.47035e-08,2,4.47035e-08,-0.8,-1.2,-0.4,-0.8
-6.402e-02,10,18,8,14,-0.8,-0.4,-0.4,1.78814e-08
-6.383e-02,14,12,12,10,-0.8,-1.2,-0.4,-0.8
-6.364e-02,20,30,18,26,-0.8,1.78814e-08,-0.4,1.78814e-08
-6.345e-02,26,22,24,22,-0.8,-1.2,-0.4,-0.8
-6.325e-02,32,42,30,36,-0.8,1.78814e-08,-0.4,0.4
-6.306e-02,40,36,34,32,-0.8,-0.8,-0.4,-0.8
-6.287e-02,46,54,42,48,-0.4,1.78814e-08,-0.4,0.4
-6.268e-02,50,48,48,44,-0.4,-0.8,-0.4,-0.8
-6.249e-02,58,66,52,60,-0.4,0.4,1.78814e-08,0.4
-6.229e-02,62,60,58,56,-0.4,-0.8,1.78814e-08,-0.4
-6.210e-02,68,76,64,70,1.78814e-08,0.4,1.78814e-08,0.4
-6.191e-02,72,68,68,66,1.78814e-08,-0.4,-0.4,-0.4
-6.172e-02,78,84,72,78,1.78814e-08,0.4,1.78814e-08,0.4
-6.153e-02,82,78,76,74,1.78814e-08,-0.4,1.78814e-08,-0.4
-6.133e-02,82,90,80,84,0.4,0.4,1.78814e-08,0.8
-6.114e-02,88,84,82,82,0.4,-0.4,1.78814e-08,-0.4
-6.095e-02,90,96,86,90,1.78814e-08,0.8,1.78814e-08,0.8
-6.076e-02,94,90,88,86,0.4,-0.4,1.78814e-08,-0.4
-6.057e-02,96,102,92,96,0.4,0.8,1.78814e-08,0.8
-6.037e-02,100,96,94,90,0.4,1.78814e-08,0.4,-0.4
-6.018e-02,102,106,96,100,0.4,0.8,0.4,0.8
-5.999e-02,104,98,98,96,0.8,1.78814e-08,0.4,1.78814e-08
-5.980e-02,106,110,100,102,0.8,1.2,0.4,0.8
-5.961e-02,106,102,102,98,0.4,0.4,0.4,1.78814e-08
-5.941e-02,104,110,102,104,0.8,1.2,0.4,0.8
-5.922e-02,104,98,102,96,0.8,0.4,0.4,1.78814e-08
-5.903e-02,104,108,100,104,0.8,1.2,0.4,0.8
-5.884e-02,102,94,98,92,0.8,0.4,0.4,1.78814e-08
-5.865e-02,100,106,94,100,0.8,1.2,0.4,0.8
-5.845e-02,98,90,94,86,0.8,0.4,0.4,1.78814e-08
-5.826e-02,96,100,90,96,1.2,1.6,0.4,1.2
-5.807e-02,94,84,90,82,1.2,0.4,0.4,1.78814e-08
-5.788e-02,90,96,86,90,1.2,1.6,0.4,1.2
-5.769e-02,88,80,84,76,1.2,0.4,0.4,1.78814e-08
-5.749e-02,86,92,82,86,1.2,1.6,0.8,1.2
-5.730e-02,82,72,78,70,1.2,0.4,0.4,1.78814e-08
-5.711e-02,78,86,76,80,1.2,1.6,0.8,1.2
-5.692e-02,76,64,72,62,1.2,0.4,0.4,1.78814e-08
-5.673e-02,70,78,68,74,1.2,1.6,0.8,1.2
-5.653e-02,68,54,64,54,1.2,0.8,0.4,1.78814e-08
-5.634e-02,62,72,60,66,1.2,1.6,0.4,1.2
-5.615e-02,58,42,54,40,1.2,0.8,0.8,1.78814e-08
-5.596e-02,50,60,50,58,1.2,1.6,0.4,0.8
-5.577e-02,44,28,42,26,1.2,0.8,0.4,1.78814e-08
-5.557e-02,38,48,34,44,1.2,1.6,0.4,0.8
-5.538e-02,30,14,28,14,1.2,0.4,0.4,1.78814e-08
-5.519e-02,22,34,22,30,1.2,1.6,1.78814e-08,0.8
-5.500e-02,18,2,16,2,1.2,0.4,0.4,1.78814e-08
-5.481e-02,10,20,10,18,0.8,1.6,0.4,0.8
-5.461e-02,6,-8,4,-8,1.2,0.4,0.4,1.78814e-08
-5.442e-02,4.47035e-08,10,4.47035e-08,6,1.2,1.6,0.4,0.8
-5.423e-02,-6,-20,-6,-18,0.8,0.4,1.78814e-08,-0.4
-5.404e-02,-12,-2,-12,-4,0.8,1.6,1.78814e-08,0.8
-5.385e-02,-16,-30,-16,-28,0.8,0.4,0.4,-0.4
-5.365e-02,-24,-12,-22,-14,0.8,1.2,0.4,0.8
-5.346e-02,-28,-44,-28,-40,0.8,1.78814e-08,0.4,-0.4
-5.327e-02,-34,-24,-32,-24,0.8,1.2,1.78814e-08,0.8
-5.308e-02,-40,-56,-40,-52,0.8,1.78814e-08,1.78814e-08,-0.4
-5.289e-02,-46,-36,-44,-38,0.8,1.2,1.78814e-08,0.4
-5.269e-02,-52,-66,-52,-64,0.4,1.78814e-08,1.78814e-08,-0.4
-5.250e-02,-60,-48,-58,-48,0.4,0.8,1.78814e-08,0.4
-5.231e-02,-64,-76,-64,-74,0.4,-0.4,1.78814e-08,-0.8
-5.212e-02,-68,-60,-68,-60,0.4,0.8,1.78814e-08,0.4
-5.193e-02,-74,-86,-72,-82,1.78814e-08,-0.4,-0.4,-0.8
-5.173e-02,-78,-68,-76,-70,1.78814e-08,0.8,-0.4,0.4
-5.154e-02,-84,-92,-80,-90,1.78814e-08,-0.4,-0.4,-0.8
-5.135e-02,-86,-78,-84,-78,1.78814e-08,0.4,-0.4,0.4
-5.116e-02,-90,-98,-88,-94,1.78814e-08,-0.8,-0.4,-0.8
-5.097e-02,-92,-86,-90,-86,1.78814e-08,0.4,-0.4,0.4
-5.077e-02,-96,-102,-92,-100,1.78814e-08,-0.8,-0.4,-0.8
-5.058e-02,-98,-90,-96,-90,1.78814e-08,0.4,-0.4,1.78814e-08
-5.039e-02,-102,-108,-98,-104,-0.4,-0.8,-0.4,-0.8
-5.020e-02,-102,-96,-100,-96,-0.4,1.78814e-08,-0.8,1.78814e-08
-5.001e-02,-104,-110,-102,-106,-0.4,-1.2,-0.4,-1.2
-4.981e-02,-106,-100,-104,-100,-0.4,1.78814e-08,-0.4,1.78814e-08
-4.962e-02,-106,-112,-106,-108,-0.4,-1.2,-0.8,-1.2
-4.943e-02,-108,-102,-106,-102,-0.4,1.78814e-08,-0.4,1.78814e-08
-4.924e-02,-106,-110,-104,-106,-0.8,-1.2,-0.4,-1.2
-4.905e-02,-106,-100,-102,-100,-0.8,-0.4,-0.4,1.78814e-08
-4.885e-02,-104,-108,-102,-104,-0.8,-1.2,-0.8,-1.2
-4.866e-02,-102,-96,-100,-96,-0.8,-0.4,-0.4,1.78814e-08
-4.847e-02,-100,-102,-98,-100,-0.8,-1.2,-0.8,-1.2
-4.828e-02,-98,-90,-94,-92,-0.8,-0.4,-0.8,1.78814e-08
-4.809e-02,-94,-98,-92,-96,-0.8,-1.2,-0.8,-1.2
-4.789e-02,-92,-86,-90,-86,-0.8,-0.4,-0.8,1.78814e-08
-4.770e-02,-90,-92,-88,-90,-1.2,-1.6,-0.8,-1.2
-4.751e-02,-86,-80,-86,-82,-0.8,-0.4,-0.8,1.78814e-08
-4.732e-02,-84,-88,-84,-86,-0.8,-1.6,-0.8,-1.2
-4.713e-02,-82,-74,-80,-74,-1.2,-0.4,-0.8,-0.4
-4.693e-02,-78,-80,-76,-80,-0.8,-1.6,-0.8,-1.2
-4.674e-02,-74,-66,-74,-68,-1.2,-0.4,-0.8,1.78814e-08
-4.655e-02,-70,-74,-70,-72,-1.2,-1.6,-0.8,-1.2
-4.636e-02,-66,-56,-66,-58,-0.8,-0.4,-0.8,1.78814e-08
-4.617e-02,-60,-62,-60,-62,-1.2,-1.6,-0.8,-1.2
-4.597e-02,-54,-44,-54,-46,-1.2,-0.4,-0.8,1.78814e-08
-4.578e-02,-48,-50,-48,-50,-1.2,-1.6,-0.4,-1.2
-4.559e-02,-40,-30,-40,-32,-1.2,-0.4,-0.4,1.78814e-08
-4.540e-02,-34,-36,-34,-36,-1.2,-1.6,-0.8,-1.2
-4.521e-02,-26,-16,-26,-18,-1.2,-0.4,-0.4,1.78814e-08
-4.501e-02,-20,-22,-20,-22,-1.2,-1.6,-0.4,-1.2
-4.482e-02,-14,-6,-14,-8,-1.2,-0.4,-0.8,1.78814e-08
-4.463e-02,-8,-12,-8,-12,-0.8,-1.2,-0.4,-1.2
-4.444e-02,-2,6,-4,2,-0.8,-0.4,-0.8,1.78814e-08
-4.425e-02,2,4.47035e-08,4.47035e-08,4.47035e-08,-0.8,-1.2,-0.4,-0.8
-4.405e-02,8,18,6,14,-0.8,-0.4,-0.4,1.78814e-08
-4.386e-02,16,10,12,8,-0.8,-1.2,-0.4,-0.8
-4.367e-02,20,30,16,24,-0.4,1.78814e-08,-0.4,1.78814e-08
-4.348e-02,26,22,22,20,-0.4,-1.2,-0.4,-0.8
-4.329e-02,32,40,30,36,-0.4,1.78814e-08,-0.4,0.4
-4.309e-02,38,36,34,32,-0.4,-0.8,-0.4,-0.8
-4.290e-02,44,52,40,48,-0.4,1.78814e-08,-0.4,0.4
-4.271e-02,50,46,46,44,-0.4,-0.8,1.78814e-08,-0.8
-4.252e-02,54,64,50,58,-0.4,1.78814e-08,1.78814e-08,0.4
-4.233e-02,60,58,58,54,-0.4,-0.8,1.78814e-08,-0.4
-4.213e-02,66,74,62,68,-0.4,0.4,1.78814e-08,0.4
-4.194e-02,72,68,66,64,1.78814e-08,-0.4,1.78814e-08,-0.4
-4.175e-02,76,84,70,78,1.78814e-08,0.4,1.78814e-08,0.4
-4.156e-02,80,76,74,74,1.78814e-08,-0.4,1.78814e-08,-0.4
-4.137e-02,84,90,78,84,0.4,0.4,1.78814e-08,0.4
-4.117e-02,88,84,82,80,1.78814e-08,-0.4,1.78814e-08,-0.4
-4.098e-02,90,96,86,90,0.4,0.8,0.4,0.8
-4.079e-02,92,90,88,86,1.78814e-08,-0.4,1.78814e-08,-0.4
-4.060e-02,96,102,90,94,0.4,0.8,1.78814e-08,0.8
-4.041e-02,98,94,92,90,0.4,1.78814e-08,1.78814e-08,-0.4
-4.021e-02,100,106,96,98,0.4,0.8,1.78814e-08,0.8
-4.002e-02,102,98,98,94,0.4,1.78814e-08,0.4,1.78814e-08
-3.983e-02,104,110,100,102,0.4,1.2,0.4,0.8
-3.964e-02,106,102,100,98,0.8,1.78814e-08,1.78814e-08,1.78814e-08
-3.945e-02,106,110,102,104,0.8,1.2,0.4,0.8
-3.925e-02,106,98,100,96,0.8,0.4,0.4,1.78814e-08
-3.906e-02,104,108,100,104,0.8,1.2,0.4,0.8
-3.887e-02,102,94,98,90,0.8,0.4,0.4,1.78814e-08
-3.868e-02,100,106,96,100,0.8,1.2,0.4,0.8
-3.849e-02,100,90,94,86,1.2,0.4,0.8,1.78814e-08
-3.829e-02,96,102,90,96,1.2,1.6,0.4,0.8
-3.810e-02,94,86,90,82,0.8,0.4,0.4,1.78814e-08
-3.791e-02,90,96,86,92,0.8,1.6,0.4,1.2
-3.772e-02,88,80,84,76,1.2,0.4,0.4,1.78814e-08
-3.753e-02,88,92,82,86,0.8,1.6,0.8,1.2
-3.733e-02,84,74,78,70,1.2,0.8,0.4,1.78814e-08
-3.714e-02,80,86,76,80,1.2,1.6,0.4,1.2
-3.695e-02,78,66,74,62,0.8,0.8,0.4,1.78814e-08
-3.676e-02,72,80,70,74,1.2,1.6,0.8,1.2
-3.657e-02,68,56,64,54,0.8,0.8,0.4,1.78814e-08
-3.637e-02,64,72,60,68,1.2,1.6,0.4,0.8
-3.618e-02,56,42,54,42,1.2,0.8,0.4,1.78814e-08
-3.599e-02,52,62,50,58,1.2,1.6,0.4,0.8
-3.580e-02,44,28,44,28,1.2,0.4,0.4,1.78814e-08
-3.561e-02,40,50,38,46,1.2,1.6,0.4,0.8
-3.541e-02,30,16,30,14,1.2,0.4,0.4,1.78814e-08
-3.522e-02,26,36,22,32,1.2,1.6,0.4,0.8
-3.503e-02,16,2,18,4,1.2,0.4,0.4,1.78814e-08
-3.484e-02,12,22,10,20,1.2,1.6,0.4,0.8
-3.465e-02,8,-8,6,-6,1.2,0.4,0.4,-0.4
-3.445e-02,2,12,4.47035e-08,8,0.8,1.6,0.4,0.8
-3.426e-02,-6,-18,-4,-16,0.8,0.4,0.4,-0.4
-3.407e-02,-10,4.47035e-08,-10,-2,0.8,1.2,0.4,0.8
-3.388e-02,-16,-30,-14,-28,0.8,0.4,0.4,-0.4
-3.369e-02,-20,-12,-20,-14,0.8,1.2,1.78814e-08,0.8
-3.349e-02,-28,-42,-26,-40,0.8,1.78814e-08,1.78814e-08,-0.4
-3.330e-02,-34,-24,-32,-24,0.8,1.2,1.78814e-08,0.8
-3.311e-02,-38,-54,-38,-52,0.8,1.78814e-08,1.78814e-08,-0.4
-3.292e-02,-46,-36,-44,-36,0.4,1.2,1.78814e-08,0.4
-3.273e-02,-52,-64,-50,-62,0.8,1.78814e-08,1.78814e-08,-0.4
-3.253e-02,-58,-48,-54,-48,0.4,0.8,1.78814e-08,0.4
-3.234e-02,-62,-76,-62,-72,0.4,-0.4,1.78814e-08,-0.4
-3.215e-02,-68,-58,-66,-58,0.4,0.8,1.78814e-08,0.4
-3.196e-02,-74,-84,-70,-82,1.78814e-08,-0.4,-0.4,-0.8
-3.176e-02,-78,-68,-76,-68,1.78814e-08,0.8,1.78814e-08,0.4
-3.157e-02,-82,-92,-80,-88,1.78814e-08,-0.4,1.78814e-08,-0.8
-3.138e-02,-86,-78,-84,-78,1.78814e-08,0.4,-0.4,0.4
-3.119e-02,-90,-98,-88,-94,1.78814e-08,-0.8,-0.4,-0.8
-3.100e-02,-92,-84,-90,-84,1.78814e-08,0.4,-0.4,0.4
-3.080e-02,-94,-102,-92,-98,1.78814e-08,-0.8,-0.4,-0.8
-3.061e-02,-98,-90,-96,-90,-0.4,0.4,-0.4,1.78814e-08
-3.042e-02,-98,-108,-96,-104,-0.4,-0.8,-0.4,-0.8
-3.023e-02,-100,-96,-98,-94,-0.4,0.4,-0.4,1.78814e-08
-3.004e-02,-104,-110,-102,-106,-0.4,-0.8,-0.4,-1.2
-2.984e-02,-106,-100,-104,-98,-0.4,1.78814e-08,-0.4,1.78814e-08
-2.965e-02,-104,-112,-104,-108,-0.4,-1.2,-0.4,-1.2
-2.946e-02,-106,-102,-104,-102,-0.4,1.78814e-08,-0.8,1.78814e-08
-2.927e-02,-106,-110,-104,-108,-0.8,-1.2,-0.8,-1.2
-2.908e-02,-106,-100,-104,-100,-0.4,-0.4,-0.4,1.78814e-08
-2.888e-02,-102,-108,-102,-104,-0.8,-1.2,-0.4,-1.2
-2.869e-02,-102,-96,-100,-96,-0.8,-0.4,-0.8,1.78814e-08
-2.850e-02,-98,-104,-98,-100,-0.8,-1.2,-0.8,-1.2
-2.831e-02,-96,-90,-94,-92,-0.8,-0.4,-0.4,1.78814e-08
-2.812e-02,-94,-98,-94,-96,-0.8,-1.6,-0.4,-1.2
-2.792e-02,-94,-86,-92,-86,-0.8,-0.4,-0.8,1.78814e-08
-2.773e-02,-92,-94,-88,-90,-0.8,-1.6,-0.8,-1.2
-2.754e-02,-88,-82,-86,-82,-1.2,-0.4,-0.8,1.78814e-08
-2.735e-02,-86,-88,-84,-86,-1.2,-1.6,-0.8,-1.2
-2.716e-02,-82,-74,-80,-76,-1.2,-0.4,-0.8,-0.4
-2.696e-02,-78,-82,-78,-80,-0.8,-1.6,-0.8,-1.2
-2.677e-02,-74,-66,-74,-68,-0.8,-0.4,-0.8,1.78814e-08
-2.658e-02,-70,-74,-68,-72,-1.2,-1.6,-0.8,-1.2
-2.639e-02,-66,-58,-66,-58,-1.2,-0.4,-0.8,1.78814e-08
-2.620e-02,-60,-64,-60,-64,-0.8,-1.6,-0.8,-1.2
-2.600e-02,-54,-46,-56,-48,-0.8,-0.4,-0.8,1.78814e-08
-2.581e-02,-48,-52,-48,-52,-1.2,-1.6,-0.4,-1.2
-2.562e-02,-40,-30,-42,-32,-0.8,-0.4,-0.4,1.78814e-08
-2.543e-02,-34,-38,-34,-38,-0.8,-1.6,-0.8,-1.2
-2.524e-02,-30,-18,-28,-20,-1.2,-0.4,-0.4,1.78814e-08
-2.504e-02,-22,-24,-22,-24,-0.8,-1.6,-0.4,-1.2
-2.485e-02,-14,-6,-16,-8,-0.8,-0.4,-0.4,1.78814e-08
-2.466e-02,-10,-12,-10,-12,-0.8,-1.2,-0.8,-1.2
-2.447e-02,-4,6,-6,2,-0.8,-0.4,-0.4,1.78814e-08
-2.428e-02,2,-2,4.47035e-08,-2,-0.8,-1.2,-0.4,-0.8
-2.408e-02,6,16,4,12,-0.4,-0.4,-0.8,1.78814e-08
-2.389e-02,12,10,10,8,-0.4,-1.2,-0.4,-0.8
-2.370e-02,16,28,14,24,-0.8,1.78814e-08,-0.4,1.78814e-08
-2.351e-02,24,22,22,18,-0.8,-1.2,1.78814e-08,-0.8
-2.332e-02,30,40,28,34,-0.8,1.78814e-08,-0.4,0.4
-2.312e-02,38,34,34,30,-0.4,-1.2,-0.4,-0.8
-2.293e-02,44,52,38,46,-0.4,1.78814e-08,-0.4,0.4
-2.274e-02,50,46,44,42,-0.4,-0.8,-0.4,-0.8
-2.255e-02,54,64,52,58,-0.4,1.78814e-08,-0.4,0.4
-2.236e-02,60,56,56,54,-0.4,-0.8,1.78814e-08,-0.4
-2.216e-02,66,74,62,68,-0.4,0.4,1.78814e-08,0.4
-2.197e-02,70,66,66,64,1.78814e-08,-0.8,1.78814e-08,-0.4
-2.178e-02,74,82,70,76,1.78814e-08,0.4,1.78814e-08,0.4
-2.159e-02,80,76,76,72,1.78814e-08,-0.4,1.78814e-08,-0.4
-2.140e-02,86,90,80,84,1.78814e-08,0.8,1.78814e-08,0.4
-2.120e-02,86,84,82,80,1.78814e-08,-0.4,1.78814e-08,-0.4
-2.101e-02,88,96,84,90,0.4,0.8,1.78814e-08,0.4
-2.082e-02,90,90,86,86,0.4,-0.4,0.4,-0.4
-2.063e-02,96,100,90,94,0.4,0.8,1.78814e-08,0.8
-2.044e-02,98,94,92,90,0.4,1.78814e-08,1.78814e-08,-0.4
-2.024e-02,100,106,96,98,0.4,0.8,1.78814e-08,0.8
-2.005e-02,100,98,98,94,0.4,1.78814e-08,0.4,1.78814e-08
-1.986e-02,104,110,98,102,0.4,1.2,0.4,0.8
-1.967e-02,106,102,102,98,0.8,1.78814e-08,0.4,1.78814e-08
-1.948e-02,106,110,102,104,0.8,1.2,0.4,0.8
-1.928e-02,106,100,102,96,0.8,0.4,1.78814e-08,1.78814e-08
-1.909e-02,104,110,100,104,0.8,1.2,1.78814e-08,0.8
-1.890e-02,102,96,98,92,0.8,0.4,0.4,1.78814e-08
-1.871e-02,100,106,96,100,1.2,1.2,0.4,0.8
-1.852e-02,100,90,94,88,0.8,0.4,0.4,1.78814e-08
-1.832e-02,96,102,92,96,1.2,1.6,0.4,0.8
-1.813e-02,92,86,88,82,0.8,0.4,0.4,1.78814e-08
-1.794e-02,92,98,88,92,0.8,1.6,0.4,0.8
-1.775e-02,90,80,86,78,1.2,0.4,0.8,1.78814e-08
-1.756e-02,86,92,82,86,0.8,1.6,0.8,1.2
-1.736e-02,84,74,78,72,0.8,0.4,0.4,1.78814e-08
-1.717e-02,80,86,76,82,1.2,1.6,0.8,1.2
-1.698e-02,78,66,74,64,1.2,0.4,0.4,1.78814e-08
-1.679e-02,74,82,70,76,0.8,1.6,0.4,1.2
-1.660e-02,70,56,66,54,1.6,0.8,0.8,1.78814e-08
-1.640e-02,64,72,62,68,1.2,1.6,0.4,0.8
-1.621e-02,58,44,56,44,1.2,0.8,0.4,1.78814e-08
-1.602e-02,54,62,52,58,1.2,1.6,0.8,1.2
-1.583e-02,48,30,44,28,1.2,0.8,0.4,1.78814e-08
-1.564e-02,40,50,38,48,1.2,1.6,0.4,0.8
-1.544e-02,32,16,32,16,1.2,0.8,0.4,1.78814e-08
-1.525e-02,26,36,24,34,1.2,1.6,0.4,0.8
-1.506e-02,18,4,18,4,1.2,0.4,0.4,1.78814e-08
-1.487e-02,12,22,12,20,1.2,1.6,0.4,0.8
-1.468e-02,6,-6,6,-6,0.8,0.4,0.4,1.78814e-08
-1.448e-02,2,12,2,8,1.2,1.6,0.4,0.8
-1.429e-02,-4,-18,-4,-16,1.2,0.4,0.4,-0.4
-1.410e-02,-8,4.47035e-08,-10,-2,1.2,1.6,0.4,0.8
-1.391e-02,-16,-28,-14,-26,0.8,0.4,0.4,-0.4
-1.372e-02,-20,-10,-18,-12,0.8,1.2,0.4,0.8
-1.352e-02,-26,-42,-26,-38,0.4,1.78814e-08,1.78814e-08,-0.4
-1.333e-02,-32,-22,-30,-22,0.8,1.2,1.78814e-08,0.8
-1.314e-02,-38,-54,-38,-50,0.8,1.78814e-08,1.78814e-08,-0.4
-1.295e-02,-46,-34,-44,-34,0.8,1.2,1.78814e-08,0.4
-1.276e-02,-50,-64,-48,-62,0.4,1.78814e-08,1.78814e-08,-0.4
-1.256e-02,-58,-46,-56,-46,0.4,1.2,1.78814e-08,0.4
-1.237e-02,-62,-74,-60,-72,0.4,1.78814e-08,1.78814e-08,-0.8
-1.218e-02,-64,-58,-66,-58,0.4,0.8,1.78814e-08,0.4
-1.199e-02,-72,-84,-70,-80,1.78814e-08,-0.4,1.78814e-08,-0.8
-1.180e-02,-76,-68,-74,-68,1.78814e-08,0.8,-0.4,0.4
-1.160e-02,-82,-90,-80,-88,1.78814e-08,-0.4,-0.4,-0.8
-1.141e-02,-84,-76,-82,-76,1.78814e-08,0.4,-0.4,0.4
-1.122e-02,-88,-96,-86,-94,1.78814e-08,-0.4,-0.4,-0.8
-1.103e-02,-90,-84,-88,-84,1.78814e-08,0.4,-0.4,0.4
-1.084e-02,-94,-102,-92,-98,1.78814e-08,-0.8,-0.4,-0.8
-1.064e-02,-96,-90,-94,-90,1.78814e-08,0.4,-0.4,1.78814e-08
-1.045e-02,-98,-108,-98,-102,-0.4,-0.8,-0.4,-0.8
-1.026e-02,-100,-94,-98,-94,1.78814e-08,0.4,-0.4,1.78814e-08
-1.007e-02,-104,-110,-100,-106,-0.4,-0.8,-0.4,-1.2
-9.876e-03,-106,-100,-104,-98,-0.8,1.78814e-08,-0.4,1.78814e-08
-9.684e-03,-106,-112,-106,-108,-0.4,-1.2,-0.4,-1.2
-9.492e-03,-106,-102,-106,-102,-0.4,1.78814e-08,-0.4,1.78814e-08
-9.300e-03,-108,-110,-106,-108,-0.4,-1.2,-0.8,-1.2
-9.108e-03,-106,-100,-104,-100,-0.4,1.78814e-08,-0.4,1.78814e-08
-8.916e-03,-104,-108,-102,-104,-0.8,-1.2,-0.4,-1.2
-8.724e-03,-104,-96,-102,-96,-0.8,-0.4,-0.8,1.78814e-08
-8.531e-03,-100,-104,-98,-100,-0.8,-1.2,-0.4,-1.2
-8.339e-03,-96,-92,-96,-92,-0.8,-0.4,-0.8,1.78814e-08
-8.147e-03,-96,-100,-94,-96,-0.8,-1.6,-0.8,-1.2
-7.955e-03,-94,-88,-90,-88,-0.8,-0.4,-0.8,1.78814e-08
-7.763e-03,-92,-94,-88,-92,-0.8,-1.6,-0.8,-1.2
-7.571e-03,-88,-82,-86,-82,-0.8,-0.4,-0.8,1.78814e-08
-7.379e-03,-86,-88,-84,-86,-1.2,-1.6,-0.8,-1.2
-7.187e-03,-82,-76,-82,-76,-1.2,-0.4,-0.8,1.78814e-08
-6.995e-03,-78,-82,-78,-80,-1.2,-1.6,-0.8,-1.2
-6.803e-03,-74,-68,-76,-70,-0.8,-0.4,-0.4,-0.4
-6.611e-03,-72,-74,-70,-74,-1.2,-1.6,-0.8,-1.2
-6.419e-03,-66,-58,-66,-60,-1.2,-0.4,-0.8,1.78814e-08
-6.227e-03,-60,-66,-62,-64,-1.2,-1.6,-0.8,-1.2
-6.035e-03,-56,-46,-56,-48,-1.2,-0.4,-0.8,1.78814e-08
-5.843e-03,-52,-54,-50,-52,-1.2,-1.6,-0.8,-1.2
-5.651e-03,-44,-32,-44,-34,-1.2,-0.4,-0.4,1.78814e-08
-5.459e-03,-36,-38,-36,-38,-0.8,-1.6,-0.4,-1.2
-5.267e-03,-30,-18,-30,-22,-0.8,-0.4,-0.8,1.78814e-08
-5.075e-03,-22,-26,-22,-24,-0.8,-1.6,-0.4,-1.2
-4.883e-03,-16,-8,-16,-10,-0.8,-0.4,-0.4,1.78814e-08
-4.691e-03,-12,-14,-12,-14,-0.8,-1.2,-0.4,-1.2
-4.499e-03,-4,4,-6,4.47035e-08,-0.8,-0.4,-0.4,1.78814e-08
-4.307e-03,-2,-2,4.47035e-08,-4,-1.2,-1.2,-0.4,-0.8
-4.115e-03,6,16,4,12,-0.8,-0.4,-0.4,1.78814e-08
-3.923e-03,12,8,10,8,-0.4,-1.2,-0.4,-0.8
-3.731e-03,16,26,16,22,-0.4,1.78814e-08,-0.4,1.78814e-08
-3.539e-03,22,20,20,16,-0.4,-1.2,-0.4,-0.8
-3.347e-03,30,38,26,34,-0.4,1.78814e-08,-0.4,0.4
-3.155e-03,36,32,32,30,-0.4,-1.2,-0.4,-0.8
-2.963e-03,40,50,40,46,-0.4,1.78814e-08,1.78814e-08,0.4
-2.771e-03,48,44,42,42,-0.4,-0.8,1.78814e-08,-0.8
-2.579e-03,54,62,48,56,-0.4,1.78814e-08,1.78814e-08,0.4
-2.387e-03,60,56,54,52,1.78814e-08,-0.8,1.78814e-08,-0.4
-2.195e-03,64,72,60,66,-0.4,0.4,-0.4,0.4
-2.003e-03,70,66,64,62,1.78814e-08,-0.8,1.78814e-08,-0.4
-1.811e-03,72,82,70,76,1.78814e-08,0.4,1.78814e-08,0.4
-1.619e-03,80,76,74,72,1.78814e-08,-0.4,1.78814e-08,-0.4
-1.427e-03,82,90,78,82,0.4,0.4,1.78814e-08,0.4
-1.235e-03,84,82,80,78,1.78814e-08,-0.4,1.78814e-08,-0.4
-1.043e-03,88,96,84,88,1.78814e-08,0.8,1.78814e-08,0.8
-8.510e-04,92,30,86,2,0.4,-2.4,0.4,-0.4
-6.590e-04,72,98,66,90,-0.4,0.8,1.2,2.8
-4.670e-04,32,28,2,-10,-1.6,-2.8,2.4,2
-2.750e-04,52,82,12,60,-1.6,-1.2,3.2,4
-8.295e-05,78,38,60,10,-2.4,-4.4,3.6,3.2
1.091e-04,60,82,44,64,-3.2,-2,4.8,6.8
3.011e-04,40,38,10,6,-4,-5.6,6.4,5.6
4.931e-04,52,64,14,32,-4.8,-3.6,7.2,8.4
6.851e-04,62,48,30,26,-5.2,-6.8,8,7.6
8.771e-04,60,66,40,42,-6,-4.8,8.8,10.4
1.069e-03,50,44,28,14,-6.4,-8,10,9.2
1.261e-03,48,58,16,30,-6.8,-6,10.8,11.6
1.453e-03,54,44,22,20,-7.6,-8.8,11.2,10.8
1.645e-03,54,60,28,32,-8,-6.8,12,12.8
1.837e-03,48,44,28,16,-8.4,-9.6,12.4,12
2.029e-03,50,52,24,30,-8.8,-7.6,13.2,14
2.221e-03,48,40,20,16,-8.8,-10.4,13.6,13.2
2.413e-03,46,52,22,26,-9.2,-8.8,14,14.8
2.605e-03,44,40,26,16,-9.6,-10.8,14.8,14
2.797e-03,42,48,22,26,-10,-9.2,14.8,15.6
2.989e-03,42,32,18,12,-10,-11.2,15.2,14.8
3.181e-03,38,46,16,20,-10.4,-9.6,15.6,16
3.373e-03,34,30,18,12,-10.8,-11.2,15.6,15.2
3.565e-03,34,40,18,20,-10.8,-10,15.6,16.4
3.757e-03,32,20,16,8,-10.8,-11.6,16,15.2
3.949e-03,30,36,10,16,-10.8,-10,15.6,16.4
4.141e-03,24,16,10,6,-10.8,-11.6,15.6,14.8
4.333e-03,20,28,10,12,-10.4,-10,15.2,16
4.525e-03,18,6,8,4.47035e-08,-10.4,-11.2,14.8,14
4.717e-03,16,22,6,10,-10,-9.6,14.8,15.6
4.909e-03,10,2,2,4.47035e-08,-10.4,-10.8,14.4,13.2
5.101e-03,6,12,2,4,-9.6,-9.2,13.6,14.8
5.293e-03,4,-6,4.47035e-08,-6,-9.6,-10,13.2,12
5.485e-03,2,8,-2,4,-9.2,-8.4,12.8,14
5.677e-03,-4,-10,-4,-8,-8.4,-9.2,12,10.4
5.869e-03,-6,4.47035e-08,-6,-2,-8.4,-7.2,11.6,12.8
6.061e-03,-6,-18,-6,-12,-8,-8.4,10.8,9.2
6.253e-03,-10,-4,-8,-4,-7.6,-6.8,10.4,11.6
6.445e-03,-14,-26,-10,-14,-6.8,-7.6,9.2,7.6
6.637e-03,-20,-10,-12,-8,-6.8,-5.6,8.8,10
6.829e-03,-22,-32,-10,-18,-6,-6.4,7.6,5.6
7.022e-03,-24,-14,-14,-8,-5.2,-4.4,7.2,8.4
7.214e-03,-24,-42,-16,-20,-4.8,-5.2,6,3.6
7.406e-03,-30,-18,-16,-12,-4,-3.2,4.8,6.4
7.598e-03,-30,-40,-18,-24,-4,-4.4,4,1.6
7.790e-03,-34,-24,-16,-14,-3.2,-2,2.8,4.4
7.982e-03,-36,-46,-20,-26,-2.4,-2.8,2,-0.4
8.174e-03,-40,-34,-24,-18,-2,-0.8,0.8,2.4
8.366e-03,-42,-50,-24,-26,-1.2,-1.6,1.78814e-08,-2
8.558e-03,-46,-38,-24,-22,-0.4,0.4,-0.8,0.8
8.750e-03,-48,-54,-24,-32,1.78814e-08,-0.4,-1.6,-3.6
8.942e-03,-48,-42,-26,-22,0.8,2,-2.4,-1.2
9.134e-03,-50,-56,-30,-32,1.6,1.2,-3.2,-5.2
9.326e-03,-52,-48,-30,-26,2.4,3.2,-4.4,-2.8
9.518e-03,-54,-60,-28,-32,2.8,2.4,-5.2,-6.8
9.710e-03,-54,-50,-30,-26,3.6,4.8,-6,-4.4
9.902e-03,-56,-62,-30,-34,4.4,4,-6.8,-8.4
1.009e-02,-58,-52,-32,-28,4.8,6,-7.2,-6
1.029e-02,-58,-62,-30,-34,5.6,5.2,-8,-10
1.048e-02,-58,-54,-30,-28,6.4,7.2,-9.2,-7.6
1.067e-02,-58,-60,-32,-34,6.8,6.4,-9.6,-11.6
1.086e-02,-58,-54,-32,-28,7.2,8.4,-10.4,-9.2
1.105e-02,-56,-62,-30,-34,8,7.2,-11.2,-12.4
1.125e-02,-56,-50,-30,-26,8.8,9.6,-11.6,-10.8
1.144e-02,-54,-60,-30,-34,9.2,8.4,-12.4,-13.6
1.163e-02,-52,-48,-30,-26,9.6,10.4,-12.8,-12
1.182e-02,-52,-58,-28,-30,10,9.2,-13.2,-14.8
1.201e-02,-50,-40,-28,-24,10.4,11.2,-14,-12.8
1.221e-02,-50,-52,-26,-30,10.8,10,-14,-15.6
1.240e-02,-48,-38,-26,-22,10.8,11.6,-14.8,-13.6
1.259e-02,-46,-52,-26,-28,11.2,10.4,-14.8,-16
1.278e-02,-44,-32,-24,-20,11.2,12,-15.6,-14.4
1.297e-02,-40,-48,-22,-26,11.6,10.8,-15.6,-16.4
1.317e-02,-40,-30,-22,-18,11.6,12.4,-16,-15.2
1.336e-02,-40,-44,-22,-24,11.6,10.8,-16,-16.8
1.355e-02,-38,-28,-20,-16,12,12.4,-16,-15.6
1.374e-02,-34,-38,-18,-20,12,11.2,-16,-16.8
1.393e-02,-32,-24,-16,-12,12,12.4,-16,-15.6
1.413e-02,-26,-38,-16,-18,12,10.8,-16,-16.4
1.432e-02,-24,-8,-12,-6,12,12.4,-15.6,-15.2
1.451e-02,-18,-30,-12,-14,11.6,10.4,-15.2,-16
1.470e-02,-18,-8,-10,-6,11.6,12,-15.2,-14.4
1.489e-02,-12,-18,-8,-10,11.2,9.6,-14.8,-15.2
1.509e-02,-10,-2,-6,-2,10.8,11.6,-14.4,-13.2
1.528e-02,-6,-10,-4,-6,10.4,8.8,-14,-14.4
1.547e-02,-4,4,-2,2,10.4,10.8,-13.2,-12.4
1.566e-02,4.47035e-08,-4,4.47035e-08,-2,9.6,8,-12.8,-13.2
1.585e-02,4,10,4.47035e-08,4,9.2,10,-12,-10.8
1.605e-02,6,2,2,4.47035e-08,8.8,6.8,-11.2,-11.6
1.624e-02,8,16,4,8,8.4,9.2,-10.8,-9.2
1.643e-02,12,8,6,4,7.6,6,-10,-10
1.662e-02,16,22,6,12,7.2,8,-9.2,-7.6
1.681e-02,18,12,10,6,6.8,4.8,-8,-8.4
1.701e-02,22,30,10,14,6,6.8,-6.8,-6
1.720e-02,26,18,10,10,5.6,3.6,-6,-6.8
1.739e-02,28,36,14,16,4.8,6,-5.6,-4.4
1.758e-02,26,24,14,12,4,2.4,-4.4,-5.2
1.777e-02,34,40,16,20,3.6,4.4,-3.2,-2.4
1.797e-02,34,34,18,16,2.8,1.2,-2.8,-3.2
1.816e-02,38,46,18,22,2,3.2,-2,-0.4
1.835e-02,40,32,20,16,1.2,-0.4,-0.8,-1.2
1.854e-02,42,52,20,24,0.8,1.6,1.78814e-08,1.6
1.873e-02,48,36,22,18,1.78814e-08,-2,0.8,0.8
1.893e-02,46,54,22,26,-0.8,0.4,2,3.2
1.912e-02,48,40,24,20,-1.6,-3.2,2.8,2.4
1.931e-02,50,58,24,28,-2,-0.8,4,5.2
1.950e-02,52,40,26,22,-2.8,-4.4,4.8,4.4
1.969e-02,54,60,26,28,-3.2,-2.4,5.6,6.8
1.989e-02,56,42,26,24,-4,-6,6,6
2.008e-02,56,64,28,30,-4.8,-3.6,7.2,8.4
2.027e-02,56,42,28,22,-5.2,-6.8,8,7.6
2.046e-02,56,64,28,30,-6,-4.8,8.8,10
2.065e-02,56,42,28,22,-6.8,-8,9.6,9.2
2.085e-02,56,66,26,30,-7.6,-6.4,10.4,11.2
2.104e-02,54,40,26,22,-8,-9.2,10.8,10.4
2.123e-02,56,62,26,30,-8,-7.2,11.2,12.4
2.142e-02,54,42,26,22,-8.4,-10,12,11.6
2.161e-02,54,62,24,28,-9.2,-8.4,12.4,13.6
2.181e-02,52,40,26,20,-9.6,-10.8,13.2,12.8
2.200e-02,50,58,24,28,-10,-9.2,13.6,14.4
2.219e-02,48,42,24,20,-10.4,-11.6,14,13.6
2.238e-02,48,52,22,26,-10.4,-10,14.4,15.2
2.257e-02,46,38,20,18,-11.2,-12,14.8,14.4
2.277e-02,44,48,22,24,-11.2,-10.4,14.8,15.6
2.296e-02,42,34,20,14,-11.6,-12.4,15.2,14.8
2.315e-02,40,46,18,22,-11.6,-10.8,15.6,16
2.334e-02,38,30,18,12,-11.6,-12.4,16,15.2
2.353e-02,36,40,16,20,-11.6,-11.2,16,16.4
2.373e-02,32,22,14,10,-11.6,-12.4,16,15.2
2.392e-02,30,36,14,16,-11.6,-11.2,16,16.4
2.411e-02,26,16,12,6,-11.6,-12.4,15.6,14.8
2.430e-02,20,30,8,14,-11.6,-11.2,15.6,16.4
2.449e-02,18,8,6,2,-11.2,-12,15.2,14
2.469e-02,14,22,6,10,-11.2,-10.4,14.8,15.6
2.488e-02,10,2,4,-2,-10.8,-11.6,14.4,13.2
2.507e-02,6,16,2,6,-10.4,-10,14,14.8
2.526e-02,4,-6,4.47035e-08,-6,-10,-11.2,13.2,12
2.545e-02,2,8,-2,2,-10,-9.2,13.2,14
2.565e-02,-2,-10,-2,-8,-9.6,-10,12.4,10.8
2.584e-02,-4,2,-4,4.47035e-08,-9.2,-8.4,11.6,12.8
2.603e-02,-8,-18,-6,-10,-8.8,-9.2,10.8,9.2
2.622e-02,-10,-4,-8,-4,-8.4,-7.2,10,11.6
2.641e-02,-14,-24,-8,-14,-7.6,-8.4,9.6,7.6
2.661e-02,-18,-10,-10,-6,-7.2,-6.4,8.8,10
2.680e-02,-20,-30,-12,-18,-6.8,-7.2,7.6,6
2.699e-02,-24,-18,-14,-10,-6,-5.2,7.2,8.4
2.718e-02,-26,-40,-16,-20,-5.2,-6,6,4
2.737e-02,-30,-22,-18,-14,-4.8,-4,5.2,6.4
2.757e-02,-32,-40,-18,-24,-4.4,-4.8,4.4,2
2.776e-02,-34,-24,-20,-16,-3.6,-2.4,3.2,4.8
2.795e-02,-38,-46,-20,-26,-3.2,-3.6,2.4,1.78814e-08
2.814e-02,-40,-34,-22,-18,-2.4,-1.2,1.2,2.8
2.833e-02,-42,-50,-22,-28,-1.6,-2,0.4,-1.6
2.853e-02,-46,-38,-26,-22,-0.8,1.78814e-08,-0.4,0.8
2.872e-02,-44,-52,-26,-30,1.78814e-08,-0.8,-1.2,-3.6
2.891e-02,-50,-42,-26,-22,0.4,1.6,-2.4,-0.8
2.910e-02,-52,-56,-28,-32,1.2,0.8,-3.2,-5.2
2.929e-02,-52,-46,-28,-24,2,2.8,-4,-2.8
2.949e-02,-54,-58,-28,-32,2.4,2,-4.8,-6.8
2.968e-02,-54,-48,-28,-26,3.2,4.4,-5.6,-4.4
2.987e-02,-56,-60,-30,-34,3.6,3.6,-6.4,-8.4
3.006e-02,-58,-52,-30,-28,4.4,5.6,-7.2,-6
3.025e-02,-56,-62,-30,-34,5.2,4.8,-8,-10
3.045e-02,-58,-54,-32,-28,6,6.8,-8.8,-7.6
3.064e-02,-58,-62,-32,-34,6.4,6,-9.6,-11.6
3.083e-02,-56,-52,-30,-28,7.2,8,-10.4,-9.2
3.102e-02,-56,-60,-30,-32,7.6,6.8,-10.8,-12.8
3.122e-02,-58,-50,-30,-28,8.4,9.2,-11.6,-10.8
3.141e-02,-54,-58,-30,-32,8.8,8,-12.4,-13.6
3.160e-02,-52,-48,-30,-26,9.2,10,-12.8,-11.6
3.179e-02,-54,-56,-28,-32,10,8.8,-13.2,-14.4
3.198e-02,-52,-46,-28,-24,10,10.8,-13.6,-12.8
3.218e-02,-52,-54,-28,-30,10,9.6,-14,-15.2
3.237e-02,-50,-44,-28,-24,10.8,11.6,-14.8,-13.6
3.256e-02,-48,-50,-26,-28,10.8,10.4,-14.8,-16
3.275e-02,-48,-40,-24,-22,11.6,12,-14.8,-14.4
3.294e-02,-44,-48,-22,-26,11.6,10.8,-15.6,-16.4
3.314e-02,-42,-36,-22,-20,11.6,12.4,-15.6,-14.8
3.333e-02,-40,-44,-22,-24,12,11.2,-16,-16.4
3.352e-02,-38,-30,-20,-18,12,12.4,-16,-15.2
3.371e-02,-36,-38,-18,-22,12,11.2,-16,-16.4
3.390e-02,-30,-24,-16,-14,12,12.4,-15.6,-15.2
3.410e-02,-28,-30,-14,-18,12,10.8,-16,-16.4
3.429e-02,-24,-18,-14,-10,12,12.4,-15.6,-14.8
3.448e-02,-20,-24,-12,-14,11.6,10.4,-15.6,-15.6
3.467e-02,-18,-10,-8,-6,11.6,12,-14.8,-14
3.486e-02,-14,-16,-8,-10,11.2,10,-14.4,-14.8
3.506e-02,-12,-4,-6,-2,10.8,11.6,-14,-13.2
3.525e-02,-8,-10,-4,-6,10.8,9.2,-13.6,-14
3.544e-02,-4,2,-2,2,10.4,11.2,-13.2,-12
3.563e-02,2,-4,-2,-4,10,8,-12.4,-12.8
3.582e-02,2,10,4.47035e-08,4,9.6,10.4,-12,-10.8
3.602e-02,6,2,2,4.47035e-08,8.8,7.2,-11.2,-11.6
3.621e-02,8,16,4,8,8.4,9.6,-10.4,-9.2
3.640e-02,10,8,6,2,8,6.4,-9.6,-10
3.659e-02,16,22,6,10,7.6,8.4,-8.8,-7.6
3.678e-02,18,16,8,6,6.8,5.2,-8,-8.4
3.698e-02,20,28,10,14,6,7.2,-7.2,-6
3.717e-02,24,22,10,10,5.6,4,-6.4,-6.8
3.736e-02,28,34,12,16,5.2,6,-5.2,-4.4
3.755e-02,30,26,16,12,4.4,2.4,-4.8,-4.8
3.774e-02,32,38,16,20,4,4.8,-4,-2.4
3.794e-02,38,32,18,14,2.8,1.2,-2.4,-3.2
3.813e-02,38,44,18,22,2.8,3.6,-1.6,-0.4
3.832e-02,40,38,18,18,1.6,1.78814e-08,-0.8,-1.2
3.851e-02,40,48,20,24,1.2,2,1.78814e-08,1.6
3.870e-02,44,40,22,18,0.4,-1.6,0.8,0.4
3.890e-02,46,52,22,26,-0.4,0.8,2,3.2
3.909e-02,48,44,24,20,-1.2,-2.8,2.8,2.4
3.928e-02,50,54,24,28,-2,-0.8,4,5.2
3.947e-02,50,48,24,22,-2.8,-4.4,4.8,4
3.966e-02,52,56,26,28,-3.2,-2,5.6,6.8
3.986e-02,54,50,26,24,-3.6,-5.6,6.4,6
4.005e-02,54,60,28,30,-4.4,-3.2,7.2,8.4
4.024e-02,56,52,28,24,-5.2,-6.8,8,7.6
4.043e-02,56,60,28,30,-5.6,-4.8,8.8,10
4.062e-02,56,52,28,24,-6.4,-8,9.6,9.2
4.082e-02,56,60,28,30,-7.2,-6,10.4,11.6
4.101e-02,56,50,26,22,-7.2,-9.2,10.8,10.4
4.120e-02,56,60,26,28,-8,-7.2,11.6,12.4
4.139e-02,56,48,26,22,-8.4,-10,12,11.6
4.158e-02,52,58,26,28,-9.2,-8,12.8,13.6
4.178e-02,54,46,24,20,-9.6,-10.8,13.2,12.8
4.197e-02,50,56,24,28,-10,-8.8,13.6,14.4
4.216e-02,50,42,24,20,-10.4,-11.6,14,13.6
4.235e-02,48,52,24,26,-10.4,-9.6,14.4,15.2
4.254e-02,46,40,20,18,-10.8,-12,14.8,14.4
4.274e-02,42,50,20,24,-11.2,-10.4,15.2,15.6
4.293e-02,42,34,20,16,-11.2,-12,15.6,14.8
4.312e-02,40,46,18,22,-11.2,-10.8,15.6,16.4
4.331e-02,38,30,18,14,-11.6,-12.4,15.6,15.2
4.350e-02,36,42,16,20,-11.6,-11.2,16,16.4
4.370e-02,34,24,16,10,-12,-12.4,16,15.2
4.389e-02,30,36,14,18,-12,-11.2,15.6,16.4
4.408e-02,28,16,12,6,-11.6,-12.4,16,14.8
4.427e-02,24,30,10,14,-11.6,-10.8,15.6,16.4
4.446e-02,18,8,8,2,-11.2,-12,15.2,14
4.466e-02,16,24,6,10,-11.2,-10.8,15.2,15.6
4.485e-02,12,2,6,-2,-10.8,-11.6,14.4,13.2
4.504e-02,8,16,2,6,-10.8,-10,14,15.2
4.523e-02,6,-4,4.47035e-08,-6,-10.4,-11.2,13.6,12
4.542e-02,2,8,4.47035e-08,2,-10.4,-9.2,13.2,14
4.562e-02,-2,-10,-2,-8,-9.6,-10.4,12.4,10.8
4.581e-02,-6,2,-4,4.47035e-08,-9.2,-8.4,11.6,12.8
4.600e-02,-8,-16,-6,-10,-8.8,-9.2,11.2,9.2
4.619e-02,-10,-4,-6,-4,-8.4,-7.2,10.4,11.6
4.638e-02,-12,-24,-8,-14,-7.6,-8.4,9.6,7.6
4.658e-02,-18,-10,-10,-6,-7.2,-6.4,8.8,10
4.677e-02,-20,-30,-12,-18,-6.8,-7.2,8,6
4.696e-02,-24,-16,-14,-10,-6,-5.2,7.2,8.4
4.715e-02,-28,-34,-16,-20,-5.6,-6,6.4,4.4
4.734e-02,-30,-22,-18,-14,-4.8,-4,5.6,6.8
4.754e-02,-32,-40,-18,-22,-4.4,-4.8,4.4,2.4
4.773e-02,-32,-28,-20,-16,-3.6,-2.8,3.6,5.2
4.792e-02,-38,-46,-20,-26,-2.8,-3.6,2.4,0.4
4.811e-02,-42,-32,-22,-18,-2.4,-1.6,1.6,3.2
4.830e-02,-42,-48,-24,-28,-1.6,-2.4,0.8,-1.6
4.850e-02,-46,-38,-26,-20,-1.2,1.78814e-08,-0.4,1.2
4.869e-02,-46,-52,-26,-30,-0.4,-0.8,-1.2,-3.2
4.888e-02,-48,-42,-26,-22,0.4,1.2,-2,-0.8
4.907e-02,-50,-56,-28,-32,1.2,0.4,-2.8,-5.2
4.926e-02,-50,-46,-28,-24,2,2.8,-3.6,-2.4
4.946e-02,-52,-58,-28,-32,2.8,2,-4.8,-6.8
4.965e-02,-54,-48,-30,-26,3.2,4.4,-5.6,-4.4
4.984e-02,-54,-60,-30,-34,4,3.2,-6.4,-8.4
5.003e-02,-58,-50,-30,-28,4.4,5.6,-7.2,-6
5.022e-02,-56,-62,-30,-34,5.2,4.4,-8,-10
5.042e-02,-58,-54,-32,-28,6,6.8,-8.8,-7.6
5.061e-02,-56,-62,-30,-34,6.4,5.6,-9.6,-11.2
5.080e-02,-58,-52,-30,-28,6.8,8,-10,-9.2
5.099e-02,-58,-60,-30,-34,7.6,6.8,-10.8,-12.4
5.118e-02,-56,-52,-30,-28,8,9.2,-11.6,-10.8
5.138e-02,-54,-58,-30,-32,8.8,8,-12,-13.6
5.157e-02,-54,-50,-30,-26,9.2,10,-12.8,-12
5.176e-02,-52,-56,-30,-30,9.6,8.8,-13.2,-14.4
5.195e-02,-52,-48,-28,-26,10,10.8,-14,-12.8
5.214e-02,-50,-54,-26,-30,10.4,9.6,-14.4,-15.2
5.234e-02,-48,-44,-26,-24,10.8,11.6,-14.4,-13.6
5.253e-02,-50,-52,-26,-28,10.8,10.4,-14.8,-16
5.272e-02,-46,-40,-26,-22,11.2,12,-14.8,-14.4
5.291e-02,-44,-48,-24,-26,11.6,10.8,-15.6,-16
5.310e-02,-42,-36,-22,-20,11.6,12.4,-15.6,-14.8
5.330e-02,-40,-44,-20,-24,12,11.2,-16,-16.4
5.349e-02,-40,-32,-22,-16,12,12.8,-16,-15.2
5.368e-02,-36,-38,-20,-22,12,11.2,-16,-16.4
5.387e-02,-32,-24,-16,-14,12,12.4,-15.6,-15.2
5.406e-02,-28,-32,-16,-18,12,10.8,-15.6,-16.4
5.426e-02,-24,-18,-14,-10,12,12.4,-15.2,-14.8
5.445e-02,-22,-24,-12,-14,12,10.4,-15.2,-16
5.464e-02,-18,-10,-10,-6,11.6,12.4,-14.8,-14.4
5.483e-02,-16,-18,-8,-10,11.6,10,-14.8,-15.2
5.502e-02,-12,-4,-6,-4,11.2,12,-14.4,-13.2
5.522e-02,-8,-10,-6,-8,10.8,9.2,-13.6,-14
5.541e-02,-4,2,-2,4.47035e-08,10.4,11.2,-13.6,-12
5.560e-02,4.47035e-08,-4,-2,-4,10,8.4,-12.4,-13.2
5.579e-02,2,8,4.47035e-08,4,9.6,10.4,-12,-10.8
5.598e-02,4,2,2,4.47035e-08,9.2,7.2,-11.2,-11.6
5.618e-02,8,14,2,6,8.8,9.6,-10.4,-9.6
5.637e-02,12,8,4,2,8,6.4,-9.6,-10
5.656e-02,14,22,6,10,7.6,8.4,-9.2,-7.6
5.675e-02,16,14,8,6,7.2,5.2,-8,-8.8
5.694e-02,22,28,10,12,6.4,7.6,-7.2,-6
5.714e-02,22,20,10,8,5.6,4,-6.8,-6.8
5.733e-02,26,32,12,16,5.2,6,-5.6,-4.4
5.752e-02,28,26,14,12,4.4,2.8,-4.8,-5.2
5.771e-02,34,38,16,18,4,4.8,-3.6,-2.4
5.790e-02,36,32,16,14,3.2,1.6,-2.8,-3.2
5.810e-02,36,44,18,22,2.8,3.6,-2,-0.8
5.829e-02,38,36,18,16,2,1.78814e-08,-1.2,-1.6
5.848e-02,40,46,20,24,1.2,2.4,1.78814e-08,1.2
5.867e-02,44,40,22,18,0.4,-1.2,0.8,0.4
5.886e-02,44,50,22,26,-0.4,0.8,1.6,3.2
5.906e-02,48,44,22,20,-0.8,-2.8,2.8,2.4
5.925e-02,50,54,24,28,-1.6,-0.4,3.6,4.8
5.944e-02,50,48,24,22,-2.4,-4,4.4,4
5.963e-02,52,56,26,28,-2.8,-2,5.2,6.8
5.982e-02,52,50,26,24,-3.6,-5.6,6,5.6
6.002e-02,56,60,26,30,-4.4,-3.2,6.8,8.4
6.021e-02,54,52,28,24,-5.2,-6.8,8,7.6
6.040e-02,56,60,28,30,-5.6,-4.4,8.8,9.6
6.059e-02,56,52,28,24,-6,-8,9.6,8.8
6.078e-02,56,60,28,30,-6.8,-6,10,11.2
6.098e-02,56,50,26,24,-7.2,-8.8,10.8,10.4
6.117e-02,56,58,26,28,-8,-6.8,11.2,12.8
6.136e-02,54,48,26,22,-8.4,-10,12,11.6
6.155e-02,54,58,26,28,-8.8,-8,12.8,13.6
6.175e-02,50,46,24,22,-9.2,-10.8,13.2,12.8
6.194e-02,50,56,24,28,-9.6,-8.8,13.6,14.4
6.213e-02,48,44,24,20,-10,-11.2,14,13.6
6.232e-02,48,52,24,26,-10.4,-9.6,14.4,15.2
6.251e-02,48,40,22,18,-10.8,-12,14.8,14.4
6.271e-02,44,50,22,24,-11.2,-10.4,15.2,15.6
6.290e-02,42,36,20,16,-11.2,-12.4,15.2,14.8
6.309e-02,40,46,18,22,-11.2,-10.8,15.2,16.4
6.328e-02,40,30,18,14,-11.6,-12.4,15.6,15.2
6.347e-02,36,42,16,20,-11.6,-11.2,16,16.4
6.367e-02,34,24,16,10,-11.6,-12.4,16,15.2
6.386e-02,30,38,14,18,-11.6,-11.2,16,16.4
6.405e-02,26,16,12,6,-11.6,-12.4,15.6,14.8
6.424e-02,22,30,10,14,-11.2,-11.2,15.6,16.4
6.443e-02,20,10,8,2,-11.2,-12,15.2,14.4
6.463e-02,16,24,8,10,-11.2,-10.4,15.2,16
6.482e-02,12,2,4,4.47035e-08,-10.8,-11.6,14.8,13.2
6.501e-02,8,16,2,6,-10.8,-10,14.4,15.2
6.520e-02,6,-4,4.47035e-08,-4,-10.4,-11.2,13.6,12.4
6.539e-02,2,10,-2,4,-10,-9.2,13.2,14
6.559e-02,4.47035e-08,-10,-2,-8,-9.6,-10.4,12.8,10.8
6.578e-02,-4,4,-4,4.47035e-08,-9.2,-8.4,12,13.2
6.597e-02,-6,-16,-6,-10,-8.8,-9.6,11.2,9.6
6.616e-02,-8,-2,-6,-4,-8.4,-7.6,10.8,11.6
6.635e-02,-12,-22,-8,-14,-7.6,-8.4,9.6,8
6.655e-02,-16,-10,-10,-6,-7.2,-6.4,8.8,10.4
6.674e-02,-18,-28,-12,-16,-6.8,-7.2,8.4,6
6.693e-02,-22,-14,-14,-10,-6,-5.2,7.2,8.8
6.712e-02,-26,-34,-14,-20,-5.6,-6.4,6.8,4.4
6.731e-02,-28,-22,-16,-12,-4.8,-4,5.6,6.8
6.751e-02,-32,-40,-18,-22,-4.4,-4.8,4.8,2.4
6.770e-02,-36,-26,-18,-16,-3.6,-2.8,3.6,5.2
6.789e-02,-36,-44,-20,-26,-3.2,-3.6,2.8,0.4
6.808e-02,-38,-32,-22,-18,-2.4,-1.6,2,3.2
6.827e-02,-40,-48,-22,-28,-2,-2.4,0.8,-1.2
6.847e-02,-44,-38,-24,-20,-1.2,1.78814e-08,1.78814e-08,1.6
6.866e-02,-46,-52,-26,-30,-0.4,-0.8,-0.8,-3.2
6.885e-02,-46,-42,-26,-22,1.78814e-08,1.2,-2,-0.4
6.904e-02,-48,-56,-26,-30,1.2,0.4,-2.8,-4.8
6.923e-02,-52,-44,-28,-24,1.6,2.8,-3.6,-2.4
6.943e-02,-54,-58,-30,-32,2.4,2,-4.4,-6.4
6.962e-02,-54,-48,-30,-26,3.2,4,-5.2,-4
6.981e-02,-54,-60,-30,-34,3.6,3.2,-6.4,-8
7.000e-02,-56,-52,-30,-28,4.4,5.6,-6.8,-5.6
7.019e-02,-58,-62,-30,-34,5.2,4.4,-8,-9.6
7.039e-02,-60,-52,-30,-28,5.6,6.8,-8.8,-7.2
7.058e-02,-58,-62,-32,-34,6.4,5.6,-9.6,-11.2
7.077e-02,-58,-54,-30,-28,6.8,8,-10.4,-8.8
7.096e-02,-58,-60,-30,-34,7.6,6.8,-10.8,-12.4
7.115e-02,-56,-52,-30,-28,8,8.8,-11.2,-10.4
7.135e-02,-54,-58,-30,-32,8.8,8,-12,-13.6
7.154e-02,-56,-50,-30,-26,9.2,10,-12.8,-11.6
7.173e-02,-54,-56,-30,-32,9.2,8.8,-13.2,-14.4
7.192e-02,-50,-48,-30,-26,10,10.8,-13.6,-12.8
7.211e-02,-52,-54,-28,-30,10.4,9.6,-14,-15.2
7.231e-02,-50,-44,-26,-24,10.8,11.6,-14.4,-13.6
7.250e-02,-48,-52,-26,-28,11.2,10,-14.8,-15.6
7.269e-02,-46,-40,-26,-22,11.2,12,-15.2,-14.4
7.288e-02,-44,-48,-24,-26,11.6,10.8,-15.2,-16.4
7.307e-02,-44,-36,-24,-20,11.6,12.4,-15.2,-14.8
7.327e-02,-42,-44,-22,-24,12,11.2,-16,-16.4
7.346e-02,-38,-32,-20,-18,12.4,12.4,-15.6,-15.2
7.365e-02,-36,-40,-20,-22,12,11.2,-16,-16.4
7.384e-02,-32,-26,-18,-14,12,12.4,-16,-15.2
7.403e-02,-30,-34,-16,-18,12,10.8,-15.6,-16.4
7.423e-02,-26,-18,-16,-10,12,12.4,-15.6,-14.8
7.442e-02,-20,-24,-12,-14,12,10.8,-15.6,-16
7.461e-02,-18,-12,-10,-6,11.6,12.4,-14.8,-14.4
7.480e-02,-14,-18,-10,-10,11.6,10,-14.8,-15.2
7.499e-02,-10,-4,-6,-4,11.2,12,-14.4,-13.2
7.519e-02,-6,-12,-6,-8,10.8,9.2,-14,-14.4
7.538e-02,-6,2,-4,4.47035e-08,10.4,11.2,-13.2,-12.4
7.557e-02,4.47035e-08,-4,-2,-4,10,8.4,-12.8,-13.2
7.576e-02,2,8,4.47035e-08,4,9.6,10.4,-12,-11.2
7.595e-02,4,2,2,4.47035e-08,9.6,7.6,-11.2,-11.6
7.615e-02,8,14,2,6,8.8,9.6,-10.8,-9.6
7.634e-02,10,8,4,2,8,6.4,-10,-10.4
7.653e-02,14,20,6,10,7.6,8.8,-9.2,-8
7.672e-02,16,14,8,6,7.2,5.2,-8.4,-8.8
7.691e-02,20,28,10,12,6.4,7.6,-7.6,-6.4
7.711e-02,24,20,10,8,6,4.4,-6.8,-7.2
7.730e-02,24,34,12,16,5.6,6.4,-5.6,-4.4
7.749e-02,28,26,14,12,4.8,2.8,-4.8,-5.2
7.768e-02,30,38,16,18,4,5.2,-4,-2.8
7.787e-02,34,32,18,14,3.6,1.6,-3.2,-3.6
7.807e-02,36,42,18,22,2.8,4,-2,-0.8
7.826e-02,38,36,20,16,2,1.78814e-08,-1.2,-1.6
7.845e-02,40,46,20,24,1.2,2.4,-0.4,0.8
7.864e-02,42,40,20,18,0.8,-1.2,0.8,0.4
7.883e-02,46,50,24,24,1.78814e-08,1.2,1.6,2.8
7.903e-02,48,44,24,20,-0.8,-2.4,2.4,2
7.922e-02,50,54,24,26,-1.2,-0.4,3.6,4.8
7.941e-02,50,46,24,22,-2,-4,4.4,4
7.960e-02,52,56,24,28,-2.8,-1.6,5.2,6.4
7.979e-02,54,50,26,24,-3.2,-5.2,5.6,5.6
7.999e-02,54,58,26,30,-4.4,-3.2,6.8,8
8.018e-02,56,52,28,24,-4.8,-6.4,8,7.2
8.037e-02,56,60,28,30,-5.6,-4.4,8.4,9.6
8.056e-02,56,52,28,24,-6,-7.6,9.2,8.8
8.075e-02,56,60,28,30,-6.8,-5.6,10,11.2
8.095e-02,56,50,28,24,-7.2,-8.8,10.8,10.4
8.114e-02,54,58,26,30,-7.6,-6.8,11.2,12.4
8.133e-02,54,48,26,22,-8,-10,12,11.6
8.152e-02,52,58,26,28,-8.4,-7.6,12.4,13.6
8.171e-02,52,46,24,22,-9.2,-10.4,13.2,12.8
8.191e-02,52,56,24,28,-9.6,-8.8,13.6,14.4
8.210e-02,50,44,24,20,-10,-11.2,14,13.6
8.229e-02,48,52,22,26,-10.4,-9.6,14.4,15.2
8.248e-02,46,40,22,18,-10.8,-11.6,14.8,14.4
8.267e-02,44,50,22,24,-10.8,-10,14.8,15.6
8.287e-02,42,36,22,16,-11.2,-12,15.6,14.8
8.306e-02,40,46,18,22,-11.2,-10.8,15.6,16.4
8.325e-02,38,30,18,14,-11.6,-12.4,15.6,15.2
8.344e-02,38,42,18,20,-11.6,-11.2,16,16.4
8.363e-02,34,24,14,10,-11.6,-12.4,16,15.2
8.383e-02,30,38,14,18,-11.6,-11.2,16,16.4
8.402e-02,28,16,12,6,-11.2,-12.4,15.6,14.8
8.421e-02,24,32,10,14,-11.2,-10.8,15.6,16.4
8.440e-02,20,10,8,2,-11.2,-12,15.6,14.4
8.459e-02,16,24,6,10,-11.6,-10.8,15.2,16
8.479e-02,14,4,4,4.47035e-08,-11.2,-11.6,14.8,13.2
8.498e-02,10,16,4,6,-10.8,-10,14.4,15.2
8.517e-02,6,-4,2,-4,-10.4,-11.2,14,12.4
8.536e-02,4,10,4.47035e-08,4,-10,-9.2,13.2,14.4
8.555e-02,4.47035e-08,-10,-2,-8,-9.6,-10.4,12.8,11.2
8.575e-02,-2,4,-4,4.47035e-08,-9.2,-8.4,12,13.2
8.594e-02,-6,-16,-6,-10,-9.2,-9.6,11.6,9.6
8.613e-02,-8,-2,-6,-4,-8.4,-7.6,10.8,12
8.632e-02,-12,-22,-8,-14,-8,-8.4,10.4,8
8.651e-02,-16,-8,-10,-6,-7.6,-6.4,9.2,10.4
8.671e-02,-18,-28,-12,-16,-6.8,-7.6,8.4,6.4
8.690e-02,-22,-14,-12,-10,-6.4,-5.6,7.6,9.2
8.709e-02,-26,-34,-14,-20,-5.6,-6.4,6.8,4.4
8.728e-02,-28,-22,-16,-12,-5.2,-4,6,7.2
8.747e-02,-32,-40,-18,-22,-4.8,-5.2,5.2,2.8
8.767e-02,-34,-26,-18,-16,-4,-2.8,4,5.6
8.786e-02,-36,-44,-20,-24,-3.2,-3.6,3.2,0.8
8.805e-02,-38,-32,-22,-18,-2.8,-1.6,2,3.6
8.824e-02,-40,-48,-22,-26,-2,-2.4,1.2,-1.2
8.843e-02,-44,-38,-24,-20,-1.2,-0.4,1.78814e-08,1.6
8.863e-02,-44,-52,-24,-28,-0.4,-1.2,-0.8,-2.8
8.882e-02,-46,-40,-26,-22,1.78814e-08,1.2,-1.6,-0.4
8.901e-02,-48,-54,-26,-32,0.8,0.4,-2.4,-4.8
8.920e-02,-52,-44,-28,-24,1.6,2.4,-3.2,-2
8.939e-02,-52,-58,-30,-32,2.4,1.6,-4.4,-6.4
8.959e-02,-54,-48,-30,-26,2.8,4,-5.2,-4
8.978e-02,-56,-60,-28,-34,3.6,3.2,-6,-8
8.997e-02,-54,-50,-30,-28,4.4,5.2,-6.8,-5.6
9.016e-02,-58,-60,-32,-34,4.8,4.4,-8,-9.6
9.035e-02,-58,-54,-32,-28,5.6,6.4,-8.4,-7.2
9.055e-02,-58,-62,-32,-34,6.4,5.6,-9.2,-11.2
9.074e-02,-58,-54,-30,-28,6.8,8,-10,-8.8
9.093e-02,-58,-60,-30,-34,7.6,6.8,-10.4,-12.4
9.112e-02,-56,-52,-30,-28,8,8.8,-11.2,-10.4
9.131e-02,-56,-60,-30,-32,8.4,7.6,-12,-13.2
9.151e-02,-56,-50,-30,-28,9.2,10,-12.4,-11.6
9.170e-02,-54,-56,-28,-32,9.2,8.8,-12.8,-14.4
9.189e-02,-52,-48,-28,-26,10,10.8,-13.6,-12.4
9.208e-02,-52,-54,-28,-30,10.4,9.6,-14,-15.2
9.227e-02,-50,-44,-26,-24,10.8,11.2,-14.4,-13.2
9.247e-02,-48,-52,-26,-28,10.8,10,-14.8,-15.6
9.266e-02,-48,-42,-26,-22,11.2,12,-14.8,-14.4
9.285e-02,-48,-48,-24,-26,11.6,10.8,-15.2,-16
9.304e-02,-42,-36,-22,-20,11.6,12.4,-15.2,-14.8
9.324e-02,-42,-44,-22,-24,12,10.8,-15.6,-16.4
9.343e-02,-38,-32,-20,-18,12,12.4,-15.6,-15.2
9.362e-02,-36,-40,-20,-22,12,11.2,-16,-16.4
9.381e-02,-34,-26,-18,-14,12,12.4,-16,-15.2
9.400e-02,-28,-34,-16,-18,12,11.2,-15.6,-16.4
9.420e-02,-26,-20,-14,-10,12,12.4,-15.6,-15.2
9.439e-02,-24,-26,-12,-16,12,10.4,-15.2,-16
9.458e-02,-20,-12,-12,-8,11.6,12.4,-15.2,-14.4
9.477e-02,-16,-18,-8,-12,11.6,10,-14.8,-15.2
9.496e-02,-12,-6,-6,-4,11.2,12,-14.4,-13.6
9.516e-02,-8,-12,-6,-8,10.8,9.2,-14,-14.4
9.535e-02,-6,2,-4,4.47035e-08,10.4,11.2,-13.6,-12.4
9.554e-02,-4,-6,-2,-4,10.4,8.4,-12.8,-13.2
9.573e-02,4.47035e-08,8,4.47035e-08,4,9.6,10.4,-12.4,-11.2
9.592e-02,4,4.47035e-08,4.47035e-08,4.47035e-08,9.6,7.6,-11.6,-12
9.612e-02,6,14,2,6,8.8,9.6,-10.8,-9.6
9.631e-02,10,6,4,2,8.4,6.4,-10.4,-10.8
9.650e-02,14,20,6,10,8,8.8,-9.2,-8
9.669e-02,16,12,8,4,7.2,5.6,-8.4,-9.2
9.688e-02,18,26,8,12,6.8,7.6,-7.6,-6.4
9.708e-02,22,20,10,8,6,4.4,-6.8,-7.2
9.727e-02,26,32,12,16,5.6,6.4,-6,-4.8
9.746e-02,30,24,14,10,4.8,3.2,-5.2,-5.6
9.765e-02,32,38,14,18,4.4,5.2,-4,-2.8
9.784e-02,34,30,18,14,3.6,2,-3.2,-3.6
9.804e-02,36,42,18,20,2.8,4,-2.4,-1.2
9.823e-02,38,36,18,16,2.4,0.4,-1.6,-2
9.842e-02,40,46,20,22,1.6,2.8,-0.4,0.8
9.861e-02,42,40,20,18,0.4,-0.8,0.4,1.78814e-08
9.880e-02,46,50,22,24,1.78814e-08,1.2,1.2,2.8
9.900e-02,46,42,22,20,-0.4,-2.4,2,2
9.919e-02,50,54,24,26,-1.2,1.78814e-08,3.2,4.4
9.938e-02,50,46,24,22,-2,-3.6,4.4,3.6
9.957e-02,50,56,26,28,-2.8,-1.6,4.8,6
9.976e-02,52,50,26,22,-3.2,-5.2,5.6,5.6
9.996e-02,56,58,28,30,-4,-2.8,6.8,8
1.001e-01,56,52,26,24,-4.8,-6.4,7.6,7.2
1.003e-01,56,60,28,30,-5.6,-4.4,8.4,9.6
1.005e-01,54,52,28,24,-6,-7.6,9.2,8.8
1.007e-01,56,60,26,30,-6.4,-5.6,10,11.2
1.009e-01,56,50,26,24,-7.2,-8.8,10.4,10
1.011e-01,54,58,26,30,-7.6,-6.8,11.2,12.4
1.013e-01,54,48,28,22,-8.4,-9.6,12,11.6
1.015e-01,54,58,26,28,-8.4,-7.6,12.4,13.6
1.017e-01,52,46,26,22,-8.8,-10.4,12.8,12.4
1.019e-01,52,56,24,28,-9.6,-8.8,13.6,14.4
1.021e-01,50,44,24,20,-10,-11.2,14,13.2
1.023e-01,48,54,22,26,-10.4,-9.6,14,15.2
1.025e-01,48,40,22,18,-10.8,-11.6,14.4,14.4
1.026e-01,46,50,22,24,-10.8,-10,14.8,15.6
1.028e-01,44,36,20,16,-11.2,-12,15.2,14.8
1.030e-01,42,46,20,24,-11.2,-10.8,15.6,16
1.032e-01,40,32,18,14,-11.2,-12.4,15.6,15.2
1.034e-01,36,44,16,20,-11.6,-11.2,16,16.4
1.036e-01,34,26,16,10,-11.6,-12.4,16,15.6
1.038e-01,32,38,16,18,-11.6,-11.2,15.6,16.4
1.040e-01,30,18,12,6,-11.6,-12.4,16,15.2
1.042e-01,26,34,10,14,-11.6,-11.2,15.6,16.4
1.044e-01,22,10,10,4,-11.6,-12,15.6,14.4
1.046e-01,18,26,8,10,-11.6,-10.8,15.2,16
1.048e-01,16,4,4,4.47035e-08,-11.2,-11.6,14.8,13.6
1.049e-01,10,18,4,8,-10.8,-10,14.4,15.2
1.051e-01,8,-2,2,-4,-10.8,-11.2,14,12.4
1.053e-01,4,10,4.47035e-08,4,-10.4,-9.6,13.6,14.4
1.055e-01,4.47035e-08,-8,-2,-6,-10,-10.4,12.8,11.2
1.057e-01,-2,4,-4,4.47035e-08,-9.6,-8.4,12.4,13.2
1.059e-01,-6,-14,-4,-10,-8.8,-9.6,11.6,9.6
1.061e-01,-10,-2,-6,-2,-8.8,-7.6,10.8,12
1.063e-01,-12,-22,-8,-14,-8,-8.4,10,8.4
1.065e-01,-14,-8,-10,-6,-7.6,-6.8,9.6,10.8
1.067e-01,-18,-26,-10,-16,-6.8,-7.6,8.4,6.8
1.069e-01,-22,-14,-14,-10,-6.4,-5.6,8,9.2
1.071e-01,-26,-34,-14,-20,-6,-6.4,6.8,4.8
1.073e-01,-26,-20,-14,-12,-5.2,-4.4,6,7.2
1.074e-01,-30,-38,-18,-22,-4.8,-5.2,5.2,2.8
1.076e-01,-34,-26,-18,-16,-4,-3.2,4.4,5.6
1.078e-01,-36,-44,-20,-24,-3.6,-4,3.2,0.8
1.080e-01,-40,-32,-22,-18,-2.4,-1.6,2,3.6
1.082e-01,-40,-48,-22,-26,-2,-2.4,1.2,-0.8
1.084e-01,-44,-36,-24,-20,-1.2,-0.4,0.4,1.6
1.086e-01,-46,-52,-24,-28,-0.4,-1.2,-0.4,-2.8
1.088e-01,-46,-40,-26,-22,1.78814e-08,1.2,-1.6,1.78814e-08
1.090e-01,-48,-54,-26,-30,0.8,0.4,-2,-4.4
1.092e-01,-50,-44,-28,-24,1.6,2.4,-3.2,-2
1.094e-01,-50,-58,-28,-32,2,1.6,-4,-6
1.096e-01,-52,-48,-28,-26,2.8,3.6,-4.8,-3.6
1.097e-01,-54,-60,-30,-32,3.6,2.8,-6,-7.6
1.099e-01,-54,-50,-30,-28,4,5.2,-6.4,-5.2
1.101e-01,-58,-62,-30,-34,4.8,4.4,-7.6,-9.2
1.103e-01,-58,-54,-30,-28,5.6,6.4,-8,-6.8
1.105e-01,-58,-62,-30,-34,6,5.6,-9.2,-10.8
1.107e-01,-56,-52,-30,-28,6.8,7.6,-9.6,-8.4
1.109e-01,-60,-60,-30,-34,7.2,6.4,-10.4,-12.4
1.111e-01,-56,-52,-30,-28,8,8.8,-11.2,-10
1.113e-01,-56,-58,-32,-32,8.4,7.6,-12,-13.2
1.115e-01,-56,-50,-30,-28,8.8,10,-12.4,-11.2
1.117e-01,-54,-58,-30,-32,9.2,8.8,-13.2,-14.4
1.119e-01,-54,-48,-28,-26,10,10.8,-13.6,-12.4
1.121e-01,-52,-54,-28,-30,10,9.6,-13.6,-14.8
1.122e-01,-52,-46,-26,-24,10.8,11.2,-14.4,-13.2
1.124e-01,-48,-52,-26,-28,10.8,10,-14.8,-15.6
1.126e-01,-48,-42,-26,-22,11.2,12,-14.8,-14
1.128e-01,-46,-48,-26,-26,11.2,10.8,-15.2,-16
1.130e-01,-46,-36,-24,-20,11.6,12.4,-15.6,-14.8
1.132e-01,-42,-44,-22,-24,11.6,11.2,-15.6,-16.4
1.134e-01,-42,-32,-20,-18,12,12.4,-15.6,-15.2
1.136e-01,-38,-40,-20,-22,12,11.2,-16,-16.4
1.138e-01,-34,-28,-18,-14,12,12.8,-16,-15.2
1.140e-01,-32,-34,-16,-18,12,10.8,-15.6,-16.4
1.142e-01,-26,-20,-14,-12,12.4,12.4,-15.6,-15.2
1.144e-01,-24,-26,-14,-16,11.6,10.8,-15.6,-16
1.145e-01,-20,-14,-12,-8,11.6,12.4,-15.2,-14.4
1.147e-01,-16,-20,-10,-12,11.6,10,-14.8,-15.2
1.149e-01,-12,-6,-8,-4,11.2,12,-14.4,-13.6
1.151e-01,-10,-12,-6,-8,11.2,9.6,-14,-14.4
1.153e-01,-6,4.47035e-08,-6,4.47035e-08,10.4,11.6,-13.2,-12.4
1.155e-01,-4,-6,-2,-4,10.4,8.8,-12.8,-13.6
1.157e-01,4.47035e-08,8,4.47035e-08,2,10,10.8,-12.4,-11.2
1.159e-01,2,4.47035e-08,2,-2,9.6,7.6,-11.6,-12
1.161e-01,6,14,2,6,9.2,10,-10.8,-10
1.163e-01,10,6,2,2,8.4,6.8,-10.4,-10.8
1.165e-01,10,20,4,10,8,8.8,-9.6,-8.4
1.167e-01,14,12,6,4,7.6,5.6,-8.8,-9.2
1.169e-01,18,26,8,12,6.8,8,-8,-6.8
1.170e-01,22,18,10,8,6.4,4.4,-7.2,-7.6
1.172e-01,24,32,12,16,5.6,6.4,-6.4,-4.8
1.174e-01,28,24,12,10,4.8,3.2,-5.2,-5.6
1.176e-01,30,36,14,18,4.4,5.2,-4.4,-3.2
1.178e-01,34,30,16,14,3.6,2,-3.2,-4
1.180e-01,36,42,18,20,2.8,4,-2.4,-1.2
1.182e-01,38,34,18,16,2.4,0.4,-1.6,-2
1.184e-01,42,46,20,24,1.6,2.8,-0.8,0.4
1.186e-01,40,40,20,18,0.8,-0.8,0.4,1.78814e-08
1.188e-01,44,50,22,24,0.4,1.2,1.2,2.4
1.190e-01,46,42,22,20,-0.4,-2.4,2,1.6
1.192e-01,48,54,24,26,-0.8,1.78814e-08,2.8,4.4
1.193e-01,50,46,24,22,-1.6,-3.6,4,3.6
1.195e-01,50,56,26,28,-2.4,-1.6,4.8,6
1.197e-01,52,50,26,22,-2.8,-4.8,6,5.2
1.199e-01,52,58,26,30,-3.6,-2.8,6.4,7.6
1.201e-01,54,52,28,24,-4.4,-6.4,7.2,6.8
1.203e-01,56,60,28,30,-5.2,-4,8.4,9.2
1.205e-01,56,52,28,24,-6,-7.6,9.2,8.4
1.207e-01,56,60,28,30,-6.4,-5.2,9.6,10.8
1.209e-01,54,50,26,24,-6.8,-8.4,10.8,10
1.211e-01,54,60,28,30,-7.6,-6.4,11.2,12.4
1.213e-01,56,48,26,22,-8,-9.6,11.6,11.2
1.215e-01,54,58,26,28,-8.4,-7.6,12.4,13.2
1.217e-01,52,46,26,22,-8.8,-10.4,12.8,12.4
1.218e-01,50,56,26,28,-9.6,-8.4,13.6,14.4
1.220e-01,50,44,24,20,-9.6,-11.2,13.6,13.2
1.222e-01,48,54,22,26,-10,-9.6,14,15.2
1.224e-01,48,40,22,18,-10.4,-11.6,14.4,14
1.226e-01,44,50,22,24,-10.8,-10,14.8,15.6
1.228e-01,44,36,20,16,-11.2,-12,15.2,14.8
1.230e-01,40,48,18,24,-11.6,-10.4,15.2,16
1.232e-01,38,32,18,14,-11.2,-12.4,16,15.2
1.234e-01,36,44,18,20,-11.6,-10.8,15.6,16.4
1.236e-01,36,26,16,10,-11.6,-12.4,16,15.2
1.238e-01,34,40,16,18,-11.6,-11.2,16,16.4
1.240e-01,28,18,12,8,-11.6,-12.4,16,15.2
1.241e-01,26,34,12,16,-11.6,-11.2,15.6,16.4
1.243e-01,24,12,10,4,-11.2,-12,15.2,14.4
1.245e-01,16,26,6,12,-11.2,-10.8,15.2,16
1.247e-01,14,4,6,4.47035e-08,-11.2,-11.6,14.8,13.6
1.249e-01,12,18,4,8,-11.2,-10,14.4,15.2
1.251e-01,8,-2,2,-4,-10.8,-11.2,14,12.4
1.253e-01,2,12,4.47035e-08,4,-10.4,-9.6,13.2,14.4
1.255e-01,2,-8,4.47035e-08,-8,-10,-10.4,13.2,11.2
1.257e-01,-2,4,-4,4.47035e-08,-9.6,-8.4,12.4,13.2
1.259e-01,-2,-14,-4,-10,-9.2,-9.6,12,10
1.261e-01,-10,-2,-6,-2,-8.4,-7.6,10.8,12.4
1.263e-01,-12,-20,-8,-12,-8,-8.8,10.4,8.4
1.265e-01,-14,-8,-10,-6,-7.6,-6.8,9.6,10.8
1.266e-01,-18,-26,-12,-16,-7.2,-7.6,8.8,6.8
1.268e-01,-20,-14,-12,-8,-6.8,-5.6,7.6,9.2
1.270e-01,-24,-32,-14,-20,-6,-6.4,7.2,4.8
1.272e-01,-26,-20,-16,-12,-5.2,-4.4,6.4,7.6
1.274e-01,-30,-38,-16,-22,-4.8,-5.2,5.2,3.2
1.276e-01,-34,-26,-18,-16,-4.4,-3.2,4.4,5.6
1.278e-01,-36,-44,-20,-24,-3.2,-4,3.2,1.2
1.280e-01,-38,-30,-20,-18,-2.8,-2,2.4,4
1.282e-01,-38,-48,-22,-26,-2.4,-2.8,1.2,-0.8
1.284e-01,-42,-36,-22,-20,-1.6,-0.4,0.4,2
1.286e-01,-46,-50,-26,-28,-0.8,-1.2,1.78814e-08,-2.4
1.288e-01,-46,-40,-26,-22,1.78814e-08,0.8,-1.2,1.78814e-08
1.289e-01,-48,-54,-26,-30,0.8,1.78814e-08,-2,-4.4
1.291e-01,-50,-44,-28,-24,1.2,2.4,-3.2,-1.6
1.293e-01,-52,-58,-28,-32,2,1.6,-4,-6
1.295e-01,-52,-48,-28,-26,2.8,3.6,-4.8,-3.6
1.297e-01,-54,-60,-30,-34,3.2,2.8,-5.6,-7.6
1.299e-01,-56,-50,-30,-28,4,5.2,-6.4,-5.2
1.301e-01,-56,-60,-30,-34,4.8,4,-7.6,-9.2
1.303e-01,-58,-52,-30,-28,5.2,6.4,-8,-6.8
1.305e-01,-58,-62,-30,-34,6,5.2,-9.2,-10.8
1.307e-01,-58,-52,-30,-28,6.8,7.6,-9.6,-8.4
1.309e-01,-54,-60,-30,-34,7.2,6.4,-10.4,-12
1.311e-01,-56,-52,-30,-28,7.6,8.8,-11.2,-10
1.313e-01,-56,-58,-30,-32,8.4,7.6,-11.6,-13.2
1.314e-01,-54,-50,-30,-28,8.8,9.6,-12.4,-11.2
1.316e-01,-54,-58,-30,-32,9.2,8.4,-12.8,-14
1.318e-01,-54,-48,-28,-26,9.6,10.4,-13.2,-12.4
1.320e-01,-52,-56,-28,-30,10.4,9.6,-14,-14.8
1.322e-01,-52,-46,-28,-24,10.4,11.2,-14.4,-13.2
1.324e-01,-48,-52,-26,-30,10.8,10,-14.4,-15.6
1.326e-01,-48,-42,-26,-22,11.2,12,-14.8,-14
1.328e-01,-48,-50,-24,-28,11.6,10.4,-15.2,-16
1.330e-01,-42,-38,-24,-20,11.6,12.4,-15.2,-14.8
1.332e-01,-42,-46,-22,-24,11.6,10.8,-15.6,-16.4
1.334e-01,-40,-34,-22,-18,12,12.4,-15.6,-15.2
1.336e-01,-38,-40,-20,-22,12,11.2,-16,-16.4
1.337e-01,-34,-28,-18,-16,12,12.4,-16,-15.2
1.339e-01,-32,-36,-18,-20,12,11.2,-16,-16.4
1.341e-01,-28,-20,-14,-12,12,12.4,-15.6,-15.2
1.343e-01,-24,-28,-14,-16,12,10.8,-15.6,-16
1.345e-01,-20,-14,-12,-8,11.6,12.4,-15.2,-14.4
1.347e-01,-16,-20,-10,-12,11.6,10,-14.8,-15.6
1.349e-01,-14,-6,-10,-4,11.6,12,-14.4,-13.6
1.351e-01,-10,-14,-6,-8,11.2,9.6,-14,-14.4
1.353e-01,-6,4.47035e-08,-4,4.47035e-08,10.8,11.6,-13.6,-12.4
1.355e-01,-2,-8,-2,-6,10.4,8.8,-13.2,-13.6
1.357e-01,4.47035e-08,6,-2,2,10,10.8,-12.8,-11.2
1.359e-01,2,4.47035e-08,4.47035e-08,-2,9.6,7.6,-11.6,-12
1.361e-01,6,12,2,6,8.8,10,-11.2,-10
1.362e-01,8,4,4,2,8.4,6.8,-10.4,-10.8
1.364e-01,12,18,6,8,8,8.8,-9.6,-8.4
1.366e-01,14,12,8,4,7.2,5.6,-8.8,-9.2
1.368e-01,20,24,10,12,6.8,8,-8,-6.8
1.370e-01,22,18,10,8,6.4,4.4,-7.2,-7.6
1.372e-01,24,32,10,14,5.6,6.8,-6.4,-5.2
1.374e-01,28,24,14,10,5.2,3.2,-5.6,-6
1.376e-01,30,36,14,18,4.4,5.6,-4.4,-3.2
1.378e-01,34,30,16,14,3.6,2,-3.6,-4
1.380e-01,36,40,16,20,3.2,4,-2.8,-1.6
1.382e-01,40,34,18,16,2.4,0.8,-1.6,-2.4
1.384e-01,38,46,20,22,1.6,2.8,-0.8,0.4
1.385e-01,44,38,22,18,1.2,-0.8,1.78814e-08,-0.4
1.387e-01,42,50,22,24,0.4,1.6,1.2,2.4
1.389e-01,46,42,22,20,-0.4,-2,2,1.6
1.391e-01,48,52,24,26,-0.8,1.78814e-08,2.8,4
1.393e-01,50,46,24,22,-1.6,-3.6,3.6,3.2
1.395e-01,54,56,26,28,-2.4,-1.2,4.8,6
1.397e-01,52,50,26,22,-2.8,-4.8,5.6,5.2
1.399e-01,54,58,26,28,-3.6,-2.8,6.4,7.6
1.401e-01,54,50,26,24,-4.4,-6,7.2,6.8
1.403e-01,56,60,28,30,-5.2,-4,8,9.2
1.405e-01,56,52,28,24,-5.6,-7.6,8.8,8.4
1.407e-01,54,60,28,30,-6,-5.2,9.6,10.8
1.409e-01,56,50,28,24,-6.8,-8.4,10.4,10
1.410e-01,54,60,26,30,-7.2,-6.4,10.8,12
1.412e-01,54,50,26,24,-7.6,-9.6,11.6,11.2
1.414e-01,54,58,26,28,-8.4,-7.6,12,13.2
1.416e-01,54,46,26,22,-9.2,-10.4,12.8,12.4
1.418e-01,50,56,24,28,-9.2,-8.4,13.2,14
1.420e-01,48,44,24,20,-9.6,-11.2,13.6,13.2
1.422e-01,48,54,24,26,-10,-9.2,14,14.8
1.424e-01,48,40,24,18,-10.4,-11.6,14.4,14
1.426e-01,46,50,22,24,-10.8,-10,14.8,15.6
1.428e-01,44,36,20,16,-10.8,-12,15.2,14.4
1.430e-01,42,48,20,24,-11.2,-10.8,15.6,16
1.432e-01,40,32,18,14,-11.6,-12.4,15.6,15.2
1.434e-01,38,44,18,20,-11.2,-10.8,16,16.4
1.435e-01,34,26,18,12,-11.6,-12.4,16,15.2
1.437e-01,32,38,16,18,-11.6,-11.2,16,16.4
1.439e-01,30,20,14,8,-11.6,-12.4,16,15.2
1.441e-01,26,34,12,16,-11.6,-11.2,16,16.4
1.443e-01,22,12,10,4,-11.6,-12,15.6,14.4
1.445e-01,18,26,8,12,-11.2,-10.8,15.2,16
1.447e-01,16,4,6,4.47035e-08,-11.2,-11.6,14.8,13.6
1.449e-01,12,20,4,8,-11.2,-10.4,14.8,15.6
1.451e-01,8,-2,2,-4,-10.8,-11.2,14,12.8
1.453e-01,6,12,4.47035e-08,4,-10.4,-9.6,13.6,14.4
1.455e-01,4.47035e-08,-8,-2,-6,-10,-10.8,13.2,11.6
1.457e-01,-2,6,-4,2,-9.6,-8.8,12.4,13.6
1.458e-01,-4,-14,-4,-10,-9.2,-9.6,11.6,10
1.460e-01,-8,4.47035e-08,-6,-2,-8.4,-7.6,11.2,12.4
1.462e-01,-10,-20,-6,-12,-8,-8.8,10.4,8.8
1.464e-01,-12,-6,-10,-6,-7.6,-6.8,9.6,10.8
1.466e-01,-16,-26,-10,-16,-7.2,-8,8.8,6.8
1.468e-01,-20,-14,-12,-8,-6.8,-5.6,8,9.6
1.470e-01,-22,-32,-14,-18,-6,-6.8,7.2,5.2
1.472e-01,-26,-20,-16,-12,-5.2,-4.4,6.4,7.6
1.474e-01,-30,-38,-16,-22,-5.2,-5.6,5.6,3.2
1.476e-01,-34,-26,-18,-14,-4,-3.2,4.4,6
1.478e-01,-34,-42,-20,-24,-3.6,-4,3.6,1.2
1.480e-01,-38,-30,-20,-18,-2.8,-2,2.8,4
1.482e-01,-40,-48,-22,-26,-2.4,-2.8,1.6,-0.4
1.483e-01,-42,-36,-24,-20,-1.6,-0.8,0.8,2
1.485e-01,-44,-50,-24,-28,-1.2,-1.6,-0.4,-2.4
1.487e-01,-46,-40,-24,-22,-0.4,0.8,-1.2,0.4
1.489e-01,-48,-54,-26,-30,0.4,1.78814e-08,-2,-4
1.491e-01,-50,-44,-28,-24,0.8,2,-2.8,-1.6
1.493e-01,-50,-56,-28,-32,2,1.2,-4,-5.6
1.495e-01,-52,-48,-28,-26,2.8,3.6,-4.4,-3.2
1.497e-01,-56,-60,-28,-32,3.2,2.8,-5.6,-7.6
1.499e-01,-56,-50,-30,-28,4,4.8,-6.4,-5.2
1.501e-01,-56,-60,-30,-34,4.8,4,-7.6,-9.2
1.503e-01,-58,-52,-32,-28,5.2,6.4,-8,-6.8
1.505e-01,-58,-62,-32,-34,6,5.2,-8.8,-10.8
1.506e-01,-58,-52,-30,-28,6.4,7.6,-9.6,-8.4
1.508e-01,-58,-62,-32,-34,7.2,6.4,-10.4,-12
1.510e-01,-56,-52,-30,-28,7.6,8.8,-11.2,-9.6
1.512e-01,-58,-60,-30,-34,8,7.2,-11.6,-13.2
1.514e-01,-54,-50,-30,-28,8.8,9.6,-12.4,-11.2
1.516e-01,-56,-58,-30,-32,9.2,8.4,-12.8,-14
1.518e-01,-52,-48,-30,-26,9.6,10.4,-13.2,-12.4
1.520e-01,-52,-56,-28,-30,10,9.2,-13.6,-14.8
1.522e-01,-50,-46,-28,-24,10.4,11.2,-14,-13.2
1.524e-01,-48,-54,-28,-30,10.8,10,-14.4,-15.6
1.526e-01,-46,-42,-26,-22,11.2,11.6,-14.8,-14
1.528e-01,-46,-50,-24,-28,11.2,10.4,-15.2,-16
1.530e-01,-44,-38,-24,-20,11.6,12.4,-15.6,-14.8
1.531e-01,-42,-46,-22,-26,11.6,10.8,-15.6,-16.4
1.533e-01,-40,-34,-20,-18,12,12.4,-15.6,-15.2
1.535e-01,-38,-40,-20,-22,12,11.2,-16,-16.4
1.537e-01,-36,-28,-20,-16,12.4,12.4,-16,-15.2
1.539e-01,-32,-36,-16,-20,12,11.2,-16,-16.4
1.541e-01,-30,-22,-16,-12,12,12.8,-15.6,-15.2
1.543e-01,-26,-28,-14,-16,12,10.8,-15.6,-16
1.545e-01,-20,-14,-12,-8,11.6,12.4,-15.2,-14.4
1.547e-01,-18,-22,-10,-12,11.6,10.4,-14.8,-15.6
1.549e-01,-14,-8,-8,-4,11.6,12,-14.8,-13.6
1.551e-01,-10,-14,-6,-10,11.2,9.6,-14.4,-14.4
1.553e-01,-8,4.47035e-08,-4,-2,10.8,11.6,-13.6,-12.8
1.554e-01,-4,-8,-2,-6,10.4,8.8,-13.2,-13.6
1.556e-01,-2,6,4.47035e-08,2,10,10.8,-12.8,-11.6
1.558e-01,2,-2,4.47035e-08,-2,9.6,8,-12,-12.4
1.560e-01,4,12,4.47035e-08,6,9.2,10,-11.2,-10
1.562e-01,8,4,4,4.47035e-08,8.4,6.8,-10.4,-10.8
1.564e-01,10,18,4,8,8,9.2,-10,-8.8
1.566e-01,14,12,6,4,7.6,5.6,-9.2,-9.6
1.568e-01,18,24,8,12,6.8,8,-8,-6.8
1.570e-01,20,18,10,8,6.4,4.8,-7.6,-7.6
1.572e-01,24,30,10,14,6,6.8,-6.4,-5.2
1.574e-01,28,24,12,10,5.2,3.6,-5.6,-6
1.576e-01,30,36,14,18,4.8,5.6,-4.8,-3.6
1.578e-01,34,28,16,12,4,2,-3.6,-4.4
1.579e-01,36,40,16,20,3.2,4.4,-2.8,-1.6
1.581e-01,38,34,18,16,2.4,0.8,-2,-2.4
1.583e-01,40,44,18,22,2,2.8,-1.2,0.4
1.585e-01,42,38,20,18,1.2,-0.8,-0.4,-0.4
1.587e-01,44,50,20,24,0.4,1.6,0.8,2
1.589e-01,44,42,22,20,-0.4,-2,2,1.2
1.591e-01,48,52,24,26,-0.8,1.78814e-08,2.4,4
1.593e-01,50,46,24,22,-1.6,-3.2,3.6,3.2
1.595e-01,50,56,24,28,-2.4,-1.2,4.4,5.6
1.597e-01,54,48,26,22,-2.8,-4.8,5.6,4.8
1.599e-01,52,58,26,30,-3.6,-2.4,6,7.2
1.601e-01,54,52,26,24,-4.4,-6,6.8,6.8
1.602e-01,54,60,28,30,-4.8,-4,8,9.2
1.604e-01,56,52,28,24,-5.6,-7.2,8.4,8.4
1.606e-01,56,60,26,30,-6.4,-5.2,9.6,10.4
1.608e-01,56,50,28,24,-6.8,-8.4,10.4,9.6
1.610e-01,54,60,26,30,-7.2,-6.4,10.8,12
1.612e-01,54,50,28,22,-7.6,-9.2,11.6,11.2
1.614e-01,54,58,26,28,-8.4,-7.6,12,13.2
1.616e-01,52,48,26,22,-8.8,-10.4,12.4,12
1.618e-01,52,56,24,28,-9.2,-8.4,13.2,14
1.620e-01,50,44,24,20,-9.6,-11.2,13.6,13.2
1.622e-01,48,54,24,26,-10,-9.2,14.4,14.8
1.624e-01,48,42,24,18,-10.4,-11.6,14.4,14
1.626e-01,46,50,22,26,-10.8,-10,14.8,15.6
1.627e-01,44,38,20,16,-10.8,-12,15.2,14.8
1.629e-01,44,48,20,24,-11.2,-10.4,15.6,16
1.631e-01,40,34,18,14,-11.2,-12.4,15.6,15.2
1.633e-01,40,44,18,20,-11.6,-10.8,15.6,16.4
1.635e-01,36,28,18,12,-11.6,-12.4,15.6,15.6
1.637e-01,34,40,16,18,-11.6,-11.2,16,16.4
1.639e-01,30,20,14,8,-11.6,-12.4,16,15.2
1.641e-01,26,34,10,16,-11.6,-11.2,16,16.4
1.643e-01,22,14,10,4,-11.6,-12,15.6,14.8
1.645e-01,20,26,8,12,-11.6,-10.8,15.2,16
1.647e-01,16,6,6,4.47035e-08,-11.2,-12,14.8,14
1.649e-01,12,20,4,8,-11.2,-10.4,14.8,15.6
1.650e-01,10,4.47035e-08,2,-2,-10.8,-11.2,14.4,12.8
1.652e-01,6,12,4.47035e-08,4,-10.4,-9.6,13.6,14.8
1.654e-01,2,-8,-2,-6,-10.4,-10.8,13.2,11.6
1.656e-01,4.47035e-08,6,-2,2,-9.6,-8.8,12.8,13.6
1.658e-01,-4,-12,-4,-10,-9.2,-9.6,12,10.4
1.660e-01,-6,4.47035e-08,-4,-2,-8.8,-8,11.2,12.4
1.662e-01,-10,-20,-8,-12,-8.4,-8.8,10.4,8.8
1.664e-01,-12,-6,-8,-4,-7.6,-6.8,10,11.2
1.666e-01,-16,-26,-10,-16,-7.2,-8,9.2,7.2
1.668e-01,-18,-14,-12,-8,-6.4,-6,8,9.6
1.670e-01,-22,-32,-14,-18,-6.4,-6.8,7.2,5.2
1.672e-01,-26,-18,-14,-12,-5.6,-4.8,6.8,8
1.674e-01,-28,-36,-18,-22,-5.2,-5.6,5.6,3.6
1.675e-01,-32,-24,-18,-14,-4.4,-3.6,4.8,6
1.677e-01,-34,-42,-18,-24,-4,-4,4,1.6
1.679e-01,-38,-30,-20,-16,-3.2,-2,2.8,4
1.681e-01,-40,-46,-22,-26,-2.4,-2.8,1.6,-0.4
1.683e-01,-42,-36,-24,-20,-2,-0.8,0.8,2.4
1.685e-01,-44,-50,-24,-28,-1.2,-1.6,1.78814e-08,-2.4
1.687e-01,-46,-40,-24,-22,-0.4,0.4,-0.8,0.4
1.689e-01,-48,-54,-26,-30,0.4,-0.4,-2,-4
1.691e-01,-48,-44,-28,-24,0.8,2,-2.8,-1.6
1.693e-01,-52,-56,-28,-32,1.6,1.2,-3.6,-5.6
1.695e-01,-52,-48,-28,-26,2.4,3.6,-4.4,-3.2
1.697e-01,-52,-60,-30,-32,2.8,2.4,-5.6,-7.2
1.698e-01,-54,-50,-30,-26,4,4.8,-6,-4.8
1.700e-01,-56,-60,-30,-34,4.4,4,-6.8,-9.2
1.702e-01,-58,-52,-32,-28,5.2,6,-8,-6.4
1.704e-01,-58,-62,-32,-34,5.6,5.2,-8.8,-10.8
1.706e-01,-56,-54,-30,-28,6.4,7.2,-9.2,-8
1.708e-01,-58,-60,-30,-34,7.2,6.4,-10,-11.6
1.710e-01,-58,-52,-30,-28,7.6,8.4,-10.8,-9.6
1.712e-01,-54,-60,-32,-32,8,7.2,-11.2,-13.2
1.714e-01,-56,-50,-30,-28,8.4,9.6,-12,-11.2
1.716e-01,-54,-58,-30,-32,9.2,8.4,-12.8,-14
1.718e-01,-52,-48,-30,-26,9.6,10.4,-13.2,-12
1.720e-01,-52,-56,-28,-30,10,9.2,-13.6,-14.8
1.722e-01,-52,-46,-28,-24,10.4,11.2,-14,-13.2
1.723e-01,-50,-52,-26,-28,10.8,10,-14.4,-15.6
1.725e-01,-48,-44,-28,-22,11.2,11.6,-14.8,-14
1.727e-01,-46,-50,-26,-28,11.2,10.4,-14.8,-16
1.729e-01,-46,-38,-24,-20,11.6,12,-15.2,-14.4
1.731e-01,-42,-46,-24,-26,12,10.8,-15.2,-16.4
1.733e-01,-40,-34,-20,-18,11.6,12.4,-15.6,-15.2
1.735e-01,-40,-42,-20,-24,12,11.2,-15.6,-16.4
1.737e-01,-36,-30,-20,-16,12,12.4,-16,-15.2
1.739e-01,-32,-36,-18,-20,12,11.2,-16,-16.4
1.741e-01,-28,-22,-16,-12,12,12.4,-15.6,-15.2
1.743e-01,-24,-28,-14,-16,12,10.8,-15.6,-16
1.745e-01,-22,-16,-12,-8,12,12.4,-15.6,-14.8
1.746e-01,-20,-22,-10,-12,11.6,10.4,-14.8,-15.6
1.748e-01,-14,-8,-8,-4,11.6,12,-14.4,-14
1.750e-01,-10,-16,-6,-10,11.2,9.6,-14,-14.8
1.752e-01,-8,-2,-4,-2,10.8,11.6,-14,-12.8
1.754e-01,-6,-8,-4,-6,10,8.8,-13.2,-13.6
1.756e-01,-2,6,-2,2,10,10.8,-12.4,-11.6
1.758e-01,2,-2,4.47035e-08,-2,10,8,-12,-12.4
1.760e-01,4,10,4.47035e-08,4,9.2,10,-11.6,-10.4
1.762e-01,8,4,2,4.47035e-08,8.8,6.8,-10.8,-11.2
1.764e-01,10,18,4,8,8.4,9.2,-10,-8.8
1.766e-01,14,10,6,4,8,6,-9.2,-9.6
1.768e-01,18,24,8,10,7.2,8,-8.4,-7.2
1.770e-01,20,16,10,6,6.4,4.8,-7.6,-8
1.771e-01,22,30,10,14,6,6.8,-6.8,-5.6
1.773e-01,24,22,12,10,5.2,3.6,-5.6,-6.4
1.775e-01,28,34,14,16,4.8,5.6,-4.8,-3.6
1.777e-01,32,28,16,12,4,2.4,-4,-4.4
1.779e-01,34,40,16,20,3.6,4.4,-3.2,-2
1.781e-01,38,34,18,16,2.8,0.8,-2,-2.8
1.783e-01,40,44,20,22,2,3.2,-1.2,1.78814e-08
1.785e-01,40,38,20,18,1.2,-0.4,-0.4,-0.8
1.787e-01,44,48,22,24,0.4,1.6,0.4,2
1.789e-01,46,42,22,20,1.78814e-08,-2,1.6,1.2
1.791e-01,46,52,24,26,-0.8,0.4,2,3.6
1.793e-01,48,46,24,22,-1.2,-3.2,3.2,2.8
1.794e-01,50,56,24,28,-2,-1.2,4,5.6
1.796e-01,52,48,26,22,-2.8,-4.4,5.2,4.8
1.798e-01,52,58,28,28,-3.6,-2.4,6,7.2
1.800e-01,54,50,26,24,-4.4,-6,6.8,6.4
1.802e-01,58,60,28,30,-4.8,-3.6,8,8.8
1.804e-01,56,52,28,24,-5.2,-7.2,8.8,8
1.806e-01,56,60,28,30,-6,-4.8,9.2,10.4
1.808e-01,54,50,28,24,-6.8,-8,10,9.6
1.810e-01,56,60,26,30,-7.2,-6.4,10.8,12
1.812e-01,54,50,26,22,-7.6,-9.2,11.2,10.8
1.814e-01,54,58,26,30,-8,-7.2,12,12.8
1.816e-01,52,48,26,22,-8.4,-10.4,12.4,12
1.818e-01,54,56,26,28,-9.2,-8.4,13.2,14
1.819e-01,50,44,26,20,-9.6,-10.8,13.6,13.2
1.821e-01,48,54,24,26,-9.6,-9.2,14,14.8
1.823e-01,48,42,24,20,-10.4,-11.6,14.4,14
1.825e-01,48,52,22,24,-10.4,-10,14.4,15.6
1.827e-01,46,38,22,16,-10.8,-12,15.2,14.4
1.829e-01,44,48,20,24,-10.8,-10.4,15.6,16
1.831e-01,42,34,20,14,-11.2,-12.4,15.2,15.2
1.833e-01,40,44,20,22,-11.2,-10.8,15.6,16.4
1.835e-01,36,28,18,12,-11.6,-12.4,15.6,15.2
1.837e-01,34,40,16,20,-11.6,-11.2,16,16.4
1.839e-01,30,20,14,8,-11.6,-12.4,16,15.2
1.841e-01,28,34,12,16,-12,-11.2,16,16.4
1.842e-01,24,14,10,4,-11.6,-12.4,15.6,14.8
1.844e-01,20,28,10,12,-11.2,-10.8,15.6,16
1.846e-01,16,6,6,4.47035e-08,-11.2,-12,15.2,14
1.848e-01,10,20,4,8,-10.8,-10.4,14.8,15.6
1.850e-01,8,4.47035e-08,4,-2,-10.8,-11.6,14.4,12.8
1.852e-01,6,14,4.47035e-08,4,-10.4,-9.6,14,14.8
1.854e-01,2,-6,4.47035e-08,-6,-10,-10.8,13.2,11.6
1.856e-01,4.47035e-08,6,-4,2,-9.6,-8.8,12.8,13.6
1.858e-01,-2,-12,-4,-8,-9.2,-10,12,10.4
1.860e-01,-6,4.47035e-08,-6,-2,-8.8,-8,11.2,12.4
1.862e-01,-10,-18,-6,-12,-8.4,-8.8,10.8,8.8
1.864e-01,-12,-6,-8,-4,-8,-7.2,10,11.2
1.866e-01,-16,-26,-10,-14,-7.2,-8,9.2,7.2
1.867e-01,-18,-12,-12,-8,-6.8,-6,8.4,9.6
1.869e-01,-20,-32,-12,-18,-6.4,-6.8,7.6,5.6
1.871e-01,-24,-18,-14,-10,-5.6,-4.8,6.8,8
1.873e-01,-28,-36,-16,-22,-5.2,-5.6,5.6,3.6
1.875e-01,-32,-24,-18,-14,-4.4,-3.6,4.8,6.4
1.877e-01,-32,-42,-18,-24,-4,-4.4,4,1.6
1.879e-01,-38,-30,-20,-18,-3.2,-2.4,3.2,4.4
1.881e-01,-40,-46,-22,-26,-2.4,-3.2,2,-0.4
1.883e-01,-40,-34,-24,-20,-2,-0.8,1.2,2.4
1.885e-01,-44,-50,-24,-28,-1.2,-1.6,0.4,-2
1.887e-01,-44,-38,-24,-22,-0.4,0.4,-0.8,0.8
1.889e-01,-46,-54,-26,-30,0.4,-0.4,-1.6,-3.6
1.890e-01,-50,-42,-26,-24,0.4,2,-2.4,-1.2
1.892e-01,-48,-56,-28,-32,1.6,1.2,-3.2,-5.6
1.894e-01,-52,-46,-28,-26,2.4,3.2,-4.4,-2.8
1.896e-01,-54,-60,-30,-32,2.8,2.4,-5.2,-7.2
1.898e-01,-54,-48,-30,-26,3.6,4.8,-6,-4.8
1.900e-01,-56,-60,-30,-34,4,3.6,-6.8,-8.8
1.902e-01,-58,-52,-32,-28,4.8,6,-7.6,-6.4
1.904e-01,-58,-62,-32,-34,5.6,4.8,-8.4,-10.4
1.906e-01,-58,-54,-32,-28,6,7.2,-9.2,-8
1.908e-01,-58,-62,-30,-34,6.8,6,-9.6,-11.6
1.910e-01,-58,-52,-30,-28,7.6,8.4,-10.4,-9.6
1.912e-01,-56,-60,-30,-34,8,7.2,-11.2,-12.8
1.914e-01,-56,-50,-30,-28,8.8,9.6,-12,-10.8
1.915e-01,-54,-58,-30,-32,9.2,8.4,-12.4,-14
1.917e-01,-52,-48,-28,-26,9.2,10.4,-13.2,-12
1.919e-01,-54,-56,-28,-32,9.6,9.2,-13.6,-14.8
1.921e-01,-52,-46,-28,-24,10.4,11.2,-14,-13.2
1.923e-01,-50,-54,-26,-30,10.8,10,-14.4,-15.2
1.925e-01,-50,-44,-26,-24,10.8,11.6,-14.8,-14
1.927e-01,-48,-50,-24,-28,11.2,10.4,-15.2,-16
1.929e-01,-46,-40,-24,-20,11.6,12,-15.2,-14.4
1.931e-01,-44,-46,-24,-26,11.6,10.8,-15.6,-16.4
1.933e-01,-42,-36,-22,-18,11.6,12.4,-15.6,-15.2
1.935e-01,-38,-42,-20,-24,12,11.2,-15.6,-16.4
1.937e-01,-36,-30,-20,-16,12.4,12.4,-15.6,-15.2
1.938e-01,-34,-38,-18,-20,12,11.2,-16,-16.4
1.940e-01,-30,-22,-16,-12,12,12.4,-15.6,-15.2
1.942e-01,-28,-30,-14,-18,12,10.8,-15.6,-16
1.944e-01,-22,-16,-12,-8,12,12.4,-15.6,-14.8
1.946e-01,-20,-22,-10,-14,11.6,10.4,-15.2,-15.6
1.948e-01,-16,-8,-8,-6,11.6,12,-14.8,-14
1.950e-01,-12,-16,-8,-10,11.2,9.6,-14.4,-14.8
1.952e-01,-10,-2,-6,-2,10.8,11.6,-14,-12.8
1.954e-01,-6,-10,-4,-6,10.8,8.8,-13.2,-14
1.956e-01,-2,4,-2,2,10.4,10.8,-12.8,-11.6
1.958e-01,2,-2,4.47035e-08,-2,9.6,8,-12.4,-12.8
1.960e-01,2,10,2,4,9.2,10,-11.2,-10.4
1.962e-01,8,2,2,4.47035e-08,8.8,7.2,-10.8,-11.2
1.963e-01,10,16,4,8,8.4,9.2,-10,-8.8
1.965e-01,14,10,6,4,7.6,6,-9.6,-9.6
1.967e-01,16,24,8,10,7.6,8.4,-8.4,-7.2
1.969e-01,20,16,10,6,6.8,4.8,-7.6,-8
1.971e-01,22,30,10,14,6,7.2,-6.8,-5.6
1.973e-01,26,22,12,10,5.6,3.6,-5.6,-6.4
1.975e-01,28,34,14,16,4.8,6,-5.2,-4
1.977e-01,32,28,14,12,4,2.4,-4.4,-4.8
1.979e-01,34,40,16,20,3.6,4.8,-3.2,-2
1.981e-01,38,34,18,16,2.8,1.2,-2.4,-2.8
1.983e-01,38,44,18,22,2.4,3.2,-1.2,1.78814e-08
1.985e-01,40,38,20,18,1.6,-0.4,-0.4,-0.8
1.986e-01,44,48,20,24,0.8,2,0.4,1.6
1.988e-01,44,40,22,20,1.78814e-08,-1.6,1.2,0.8
1.990e-01,46,52,22,26,-0.4,0.4,2,3.6
1.992e-01,48,44,24,20,-1.2,-3.2,3.2,2.8
1.994e-01,52,54,24,28,-2,-0.8,4.4,5.6
1.996e-01,52,48,26,22,-2.8,-4.4,5.2,4.4
1.998e-01,52,58,26,28,-3.2,-2.4,6,7.2
2.000e-01,54,50,26,24,-4,-5.6,6.8,6
2.002e-01,56,60,28,30,-4.4,-3.6,7.2,8.8
2.004e-01,56,52,28,24,-5.2,-6.8,8.4,8
2.006e-01,56,60,28,30,-6,-4.8,9.2,10.4
2.008e-01,56,52,28,24,-6.4,-8,10,9.6
2.010e-01,56,60,28,30,-6.8,-6,10.4,11.6
2.011e-01,56,50,26,24,-7.6,-9.2,11.2,10.8
2.013e-01,54,58,26,28,-8,-7.2,12,12.8
2.015e-01,54,48,26,22,-8.8,-10,12,12
2.017e-01,54,58,26,28,-8.8,-8.4,12.8,14
2.019e-01,50,44,26,20,-9.6,-10.8,13.6,13.2
2.021e-01,48,56,22,26,-10,-9.2,14,14.8
2.023e-01,48,42,24,20,-10,-11.6,14.4,14
2.025e-01,48,52,22,26,-10.4,-9.6,14.8,15.6
2.027e-01,44,38,20,18,-10.8,-12,15.2,14.4
2.029e-01,44,48,20,24,-11.2,-10.4,15.2,16
2.031e-01,42,34,18,14,-11.2,-12,15.6,15.2
2.033e-01,42,46,18,22,-11.2,-10.8,15.6,16.4
2.035e-01,36,28,16,12,-11.6,-12.4,16,15.2
2.036e-01,34,40,16,20,-12,-11.2,16,16.4
2.038e-01,32,22,16,8,-11.6,-12.4,16,15.2
2.040e-01,28,36,12,16,-11.6,-11.2,15.6,16.4
2.042e-01,26,14,10,4,-11.6,-12.4,15.6,14.8
2.044e-01,22,28,10,12,-11.2,-10.8,15.6,16.4
2.046e-01,18,8,6,2,-11.2,-12,15.2,14
2.048e-01,16,20,6,10,-11.2,-10.4,14.4,15.6
2.050e-01,10,2,2,-2,-10.8,-11.6,14.4,13.2
2.052e-01,8,14,2,6,-10.4,-9.6,14,14.8
2.054e-01,2,-6,4.47035e-08,-6,-10.4,-10.8,13.2,12
2.056e-01,4.47035e-08,8,-2,2,-10,-9.2,13.2,14
2.058e-01,-2,-12,-4,-8,-9.2,-10,12.4,10.4
2.059e-01,-6,2,-4,-2,-9.2,-8,11.6,12.8
2.061e-01,-8,-18,-6,-12,-8.8,-9.2,11.2,9.2
2.063e-01,-12,-6,-8,-4,-8,-7.2,10,11.2
2.065e-01,-16,-24,-10,-14,-7.6,-8,9.6,7.2
2.067e-01,-18,-12,-12,-8,-6.8,-6,8.4,10
2.069e-01,-20,-30,-12,-18,-6.4,-6.8,7.6,5.6
2.071e-01,-24,-18,-14,-10,-6,-4.8,6.8,8.4
2.073e-01,-26,-36,-16,-20,-5.2,-6,6,3.6
2.075e-01,-30,-24,-18,-14,-4.8,-3.6,5.2,6.4
2.077e-01,-32,-42,-18,-24,-4,-4.8,4.4,2
2.079e-01,-36,-30,-20,-16,-3.6,-2.4,3.2,4.8
2.081e-01,-40,-46,-22,-26,-2.8,-3.2,2,1.78814e-08
2.083e-01,-40,-34,-24,-20,-2,-1.2,1.2,2.8
2.084e-01,-44,-50,-24,-28,-1.6,-2,0.4,-1.6
2.086e-01,-46,-38,-26,-22,-0.8,0.4,-0.8,0.8
2.088e-01,-46,-54,-24,-30,1.78814e-08,-0.4,-1.2,-3.6
2.090e-01,-50,-42,-26,-24,0.8,1.6,-2.4,-1.2
2.092e-01,-50,-56,-28,-32,1.2,0.8,-3.2,-5.2
2.094e-01,-54,-46,-28,-26,2.4,3.2,-4.4,-2.8
2.096e-01,-52,-60,-30,-32,2.8,2,-5.2,-7.2
2.098e-01,-54,-50,-30,-26,3.6,4.4,-6,-4.4
2.100e-01,-56,-60,-30,-34,4,3.6,-6.4,-8.8
2.102e-01,-58,-52,-32,-28,4.8,6,-7.6,-6.4
2.104e-01,-56,-62,-30,-34,5.6,4.8,-8.4,-10.4
2.106e-01,-56,-52,-30,-28,6.4,7.2,-9.2,-7.6
2.107e-01,-58,-60,-30,-34,6.8,6,-10,-11.6
2.109e-01,-58,-52,-30,-28,7.6,8.4,-10.4,-9.2
2.111e-01,-56,-60,-30,-32,8,7.2,-10.8,-12.8
2.113e-01,-56,-50,-32,-28,8.4,9.2,-11.6,-10.8
2.115e-01,-56,-58,-30,-32,8.8,8,-12.4,-14
2.117e-01,-54,-48,-30,-26,9.6,10.4,-12.8,-12
2.119e-01,-52,-56,-28,-32,10,9.2,-13.2,-14.8
2.121e-01,-54,-46,-28,-24,10.4,11.2,-14,-13.2
2.123e-01,-50,-54,-28,-30,10.4,9.6,-14,-15.2
2.125e-01,-48,-44,-26,-24,11.2,11.6,-14.8,-13.6
2.127e-01,-46,-50,-26,-28,11.2,10.4,-14.8,-16
2.129e-01,-46,-40,-24,-22,11.6,12,-15.2,-14.4
2.131e-01,-44,-46,-24,-26,11.6,10.8,-15.6,-16.4
2.132e-01,-42,-34,-22,-20,12,12.4,-15.6,-15.2
2.134e-01,-38,-42,-22,-24,12,11.2,-15.6,-16.4
2.136e-01,-36,-30,-20,-16,12,12.4,-16,-15.2
2.138e-01,-34,-38,-20,-20,12,11.2,-16,-16.4
2.140e-01,-32,-24,-16,-12,12,12.4,-16,-15.2
2.142e-01,-26,-30,-14,-18,12,10.8,-15.6,-16.4
2.144e-01,-24,-16,-14,-10,12,12.4,-15.6,-14.8
2.146e-01,-22,-22,-12,-14,11.6,10.4,-15.2,-15.6
2.148e-01,-16,-10,-10,-6,11.6,12,-15.2,-14
2.150e-01,-14,-16,-8,-10,11.2,10,-14.4,-14.8
2.152e-01,-10,-2,-6,-2,11.2,11.6,-14,-13.2
2.154e-01,-8,-10,-4,-6,10.8,9.2,-13.2,-14
2.155e-01,-4,4,-2,2,10.4,11.2,-12.8,-12
2.157e-01,2,-4,4.47035e-08,-2,10,8.4,-12.4,-12.8
2.159e-01,4,10,4.47035e-08,4,9.6,10.4,-11.6,-10.8
2.161e-01,6,2,4.47035e-08,4.47035e-08,9.2,7.2,-10.8,-11.6
2.163e-01,8,16,2,8,8.8,9.6,-10.4,-9.2
2.165e-01,14,10,6,4,8,6,-9.6,-10
2.167e-01,16,22,6,10,7.2,8.4,-8.8,-7.6
2.169e-01,18,16,8,6,6.8,4.8,-7.6,-8.4
2.171e-01,20,28,10,14,6.4,7.2,-7.2,-6
2.173e-01,26,22,10,10,5.6,4,-6,-6.8
2.175e-01,28,34,12,16,5.2,6,-5.2,-4
2.177e-01,30,26,14,12,4.4,2.4,-4.4,-4.8
2.179e-01,32,40,18,20,3.6,4.8,-3.6,-2.4
2.180e-01,36,32,16,14,3.2,1.2,-2.4,-2.8
2.182e-01,40,44,18,22,2.4,3.6,-1.6,-0.4
2.184e-01,40,38,20,18,1.6,1.78814e-08,-0.8,-1.2
2.186e-01,44,48,20,24,0.8,2,0.4,1.6
2.188e-01,46,42,20,18,1.78814e-08,-1.6,1.2,0.8
2.190e-01,46,52,22,26,-0.4,0.4,2,3.2
2.192e-01,48,44,24,20,-1.2,-2.8,3.2,2.4
2.194e-01,50,54,24,28,-2,-0.8,4,5.2
2.196e-01,50,48,26,22,-2.4,-4.4,4.8,4.4
2.198e-01,54,58,26,28,-3.2,-2,5.6,6.8
2.200e-01,54,50,28,24,-3.6,-5.6,6.4,6
2.202e-01,54,60,28,30,-4.4,-3.2,7.2,8.4
2.203e-01,54,52,26,24,-5.2,-6.8,8,7.6
2.205e-01,58,60,28,30,-5.6,-4.8,8.8,10
2.207e-01,56,52,28,24,-6.4,-8,9.6,9.2
2.209e-01,56,60,28,30,-6.8,-6,10.4,11.6
2.211e-01,56,50,28,24,-7.6,-9.2,11.2,10.8
2.213e-01,54,58,28,30,-8,-7.2,11.6,12.8
2.215e-01,54,48,24,22,-8.4,-10,12.4,12
2.217e-01,52,58,26,28,-8.8,-8,12.8,13.6
2.219e-01,52,46,24,20,-9.6,-10.8,13.2,12.8
2.221e-01,50,54,24,28,-9.6,-9.2,13.6,14.8
2.223e-01,48,42,24,20,-10,-11.2,14.4,13.6
2.225e-01,46,52,22,26,-10.4,-9.6,14.4,15.2
2.227e-01,44,38,22,18,-10.8,-12,14.8,14.4
2.228e-01,44,50,20,24,-11.2,-10.4,15.2,16
2.230e-01,44,34,20,14,-11.2,-12,15.6,14.8
2.232e-01,38,44,18,22,-11.2,-10.8,15.6,16.4
2.234e-01,38,30,18,12,-11.2,-12.4,16,15.2
2.236e-01,36,40,16,20,-11.6,-11.2,15.6,16.4
2.238e-01,32,22,14,8,-11.6,-12.4,16,15.2
2.240e-01,30,36,14,18,-11.6,-11.2,16,16.4
2.242e-01,24,14,10,6,-11.6,-12.4,15.6,14.8
2.244e-01,22,30,10,12,-11.6,-10.8,15.6,16.4
2.246e-01,18,8,8,2,-11.2,-12,15.2,14
2.248e-01,14,22,6,10,-11.2,-10.4,14.8,15.6
2.250e-01,12,2,4,-2,-10.8,-11.6,14.4,13.2
2.251e-01,10,16,2,6,-10.4,-10,14,14.8
2.253e-01,4,-4,4.47035e-08,-6,-10.4,-10.8,13.6,12
2.255e-01,2,8,-2,2,-10,-9.2,12.8,14
2.257e-01,-2,-10,-4,-8,-9.6,-10,12,10.8
2.259e-01,-4,2,-4,4.47035e-08,-9.2,-8.4,11.6,12.8
2.261e-01,-8,-18,-6,-12,-8.8,-9.2,10.8,9.2
2.263e-01,-10,-4,-8,-4,-8,-7.2,10.4,11.6
2.265e-01,-14,-24,-10,-14,-7.6,-8,9.6,7.6
2.267e-01,-18,-10,-10,-8,-6.8,-6.4,8.8,10
2.269e-01,-20,-30,-12,-18,-6.4,-7.2,8,6
2.271e-01,-22,-16,-14,-10,-6,-5.2,7.2,8.4
2.273e-01,-30,-36,-14,-20,-5.2,-6,6,4
2.275e-01,-30,-22,-18,-14,-4.8,-3.6,5.2,6.8
2.276e-01,-30,-40,-20,-24,-4,-4.8,4.4,2
2.278e-01,-36,-28,-20,-16,-3.2,-2.4,3.2,4.8
2.280e-01,-40,-46,-20,-26,-2.8,-3.2,2.4,0.4
2.282e-01,-40,-34,-22,-20,-2.4,-1.2,1.6,2.8
2.284e-01,-44,-50,-24,-28,-1.6,-2,0.4,-1.6
2.286e-01,-46,-38,-24,-22,-0.8,0.4,-0.4,1.2
2.288e-01,-48,-54,-26,-30,-0.4,-0.8,-1.2,-3.6
2.290e-01,-48,-42,-28,-24,0.4,1.6,-2,-0.8
2.292e-01,-50,-56,-28,-32,1.2,0.8,-3.2,-5.2
2.294e-01,-52,-46,-28,-26,1.6,2.8,-4,-2.8
2.296e-01,-54,-58,-30,-32,2.8,2,-4.8,-6.8
2.298e-01,-54,-48,-30,-26,3.2,4.4,-5.6,-4.4
2.299e-01,-56,-60,-30,-34,4,3.6,-6,-8.4
2.301e-01,-58,-52,-30,-28,4.8,5.6,-7.2,-6
2.303e-01,-56,-62,-32,-34,5.6,4.8,-8,-10
2.305e-01,-58,-54,-32,-28,6,6.8,-8.8,-7.6
2.307e-01,-58,-60,-30,-34,6.4,6,-9.6,-11.6
2.309e-01,-58,-52,-30,-28,6.8,8,-10.4,-9.2
2.311e-01,-56,-60,-32,-34,8,7.2,-10.8,-12.8
2.313e-01,-58,-50,-32,-28,8.4,9.2,-12,-10.8
2.315e-01,-54,-58,-30,-32,8.8,8,-12.4,-13.6
2.317e-01,-54,-50,-28,-26,9.6,10,-13.2,-12
2.319e-01,-54,-56,-28,-32,10,9.2,-13.2,-14.4
2.321e-01,-52,-46,-28,-26,10,10.8,-14,-12.8
2.323e-01,-50,-54,-28,-30,10.4,9.6,-14,-15.2
2.324e-01,-50,-44,-26,-24,11.2,11.6,-14.4,-13.6
2.326e-01,-46,-50,-26,-28,11.2,10.4,-14.8,-16
2.328e-01,-46,-40,-26,-22,11.2,12,-15.2,-14.4
2.330e-01,-44,-48,-24,-26,11.6,10.8,-15.6,-16.4
2.332e-01,-40,-36,-24,-20,11.6,12.4,-15.6,-14.8
2.334e-01,-40,-44,-20,-24,12,11.2,-16,-16.4
2.336e-01,-38,-32,-20,-18,12.4,12.4,-15.6,-15.2
2.338e-01,-36,-38,-18,-22,12,11.2,-16,-16.4
2.340e-01,-30,-24,-16,-12,12.4,12.4,-15.6,-15.2
2.342e-01,-28,-32,-16,-18,12,10.8,-16,-16.4
2.344e-01,-24,-18,-14,-10,12,12.4,-15.6,-14.8
2.346e-01,-20,-24,-12,-14,12,10.4,-15.2,-15.6
2.347e-01,-18,-10,-8,-6,11.6,12.4,-14.8,-14
2.349e-01,-14,-16,-8,-10,11.6,10,-14.4,-15.2
2.351e-01,-8,-4,-6,-2,11.2,11.6,-14,-13.2
2.353e-01,-8,-10,-4,-6,10.8,9.2,-13.6,-14
2.355e-01,-6,2,-4,4.47035e-08,10.4,11.2,-12.8,-12
2.357e-01,4.47035e-08,-4,-2,-4,10,8.4,-12.4,-12.8
2.359e-01,4,10,4.47035e-08,4,9.6,10.4,-12,-10.8
2.361e-01,6,2,2,4.47035e-08,9.2,7.2,-11.2,-11.6
2.363e-01,8,16,4,6,8.8,9.6,-10.4,-9.2
2.365e-01,10,8,4,2,8,6.4,-9.6,-10
2.367e-01,14,22,6,10,7.6,8.4,-9.2,-7.6
2.369e-01,18,14,8,6,6.8,5.2,-8,-8.4
2.371e-01,20,28,10,14,6.4,7.6,-6.8,-6
2.372e-01,24,20,10,8,5.6,4,-6.4,-6.8
2.374e-01,26,34,14,16,5.2,6,-5.6,-4.4
2.376e-01,30,26,14,12,4.4,2.8,-4.4,-5.2
2.378e-01,34,40,16,18,3.6,4.8,-3.6,-2.4
2.380e-01,34,32,16,14,2.8,1.2,-2.8,-3.2
2.382e-01,38,44,18,22,2.4,3.6,-1.6,-0.4
2.384e-01,40,38,20,16,2,1.78814e-08,-0.8,-1.2
2.386e-01,42,48,20,24,1.2,2.4,1.78814e-08,1.2
2.388e-01,44,40,22,18,0.4,-1.2,0.8,0.4
2.390e-01,46,52,22,26,-0.4,0.8,2,3.2
2.392e-01,46,44,22,20,-0.8,-2.8,2.8,2.4
2.394e-01,50,54,24,28,-2,-0.4,4,5.2
2.395e-01,48,48,24,22,-2.4,-4,4.8,4
2.397e-01,52,58,26,28,-2.8,-2,5.6,6.8
2.399e-01,54,50,26,24,-4,-5.6,6.4,6
2.401e-01,54,58,26,30,-4.4,-3.2,7.2,8.4
2.403e-01,56,52,28,24,-4.8,-6.8,8,7.6
2.405e-01,56,60,28,30,-5.6,-4.8,8.8,10
2.407e-01,56,50,28,24,-6.4,-8,9.6,9.2
2.409e-01,56,60,28,30,-6.8,-6,10.4,11.2
2.411e-01,56,50,26,24,-7.2,-9.2,10.8,10.8
2.413e-01,54,58,26,28,-8,-6.8,11.6,12.4
2.415e-01,52,48,26,22,-8.4,-10,12,12
2.417e-01,52,56,26,28,-8.8,-8,12.8,13.6
2.419e-01,52,46,24,20,-9.2,-10.8,13.2,12.8
2.420e-01,50,54,24,28,-9.6,-8.8,14,14.4
2.422e-01,48,42,24,20,-10,-11.6,14,13.6
2.424e-01,48,52,22,26,-10.4,-9.6,14.4,15.2
2.426e-01,46,38,22,18,-10.8,-12,14.8,14.4
2.428e-01,44,50,22,24,-10.8,-10,14.8,16
2.430e-01,42,34,20,14,-11.2,-12,15.2,14.8
2.432e-01,40,46,20,22,-11.2,-10.8,15.6,16.4
2.434e-01,38,30,18,12,-11.6,-12.4,15.6,15.2
2.436e-01,38,42,18,20,-11.6,-11.2,16,16.4
2.438e-01,34,22,16,10,-11.6,-12.4,16,15.2
2.440e-01,30,36,12,18,-11.6,-11.2,16,16.4
2.442e-01,26,16,12,6,-11.6,-12.4,16,14.8
2.443e-01,24,30,10,14,-11.6,-10.8,15.6,16.4
2.445e-01,20,8,8,2,-11.6,-12,15.6,14.4
2.447e-01,16,22,6,10,-11.2,-10.4,15.2,16
2.449e-01,12,2,4,-2,-11.2,-11.6,14.4,13.2
2.451e-01,10,16,2,6,-10.4,-9.6,14.4,15.2
2.453e-01,4,-4,4.47035e-08,-4,-10.4,-11.2,13.6,12
2.455e-01,2,8,4.47035e-08,2,-10,-9.2,13.2,14
2.457e-01,-2,-10,-4,-8,-9.6,-10,12.4,10.8
2.459e-01,-6,2,-4,4.47035e-08,-9.2,-8.4,11.6,13.2
2.461e-01,-8,-16,-6,-10,-8.4,-9.2,11.2,9.2
2.463e-01,-10,-4,-6,-4,-8,-7.2,10.4,11.6
2.465e-01,-14,-24,-8,-14,-8,-8.4,9.6,7.6
2.467e-01,-18,-10,-12,-8,-7.2,-6.4,8.8,10
2.468e-01,-20,-30,-12,-18,-6.4,-7.2,8.4,6
2.470e-01,-22,-16,-14,-10,-6,-5.2,7.2,8.4
2.472e-01,-28,-36,-14,-20,-5.6,-6,6.4,4
2.474e-01,-32,-22,-16,-12,-4.8,-4,5.6,6.8
2.476e-01,-32,-40,-18,-22,-4.4,-4.8,4.4,2.4
2.478e-01,-32,-28,-20,-16,-3.6,-2.8,3.6,5.2
2.480e-01,-38,-46,-20,-26,-3.2,-3.6,2.4,0.4
2.482e-01,-38,-34,-22,-18,-2.4,-1.2,1.6,3.2
2.484e-01,-42,-50,-24,-28,-1.6,-2,0.4,-1.6
2.486e-01,-42,-38,-24,-20,-0.8,1.78814e-08,-0.4,1.2
2.488e-01,-46,-52,-24,-30,-0.4,-0.8,-1.2,-3.2
2.490e-01,-48,-42,-26,-24,0.4,1.6,-2,-0.8
2.491e-01,-48,-56,-26,-32,1.2,0.8,-2.8,-5.2
2.493e-01,-50,-46,-28,-26,2,2.8,-3.6,-2.4
2.495e-01,-54,-58,-30,-32,2.4,2,-4.4,-6.8
2.497e-01,-54,-48,-30,-26,3.2,4.4,-5.6,-4.4
2.499e-01,-54,-60,-32,-34,4,3.6,-6.4,-8.4
2.501e-01,-56,-52,-30,-28,4.4,5.6,-7.2,-6
2.503e-01,-58,-60,-30,-34,5.2,4.8,-8,-10
2.505e-01,-58,-52,-32,-28,6,6.8,-8.8,-7.6
2.507e-01,-58,-60,-32,-34,6.4,6,-9.6,-11.2
2.509e-01,-58,-52,-30,-28,7.2,8,-10.4,-9.2
2.511e-01,-56,-60,-32,-34,7.6,6.8,-11.2,-12.4
2.513e-01,-56,-50,-30,-28,8.4,9.2,-11.2,-10.4
2.515e-01,-56,-58,-30,-32,8.8,8,-12.4,-13.6
2.516e-01,-54,-50,-30,-26,9.2,10,-12.8,-11.6
2.518e-01,-54,-56,-28,-32,9.6,8.8,-13.2,-14.4
2.520e-01,-52,-46,-28,-24,10.4,10.8,-13.6,-12.8
2.522e-01,-52,-54,-28,-30,10.8,9.6,-14,-15.2
2.524e-01,-50,-44,-28,-24,10.8,11.6,-14.4,-13.6
2.526e-01,-48,-52,-26,-28,11.2,10.4,-14.8,-16
2.528e-01,-46,-40,-24,-22,11.2,12,-15.2,-14.4
2.530e-01,-44,-48,-24,-26,11.6,10.8,-15.2,-16
2.532e-01,-42,-36,-22,-20,11.6,12.4,-15.6,-14.8
2.534e-01,-40,-44,-22,-24,12,11.2,-15.6,-16.4
2.536e-01,-36,-32,-20,-18,12,12.4,-15.6,-15.2
2.538e-01,-36,-38,-20,-22,12,11.2,-16,-16.4
2.539e-01,-34,-24,-18,-14,12,12.4,-16,-15.2
2.541e-01,-28,-32,-16,-18,12,10.8,-15.6,-16.4
2.543e-01,-24,-18,-14,-10,12,12.4,-15.6,-14.8
2.545e-01,-22,-24,-12,-14,12,10.4,-15.2,-15.6
2.547e-01,-18,-10,-10,-6,11.6,12.4,-14.8,-14.4
2.549e-01,-14,-18,-8,-10,11.2,10,-14.4,-15.2
2.551e-01,-12,-4,-6,-2,11.2,12,-14.4,-13.2
2.553e-01,-10,-10,-4,-6,10.8,9.2,-13.6,-14
2.555e-01,-4,2,-4,4.47035e-08,10.4,11.2,-13.2,-12
2.557e-01,4.47035e-08,-4,-2,-4,10,8.4,-12.4,-12.8
2.559e-01,2,8,2,4,9.6,10.4,-12,-10.8
2.561e-01,4,2,2,4.47035e-08,9.2,7.2,-11.2,-11.6
2.563e-01,6,16,2,6,8.8,9.6,-10.8,-9.6
2.564e-01,12,8,4,2,8.4,6.4,-9.6,-10.4
2.566e-01,14,20,6,10,7.6,8.8,-9.2,-8
2.568e-01,18,14,8,6,7.2,5.2,-8.4,-8.8
2.570e-01,22,28,10,12,6.4,7.6,-7.2,-6
2.572e-01,26,20,10,8,6,4,-6.4,-6.8
2.574e-01,26,34,12,16,5.2,6.4,-5.6,-4.4
2.576e-01,30,26,14,12,4.4,2.8,-4.8,-5.2
2.578e-01,32,40,16,18,4,4.8,-4,-2.4
2.580e-01,36,32,16,14,3.2,1.6,-3.2,-3.2
2.582e-01,38,44,18,22,2.4,4,-2,-0.8
2.584e-01,38,36,18,16,2,1.78814e-08,-0.8,-1.6
2.586e-01,42,46,22,24,1.2,2.4,1.78814e-08,1.2
2.587e-01,42,40,22,18,0.4,-1.2,0.8,0.4
2.589e-01,46,50,22,26,1.78814e-08,0.8,1.6,3.2
2.591e-01,46,44,24,20,-0.8,-2.8,2.8,2
2.593e-01,48,54,24,28,-1.6,-0.4,3.6,4.8
2.595e-01,52,48,24,22,-2.4,-4,4.4,4
2.597e-01,52,58,24,28,-2.8,-2,5.2,6.4
2.599e-01,56,50,26,24,-3.6,-5.2,6,5.6
2.601e-01,54,60,28,30,-4,-3.2,6.8,8.4
2.603e-01,56,52,28,24,-5.2,-6.8,8,7.6
2.605e-01,58,60,28,30,-5.6,-4.4,8.4,10
2.607e-01,58,52,26,24,-6.4,-8,9.2,8.8
2.609e-01,56,60,28,30,-6.8,-5.6,10,11.2
2.611e-01,56,50,28,24,-7.2,-8.8,10.8,10.4
2.612e-01,54,58,26,30,-7.6,-6.8,11.6,12.4
2.614e-01,54,48,26,22,-8.4,-9.6,12,11.6
2.616e-01,52,58,26,28,-8.8,-8,12.8,13.6
2.618e-01,50,46,26,20,-9.2,-10.8,13.2,12.8
2.620e-01,50,54,24,28,-9.6,-8.8,14,14.4
2.622e-01,50,42,24,20,-10,-11.2,14,13.6
2.624e-01,48,52,24,26,-10.4,-9.6,14.4,15.2
2.626e-01,46,40,22,18,-10.4,-11.6,14.8,14.4
2.628e-01,46,50,22,24,-10.8,-10,14.8,16
2.630e-01,42,34,20,16,-11.2,-12,15.6,14.8
2.632e-01,40,46,18,22,-11.6,-10.8,15.6,16.4
2.634e-01,38,30,18,14,-11.6,-12.4,15.6,15.2
2.635e-01,36,42,18,20,-11.6,-11.2,16,16.4
2.637e-01,34,24,16,10,-11.6,-12.4,16,15.2
2.639e-01,30,38,14,18,-11.2,-11.2,16,16.4
2.641e-01,28,16,12,6,-11.6,-12.4,16,14.8
2.643e-01,22,30,10,14,-11.6,-10.8,15.6,16.4
2.645e-01,18,8,8,2,-11.2,-12,15.2,14
2.647e-01,16,24,6,10,-11.2,-10.4,15.2,16
2.649e-01,12,2,4,4.47035e-08,-11.2,-11.6,14.8,13.2
2.651e-01,10,16,2,6,-10.8,-10,14.4,15.2
2.653e-01,4,-4,4.47035e-08,-4,-10.4,-11.2,13.6,12.4
2.655e-01,4,10,4.47035e-08,4,-10,-9.2,13.2,14
2.657e-01,4.47035e-08,-10,-2,-8,-9.6,-10.4,12.4,10.8
2.659e-01,-6,2,-4,4.47035e-08,-9.2,-8.4,12,13.2
2.660e-01,-8,-16,-6,-10,-8.8,-9.6,11.6,9.6
2.662e-01,-10,-2,-6,-4,-8.4,-7.2,10.8,11.6
2.664e-01,-14,-22,-8,-14,-8,-8.4,10,8
2.666e-01,-16,-10,-10,-6,-7.2,-6.4,9.2,10.4
2.668e-01,-20,-28,-12,-16,-6.8,-7.6,8,6.4
2.670e-01,-22,-16,-12,-10,-6.4,-5.2,7.2,8.8
2.672e-01,-26,-34,-16,-20,-5.6,-6,6.4,4.4
2.674e-01,-28,-22,-16,-12,-5.2,-4,5.6,6.8
2.676e-01,-30,-40,-18,-22,-4.4,-4.8,4.8,2.4
2.678e-01,-34,-28,-18,-16,-3.6,-2.8,4,5.2
2.680e-01,-38,-44,-20,-26,-3.2,-3.6,2.8,0.4
2.682e-01,-40,-32,-22,-18,-2.4,-1.6,2.4,3.2
2.684e-01,-42,-48,-24,-28,-2,-2.4,0.8,-1.2
2.685e-01,-44,-38,-24,-20,-1.2,1.78814e-08,1.78814e-08,1.6
2.687e-01,-46,-52,-26,-30,-0.4,-0.8,-1.2,-2.8
2.689e-01,-46,-42,-26,-22,0.4,1.2,-2,-0.4
2.691e-01,-48,-56,-26,-30,1.2,0.4,-2.8,-4.8
2.693e-01,-50,-46,-28,-24,1.6,2.8,-3.6,-2.4
2.695e-01,-52,-58,-28,-32,2,2,-4.4,-6.4
2.697e-01,-54,-48,-30,-26,3.2,4,-5.6,-4
2.699e-01,-56,-60,-30,-34,3.6,3.2,-6,-8
2.701e-01,-56,-50,-30,-28,4.4,5.6,-6.8,-5.6
2.703e-01,-58,-60,-30,-34,4.8,4.4,-7.6,-9.6
2.705e-01,-56,-52,-32,-28,5.6,6.8,-8.4,-7.2
2.707e-01,-58,-62,-32,-34,6.4,5.6,-9.2,-11.2
2.708e-01,-58,-52,-30,-28,7.2,8,-10,-8.8
2.710e-01,-56,-60,-32,-32,7.6,6.8,-10.8,-12.4
2.712e-01,-58,-52,-30,-28,8,9.2,-11.6,-10.4
2.714e-01,-56,-58,-30,-32,8.4,8,-12,-13.6
2.716e-01,-56,-50,-28,-26,9.2,10,-12.8,-11.6
2.718e-01,-54,-58,-30,-32,9.6,8.8,-13.2,-14.4
2.720e-01,-52,-48,-28,-26,10,10.8,-13.6,-12.8
2.722e-01,-50,-54,-28,-30,10.4,9.6,-14,-15.2
2.724e-01,-50,-44,-26,-24,10.8,11.6,-14.4,-13.6
2.726e-01,-48,-52,-26,-28,11.2,10.4,-14.4,-15.6
2.728e-01,-48,-40,-26,-22,11.2,12,-14.8,-14.4
2.730e-01,-44,-48,-24,-26,11.6,10.8,-15.2,-16.4
2.732e-01,-42,-36,-22,-20,11.6,12.4,-15.6,-14.8
2.733e-01,-40,-44,-22,-24,12,11.2,-15.6,-16.4
2.735e-01,-38,-32,-20,-18,12,12.4,-16,-15.2
2.737e-01,-36,-40,-20,-22,12.4,11.2,-16,-16.4
2.739e-01,-34,-26,-18,-14,12,12.4,-16,-15.2
2.741e-01,-30,-32,-16,-18,12,10.8,-15.6,-16.4
2.743e-01,-24,-18,-14,-10,12,12.4,-15.6,-15.2
2.745e-01,-22,-26,-14,-14,11.6,10.8,-15.6,-16
2.747e-01,-16,-12,-10,-6,11.6,12.4,-15.2,-14.4
2.749e-01,-16,-18,-8,-10,11.6,10,-14.8,-15.2
2.751e-01,-10,-4,-6,-4,11.2,12,-14.4,-13.2
2.753e-01,-8,-12,-4,-8,11.2,9.2,-13.6,-14.4
2.755e-01,-4,2,-4,4.47035e-08,10.4,11.2,-13.6,-12.4
2.756e-01,-2,-4,-2,-4,10,8.4,-12.8,-13.2
2.758e-01,2,8,4.47035e-08,4,10,10.4,-12,-11.2
2.760e-01,4,2,2,4.47035e-08,9.2,7.6,-11.2,-12
2.762e-01,6,14,4,6,8.8,9.6,-10.4,-9.6
2.764e-01,10,8,4,2,8.4,6.4,-10,-10.4
2.766e-01,14,20,6,10,8,8.8,-9.2,-8
2.768e-01,18,14,8,6,7.2,5.2,-8.4,-8.8
2.770e-01,20,28,8,12,6.4,7.6,-7.6,-6.4
2.772e-01,24,20,10,8,6,4.4,-6.8,-7.2
2.774e-01,28,32,14,16,5.6,6.4,-6,-4.8
2.776e-01,30,26,14,12,4.8,2.8,-4.8,-5.2
2.778e-01,30,38,14,18,4.4,5.2,-4,-2.8
2.780e-01,36,32,16,14,3.6,1.6,-3.2,-3.6
2.781e-01,36,42,16,22,2.8,4,-2,-0.8
2.783e-01,40,36,18,16,2,0.4,-1.6,-1.6
2.785e-01,42,46,20,24,1.2,2.4,-0.4,0.8
2.787e-01,42,40,22,18,0.8,-1.2,0.8,0.4
2.789e-01,46,50,22,24,1.78814e-08,1.2,1.6,2.8
2.791e-01,48,44,22,20,-0.8,-2.4,2.4,2
2.793e-01,46,54,24,28,-1.2,-0.4,3.6,4.8
2.795e-01,50,46,26,22,-2.4,-4,4.4,3.6
2.797e-01,52,56,26,28,-2.4,-1.6,4.8,6.4
2.799e-01,54,50,26,24,-3.6,-5.2,6,5.6
2.801e-01,54,58,28,30,-4,-3.2,6.8,8
2.803e-01,56,52,28,24,-4.8,-6.4,7.6,7.2
2.804e-01,56,60,28,30,-5.2,-4.4,8.4,9.6
2.806e-01,56,52,28,24,-6,-7.6,9.2,8.8
2.808e-01,56,60,26,30,-6.4,-5.6,10,11.2
2.810e-01,54,50,28,24,-7.2,-8.8,10.8,10.4
2.812e-01,56,60,26,30,-7.6,-6.8,11.6,12.4
2.814e-01,52,48,26,22,-8,-9.6,12,11.6
2.816e-01,52,58,26,28,-8.8,-7.6,12.4,13.6
2.818e-01,52,46,26,22,-9.2,-10.4,13.2,12.8
2.820e-01,52,56,24,28,-9.6,-8.8,13.6,14.4
2.822e-01,50,44,24,20,-10,-11.2,14,13.6
2.824e-01,48,52,24,26,-10.4,-9.6,14.4,15.2
2.826e-01,46,40,22,18,-10.8,-11.6,14.8,14.4
2.828e-01,44,50,20,24,-10.8,-10,15.2,15.6
2.829e-01,42,36,20,16,-11.2,-12,15.2,14.8
2.831e-01,40,46,20,22,-11.6,-10.8,15.6,16
2.833e-01,38,30,18,14,-11.6,-12.4,15.6,15.2
2.835e-01,36,42,16,20,-11.6,-10.8,16,16.4
2.837e-01,32,24,16,10,-11.6,-12.4,15.6,15.2
2.839e-01,30,38,14,18,-11.6,-11.2,16.4,16.4
2.841e-01,28,18,12,6,-11.6,-12.4,16,15.2
2.843e-01,24,32,10,14,-11.6,-11.2,16,16.4
2.845e-01,20,10,8,4,-11.6,-12,15.6,14.4
2.847e-01,16,24,6,10,-11.2,-10.8,15.2,16
2.849e-01,12,4,4,4.47035e-08,-10.8,-11.6,14.8,13.6
2.851e-01,8,16,4,8,-10.8,-10,14.4,15.2
2.852e-01,6,-2,2,-4,-10.4,-11.2,13.6,12.4
2.854e-01,2,10,4.47035e-08,4,-10,-9.2,13.2,14.4
2.856e-01,4.47035e-08,-8,-2,-8,-9.6,-10.4,12.8,11.2
2.858e-01,-4,4,-4,4.47035e-08,-9.2,-8.4,12,13.2
2.860e-01,-6,-16,-6,-10,-9.2,-9.6,11.6,9.6
2.862e-01,-10,-2,-6,-4,-8.4,-7.6,10.8,12
2.864e-01,-12,-22,-8,-14,-7.6,-8.4,10,8
2.866e-01,-16,-8,-10,-6,-7.6,-6.4,9.2,10.4
2.868e-01,-20,-28,-10,-16,-7.2,-7.6,8.4,6.4
2.870e-01,-20,-16,-12,-10,-6.4,-5.2,7.6,8.8
2.872e-01,-24,-34,-16,-20,-5.6,-6.4,6.8,4.4
2.874e-01,-26,-22,-16,-12,-5.2,-4.4,6,7.2
2.876e-01,-30,-38,-18,-22,-4.4,-5.2,4.8,2.8
2.877e-01,-32,-26,-18,-16,-4,-2.8,4,5.6
2.879e-01,-36,-44,-20,-26,-3.2,-3.6,3.2,0.8
2.881e-01,-38,-32,-22,-18,-2.4,-1.6,2,3.6
2.883e-01,-42,-48,-24,-28,-2,-2.4,1.2,-1.2
2.885e-01,-42,-36,-24,-20,-1.2,-0.4,0.4,1.6
2.887e-01,-44,-52,-24,-28,-0.4,-1.2,-0.8,-2.8
2.889e-01,-48,-42,-26,-22,1.78814e-08,1.2,-1.6,-0.4
2.891e-01,-48,-56,-28,-30,0.8,0.4,-2.4,-4.8
2.893e-01,-50,-44,-28,-24,1.2,2.8,-3.2,-2
2.895e-01,-52,-58,-28,-32,2.4,1.6,-4.4,-6.4
2.897e-01,-54,-48,-30,-26,2.8,4,-5.2,-4
2.899e-01,-54,-60,-30,-34,3.6,3.2,-6,-8
2.900e-01,-56,-50,-30,-28,4.4,5.2,-6.8,-5.6
2.902e-01,-58,-62,-32,-34,5.2,4.4,-7.6,-9.6
2.904e-01,-58,-54,-32,-28,5.6,6.4,-8.4,-7.2
2.906e-01,-58,-62,-32,-34,6.4,5.6,-9.2,-11.2
2.908e-01,-56,-54,-32,-28,7.2,8,-10,-8.8
2.910e-01,-58,-60,-30,-34,7.6,6.8,-10.8,-12.4
2.912e-01,-56,-52,-30,-28,8,8.8,-11.2,-10.4
2.914e-01,-56,-60,-30,-32,8.8,7.6,-12,-13.6
2.916e-01,-56,-50,-30,-28,8.8,10,-12.4,-11.6
2.918e-01,-54,-58,-30,-32,9.6,8.8,-13.2,-14.4
2.920e-01,-52,-48,-30,-26,10,10.8,-13.6,-12.4
2.922e-01,-52,-54,-28,-30,10.4,9.6,-14,-15.2
2.924e-01,-50,-46,-26,-24,10.8,11.6,-14.4,-13.6
2.925e-01,-48,-52,-26,-28,11.2,10,-14.8,-15.6
2.927e-01,-48,-42,-26,-22,11.2,12,-15.2,-14.4
2.929e-01,-44,-48,-24,-26,11.6,10.4,-15.2,-16
2.931e-01,-42,-38,-24,-20,11.6,12.4,-15.6,-14.8
2.933e-01,-42,-44,-22,-24,12,11.2,-15.6,-16.4
2.935e-01,-38,-32,-20,-18,12,12.4,-15.6,-15.2
2.937e-01,-38,-40,-20,-22,12,11.2,-16,-16.4
2.939e-01,-34,-26,-18,-14,12,12.8,-16,-15.6
2.941e-01,-30,-34,-16,-18,12,11.2,-16,-16.4
2.943e-01,-28,-18,-14,-10,12,12.4,-15.6,-15.2
2.945e-01,-24,-26,-14,-14,12,10.8,-15.6,-16
2.947e-01,-18,-12,-10,-8,11.6,12.4,-14.8,-14.4
2.948e-01,-18,-18,-10,-12,11.6,10,-14.8,-15.2
2.950e-01,-12,-6,-6,-4,11.2,12,-14.4,-13.6
2.952e-01,-8,-12,-6,-8,11.2,9.6,-14,-14.4
2.954e-01,-6,2,-4,4.47035e-08,10.8,11.6,-13.6,-12.4
2.956e-01,-4,-6,-2,-4,10,8.4,-12.8,-13.2
2.958e-01,2,8,4.47035e-08,4,10,10.8,-12,-11.2
2.960e-01,2,4.47035e-08,4.47035e-08,4.47035e-08,9.6,7.6,-11.6,-12
2.962e-01,6,14,2,6,8.8,9.6,-10.8,-9.6
2.964e-01,10,6,4,2,8.4,6.4,-10.4,-10.4
2.966e-01,12,20,4,10,8,8.8,-9.2,-8
2.968e-01,16,14,8,6,7.6,5.6,-8.8,-8.8
2.970e-01,18,26,8,12,6.4,7.6,-7.6,-6.4
2.972e-01,22,20,10,8,6,4.4,-6.8,-7.2
2.973e-01,26,32,12,16,5.2,6.4,-6,-4.8
2.975e-01,28,24,14,12,4.4,2.8,-5.2,-5.6
2.977e-01,32,38,14,18,4.4,5.2,-4.4,-2.8
2.979e-01,34,30,16,14,3.6,1.6,-3.2,-3.6
2.981e-01,36,42,18,20,2.8,4,-2.4,-1.2
2.983e-01,38,36,18,16,2.4,0.4,-1.6,-1.6
2.985e-01,42,46,20,22,1.2,2.8,-0.4,0.8
2.987e-01,42,40,20,18,0.4,-0.8,0.4,1.78814e-08
2.989e-01,46,50,22,24,1.78814e-08,1.2,1.2,2.8
2.991e-01,46,44,22,20,-0.4,-2.4,2.4,2
2.993e-01,48,54,24,26,-1.2,1.78814e-08,3.2,4.4
2.995e-01,50,46,24,22,-2,-3.6,4,3.6
2.996e-01,50,56,24,28,-2.8,-1.6,5.2,6
2.998e-01,54,50,26,24,-3.2,-5.2,5.6,5.6
3.000e-01,56,58,26,30,-4,-2.8,6.8,8
3.002e-01,54,52,28,24,-4.4,-6.4,7.6,7.2
3.004e-01,56,60,28,30,-5.2,-4,8.4,9.6
3.006e-01,56,52,28,24,-6,-7.6,9.2,8.8
3.008e-01,56,60,28,30,-6.8,-5.6,10,10.8
3.010e-01,54,50,26,24,-7.2,-8.8,10.8,10
3.012e-01,54,60,26,30,-7.6,-6.8,11.6,12.4
3.014e-01,54,48,26,22,-8,-9.6,12,11.6
3.016e-01,54,58,26,28,-8.4,-7.6,12.4,13.2
3.018e-01,50,46,26,22,-9.2,-10.4,12.8,12.4
3.020e-01,52,56,24,28,-9.6,-8.4,13.6,14.4
3.021e-01,50,42,24,20,-10,-11.2,14,13.6
3.023e-01,48,52,22,26,-10.4,-9.6,14.4,15.2
3.025e-01,48,40,24,18,-10.8,-11.6,14.8,14
3.027e-01,44,50,22,24,-10.8,-10,15.2,15.6
3.029e-01,42,36,20,16,-10.8,-12,15.2,14.8
3.031e-01,42,46,20,22,-11.2,-10.8,15.6,16
3.033e-01,40,32,18,14,-11.2,-12.4,15.6,15.2
3.035e-01,36,42,18,20,-11.6,-10.8,16,16.4
3.037e-01,36,26,16,10,-11.6,-12.4,16,15.2
3.039e-01,32,38,16,18,-11.6,-11.2,16,16.4
3.041e-01,28,18,14,6,-11.6,-12.4,16,14.8
3.043e-01,26,32,10,14,-11.6,-11.2,15.6,16.4
3.044e-01,22,10,8,4,-11.2,-12,15.6,14.4
3.046e-01,18,26,8,10,-11.2,-10.8,15.2,16
3.048e-01,14,4,6,4.47035e-08,-11.2,-11.6,14.8,13.6
3.050e-01,8,18,4,8,-10.8,-10,14.4,15.2
3.052e-01,8,-2,2,-4,-10.4,-11.2,14,12.4
3.054e-01,4,10,4.47035e-08,4,-10,-9.6,13.6,14.4
3.056e-01,2,-8,-2,-8,-9.6,-10.4,12.8,11.2
3.058e-01,-2,4,-4,4.47035e-08,-9.2,-8.8,12.4,13.2
3.060e-01,-6,-14,-6,-10,-9.2,-9.6,11.6,9.6
3.062e-01,-10,-2,-6,-2,-8.8,-7.6,10.8,12
3.064e-01,-10,-22,-8,-14,-8,-8.4,10,8
3.066e-01,-16,-8,-10,-6,-7.6,-6.4,9.2,10.8
3.068e-01,-20,-28,-10,-16,-6.8,-7.6,8.8,6.4
3.069e-01,-22,-14,-14,-8,-6.4,-5.6,7.6,9.2
3.071e-01,-24,-34,-14,-20,-6,-6.4,6.8,4.8
3.073e-01,-28,-20,-16,-12,-5.2,-4.4,6,7.2
3.075e-01,-30,-38,-16,-22,-4.4,-5.2,4.8,2.8
3.077e-01,-34,-26,-20,-16,-4,-3.2,4,5.6
3.079e-01,-36,-44,-20,-24,-3.6,-4,3.2,0.8
3.081e-01,-40,-32,-22,-18,-2.8,-1.6,2.4,3.6
3.083e-01,-40,-48,-22,-26,-2,-2.4,1.2,-0.8
3.085e-01,-42,-36,-24,-20,-1.6,-0.4,0.4,1.6
3.087e-01,-44,-52,-24,-30,-0.4,-1.2,-0.8,-2.8
3.089e-01,-46,-40,-26,-22,1.78814e-08,0.8,-1.6,1.78814e-08
3.091e-01,-48,-54,-26,-30,0.8,0.4,-2.4,-4.4
3.092e-01,-50,-44,-28,-24,1.6,2.4,-3.2,-2
3.094e-01,-52,-58,-28,-32,2,1.6,-4,-6
3.096e-01,-52,-48,-30,-26,2.8,4,-4.8,-3.6
3.098e-01,-54,-60,-30,-34,3.6,2.8,-6,-7.6
3.100e-01,-56,-50,-30,-28,4.4,5.2,-6.8,-5.6
3.102e-01,-56,-62,-32,-34,4.8,4.4,-7.2,-9.6
3.104e-01,-56,-52,-32,-28,5.6,6.4,-8.4,-7.2
3.106e-01,-58,-62,-32,-34,6,5.6,-9.2,-10.8
3.108e-01,-58,-52,-32,-28,6.4,7.6,-10,-8.4
3.110e-01,-58,-60,-32,-34,7.6,6.8,-10.4,-12
3.112e-01,-58,-52,-30,-28,8,8.8,-11.2,-10
3.114e-01,-54,-60,-30,-32,8.4,7.6,-12,-13.2
3.116e-01,-54,-50,-30,-26,8.8,10,-12.4,-11.2
3.117e-01,-54,-56,-30,-32,9.2,8.4,-12.8,-14.4
3.119e-01,-52,-48,-28,-26,10,10.4,-13.6,-12.4
3.121e-01,-52,-54,-28,-30,10,9.6,-14,-15.2
3.123e-01,-50,-44,-26,-24,10.8,11.2,-14.4,-13.2
3.125e-01,-48,-52,-26,-28,10.8,10,-14.4,-15.6
3.127e-01,-46,-42,-26,-22,11.2,12,-14.4,-14
3.129e-01,-44,-48,-24,-26,11.6,10.8,-15.2,-16
3.131e-01,-44,-38,-24,-20,11.6,12.4,-15.2,-14.8
3.133e-01,-42,-46,-22,-24,12,10.8,-15.6,-16.4
3.135e-01,-40,-32,-20,-18,12,12.4,-16,-15.2
3.137e-01,-38,-40,-20,-22,12.4,11.2,-16,-16.4
3.139e-01,-34,-26,-20,-14,12,12.8,-15.6,-15.6
3.140e-01,-32,-34,-16,-18,12,11.2,-16,-16.4
3.142e-01,-28,-20,-16,-10,12,12.4,-15.6,-15.2
3.144e-01,-24,-26,-12,-16,12,10.8,-15.6,-16
3.146e-01,-20,-14,-12,-8,11.6,12.4,-15.2,-14.4
3.148e-01,-16,-20,-10,-12,11.6,10,-15.2,-15.2
3.150e-01,-12,-6,-8,-4,11.2,12,-14.4,-13.6
3.152e-01,-10,-12,-6,-8,11.2,9.6,-14,-14.4
3.154e-01,-6,4.47035e-08,-4,4.47035e-08,10.8,11.6,-13.6,-12.4
3.156e-01,-4,-6,-2,-4,10.4,8.8,-12.8,-13.2
3.158e-01,4.47035e-08,6,-2,4,9.6,10.8,-12.4,-11.2
3.160e-01,2,4.47035e-08,2,-2,9.6,7.6,-11.6,-12
3.162e-01,4,12,2,6,8.8,10,-11.2,-10
3.164e-01,10,6,2,2,8.4,6.8,-10,-10.8
3.165e-01,12,20,6,8,8,8.8,-9.6,-8.4
3.167e-01,16,12,6,4,7.2,5.6,-8.8,-9.2
3.169e-01,20,26,10,12,6.4,8,-8,-6.8
3.171e-01,22,18,10,8,6.4,4.4,-7.2,-7.6
3.173e-01,26,32,10,16,5.6,6.8,-6,-4.8
3.175e-01,28,24,14,10,4.8,3.2,-5.2,-5.6
3.177e-01,32,36,16,18,4,5.6,-4.4,-3.2
3.179e-01,34,30,16,14,4,2,-3.2,-4
3.181e-01,36,42,18,20,2.8,4,-2.4,-1.2
3.183e-01,38,36,18,16,2,0.4,-1.6,-2
3.185e-01,40,46,20,22,2,2.8,-0.8,0.8
3.187e-01,44,40,20,18,0.8,-0.8,0.4,1.78814e-08
3.188e-01,44,50,20,24,0.4,1.2,1.2,2.4
3.190e-01,46,42,22,20,-0.4,-2.4,2,1.6
3.192e-01,48,54,24,26,-1.2,1.78814e-08,3.2,4.4
3.194e-01,50,46,24,22,-2,-3.6,4,3.6
3.196e-01,52,56,24,28,-2.4,-1.2,4.8,6
3.198e-01,52,50,26,22,-3.2,-5.2,5.6,5.2
3.200e-01,54,58,26,30,-3.6,-2.8,6.4,7.6
3.202e-01,54,52,28,24,-4.8,-6.4,7.6,6.8
3.204e-01,56,60,28,30,-5.2,-4,8.4,9.2
3.206e-01,56,52,26,24,-5.6,-7.6,8.8,8.4
3.208e-01,56,60,28,30,-6.4,-5.6,9.6,10.8
3.210e-01,56,50,28,24,-6.8,-8.4,10.4,10
3.212e-01,54,58,28,30,-7.6,-6.4,11.2,12
3.213e-01,52,48,28,22,-8,-9.6,12,11.2
3.215e-01,52,58,26,28,-8.4,-7.6,12.4,13.2
3.217e-01,52,46,26,22,-9.2,-10.4,12.8,12.4
3.219e-01,50,56,24,28,-9.2,-8.4,13.6,14.4
3.221e-01,50,44,22,20,-9.6,-11.2,14,13.2
3.223e-01,48,54,22,26,-10,-9.2,14.4,14.8
3.225e-01,48,40,24,18,-10.4,-11.6,14.8,14
3.227e-01,46,50,22,24,-10.8,-10,14.8,15.6
3.229e-01,42,36,20,16,-11.2,-12,15.2,14.8
3.231e-01,40,48,20,24,-11.2,-10.8,15.6,16
3.233e-01,40,32,18,14,-11.6,-12.4,16,15.2
3.235e-01,36,44,18,20,-11.6,-10.8,15.6,16.4
3.236e-01,36,26,16,10,-11.6,-12.4,16,15.6
3.238e-01,30,38,16,18,-11.6,-11.2,16,16.4
3.240e-01,30,18,12,8,-11.2,-12.4,16,15.2
3.242e-01,24,32,10,16,-11.6,-11.2,15.6,16.4
3.244e-01,20,12,8,4,-11.6,-12,15.6,14.4
3.246e-01,18,26,8,12,-11.2,-10.8,15.2,16
3.248e-01,12,4,6,4.47035e-08,-10.8,-11.6,15.2,13.6
3.250e-01,12,18,4,8,-10.8,-10,14.4,15.2
3.252e-01,8,-2,2,-4,-10.4,-11.2,14,12.4
3.254e-01,4,10,4.47035e-08,4,-10.4,-9.6,13.6,14.4
3.256e-01,2,-8,-2,-6,-10,-10.4,12.8,11.2
3.258e-01,-2,4,-4,4.47035e-08,-9.6,-8.8,12.4,13.6
3.260e-01,-6,-14,-4,-10,-9.2,-9.6,11.6,10
3.261e-01,-8,-2,-6,-2,-8.4,-7.6,11.2,12.4
3.263e-01,-12,-20,-8,-14,-8,-8.8,10,8.4
3.265e-01,-16,-8,-10,-6,-7.6,-6.8,9.6,10.8
3.267e-01,-18,-26,-12,-16,-7.2,-7.6,8.4,6.8
3.269e-01,-20,-14,-14,-8,-6.4,-5.6,8,9.2
3.271e-01,-24,-32,-14,-18,-6,-6.4,7.2,4.8
3.273e-01,-28,-20,-16,-12,-5.2,-4.4,6.4,7.6
3.275e-01,-30,-38,-16,-22,-4.4,-5.2,5.2,3.2
3.277e-01,-32,-26,-18,-14,-4,-3.2,4.4,5.6
3.279e-01,-38,-44,-18,-24,-3.6,-4,3.6,1.2
3.281e-01,-38,-30,-20,-18,-2.8,-2,2.4,4
3.283e-01,-40,-48,-22,-26,-2.4,-2.8,1.6,-0.8
3.285e-01,-42,-36,-24,-20,-1.6,-0.4,0.8,2
3.286e-01,-46,-52,-24,-28,-0.4,-1.2,-0.4,-2.4
3.288e-01,-46,-40,-26,-22,-0.4,0.8,-1.2,1.78814e-08
3.290e-01,-48,-54,-26,-30,0.4,1.78814e-08,-2.4,-4.4
3.292e-01,-48,-44,-26,-24,1.2,2.4,-3.2,-1.6
3.294e-01,-52,-58,-28,-32,2,1.6,-4,-6
3.296e-01,-52,-48,-30,-26,2.8,3.6,-4.8,-3.6
3.298e-01,-54,-60,-30,-34,3.2,2.8,-5.6,-7.6
3.300e-01,-56,-50,-30,-28,4,5.2,-6.4,-5.2
3.302e-01,-58,-62,-32,-34,4.8,4,-7.2,-9.2
3.304e-01,-56,-52,-30,-28,5.6,6.4,-8,-6.8
3.306e-01,-58,-62,-32,-34,6,5.2,-8.8,-10.8
3.308e-01,-56,-54,-32,-28,6.4,7.6,-9.6,-8.4
3.309e-01,-56,-60,-32,-34,7.2,6.4,-10.4,-12
3.311e-01,-58,-52,-30,-28,8,8.8,-10.8,-10
3.313e-01,-56,-60,-30,-32,8.4,7.6,-11.6,-13.2
3.315e-01,-54,-50,-30,-28,8.8,9.6,-12.4,-11.2
3.317e-01,-52,-58,-30,-32,9.2,8.4,-12.8,-14
3.319e-01,-56,-48,-30,-26,10,10.4,-13.2,-12.4
3.321e-01,-52,-56,-28,-30,10.4,9.2,-13.6,-14.8
3.323e-01,-50,-46,-28,-24,10.8,11.2,-14.4,-13.2
3.325e-01,-48,-52,-28,-28,10.8,10,-14.4,-15.6
3.327e-01,-46,-42,-26,-22,11.2,12,-14.8,-14
3.329e-01,-46,-50,-26,-28,11.6,10.8,-15.2,-16
3.331e-01,-44,-38,-24,-20,11.6,12.4,-15.6,-14.8
3.333e-01,-42,-46,-22,-24,12,10.8,-15.6,-16.4
3.334e-01,-40,-34,-22,-18,12,12.4,-16,-15.2
3.336e-01,-38,-40,-20,-22,12,11.2,-16,-16.4
3.338e-01,-34,-28,-20,-14,12.4,12.4,-15.6,-15.6
3.340e-01,-32,-34,-18,-20,12,11.2,-16,-16.4
3.342e-01,-28,-20,-14,-12,12,12.4,-15.6,-15.2
3.344e-01,-24,-28,-14,-16,12,10.8,-15.6,-16
3.346e-01,-20,-14,-12,-8,11.6,12.4,-15.2,-14.4
3.348e-01,-18,-20,-10,-12,11.6,10,-14.8,-15.2
3.350e-01,-14,-6,-8,-4,11.6,12,-14.4,-13.6
3.352e-01,-12,-14,-6,-8,11.2,9.6,-14,-14.4
3.354e-01,-8,4.47035e-08,-4,4.47035e-08,10.8,11.6,-13.6,-12.4
3.356e-01,-4,-8,-2,-4,10,8.8,-12.8,-13.6
3.357e-01,4.47035e-08,6,-2,2,10,10.8,-12.4,-11.6
3.359e-01,2,4.47035e-08,4.47035e-08,-2,9.6,7.6,-12,-12.4
3.361e-01,4,12,4,6,9.2,10,-11.2,-10
3.363e-01,8,6,4,4.47035e-08,8.4,6.8,-10.4,-10.8
3.365e-01,14,18,4,8,8,9.2,-9.6,-8.4
3.367e-01,16,12,6,4,7.6,5.6,-9.2,-9.6
3.369e-01,18,24,8,12,6.8,8,-8.4,-6.8
3.371e-01,22,18,10,8,6.4,4.4,-7.2,-7.6
3.373e-01,24,32,12,14,6,6.8,-6,-5.2
3.375e-01,28,24,12,10,5.6,3.2,-5.6,-6
3.377e-01,30,36,14,18,4.4,5.6,-4.4,-3.2
3.379e-01,32,30,16,14,4,2,-4,-4
3.381e-01,36,42,18,20,3.2,4.4,-2.4,-1.6
3.382e-01,38,34,18,16,2.4,0.8,-2,-2.4
3.384e-01,40,46,20,22,2,2.8,-0.8,0.4
3.386e-01,40,38,20,18,1.2,-0.8,1.78814e-08,-0.4
3.388e-01,44,50,20,24,0.4,1.6,0.8,2.4
3.390e-01,46,42,20,20,1.78814e-08,-2,1.6,1.6
3.392e-01,46,52,24,26,-1.2,1.78814e-08,2.8,4
3.394e-01,52,46,24,22,-1.6,-3.6,3.6,3.2
3.396e-01,50,56,24,28,-2.4,-1.2,4.8,6
3.398e-01,52,50,26,22,-3.2,-4.8,5.6,5.2
3.400e-01,52,58,26,28,-4,-2.8,6.4,7.6
3.402e-01,56,52,26,24,-4,-6,7.2,6.8
3.404e-01,56,60,28,30,-5.2,-4,8,9.2
3.405e-01,58,52,28,24,-5.2,-7.2,8.8,8.4
3.407e-01,56,60,28,30,-6.4,-5.2,9.6,10.8
3.409e-01,54,50,26,24,-6.8,-8.4,10,10
3.411e-01,56,60,28,30,-7.2,-6.4,11.2,12
3.413e-01,54,50,28,22,-8,-9.6,11.6,11.2
3.415e-01,54,58,26,28,-8.4,-7.6,12.4,13.2
3.417e-01,52,46,26,22,-8.8,-10.4,12.8,12.4
3.419e-01,50,56,24,28,-9.2,-8.4,13.2,14
3.421e-01,52,44,24,20,-9.6,-11.2,13.6,13.2
3.423e-01,48,54,24,26,-10,-9.2,14,14.8
3.425e-01,48,40,22,18,-10.4,-11.6,14.4,14
3.427e-01,46,52,22,24,-10.8,-10,14.8,15.6
3.429e-01,46,36,20,16,-10.8,-12,15.2,14.8
3.430e-01,40,48,20,24,-11.2,-10.4,15.6,16
3.432e-01,40,32,20,14,-11.6,-12,15.6,15.2
3.434e-01,38,44,18,20,-11.6,-10.8,16,16.4
3.436e-01,36,26,16,12,-11.6,-12.4,16,15.2
3.438e-01,32,40,14,18,-11.2,-11.2,16,16.4
3.440e-01,30,20,14,8,-11.6,-12.4,16,15.2
3.442e-01,28,34,12,16,-11.6,-11.2,16,16.4
3.444e-01,22,12,10,4,-11.6,-12,15.6,14.4
3.446e-01,18,28,8,12,-11.2,-10.8,15.2,16
3.448e-01,16,4,6,4.47035e-08,-11.2,-11.6,14.8,13.6
3.450e-01,12,20,4,8,-10.8,-10,14.8,15.6
3.452e-01,8,-2,2,-2,-10.8,-11.2,14,12.8
3.453e-01,6,12,4.47035e-08,4,-10.4,-9.6,13.6,14.8
3.455e-01,2,-8,4.47035e-08,-6,-9.6,-10.8,13.2,11.6
3.457e-01,-2,6,-4,2,-9.6,-8.8,12.4,13.6
3.459e-01,-4,-14,-4,-10,-9.2,-9.6,12,10
3.461e-01,-6,4.47035e-08,-6,-2,-8.8,-7.6,11.2,12.4
3.463e-01,-10,-20,-6,-12,-8.4,-8.8,10.4,8.4
3.465e-01,-16,-6,-10,-6,-7.6,-6.8,9.6,10.8
3.467e-01,-16,-26,-10,-16,-7.2,-7.6,9.2,6.8
3.469e-01,-20,-14,-12,-8,-6.4,-5.6,8,9.2
3.471e-01,-24,-32,-14,-18,-6,-6.8,7.6,5.2
3.473e-01,-26,-20,-16,-12,-5.6,-4.4,6.4,7.6
3.475e-01,-28,-38,-16,-22,-4.8,-5.6,5.6,3.2
3.477e-01,-32,-26,-18,-14,-4,-3.2,4.4,6
3.478e-01,-36,-42,-20,-24,-3.6,-4,3.6,1.2
3.480e-01,-36,-30,-22,-18,-3.2,-2,2.8,4
3.482e-01,-38,-48,-22,-26,-2.4,-2.8,1.6,-0.4
3.484e-01,-42,-36,-24,-20,-1.6,-0.8,0.8,2
3.486e-01,-44,-50,-24,-28,-0.8,-1.6,-0.4,-2.4
3.488e-01,-46,-40,-24,-22,-0.4,0.8,-1.2,0.4
3.490e-01,-48,-54,-26,-30,0.4,1.78814e-08,-2,-4
3.492e-01,-50,-44,-28,-24,1.2,2,-2.8,-1.6
3.494e-01,-50,-58,-28,-32,2,1.2,-4,-6
3.496e-01,-54,-46,-28,-26,2.4,3.6,-4.8,-3.2
3.498e-01,-54,-60,-30,-34,3.2,2.8,-5.6,-7.6
3.500e-01,-56,-50,-30,-28,4,5.2,-6,-5.2
3.501e-01,-56,-62,-30,-34,4.4,4,-7.2,-9.2
3.503e-01,-58,-52,-32,-28,5.2,6.4,-8,-6.8
3.505e-01,-58,-62,-32,-34,6,5.2,-8.8,-10.8
3.507e-01,-58,-52,-32,-28,6.4,7.6,-9.6,-8.4
3.509e-01,-58,-62,-30,-34,7.2,6.4,-10.4,-12
3.511e-01,-56,-52,-30,-28,7.6,8.8,-10.8,-10
3.513e-01,-54,-60,-30,-32,8.4,7.2,-11.6,-13.2
3.515e-01,-56,-50,-30,-26,8.8,9.6,-12,-11.2
3.517e-01,-56,-58,-30,-32,9.2,8.4,-12.8,-14
3.519e-01,-52,-48,-28,-26,9.6,10.4,-13.2,-12.4
3.521e-01,-52,-56,-28,-30,10,9.2,-13.6,-14.8
3.523e-01,-50,-46,-28,-24,10.4,11.2,-14,-13.2
3.525e-01,-50,-52,-26,-28,10.8,10,-14.4,-15.6
3.526e-01,-48,-42,-26,-22,11.2,11.6,-14.8,-14
3.528e-01,-46,-50,-24,-28,11.2,10.4,-15.2,-16
3.530e-01,-46,-38,-24,-20,11.6,12,-15.2,-14.8
3.532e-01,-42,-46,-22,-26,11.6,10.8,-15.6,-16.4
3.534e-01,-40,-34,-22,-18,12,12.4,-15.6,-15.2
3.536e-01,-38,-42,-20,-24,12,11.2,-15.6,-16.4
3.538e-01,-36,-28,-20,-16,12,12.8,-16,-15.2
3.540e-01,-32,-36,-16,-20,12,11.2,-16,-16.4
3.542e-01,-30,-22,-16,-12,12,12.8,-16,-15.2
3.544e-01,-26,-28,-14,-16,12,10.8,-15.6,-16
3.546e-01,-20,-14,-12,-8,12,12.4,-15.6,-14.8
3.548e-01,-16,-20,-10,-12,11.6,10.4,-15.2,-15.6
3.549e-01,-14,-8,-8,-4,11.6,12,-14.4,-13.6
3.551e-01,-10,-14,-6,-8,11.2,9.6,-14.4,-14.8
3.553e-01,-8,-2,-4,-2,10.8,11.6,-13.6,-12.8
3.555e-01,-4,-8,-4,-6,10.4,8.8,-13.2,-13.6
3.557e-01,4.47035e-08,6,-2,2,10,10.8,-12.4,-11.6
3.559e-01,2,-2,4.47035e-08,-2,9.6,8,-12,-12.4
3.561e-01,4,12,2,6,9.2,10,-11.2,-10
3.563e-01,10,4,2,4.47035e-08,8.8,6.8,-10.8,-11.2
3.565e-01,12,18,6,8,8,9.2,-10,-8.4
3.567e-01,14,12,6,4,7.6,5.6,-9.2,-9.6
3.569e-01,18,24,8,12,7.2,8,-8.4,-6.8
3.571e-01,20,16,10,6,6.4,4.8,-7.6,-7.6
3.573e-01,24,30,12,14,6,6.8,-6.4,-5.2
3.574e-01,26,24,12,10,5.6,3.6,-5.6,-6
3.576e-01,30,36,14,18,4.8,5.6,-4.8,-3.6
3.578e-01,30,28,16,14,4,2.4,-3.6,-4.4
3.580e-01,36,40,16,20,3.2,4.4,-2.8,-1.6
3.582e-01,36,34,18,16,2.4,0.8,-2,-2.4
3.584e-01,40,46,20,22,2,3.2,-1.2,0.4
3.586e-01,42,38,20,18,1.2,-0.4,-0.4,-0.4
3.588e-01,44,48,20,24,0.8,1.6,0.8,2
3.590e-01,46,42,22,20,1.78814e-08,-2,1.6,1.2
3.592e-01,48,52,22,26,-0.8,0.4,2.8,4
3.594e-01,50,46,24,22,-1.6,-3.2,3.6,3.2
3.596e-01,50,56,24,28,-2,-1.2,4.4,5.6
3.597e-01,52,48,26,22,-2.8,-4.8,5.2,4.8
3.599e-01,54,58,26,28,-3.6,-2.4,6.4,7.2
3.601e-01,54,52,28,24,-4,-6,6.8,6.4
3.603e-01,54,60,28,30,-4.8,-3.6,7.6,9.2
3.605e-01,54,52,28,24,-5.6,-7.2,8.4,8.4
3.607e-01,58,60,28,30,-6.4,-5.2,9.6,10.4
3.609e-01,56,50,28,24,-6.8,-8.4,10,9.6
3.611e-01,56,60,28,30,-7.2,-6.4,10.8,12
3.613e-01,54,50,26,22,-7.6,-9.2,11.6,11.2
3.615e-01,54,58,26,30,-8,-7.2,12,13.2
3.617e-01,52,48,24,22,-8.8,-10.4,12.4,12.4
3.619e-01,50,56,24,28,-9.2,-8.4,13.2,14
3.621e-01,50,44,24,20,-9.6,-10.8,13.6,13.2
3.622e-01,50,54,24,26,-10,-9.2,14.4,14.8
3.624e-01,48,42,24,18,-10.4,-11.6,14.4,14
3.626e-01,48,52,22,24,-10.8,-10,14.8,15.6
3.628e-01,46,38,22,16,-10.8,-12,15.2,14.8
3.630e-01,44,48,20,24,-11.2,-10.4,15.6,16
3.632e-01,42,34,18,14,-11.2,-12.4,15.6,15.2
3.634e-01,36,44,18,20,-11.6,-10.8,15.6,16.4
3.636e-01,36,28,18,12,-11.6,-12.4,15.6,15.6
3.638e-01,34,40,16,18,-11.6,-11.2,16,16.4
3.640e-01,32,20,12,8,-11.6,-12.4,16,15.2
3.642e-01,26,34,12,16,-11.6,-11.2,16,16.4
3.644e-01,24,14,8,4,-11.6,-12.4,16,14.8
3.645e-01,18,28,8,12,-11.6,-10.8,15.6,16
3.647e-01,16,6,6,4.47035e-08,-11.2,-12,15.2,14
3.649e-01,12,20,4,8,-11.2,-10,14.8,15.6
3.651e-01,10,4.47035e-08,2,-2,-10.8,-11.2,14,12.8
3.653e-01,6,12,2,4,-10,-9.6,14,14.8
3.655e-01,2,-6,4.47035e-08,-6,-10,-10.8,13.2,11.6
3.657e-01,4.47035e-08,6,-4,2,-9.6,-8.8,12.8,13.6
3.659e-01,-6,-12,-4,-8,-9.2,-10,12,10.4
3.661e-01,-8,4.47035e-08,-6,-2,-8.8,-8,11.2,12.4
3.663e-01,-8,-20,-8,-12,-8.4,-8.8,10.8,8.8
3.665e-01,-12,-6,-8,-4,-7.6,-6.8,10,11.2
3.667e-01,-16,-26,-10,-16,-7.2,-8,8.8,7.2
3.669e-01,-18,-12,-12,-8,-6.8,-6,8,9.6
3.670e-01,-22,-32,-14,-18,-6.4,-6.8,7.6,5.2
3.672e-01,-26,-18,-14,-12,-5.6,-4.4,6.4,8
3.674e-01,-30,-38,-16,-22,-5.2,-5.6,6,3.6
3.676e-01,-32,-24,-18,-14,-4.4,-3.6,4.8,6
3.678e-01,-34,-42,-18,-24,-3.6,-4,4,1.6
3.680e-01,-36,-30,-20,-18,-2.8,-2,2.8,4.4
3.682e-01,-40,-48,-22,-26,-2.4,-2.8,2,-0.4
3.684e-01,-42,-36,-22,-20,-2,-0.8,1.2,2.4
3.686e-01,-42,-50,-24,-28,-1.2,-1.6,1.78814e-08,-2
3.688e-01,-44,-40,-26,-22,-0.8,0.4,-1.2,0.4
3.690e-01,-48,-54,-26,-30,0.4,1.78814e-08,-2,-4
3.692e-01,-50,-44,-26,-24,0.8,2,-2.8,-1.6
3.693e-01,-52,-56,-28,-32,1.2,1.2,-3.6,-5.6
3.695e-01,-54,-46,-28,-26,2,3.6,-4.4,-3.2
3.697e-01,-54,-60,-30,-32,2.8,2.4,-5.2,-7.2
3.699e-01,-56,-50,-30,-26,3.6,4.8,-6.4,-4.8
3.701e-01,-56,-62,-30,-34,4.4,4,-7.2,-8.8
3.703e-01,-58,-52,-32,-28,5.2,6,-7.6,-6.4
3.705e-01,-58,-62,-30,-34,6,5.2,-8.8,-10.4
3.707e-01,-58,-54,-32,-28,6.4,7.2,-9.2,-8
3.709e-01,-58,-60,-30,-34,6.8,6.4,-10,-11.6
3.711e-01,-56,-52,-30,-28,7.6,8.4,-10.8,-9.6
3.713e-01,-56,-60,-32,-32,8,7.2,-11.6,-12.8
3.715e-01,-56,-50,-30,-28,8.8,9.6,-12,-11.2
3.717e-01,-54,-58,-30,-32,9.2,8.4,-12.8,-14
3.718e-01,-54,-48,-30,-26,9.6,10.4,-13.2,-12
3.720e-01,-54,-56,-28,-30,10,9.2,-13.6,-14.8
3.722e-01,-52,-46,-28,-24,10.4,11.2,-14,-13.2
3.724e-01,-50,-52,-26,-28,10.8,10,-14.4,-15.6
3.726e-01,-48,-42,-26,-22,11.2,12,-14.8,-14
3.728e-01,-48,-50,-26,-28,11.2,10.4,-14.8,-16
3.730e-01,-44,-38,-24,-20,11.6,12.4,-15.6,-14.4
3.732e-01,-42,-46,-22,-26,11.6,10.8,-15.6,-16.4
3.734e-01,-42,-34,-22,-18,12,12.4,-15.6,-15.2
3.736e-01,-40,-42,-22,-24,12.4,11.2,-16,-16.4
3.738e-01,-36,-30,-18,-16,12,12.4,-16,-15.2
3.740e-01,-32,-36,-18,-20,12,11.2,-16,-16.4
3.741e-01,-28,-22,-16,-12,12,12.4,-16,-15.2
3.743e-01,-24,-28,-14,-16,12.4,10.8,-15.6,-16
3.745e-01,-24,-16,-12,-8,12,12.4,-15.6,-14.8
3.747e-01,-18,-22,-10,-12,11.6,10.4,-15.2,-15.6
3.749e-01,-14,-8,-8,-4,11.6,12,-14.4,-14
3.751e-01,-10,-14,-6,-8,11.2,9.6,-14.4,-14.8
3.753e-01,-8,-2,-4,-2,10.8,11.6,-13.6,-12.8
3.755e-01,-6,-8,-4,-6,10.4,8.8,-13.2,-13.6
3.757e-01,4.47035e-08,4,-2,2,10,10.8,-12.8,-11.6
3.759e-01,-2,-2,4.47035e-08,-2,9.6,8,-12.4,-12.4
3.761e-01,4,10,2,4,9.2,10,-11.2,-10.4
3.763e-01,8,4,4,4.47035e-08,8.8,6.8,-10.8,-11.2
3.765e-01,10,18,4,8,8.4,9.2,-10,-8.8
3.766e-01,14,10,6,4,7.6,6,-9.2,-9.6
3.768e-01,16,24,8,12,7.2,8.4,-8.4,-7.2
3.770e-01,20,16,10,6,6.4,4.8,-7.6,-8
3.772e-01,24,30,10,14,6,7.2,-6.8,-5.6
3.774e-01,26,22,12,10,5.2,3.6,-6,-6.4
3.776e-01,28,34,14,18,4.8,6,-5.2,-3.6
3.778e-01,30,28,16,12,4,2.4,-4,-4.4
3.780e-01,36,40,16,20,3.6,4.4,-3.2,-1.6
3.782e-01,36,34,18,16,2.8,1.2,-2,-2.4
3.784e-01,38,44,20,22,2,3.2,-1.2,1.78814e-08
3.786e-01,40,38,20,18,1.6,-0.4,-0.4,-0.8
3.788e-01,44,48,22,24,0.8,1.6,0.8,2
3.789e-01,44,42,20,20,1.78814e-08,-1.6,1.2,1.2
3.791e-01,48,52,24,26,-0.8,0.4,2.4,3.6
3.793e-01,50,46,24,22,-1.2,-3.2,3.2,2.8
3.795e-01,50,56,26,28,-2.4,-0.8,4.4,5.6
3.797e-01,52,48,26,22,-2.8,-4.4,5.2,4.8
3.799e-01,54,58,26,28,-3.6,-2.4,6,7.2
3.801e-01,52,52,28,24,-4,-6,6.8,6.4
3.803e-01,54,60,28,30,-4.8,-3.6,7.6,8.8
3.805e-01,56,52,28,24,-5.6,-7.2,8.4,8
3.807e-01,56,60,28,30,-6,-4.8,9.2,10.4
3.809e-01,54,52,26,24,-6.8,-8.4,10,9.6
3.811e-01,54,60,28,30,-7.2,-6,10.8,11.6
3.813e-01,56,50,26,22,-7.6,-9.2,11.2,10.8
3.814e-01,52,58,26,30,-8.4,-7.2,12,12.8
3.816e-01,52,48,26,22,-8.8,-10,12.4,12
3.818e-01,52,56,24,28,-9.2,-8.4,12.8,14
3.820e-01,50,44,24,20,-9.6,-10.8,13.6,13.2
3.822e-01,48,54,24,26,-9.6,-9.2,14,14.8
3.824e-01,46,42,24,18,-10.4,-11.6,14.4,14
3.826e-01,48,52,22,26,-10.8,-10,14.8,15.6
3.828e-01,46,36,22,16,-10.8,-12,15.2,14.4
3.830e-01,44,48,20,24,-11.2,-10.4,15.2,16
3.832e-01,40,34,20,14,-11.2,-12,15.6,14.8
3.834e-01,38,44,18,22,-11.2,-10.8,15.6,16.4
3.836e-01,36,28,18,12,-11.2,-12.4,16,15.2
3.837e-01,34,40,16,20,-11.6,-11.2,16,16.4
3.839e-01,30,20,14,8,-11.6,-12.4,16,15.2
3.841e-01,26,34,12,16,-11.6,-11.2,16,16.4
3.843e-01,24,14,10,4,-11.6,-12,15.6,14.8
3.845e-01,20,28,10,12,-11.2,-10.8,15.6,16
3.847e-01,16,6,6,2,-11.2,-12,15.2,14
3.849e-01,14,20,6,8,-11.2,-10.4,14.8,15.6
3.851e-01,10,4.47035e-08,4,-2,-10.8,-11.6,14.4,12.8
3.853e-01,6,14,2,6,-10.4,-9.6,14,14.8
3.855e-01,2,-6,4.47035e-08,-6,-10,-10.8,13.2,11.6
3.857e-01,4.47035e-08,6,-2,2,-9.6,-8.8,12.8,13.6
3.859e-01,-4,-12,-4,-8,-9.6,-10,12,10.4
3.861e-01,-6,4.47035e-08,-6,-2,-8.8,-8,11.2,12.4
3.862e-01,-8,-18,-6,-12,-8.4,-8.8,10.8,8.8
3.864e-01,-14,-6,-8,-4,-8,-6.8,10,11.2
3.866e-01,-16,-26,-10,-16,-7.2,-8,9.2,7.2
3.868e-01,-18,-12,-12,-8,-6.8,-6,8.4,9.6
3.870e-01,-22,-32,-14,-18,-6.4,-6.8,7.6,5.6
3.872e-01,-24,-18,-14,-10,-6,-4.8,6.8,8
3.874e-01,-28,-36,-16,-20,-5.2,-5.6,6,3.6
3.876e-01,-32,-24,-18,-14,-4.4,-3.6,4.8,6.4
3.878e-01,-34,-42,-18,-24,-4,-4.4,4,1.6
3.880e-01,-36,-30,-20,-16,-3.2,-2.4,3.2,4.4
3.882e-01,-38,-46,-20,-26,-2.8,-3.2,2,1.78814e-08
3.884e-01,-40,-34,-22,-20,-2,-0.8,1.2,2.8
3.885e-01,-44,-50,-24,-28,-1.2,-1.6,1.78814e-08,-2
3.887e-01,-44,-40,-26,-22,-0.8,0.4,-0.8,0.4
3.889e-01,-48,-54,-26,-30,1.78814e-08,-0.4,-1.6,-3.6
3.891e-01,-48,-42,-28,-24,0.8,2,-2.4,-1.2
3.893e-01,-50,-56,-26,-32,1.6,1.2,-3.2,-5.6
3.895e-01,-52,-46,-28,-26,2,3.2,-4.4,-2.8
3.897e-01,-52,-60,-30,-32,2.8,2.4,-5.2,-7.2
3.899e-01,-54,-50,-28,-26,3.6,4.8,-6,-4.8
3.901e-01,-56,-60,-30,-34,4.4,3.6,-6.8,-8.8
3.903e-01,-58,-52,-30,-28,5.2,6,-7.6,-6.4
3.905e-01,-58,-62,-32,-34,5.6,4.8,-8.4,-10.4
3.907e-01,-58,-54,-32,-28,6.4,7.2,-9.6,-8
3.909e-01,-58,-60,-32,-34,6.8,6,-10,-11.6
3.910e-01,-56,-52,-32,-28,7.2,8.4,-10.4,-9.6
3.912e-01,-56,-60,-30,-34,8,7.2,-11.2,-12.8
3.914e-01,-56,-50,-30,-28,8.8,9.6,-12,-10.8
3.916e-01,-56,-58,-30,-32,8.8,8.4,-12.4,-14
3.918e-01,-54,-48,-30,-26,9.6,10.4,-12.8,-12
3.920e-01,-52,-56,-28,-30,10,9.2,-13.6,-14.8
3.922e-01,-52,-46,-26,-24,10.4,11.2,-14,-13.2
3.924e-01,-50,-54,-28,-30,10.8,10,-14,-15.2
3.926e-01,-48,-44,-26,-24,11.2,11.6,-14.4,-14
3.928e-01,-48,-50,-24,-28,11.2,10.4,-15.2,-16
3.930e-01,-46,-40,-24,-22,11.6,12,-15.2,-14.4
3.932e-01,-44,-46,-22,-26,12,10.8,-15.6,-16.4
3.934e-01,-40,-34,-22,-18,12,12.4,-15.6,-15.2
3.935e-01,-40,-42,-22,-24,12,11.2,-15.6,-16.4
3.937e-01,-38,-30,-20,-16,12,12.4,-16,-15.2
3.939e-01,-34,-38,-18,-20,12.4,11.2,-16,-16.4
3.941e-01,-30,-24,-16,-12,12,12.8,-16,-15.2
3.943e-01,-26,-30,-14,-16,12,10.8,-15.6,-16
3.945e-01,-24,-16,-12,-8,12,12.4,-15.6,-14.8
3.947e-01,-20,-22,-10,-14,11.6,10.4,-15.2,-15.6
3.949e-01,-14,-8,-10,-6,11.6,12,-14.8,-14
3.951e-01,-12,-16,-8,-10,11.2,10,-14.4,-14.8
3.953e-01,-8,-2,-6,-2,11.2,11.6,-14,-12.8
3.955e-01,-6,-8,-4,-6,10.4,8.8,-13.2,-14
3.957e-01,-2,4,-2,2,10,11.2,-12.8,-11.6
3.958e-01,2,-2,4.47035e-08,-2,10,8,-12.4,-12.4
3.960e-01,4,12,2,4,9.6,10.4,-11.6,-10.4
3.962e-01,6,4,4,4.47035e-08,8.8,7.2,-10.8,-11.2
3.964e-01,8,16,4,8,8.4,9.2,-10.4,-9.2
3.966e-01,14,10,6,4,7.6,6,-9.2,-9.6
3.968e-01,16,24,8,10,7.2,8.4,-8.4,-7.2
3.970e-01,20,16,8,6,6.8,4.8,-7.6,-8
3.972e-01,24,30,10,14,6,7.2,-6.8,-5.6
3.974e-01,24,22,14,10,5.6,3.6,-6,-6.4
3.976e-01,30,34,12,18,4.8,6,-4.8,-4
3.978e-01,32,28,16,12,4.4,2.4,-4.4,-4.8
3.980e-01,32,40,16,20,3.6,4.8,-3.2,-2
3.982e-01,36,32,18,14,2.8,1.2,-2.4,-2.8
3.983e-01,38,44,18,22,2.4,3.2,-1.6,1.78814e-08
3.985e-01,42,38,20,18,1.6,-0.4,-0.4,-1.2
3.987e-01,44,48,20,24,0.8,2,0.4,1.6
3.989e-01,44,42,22,20,1.78814e-08,-1.6,1.2,0.8
3.991e-01,46,52,24,26,-0.4,0.4,2.4,3.6
3.993e-01,48,44,24,22,-1.6,-2.8,3.2,2.8
3.995e-01,48,54,24,28,-2,-0.8,4,5.2
3.997e-01,52,48,26,22,-2.4,-4.4,4.8,4.4
3.999e-01,52,58,26,28,-3.6,-2.4,5.6,6.8
4.001e-01,54,52,28,24,-4,-6,6.4,6.4
4.003e-01,56,60,28,30,-4.8,-3.6,7.6,8.8
4.005e-01,56,52,28,24,-5.2,-6.8,8.4,8
4.006e-01,56,60,28,30,-6,-4.8,9.2,10
4.008e-01,56,52,28,24,-6.4,-8,9.6,9.6
4.010e-01,54,60,28,30,-7.2,-6,10.4,11.6
4.012e-01,56,50,26,24,-7.6,-9.2,11.2,10.8
4.014e-01,56,58,28,28,-8,-7.2,12,12.8
4.016e-01,54,48,26,22,-8.8,-10,12.4,12
4.018e-01,54,56,26,28,-9.2,-8,12.8,14
4.020e-01,52,44,26,20,-9.2,-10.8,13.6,13.2
4.022e-01,50,54,24,28,-10,-9.2,13.6,14.8
4.024e-01,48,42,24,20,-10,-11.2,14.4,14
4.026e-01,48,52,24,26,-10.4,-9.6,14.8,15.6
4.028e-01,46,38,20,18,-10.8,-12,14.8,14.4
4.030e-01,42,48,20,24,-11.2,-10.4,15.2,16
4.031e-01,40,34,20,16,-11.2,-12.4,15.6,14.8
4.033e-01,36,46,18,22,-11.6,-10.8,15.6,16.4
4.035e-01,36,28,16,12,-11.6,-12.4,16,15.2
4.037e-01,34,40,16,20,-11.6,-11.2,16,16.4
4.039e-01,32,22,14,8,-11.6,-12.4,15.6,15.2
4.041e-01,28,36,12,16,-11.6,-11.2,16,16.4
4.043e-01,24,14,10,6,-11.6,-12.4,16,14.8
4.045e-01,22,28,8,14,-11.6,-10.8,15.6,16
4.047e-01,16,8,8,2,-11.2,-12,15.2,14
4.049e-01,12,22,4,10,-11.2,-10.4,14.8,15.6
4.051e-01,10,4.47035e-08,4,-2,-10.8,-11.6,14.4,13.2
4.053e-01,6,14,2,6,-10.4,-9.6,14,14.8
4.054e-01,4,-6,4.47035e-08,-6,-10.4,-10.8,13.2,12
4.056e-01,2,8,-2,2,-9.6,-9.2,12.8,14
4.058e-01,-4,-12,-4,-8,-9.6,-10,12,10.4
4.060e-01,-4,2,-4,-2,-9.2,-8,11.6,12.8
4.062e-01,-8,-18,-6,-12,-8.4,-9.2,10.8,9.2
4.064e-01,-12,-6,-8,-4,-8,-7.2,10,11.2
4.066e-01,-14,-24,-10,-14,-7.6,-8,9.6,7.2
4.068e-01,-18,-12,-10,-8,-7.2,-6,8.8,10
4.070e-01,-22,-30,-14,-18,-6.4,-7.2,7.6,5.6
4.072e-01,-26,-18,-14,-10,-5.6,-4.8,6.8,8
4.074e-01,-28,-36,-16,-20,-5.2,-5.6,6,3.6
4.076e-01,-30,-24,-18,-14,-4.8,-3.6,5.2,6.4
4.078e-01,-34,-42,-20,-24,-4,-4.4,4.4,2
4.079e-01,-36,-30,-20,-16,-3.2,-2.4,3.2,4.8
4.081e-01,-38,-46,-22,-26,-2.8,-3.2,2,1.78814e-08
4.083e-01,-40,-34,-22,-20,-2,-1.2,1.2,2.8
4.085e-01,-42,-50,-24,-28,-1.2,-2,0.4,-2
4.087e-01,-44,-38,-26,-20,-0.8,0.4,-0.8,0.8
4.089e-01,-46,-52,-26,-30,1.78814e-08,-0.4,-1.6,-3.6
4.091e-01,-50,-42,-26,-24,0.8,1.6,-2.4,-1.2
4.093e-01,-50,-56,-26,-32,1.2,0.8,-3.2,-5.2
4.095e-01,-52,-46,-28,-26,2,3.2,-4,-2.8
4.097e-01,-52,-58,-30,-32,2.8,2.4,-4.8,-7.2
4.099e-01,-54,-48,-30,-26,3.6,4.4,-6,-4.4
4.101e-01,-56,-60,-30,-34,4,3.6,-6.4,-8.8
4.102e-01,-56,-52,-32,-28,4.8,6,-7.6,-6.4
4.104e-01,-58,-62,-32,-34,5.6,4.8,-8.4,-10
4.106e-01,-56,-54,-30,-28,6,7.2,-9.2,-7.6
4.108e-01,-58,-60,-30,-34,6.8,6,-9.6,-11.6
4.110e-01,-58,-52,-30,-28,7.2,8.4,-10.4,-9.2
4.112e-01,-58,-60,-30,-34,7.6,7.2,-11.2,-12.8
4.114e-01,-56,-50,-30,-28,8.4,9.2,-11.6,-10.8
4.116e-01,-54,-58,-28,-32,8.8,8,-12.4,-14
4.118e-01,-54,-48,-30,-26,9.6,10.4,-12.8,-12
4.120e-01,-52,-56,-30,-30,10,9.2,-13.2,-14.8
4.122e-01,-50,-46,-28,-24,10.4,11.2,-14,-12.8
4.124e-01,-50,-54,-26,-30,10.8,9.6,-14.4,-15.2
4.126e-01,-48,-44,-26,-24,11.2,11.6,-14.4,-13.6
4.127e-01,-48,-50,-26,-28,11.2,10.4,-14.8,-16
4.129e-01,-44,-40,-24,-22,11.6,12,-15.2,-14.4
4.131e-01,-44,-46,-24,-26,11.6,10.8,-15.6,-16.4
4.133e-01,-42,-36,-22,-20,12,12.4,-15.6,-15.2
4.135e-01,-40,-44,-22,-24,12,11.2,-16,-16.4
4.137e-01,-36,-30,-20,-16,12.4,12.8,-16,-15.2
4.139e-01,-34,-38,-20,-20,12,11.2,-15.6,-16.4
4.141e-01,-32,-24,-16,-12,12,12.4,-16,-15.2
4.143e-01,-28,-30,-14,-18,12,10.8,-15.6,-16
4.145e-01,-24,-16,-14,-10,12,12.4,-15.6,-14.8
4.147e-01,-20,-24,-12,-14,11.6,10.4,-15.2,-15.6
4.149e-01,-18,-10,-10,-6,11.6,12,-14.8,-14
4.150e-01,-14,-16,-8,-10,11.2,10,-14.4,-14.8
4.152e-01,-10,-2,-6,-2,11.2,12,-14,-13.2
4.154e-01,-6,-10,-4,-6,10.8,9.2,-13.6,-14
4.156e-01,-2,4,-2,2,10.4,11.2,-12.8,-12
4.158e-01,4.47035e-08,-2,4.47035e-08,-2,9.6,8.4,-12.4,-12.8
4.160e-01,4,10,2,4,9.6,10.4,-11.6,-10.8
4.162e-01,6,2,2,4.47035e-08,9.2,7.2,-11.2,-11.6
4.164e-01,8,16,4,8,8.4,9.6,-10,-9.2
4.166e-01,12,10,6,4,8,6,-9.2,-10
4.168e-01,16,22,6,10,7.6,8.4,-8.8,-7.6
4.170e-01,18,16,8,6,6.8,5.2,-8,-8.4
4.172e-01,22,28,10,14,6.4,7.2,-7.2,-6
4.174e-01,24,22,12,8,5.6,4,-6.4,-6.4
4.175e-01,28,34,12,16,4.8,6,-5.6,-4
4.177e-01,32,28,14,12,4.4,2.8,-4.4,-4.8
4.179e-01,34,40,16,20,4,4.8,-3.2,-2
4.181e-01,34,32,18,14,3.2,1.2,-2.4,-2.8
4.183e-01,40,44,18,22,2.4,3.6,-1.6,-0.4
4.185e-01,42,36,20,18,1.6,1.78814e-08,-0.8,-1.2
4.187e-01,44,48,22,24,0.8,2,1.78814e-08,1.6
4.189e-01,44,40,22,18,0.4,-1.6,1.2,0.8
4.191e-01,46,52,22,26,-0.4,0.8,2,3.2
4.193e-01,48,44,24,20,-1.2,-2.8,3.2,2.4
4.195e-01,50,54,24,28,-2,-0.8,4,5.2
4.197e-01,50,48,26,22,-2.8,-4.4,4.8,4.4
4.198e-01,52,58,26,28,-3.2,-2,5.6,6.8
4.200e-01,54,50,26,24,-4,-5.6,6.4,6
4.202e-01,54,60,28,30,-4.8,-3.2,7.2,8.4
4.204e-01,56,52,28,24,-5.2,-6.8,8,7.6
4.206e-01,56,60,28,30,-6,-4.8,8.8,10
4.208e-01,54,52,28,24,-6.4,-8,9.6,9.2
4.210e-01,56,60,26,30,-6.8,-6,10.4,11.6
4.212e-01,54,50,28,24,-7.6,-9.2,11.2,10.8
4.214e-01,52,58,26,30,-8,-7.2,11.6,12.8
4.216e-01,52,48,26,22,-8.4,-10,12.4,12
4.218e-01,50,58,26,28,-9.2,-8,12.8,13.6
4.220e-01,52,44,24,20,-9.2,-10.8,13.2,12.8
4.222e-01,50,54,24,28,-9.6,-9.2,14,14.4
4.223e-01,50,42,24,20,-10,-11.6,14,13.6
4.225e-01,48,52,22,26,-10.4,-9.6,14.4,15.2
4.227e-01,48,38,22,18,-10.8,-12,14.8,14.4
4.229e-01,44,50,20,24,-10.8,-10.4,15.2,16
4.231e-01,42,34,20,16,-11.2,-12,15.6,14.8
4.233e-01,40,46,20,22,-11.6,-10.8,15.6,16.4
4.235e-01,38,28,18,12,-11.6,-12.4,16,15.2
4.237e-01,36,42,16,20,-11.6,-11.2,16,16.4
4.239e-01,32,22,16,8,-11.6,-12.4,16,15.2
4.241e-01,30,36,14,18,-11.6,-11.2,16,16.4
4.243e-01,24,16,10,6,-11.6,-12.4,16,14.8
4.245e-01,22,30,8,14,-11.6,-10.8,15.6,16.4
4.246e-01,20,8,8,2,-11.2,-12,15.2,14
4.248e-01,14,22,6,10,-10.8,-10.4,14.8,15.6
4.250e-01,12,2,4,-2,-10.8,-11.6,14.8,13.2
4.252e-01,8,14,2,6,-10.8,-10,14,14.8
4.254e-01,4,-6,4.47035e-08,-6,-10.4,-10.8,13.6,12
4.256e-01,2,8,4.47035e-08,2,-10,-9.2,12.8,14
4.258e-01,-2,-10,-4,-8,-9.6,-10,12.4,10.8
4.260e-01,-4,2,-4,-2,-9.2,-8.4,12,12.8
4.262e-01,-8,-18,-6,-10,-8.4,-9.2,10.8,9.2
4.264e-01,-10,-4,-8,-4,-8,-7.2,10.4,11.6
4.266e-01,-14,-24,-8,-14,-7.6,-8,9.2,7.6
4.268e-01,-18,-10,-10,-8,-6.8,-6.4,8.8,10
4.270e-01,-20,-30,-12,-18,-6.8,-7.2,8,6
4.271e-01,-24,-16,-14,-10,-6,-4.8,7.2,8.4
4.273e-01,-28,-36,-14,-20,-5.2,-6,6.4,4
4.275e-01,-30,-24,-18,-14,-4.8,-3.6,5.2,6.4
4.277e-01,-34,-40,-18,-24,-4,-4.4,4.4,2
4.279e-01,-34,-28,-20,-16,-3.6,-2.4,3.6,4.8
4.281e-01,-40,-46,-20,-26,-2.8,-3.2,2.4,0.4
4.283e-01,-38,-34,-22,-18,-2,-1.2,1.2,2.8
4.285e-01,-42,-50,-24,-28,-1.6,-2,0.8,-1.6
4.287e-01,-46,-38,-24,-22,-0.8,1.78814e-08,-0.4,1.2
4.289e-01,-46,-52,-26,-30,1.78814e-08,-0.4,-1.2,-3.6
4.291e-01,-48,-42,-26,-24,0.4,1.6,-2,-0.8
4.293e-01,-50,-56,-26,-32,1.2,0.8,-3.2,-5.2
4.294e-01,-52,-46,-28,-26,2,2.8,-4,-2.8
4.296e-01,-54,-60,-30,-32,2.4,2,-4.8,-6.8
4.298e-01,-54,-48,-30,-26,3.2,4.4,-5.6,-4.4
4.300e-01,-54,-60,-30,-34,4,3.6,-6.4,-8.4
4.302e-01,-56,-52,-30,-28,4.8,5.6,-7.2,-6
4.304e-01,-58,-60,-30,-34,5.6,4.8,-8,-10
4.306e-01,-58,-54,-32,-28,6,7.2,-9.2,-7.6
4.308e-01,-58,-60,-30,-34,6.4,6,-9.6,-11.6
4.310e-01,-58,-52,-32,-28,7.2,8.4,-10.4,-9.2
4.312e-01,-56,-60,-30,-32,8,7.2,-10.8,-12.8
4.314e-01,-54,-50,-30,-28,8.4,9.2,-11.6,-10.8
4.316e-01,-56,-58,-30,-32,8.8,8,-12,-13.6
4.318e-01,-54,-50,-30,-26,9.6,10,-12.8,-12
4.319e-01,-54,-56,-28,-32,9.6,9.2,-13.6,-14.4
4.321e-01,-52,-46,-28,-26,10,11.2,-14,-12.8
4.323e-01,-52,-54,-28,-30,10.4,9.6,-14.4,-15.2
4.325e-01,-50,-44,-26,-24,11.2,11.6,-14.8,-13.6
4.327e-01,-48,-52,-26,-28,11.2,10.4,-14.8,-16
4.329e-01,-46,-40,-24,-22,11.6,12,-15.2,-14.4
4.331e-01,-44,-46,-24,-26,11.6,10.8,-15.6,-16.4
4.333e-01,-42,-36,-24,-20,12,12.4,-15.6,-14.8
4.335e-01,-38,-42,-22,-24,12,11.2,-15.6,-16.4
4.337e-01,-38,-30,-20,-16,12.4,12.4,-15.6,-15.2
4.339e-01,-36,-38,-18,-22,12.4,11.2,-15.6,-16.4
4.341e-01,-30,-24,-16,-14,12,12.4,-16,-15.2
4.342e-01,-28,-32,-14,-18,12,10.8,-15.6,-16.4
4.344e-01,-26,-18,-14,-10,12,12.4,-15.6,-14.8
4.346e-01,-20,-24,-12,-14,12,10.4,-15.2,-15.6
4.348e-01,-18,-10,-10,-6,11.6,12.4,-14.8,-14.4
4.350e-01,-14,-16,-8,-10,11.6,10,-14.4,-14.8
4.352e-01,-12,-2,-6,-2,11.2,12,-14,-13.2
4.354e-01,-8,-10,-4,-6,10.8,9.2,-13.6,-14
4.356e-01,-4,4,-2,2,10.4,11.2,-12.8,-12
4.358e-01,-2,-4,4.47035e-08,-4,10,8.4,-12.4,-12.8
4.360e-01,2,10,4.47035e-08,4,9.6,10.4,-12,-10.8
4.362e-01,4,2,4,4.47035e-08,8.8,7.2,-11.2,-11.6
4.364e-01,8,16,2,8,8.4,9.6,-10.4,-9.2
4.366e-01,12,8,4,2,8,6.4,-9.6,-10
4.367e-01,14,22,6,10,7.6,8.4,-9.2,-7.6
4.369e-01,18,16,8,6,6.8,5.2,-8,-8.4
4.371e-01,22,28,10,14,6.4,7.6,-7.2,-6
4.373e-01,24,20,12,8,5.6,4,-6.4,-6.8
4.375e-01,28,34,14,16,5.2,6.4,-5.6,-4.4
4.377e-01,30,26,16,12,4.4,2.8,-4.8,-5.2
4.379e-01,34,38,16,18,3.6,4.8,-3.6,-2.4
4.381e-01,36,32,18,14,3.2,1.2,-2.8,-3.2
4.383e-01,40,44,18,22,2.8,3.6,-2,-0.4
4.385e-01,38,36,20,16,1.6,1.78814e-08,-0.8,-1.2
4.387e-01,42,48,20,24,1.2,2.4,1.78814e-08,1.6
4.389e-01,44,40,22,18,0.4,-1.2,0.8,0.4
4.390e-01,44,50,22,26,-0.4,0.8,2,3.2
4.392e-01,48,44,22,20,-0.8,-2.8,2.8,2.4
4.394e-01,50,54,24,28,-1.6,-0.4,3.6,4.8
4.396e-01,52,48,26,22,-2.4,-4,4.8,4
4.398e-01,52,58,26,28,-2.8,-2,5.6,6.8
4.400e-01,54,50,28,24,-3.6,-5.6,6,6
4.402e-01,56,60,28,30,-4.4,-3.2,6.8,8.4
4.404e-01,54,52,28,24,-5.2,-6.8,8,7.6
4.406e-01,56,60,28,30,-5.6,-4.4,8.8,10
4.408e-01,56,52,28,24,-6.4,-8,9.6,9.2
4.410e-01,56,60,26,30,-6.8,-6,10,11.2
4.412e-01,56,50,28,24,-7.2,-8.8,10.8,10.4
4.414e-01,54,58,26,30,-7.6,-6.8,11.2,12.4
4.415e-01,54,48,26,22,-8.4,-10,12,11.6
4.417e-01,52,56,24,28,-9.2,-8,12.8,13.6
4.419e-01,50,44,26,20,-9.2,-10.8,13.2,12.8
4.421e-01,50,56,24,28,-9.6,-8.8,13.6,14.4
4.423e-01,50,42,24,20,-10,-11.2,14,13.6
4.425e-01,48,52,22,26,-10,-9.6,14.4,15.2
4.427e-01,48,40,22,18,-10.8,-11.6,14.8,14.4
4.429e-01,44,50,20,24,-10.8,-10.4,15.2,16
4.431e-01,40,34,20,14,-11.2,-12,15.6,14.8
4.433e-01,40,46,18,22,-11.6,-10.8,15.6,16.4
4.435e-01,36,30,18,14,-11.2,-12.4,16,15.2
4.437e-01,36,42,16,20,-11.6,-11.2,16,16.4
4.438e-01,32,24,16,10,-11.6,-12.4,16,15.2
4.440e-01,30,36,14,18,-11.6,-11.2,16,16.4
4.442e-01,28,16,12,6,-11.6,-12.4,16,14.8
4.444e-01,22,30,8,14,-11.6,-10.8,15.6,16.4
4.446e-01,18,8,8,2,-11.2,-12,15.2,14
4.448e-01,16,22,6,10,-11.2,-10.4,15.2,15.6
4.450e-01,14,2,4,-2,-10.8,-11.6,14.4,13.2
4.452e-01,8,16,2,6,-10.8,-10,14,15.2
4.454e-01,4,-4,4.47035e-08,-4,-10.4,-10.8,13.6,12
4.456e-01,2,8,4.47035e-08,4,-10,-9.2,12.8,14
4.458e-01,-2,-10,-2,-8,-9.6,-10,12.4,10.8
4.460e-01,-4,2,-4,4.47035e-08,-9.2,-8.4,12,12.8
4.462e-01,-8,-16,-6,-10,-8.4,-9.2,11.2,9.2
4.463e-01,-12,-4,-6,-4,-8,-7.2,10.4,11.6
4.465e-01,-14,-24,-8,-14,-7.6,-8.4,9.6,7.6
4.467e-01,-16,-10,-10,-6,-6.8,-6.4,9.2,10
4.469e-01,-20,-28,-12,-16,-6.8,-7.2,8,6
4.471e-01,-22,-16,-12,-10,-6,-5.2,7.2,8.8
4.473e-01,-26,-36,-14,-20,-5.6,-6,6.4,4
4.475e-01,-30,-22,-16,-12,-5.2,-4,5.2,6.8
4.477e-01,-32,-40,-18,-22,-4.4,-4.8,4.4,2.4
4.479e-01,-34,-28,-20,-16,-3.6,-2.8,3.6,4.8
4.481e-01,-38,-44,-20,-26,-3.2,-3.6,2.4,0.4
4.483e-01,-38,-32,-22,-18,-2.4,-1.2,1.6,3.2
4.485e-01,-42,-48,-24,-28,-1.6,-2,0.4,-1.6
4.486e-01,-44,-38,-24,-22,-1.2,1.78814e-08,1.78814e-08,1.2
4.488e-01,-46,-52,-24,-30,1.78814e-08,-0.8,-1.2,-3.2
4.490e-01,-48,-42,-26,-22,0.4,1.6,-2,-0.8
4.492e-01,-50,-56,-28,-32,1.2,0.4,-2.8,-4.8
4.494e-01,-50,-46,-28,-24,1.6,2.8,-4,-2.4
4.496e-01,-52,-58,-28,-32,2.4,2,-4.8,-6.8
4.498e-01,-54,-48,-30,-26,3.2,4,-5.2,-4
4.500e-01,-56,-60,-28,-34,3.6,3.6,-6.4,-8.4
4.502e-01,-58,-52,-30,-28,4.8,5.6,-7.2,-6
4.504e-01,-58,-62,-32,-34,5.2,4.4,-8,-10
4.506e-01,-58,-52,-32,-28,6,6.8,-8.8,-7.6
4.508e-01,-58,-62,-32,-34,6.4,6,-9.6,-11.2
4.510e-01,-56,-52,-32,-28,6.8,8,-10.4,-9.2
4.511e-01,-58,-60,-30,-34,7.6,6.8,-10.8,-12.4
4.513e-01,-54,-50,-30,-28,8,9.2,-11.2,-10.4
4.515e-01,-56,-58,-30,-32,8.8,8,-12.4,-13.6
4.517e-01,-54,-50,-30,-26,9.2,10,-12.8,-11.6
4.519e-01,-54,-56,-28,-32,10,8.8,-13.2,-14.4
4.521e-01,-52,-46,-28,-26,10.4,10.8,-13.6,-12.8
4.523e-01,-50,-54,-26,-30,10.4,9.6,-14,-15.2
4.525e-01,-48,-44,-26,-24,10.8,11.6,-14.8,-13.6
4.527e-01,-50,-52,-24,-28,11.2,10.4,-14.8,-15.6
4.529e-01,-46,-40,-24,-22,11.6,12,-15.2,-14.4
4.531e-01,-44,-48,-24,-26,11.6,10.8,-15.2,-16
4.533e-01,-44,-36,-22,-20,12,12.4,-15.2,-14.8
4.535e-01,-40,-44,-22,-24,12,11.2,-15.6,-16.4
4.536e-01,-38,-32,-20,-18,12,12.4,-16,-15.2
4.538e-01,-36,-38,-20,-22,12,11.2,-16,-16.4
4.540e-01,-32,-24,-18,-14,12,12.8,-16,-15.2
4.542e-01,-28,-32,-16,-18,12,10.8,-16,-16.4
4.544e-01,-26,-18,-14,-10,12,12.4,-15.6,-14.8
4.546e-01,-22,-24,-12,-14,11.6,10.4,-15.2,-16
4.548e-01,-18,-10,-10,-6,11.6,12.4,-15.2,-14.4
4.550e-01,-14,-18,-8,-10,11.6,10,-14.4,-15.2
4.552e-01,-12,-4,-6,-2,11.2,12,-14,-13.2
4.554e-01,-8,-10,-4,-6,10.8,9.2,-13.6,-14
4.556e-01,-4,2,-4,4.47035e-08,10.4,11.2,-13.2,-12
4.558e-01,4.47035e-08,-4,-2,-4,10,8.4,-12.4,-12.8
4.559e-01,4.47035e-08,10,4.47035e-08,4,9.6,10.4,-12,-10.8
4.561e-01,4,2,2,4.47035e-08,9.2,7.2,-11.6,-11.6
4.563e-01,8,14,4,6,8.8,9.6,-10.8,-9.6
4.565e-01,12,8,6,2,8,6.4,-9.6,-10.4
4.567e-01,16,22,6,10,7.6,8.4,-9.2,-8
4.569e-01,18,14,8,6,6.8,5.2,-8.4,-8.8
4.571e-01,20,28,8,12,6.4,7.6,-7.6,-6
4.573e-01,24,20,10,8,6,4,-6.4,-6.8
4.575e-01,26,34,12,16,5.2,6.4,-5.6,-4.4
4.577e-01,30,26,14,12,4.8,2.8,-4.8,-5.2
4.579e-01,32,38,16,18,4,5.2,-4,-2.4
4.581e-01,36,32,16,14,3.2,1.6,-3.2,-3.2
4.583e-01,40,44,18,22,2.4,3.6,-2,-0.8
4.584e-01,40,36,18,16,2,1.78814e-08,-0.8,-1.6
4.586e-01,40,46,22,24,1.2,2.4,1.78814e-08,1.2
4.588e-01,44,40,20,18,0.8,-1.2,0.8,0.4
4.590e-01,46,50,22,26,1.78814e-08,0.8,2,3.2
4.592e-01,46,44,24,20,-0.8,-2.8,2.8,2
4.594e-01,50,54,24,26,-1.6,-0.4,3.6,4.8
4.596e-01,52,48,26,22,-2.4,-4,4.4,4
4.598e-01,54,58,26,28,-2.8,-2,5.6,6.4
4.600e-01,52,50,26,24,-3.6,-5.2,6,5.6
4.602e-01,56,60,28,30,-4.4,-3.2,7.2,8
4.604e-01,56,52,28,24,-4.8,-6.8,7.6,7.2
4.606e-01,56,60,28,30,-5.6,-4.4,8.8,9.6
4.607e-01,56,52,26,24,-6,-8,9.2,8.8
4.609e-01,56,60,28,30,-6.8,-5.6,10.4,11.2
4.611e-01,56,50,26,24,-6.8,-8.8,10.8,10.4
4.613e-01,56,58,26,30,-7.6,-6.8,11.6,12.4
4.615e-01,54,48,26,22,-8.4,-9.6,12.4,11.6
4.617e-01,52,58,26,28,-8.8,-8,12.8,13.6
4.619e-01,52,46,26,22,-9.2,-10.4,13.2,12.8
4.621e-01,50,54,24,28,-9.6,-8.8,13.6,14.4
4.623e-01,50,44,24,20,-10,-11.2,14,13.6
4.625e-01,48,52,22,26,-10.4,-9.6,14.4,15.2
4.627e-01,46,40,22,18,-10.4,-11.6,14.8,14.4
4.629e-01,42,50,20,24,-10.8,-10,15.2,16
4.631e-01,42,34,20,16,-11.2,-12,15.2,14.8
4.632e-01,42,46,20,22,-11.2,-10.8,15.6,16.4
4.634e-01,38,30,18,14,-11.6,-12.4,16,15.2
4.636e-01,38,42,16,20,-11.6,-11.2,16,16.4
4.638e-01,34,24,16,10,-11.6,-12.4,16,15.2
4.640e-01,30,38,14,18,-11.6,-11.2,16,16.4
4.642e-01,28,16,12,6,-11.6,-12.4,16,14.8
4.644e-01,24,32,10,14,-11.2,-10.8,15.6,16.4
4.646e-01,20,10,8,2,-11.2,-12,15.6,14.4
4.648e-01,16,24,6,10,-11.2,-10.8,15.2,16
4.650e-01,12,2,4,4.47035e-08,-10.8,-11.6,14.4,13.2
4.652e-01,8,16,2,8,-10.8,-10,14.4,15.2
4.654e-01,6,-4,2,-4,-10.8,-11.2,13.6,12.4
4.655e-01,2,10,4.47035e-08,4,-10,-9.2,13.2,14.4
4.657e-01,4.47035e-08,-10,-2,-8,-9.6,-10.4,12.4,10.8
4.659e-01,-2,2,-4,4.47035e-08,-9.2,-8.4,12,13.2
4.661e-01,-8,-16,-6,-10,-8.8,-9.2,11.2,9.6
4.663e-01,-10,-2,-8,-4,-8.4,-7.6,10.4,12
4.665e-01,-12,-22,-8,-14,-7.6,-8.4,10,8
4.667e-01,-16,-10,-10,-6,-7.2,-6.4,9.2,10.4
4.669e-01,-20,-28,-12,-16,-6.8,-7.2,8.4,6
4.671e-01,-24,-16,-14,-10,-6,-5.2,7.6,8.8
4.673e-01,-24,-34,-14,-20,-5.6,-6,6.4,4.4
4.675e-01,-28,-22,-16,-12,-4.8,-4,5.6,6.8
4.677e-01,-32,-40,-18,-22,-4.4,-4.8,4.8,2.4
4.679e-01,-34,-28,-20,-16,-3.6,-2.8,3.6,5.2
4.680e-01,-36,-44,-20,-26,-3.2,-3.6,2.8,0.4
4.682e-01,-40,-32,-22,-18,-2.4,-1.6,1.6,3.2
4.684e-01,-42,-48,-22,-28,-2,-2.4,0.8,-1.2
4.686e-01,-44,-38,-24,-20,-1.2,1.78814e-08,1.78814e-08,1.6
4.688e-01,-46,-52,-26,-28,-0.4,-0.8,-0.8,-3.2
4.690e-01,-46,-40,-26,-22,0.4,1.2,-2,-0.4
4.692e-01,-50,-56,-28,-30,0.8,0.4,-2.8,-4.8
4.694e-01,-50,-44,-30,-24,1.6,2.8,-3.6,-2.4
4.696e-01,-54,-58,-30,-32,2.4,2,-4.4,-6.4
4.698e-01,-54,-48,-30,-26,3.2,4,-5.2,-4
4.700e-01,-54,-60,-30,-34,3.6,3.2,-6,-8
4.702e-01,-56,-50,-30,-28,4.4,5.6,-6.8,-5.6
4.703e-01,-58,-62,-30,-34,5.2,4.4,-7.6,-9.6
4.705e-01,-58,-54,-32,-28,6,6.8,-8.4,-7.2
4.707e-01,-58,-62,-30,-34,6.4,5.6,-9.2,-11.2
4.709e-01,-58,-54,-32,-28,6.8,8,-10,-8.8
4.711e-01,-56,-60,-30,-34,7.6,6.8,-10.8,-12.4
4.713e-01,-54,-52,-30,-28,8,9.2,-11.2,-10.4
4.715e-01,-56,-58,-30,-32,8.8,8,-12,-13.6
4.717e-01,-56,-50,-30,-26,9.2,10,-12.8,-11.6
4.719e-01,-52,-56,-28,-32,9.6,8.8,-13.2,-14.4
4.721e-01,-52,-48,-28,-26,10.4,10.8,-13.6,-12.8
4.723e-01,-52,-54,-28,-30,10.4,9.6,-14,-15.2
4.725e-01,-50,-44,-26,-22,10.8,11.6,-14.4,-13.6
4.727e-01,-48,-52,-26,-28,11.2,10,-14.8,-15.6
4.728e-01,-48,-40,-26,-22,11.2,12,-15.2,-14.4
4.730e-01,-44,-48,-24,-26,11.6,10.8,-15.2,-16
4.732e-01,-42,-36,-24,-20,11.6,12.4,-15.6,-14.8
4.734e-01,-42,-44,-22,-24,12,11.2,-15.6,-16.4
4.736e-01,-38,-32,-22,-18,12,12.4,-16,-15.2
4.738e-01,-36,-40,-20,-22,12,11.2,-16,-16.4
4.740e-01,-32,-26,-18,-14,12,12.8,-16,-15.2
4.742e-01,-30,-32,-16,-18,12,10.8,-15.6,-16.4
4.744e-01,-26,-18,-14,-10,12,12.4,-15.6,-15.2
4.746e-01,-24,-26,-12,-14,11.6,10.4,-15.2,-16
4.748e-01,-18,-12,-10,-6,11.6,12.4,-15.2,-14.4
4.750e-01,-14,-18,-10,-10,11.6,10,-14.8,-15.2
4.751e-01,-10,-4,-6,-4,11.2,12,-14.4,-13.2
4.753e-01,-10,-12,-4,-8,10.8,9.2,-14,-14.4
4.755e-01,-6,2,-4,4.47035e-08,10.4,11.2,-13.2,-12.4
4.757e-01,-2,-6,-2,-4,10,8.4,-12.8,-13.2
4.759e-01,2,8,4.47035e-08,4,9.6,10.4,-12,-11.2
4.761e-01,2,2,2,4.47035e-08,9.2,7.6,-11.2,-12
4.763e-01,8,14,2,6,8.8,9.6,-10.8,-9.6
4.765e-01,12,6,4,2,8.4,6.4,-10,-10.4
4.767e-01,14,20,6,10,8,8.8,-9.2,-8
4.769e-01,16,14,8,6,7.2,5.6,-8.4,-8.8
4.771e-01,20,28,8,12,6.4,7.6,-7.6,-6.4
4.773e-01,24,20,10,8,6,4.4,-6.8,-7.2
4.775e-01,26,32,12,16,5.2,6.4,-5.6,-4.8
4.776e-01,28,26,14,12,4.4,2.8,-5.2,-5.6
4.778e-01,32,38,16,20,4,5.2,-4,-2.8
4.780e-01,32,30,16,14,3.6,1.6,-3.2,-3.6
4.782e-01,38,42,18,22,2.8,4,-2,-0.8
4.784e-01,38,36,18,16,2,0.4,-1.2,-1.6
4.786e-01,40,46,20,24,1.6,2.4,-0.4,0.8
4.788e-01,42,40,20,18,0.4,-1.2,0.4,1.78814e-08
4.790e-01,44,50,22,26,1.78814e-08,1.2,1.6,2.8
4.792e-01,48,44,24,20,-0.4,-2.4,2.8,2
4.794e-01,50,54,24,28,-1.6,-0.4,3.6,4.4
4.796e-01,50,46,26,22,-2,-4,4,4
4.798e-01,52,56,24,28,-2.8,-1.6,5.2,6.4
4.799e-01,52,50,26,24,-3.6,-5.2,6,5.6
4.801e-01,56,60,26,30,-4,-3.2,6.8,8
4.803e-01,56,52,28,24,-4.8,-6.4,7.6,7.2
4.805e-01,56,60,28,30,-5.2,-4.4,8.4,9.6
4.807e-01,56,52,28,24,-6,-7.6,9.6,8.8
4.809e-01,58,60,28,30,-6.4,-5.6,10,11.2
4.811e-01,56,50,28,24,-7.2,-8.8,10.8,10.4
4.813e-01,56,58,28,30,-7.6,-6.8,11.2,12.4
4.815e-01,52,48,26,22,-8,-9.6,12,11.6
4.817e-01,54,58,26,28,-8.8,-7.6,12.4,13.6
4.819e-01,52,46,24,22,-9.2,-10.4,13.2,12.8
4.821e-01,52,56,24,28,-9.6,-8.8,13.6,14.4
4.823e-01,50,42,24,20,-10,-11.2,14.4,13.6
4.824e-01,48,54,24,26,-10.4,-9.6,14.4,15.2
4.826e-01,46,40,22,18,-10.4,-11.6,14.8,14.4
4.828e-01,48,50,22,24,-10.8,-10,15.2,15.6
4.830e-01,42,36,20,16,-11.2,-12,15.2,14.8
4.832e-01,40,48,20,22,-11.2,-10.8,15.6,16
4.834e-01,38,32,18,14,-11.6,-12.4,15.6,15.2
4.836e-01,36,44,16,20,-11.6,-11.2,15.6,16.4
4.838e-01,32,24,16,10,-11.6,-12.4,16,15.6
4.840e-01,30,38,14,18,-12,-11.2,15.6,16.4
4.842e-01,28,16,12,6,-11.6,-12.4,16,14.8
4.844e-01,24,32,10,14,-11.6,-11.2,15.6,16.4
4.846e-01,22,10,8,4,-11.2,-12,15.2,14.4
4.847e-01,16,24,6,10,-11.2,-10.4,15.2,16
4.849e-01,12,4,4,4.47035e-08,-10.8,-11.6,14.8,13.6
4.851e-01,10,16,4,8,-10.8,-10,14.4,15.2
4.853e-01,8,-4,2,-4,-10,-11.2,14,12.4
4.855e-01,2,10,4.47035e-08,4,-10,-9.2,13.2,14.4
4.857e-01,2,-10,-2,-8,-9.6,-10.4,12.4,11.2
4.859e-01,-4,4,-4,4.47035e-08,-9.2,-8.4,12,13.2
4.861e-01,-6,-16,-6,-10,-8.8,-9.6,11.2,9.6
4.863e-01,-10,-2,-6,-2,-8.4,-7.6,10.8,12
4.865e-01,-12,-22,-10,-14,-8,-8.4,10,8
4.867e-01,-16,-8,-10,-6,-7.6,-6.4,9.2,10.4
4.869e-01,-20,-28,-12,-16,-6.8,-7.6,8.4,6.4
4.871e-01,-22,-16,-14,-10,-6.4,-5.6,7.6,9.2
4.872e-01,-26,-34,-14,-20,-5.6,-6.4,6.8,4.8
4.874e-01,-28,-20,-16,-12,-5.2,-4.4,6,7.2
4.876e-01,-30,-40,-18,-22,-4.4,-5.2,4.8,2.8
4.878e-01,-34,-26,-20,-16,-3.6,-2.8,4,5.2
4.880e-01,-36,-44,-20,-26,-3.2,-3.6,2.8,0.8
4.882e-01,-38,-32,-20,-18,-2.8,-1.6,2,3.6
4.884e-01,-40,-48,-24,-26,-2,-2.4,1.2,-1.2
4.886e-01,-44,-36,-22,-20,-1.2,-0.4,1.78814e-08,1.6
4.888e-01,-46,-52,-26,-30,-0.4,-0.8,-0.8,-2.8
4.890e-01,-48,-42,-26,-22,1.78814e-08,1.2,-2,-0.4
4.892e-01,-50,-56,-26,-32,0.8,0.4,-2.8,-4.8
4.894e-01,-50,-44,-28,-24,1.6,2.4,-3.2,-2
4.895e-01,-52,-58,-28,-32,2.4,1.6,-4.4,-6.4
4.897e-01,-54,-48,-30,-26,2.8,4,-5.2,-4
4.899e-01,-54,-60,-30,-34,3.6,3.2,-6,-8
4.901e-01,-56,-50,-30,-28,4.4,5.6,-6.8,-5.6
4.903e-01,-58,-62,-30,-34,5.2,4.4,-7.6,-9.6
4.905e-01,-58,-52,-32,-28,5.6,6.4,-8.4,-7.2
4.907e-01,-60,-62,-32,-34,6.4,5.6,-9.2,-11.2
4.909e-01,-56,-52,-32,-28,6.4,8,-10,-8.8
4.911e-01,-56,-60,-32,-34,7.6,6.8,-10.8,-12.4
4.913e-01,-56,-52,-30,-28,8,9.2,-11.2,-10.4
4.915e-01,-56,-58,-30,-32,8.4,7.6,-12,-13.6
4.917e-01,-52,-48,-30,-26,9.2,10,-12.4,-11.2
4.919e-01,-54,-56,-28,-32,9.6,8.8,-12.8,-14.4
4.920e-01,-52,-48,-28,-26,10,10.8,-13.6,-12.4
4.922e-01,-50,-54,-28,-30,10.4,9.6,-14,-15.2
4.924e-01,-48,-44,-28,-24,10.8,11.2,-14.4,-13.6
4.926e-01,-50,-52,-26,-28,11.2,10,-14.8,-15.6
4.928e-01,-48,-42,-26,-22,11.2,12,-14.8,-14.4
4.930e-01,-48,-48,-24,-26,11.6,10.8,-14.8,-16
4.932e-01,-44,-38,-22,-20,11.6,12.4,-15.6,-14.8
4.934e-01,-42,-44,-22,-24,12,11.2,-15.6,-16.4
4.936e-01,-40,-32,-20,-18,12,12.4,-16,-15.2
4.938e-01,-38,-40,-20,-22,12,11.2,-16,-16.4
4.940e-01,-34,-28,-18,-14,12.4,12.4,-16,-15.2
4.942e-01,-30,-34,-16,-18,12,11.2,-16,-16.4
4.943e-01,-28,-20,-14,-10,12,12.4,-15.6,-15.2
4.945e-01,-22,-26,-12,-14,11.6,10.8,-15.2,-16
4.947e-01,-20,-12,-12,-8,12,12.4,-15.2,-14.4
4.949e-01,-16,-18,-10,-12,11.6,10,-14.8,-15.2
4.951e-01,-12,-6,-8,-4,11.2,12,-14.4,-13.6
4.953e-01,-8,-12,-6,-8,11.2,9.6,-14,-14.4
4.955e-01,-6,2,-4,4.47035e-08,10.4,11.2,-13.2,-12.4
4.957e-01,-2,-6,-2,-4,10.4,8.4,-12.8,-13.2
4.959e-01,4.47035e-08,8,4.47035e-08,4,10,10.8,-12.4,-11.2
4.961e-01,4,4.47035e-08,4.47035e-08,4.47035e-08,9.6,7.6,-11.6,-12
4.963e-01,8,14,2,6,8.8,9.6,-10.8,-9.6
4.965e-01,8,6,4,2,8.4,6.4,-10,-10.4
4.967e-01,14,20,6,10,8,8.8,-9.6,-8
4.968e-01,16,14,8,4,7.2,5.6,-8.4,-9.2
4.970e-01,18,26,10,12,6.4,7.6,-8,-6.4
4.972e-01,24,20,10,8,6,4.4,-6.8,-7.2
4.974e-01,26,32,12,16,5.6,6.4,-6,-4.8
4.976e-01,28,24,14,12,4.8,3.2,-5.2,-5.6
4.978e-01,32,38,16,18,4.4,5.2,-4.4,-2.8
4.980e-01,34,30,16,14,3.6,2,-3.2,-3.6
4.982e-01,36,42,18,20,2.8,4,-2.4,-0.8
4.984e-01,40,36,20,16,2,0.4,-1.6,-2
4.986e-01,40,46,20,24,1.2,2.8,-0.8,0.8
4.988e-01,42,40,20,18,0.8,-0.8,0.4,1.78814e-08
4.990e-01,46,50,22,24,1.78814e-08,1.2,1.6,2.8
4.991e-01,46,44,22,20,-0.8,-2.4,2.4,2
4.993e-01,48,52,24,26,-1.2,1.78814e-08,3.2,4.4
4.995e-01,50,46,24,22,-2,-3.6,4,3.6
4.997e-01,50,56,24,28,-2.8,-1.6,5.2,6
4.999e-01,52,50,28,24,-3.2,-5.2,6,5.2
5.001e-01,54,58,28,30,-4,-2.8,6.4,8
5.003e-01,56,52,28,24,-4.4,-6.4,7.6,7.2
5.005e-01,56,60,28,30,-5.2,-4.4,8.4,9.6
5.007e-01,56,52,28,24,-5.6,-7.6,9.2,8.8
5.009e-01,56,60,28,30,-6.4,-5.6,9.6,11.2
5.011e-01,56,50,28,24,-7.2,-8.8,10.8,10
5.013e-01,56,58,26,30,-7.6,-6.8,11.2,12.4
5.015e-01,52,48,26,22,-8.4,-9.6,12,11.2
5.016e-01,54,58,26,28,-8.4,-7.6,12.4,13.2
5.018e-01,50,46,26,22,-9.2,-10.4,12.8,12.4
5.020e-01,52,56,24,28,-9.2,-8.4,13.2,14.4
5.022e-01,50,44,24,20,-10,-11.2,13.6,13.6
5.024e-01,48,52,22,26,-10,-9.6,14.4,15.2
5.026e-01,48,40,22,18,-10.4,-11.6,14.4,14
5.028e-01,44,50,22,24,-10.8,-10,14.8,15.6
5.030e-01,44,36,20,16,-10.8,-12,15.2,14.8
5.032e-01,42,46,20,24,-11.2,-10.8,15.6,16.4
5.034e-01,40,32,18,14,-11.6,-12.4,15.6,15.2
5.036e-01,38,42,18,20,-11.2,-10.8,15.6,16.4
5.038e-01,36,26,16,10,-11.6,-12.4,16,15.6
5.039e-01,30,38,14,18,-11.6,-11.2,16,16.4
5.041e-01,30,18,12,6,-11.6,-12.4,16,15.2
5.043e-01,24,32,10,14,-11.6,-10.8,15.6,16.4
5.045e-01,22,10,10,4,-11.6,-12,15.6,14.4
5.047e-01,18,24,8,10,-11.2,-10.8,15.2,16
5.049e-01,14,4,6,4.47035e-08,-10.8,-11.6,14.8,13.6
5.051e-01,10,18,4,8,-10.8,-10,14.4,15.2
5.053e-01,6,-2,2,-4,-10.4,-11.2,14,12.4
5.055e-01,4,10,4.47035e-08,4,-10,-9.6,13.6,14.4
5.057e-01,4.47035e-08,-8,-2,-6,-10,-10.4,12.8,11.2
5.059e-01,-2,4,-4,4.47035e-08,-9.2,-8.4,12.4,13.2
5.061e-01,-6,-14,-6,-10,-9.2,-9.6,11.6,9.6
5.063e-01,-8,-2,-8,-2,-8.4,-7.6,10.8,12
5.064e-01,-14,-22,-8,-14,-8,-8.4,10,8.4
5.066e-01,-14,-8,-8,-6,-7.6,-6.4,9.2,10.8
5.068e-01,-20,-28,-12,-16,-6.8,-7.6,8.4,6.4
5.070e-01,-20,-14,-12,-10,-6.4,-5.6,7.6,9.2
5.072e-01,-26,-34,-14,-20,-6,-6.4,6.8,4.8
5.074e-01,-28,-20,-16,-12,-5.2,-4.4,6,7.2
5.076e-01,-30,-38,-18,-22,-4.8,-5.2,5.2,2.8
5.078e-01,-34,-26,-20,-16,-4,-3.2,4,5.6
5.080e-01,-38,-44,-20,-24,-3.6,-4,3.2,0.8
5.082e-01,-38,-32,-20,-18,-2.8,-1.6,2,3.6
5.084e-01,-42,-48,-24,-28,-2,-2.4,1.2,-0.8
5.086e-01,-44,-36,-24,-20,-1.2,-0.4,0.4,1.6
5.087e-01,-44,-52,-24,-28,-0.8,-1.2,-0.8,-2.8
5.089e-01,-46,-40,-26,-22,1.78814e-08,0.8,-1.2,1.78814e-08
5.091e-01,-48,-54,-26,-30,0.4,0.4,-2.4,-4.4
5.093e-01,-48,-44,-28,-24,1.2,2.4,-3.2,-2
5.095e-01,-52,-58,-28,-32,2,1.6,-4,-6
5.097e-01,-54,-48,-28,-26,2.8,4,-5.2,-3.6
5.099e-01,-54,-60,-30,-34,3.6,2.8,-6,-7.6
5.101e-01,-56,-50,-30,-28,4.4,5.2,-6.4,-5.2
5.103e-01,-58,-62,-30,-34,4.8,4.4,-7.2,-9.6
5.105e-01,-56,-52,-32,-28,5.6,6.4,-8.4,-7.2
5.107e-01,-58,-62,-30,-34,6,5.6,-9.2,-10.8
5.109e-01,-58,-52,-32,-28,6.8,7.6,-9.6,-8.4
5.111e-01,-56,-60,-32,-34,7.2,6.4,-10.8,-12
5.112e-01,-58,-52,-30,-28,8,8.8,-11.2,-10
5.114e-01,-56,-60,-30,-32,8.8,7.6,-11.6,-13.2
5.116e-01,-52,-50,-30,-28,8.8,10,-12,-11.2
5.118e-01,-54,-58,-30,-32,9.2,8.8,-13.2,-14.4
5.120e-01,-54,-48,-30,-26,10,10.8,-13.6,-12.4
5.122e-01,-52,-54,-28,-30,10,9.6,-14,-15.2
5.124e-01,-50,-44,-28,-24,10.4,11.2,-14.4,-13.2
5.126e-01,-48,-52,-26,-28,10.8,10,-14.8,-15.6
5.128e-01,-48,-42,-26,-22,11.2,12,-14.8,-14
5.130e-01,-46,-48,-24,-26,11.2,10.8,-14.8,-16
5.132e-01,-44,-38,-22,-20,11.6,12.4,-15.6,-14.8
5.134e-01,-42,-44,-22,-24,11.6,10.8,-15.6,-16.4
5.135e-01,-40,-32,-22,-18,12,12.4,-15.6,-15.2
5.137e-01,-36,-40,-18,-22,12,11.2,-15.6,-16.4
5.139e-01,-34,-26,-20,-14,12,12.4,-16,-15.2
5.141e-01,-30,-34,-18,-20,12,11.2,-16,-16.4
5.143e-01,-26,-20,-16,-10,12,12.4,-15.6,-15.2
5.145e-01,-24,-26,-12,-16,12,10.8,-15.6,-16
5.147e-01,-20,-12,-12,-8,11.6,12.4,-15.2,-14.4
5.149e-01,-18,-20,-8,-12,11.6,10,-14.8,-15.2
5.151e-01,-14,-6,-6,-4,11.2,12,-14.4,-13.6
5.153e-01,-8,-12,-6,-8,10.8,9.6,-14,-14.4
5.155e-01,-6,2,-4,4.47035e-08,10.8,11.6,-13.6,-12.4
5.157e-01,-4,-6,-2,-4,10,8.8,-13.2,-13.6
5.159e-01,4.47035e-08,6,4.47035e-08,2,10,10.8,-12.4,-11.2
5.160e-01,4,4.47035e-08,2,-2,9.6,7.6,-11.6,-12
5.162e-01,6,12,2,6,8.8,10,-10.8,-10
5.164e-01,8,6,4,2,8.4,6.8,-10.4,-10.8
5.166e-01,14,20,6,10,8,8.8,-9.6,-8.4
5.168e-01,16,12,6,4,7.6,5.6,-8.8,-9.2
5.170e-01,16,26,8,12,6.8,8,-7.6,-6.8
5.172e-01,22,18,10,8,6,4.4,-6.8,-7.6
5.174e-01,24,32,12,14,5.6,6.8,-6,-4.8
5.176e-01,28,24,14,10,4.8,3.2,-5.2,-5.6
5.178e-01,30,36,14,18,4.4,5.6,-4.4,-3.2
5.180e-01,32,30,16,14,4,2,-3.6,-4
5.182e-01,36,42,18,20,2.8,4.4,-2.4,-1.2
5.184e-01,38,34,18,16,2.4,0.4,-1.6,-2
5.185e-01,42,46,20,24,1.6,2.8,-0.8,0.4
5.187e-01,44,40,22,18,0.8,-0.8,0.4,-0.4
5.189e-01,44,50,22,24,1.78814e-08,1.2,1.2,2.4
5.191e-01,48,42,22,20,-0.4,-2.4,2,1.6
5.193e-01,48,52,24,26,-1.2,1.78814e-08,2.8,4.4
5.195e-01,50,46,24,22,-2,-3.6,4,3.6
5.197e-01,52,56,24,28,-2.4,-1.6,4.8,6
5.199e-01,52,48,26,22,-3.2,-4.8,5.6,5.2
5.201e-01,54,58,26,30,-3.6,-2.8,6.4,7.6
5.203e-01,54,52,28,24,-4.4,-6.4,7.2,6.8
5.205e-01,56,60,28,30,-5.2,-4,8.4,9.2
5.207e-01,56,52,28,24,-5.6,-7.6,8.8,8.4
5.208e-01,56,60,26,30,-6.4,-5.2,9.6,10.8
5.210e-01,56,50,26,24,-6.8,-8.4,10.4,10
5.212e-01,54,58,26,30,-7.2,-6.4,11.2,12
5.214e-01,54,50,26,22,-8,-9.6,12,11.2
5.216e-01,52,58,26,28,-8.8,-7.6,12,13.2
5.218e-01,52,46,26,22,-8.8,-10.4,13.2,12.4
5.220e-01,50,56,26,28,-9.2,-8.4,13.2,14.4
5.222e-01,50,44,24,20,-9.6,-11.2,14,13.2
5.224e-01,48,54,24,26,-10,-9.2,14.4,14.8
5.226e-01,46,40,22,18,-10.4,-11.6,14.4,14
5.228e-01,46,50,22,24,-10.8,-10,14.8,15.6
5.230e-01,44,36,20,16,-11.2,-12,15.2,14.8
5.232e-01,42,48,18,22,-11.2,-10.4,15.2,16
5.233e-01,40,32,18,14,-11.2,-12.4,15.6,15.2
5.235e-01,38,44,18,20,-11.2,-10.8,16,16.4
5.237e-01,34,26,16,10,-11.2,-12.4,15.6,15.2
5.239e-01,32,38,16,18,-11.6,-11.2,16,16.4
5.241e-01,28,18,12,8,-11.6,-12.4,16,15.2
5.243e-01,26,34,10,16,-11.6,-11.2,15.6,16.4
5.245e-01,22,12,10,4,-11.2,-12,15.2,14.4
5.247e-01,20,26,6,12,-11.2,-10.8,15.2,16
5.249e-01,14,4,6,4.47035e-08,-11.2,-11.6,14.8,13.6
5.251e-01,10,18,2,8,-10.8,-10,14.4,15.6
5.253e-01,6,-2,2,-4,-10.8,-11.2,14,12.8
5.255e-01,2,12,4.47035e-08,4,-10,-9.6,13.6,14.4
5.256e-01,2,-8,-2,-6,-9.6,-10.4,13.2,11.2
5.258e-01,-2,4,-2,4.47035e-08,-9.6,-8.8,12.4,13.6
5.260e-01,-4,-14,-4,-10,-9.2,-9.6,11.6,10
5.262e-01,-8,-2,-6,-2,-8.4,-7.6,11.2,12.4
5.264e-01,-10,-20,-6,-12,-8,-8.8,10.4,8.4
5.266e-01,-14,-6,-8,-6,-7.6,-6.8,9.6,10.8
5.268e-01,-18,-26,-10,-16,-7.2,-7.6,8.8,6.8
5.270e-01,-20,-14,-12,-8,-6.4,-5.6,8,9.2
5.272e-01,-24,-32,-14,-18,-6,-6.4,7.2,4.8
5.274e-01,-28,-20,-16,-12,-5.6,-4.4,6.4,7.6
5.276e-01,-30,-38,-16,-22,-4.8,-5.2,5.2,3.2
5.278e-01,-34,-26,-18,-16,-4,-3.2,4.4,5.6
5.280e-01,-36,-44,-20,-24,-3.6,-4,3.6,1.2
5.281e-01,-38,-30,-20,-18,-2.8,-2,2.4,4
5.283e-01,-40,-48,-22,-26,-2,-2.8,1.6,-0.8
5.285e-01,-42,-36,-24,-20,-1.6,-0.4,0.8,2
5.287e-01,-44,-52,-24,-28,-0.8,-1.6,-0.4,-2.4
5.289e-01,-46,-40,-24,-22,-0.4,0.8,-1.2,1.78814e-08
5.291e-01,-48,-54,-26,-30,0.4,1.78814e-08,-2.4,-4.4
5.293e-01,-50,-44,-28,-24,1.2,2.4,-2.8,-1.6
5.295e-01,-52,-58,-28,-32,2,1.6,-3.6,-6
5.297e-01,-52,-48,-28,-26,2.8,3.6,-4.8,-3.6
5.299e-01,-54,-60,-30,-34,3.2,2.8,-5.6,-7.6
5.301e-01,-56,-50,-30,-28,4,5.2,-6,-5.2
5.303e-01,-56,-62,-32,-34,4.8,4,-7.2,-9.2
5.304e-01,-58,-52,-32,-28,5.6,6.4,-8,-6.8
5.306e-01,-56,-62,-32,-34,6.4,5.2,-8.8,-10.8
5.308e-01,-58,-52,-32,-28,6.4,7.6,-9.6,-8.4
5.310e-01,-58,-60,-32,-34,7.2,6.4,-10.4,-12
5.312e-01,-54,-52,-30,-28,7.6,8.8,-11.2,-10
5.314e-01,-56,-60,-30,-32,8.4,7.6,-11.6,-13.2
5.316e-01,-54,-50,-30,-28,8.8,9.6,-12,-11.2
5.318e-01,-54,-58,-30,-32,9.6,8.4,-12.4,-14
5.320e-01,-52,-48,-28,-26,10,10.8,-13.2,-12.4
5.322e-01,-52,-56,-28,-30,10.4,9.2,-13.6,-14.8
5.324e-01,-50,-46,-28,-24,10.4,11.2,-14,-13.2
5.326e-01,-50,-52,-26,-28,10.8,10,-14.4,-15.6
5.328e-01,-48,-42,-24,-22,11.2,12,-14.8,-14
5.329e-01,-48,-50,-26,-28,11.6,10.4,-15.2,-16
5.331e-01,-44,-38,-24,-20,12,12.4,-15.2,-14.8
5.333e-01,-42,-46,-22,-26,12,10.8,-15.6,-16.4
5.335e-01,-40,-34,-20,-18,12,12.4,-16,-15.2
5.337e-01,-38,-40,-20,-22,12,11.2,-16,-16.4
5.339e-01,-36,-26,-20,-14,12.4,12.8,-16,-15.2
5.341e-01,-32,-36,-16,-20,12.4,11.2,-15.6,-16.4
5.343e-01,-28,-20,-16,-12,12,12.4,-15.6,-15.2
5.345e-01,-24,-28,-14,-16,12,10.8,-15.6,-16
5.347e-01,-20,-14,-12,-8,12,12.4,-15.2,-14.4
5.349e-01,-16,-20,-10,-12,11.6,10.4,-14.8,-15.6
5.351e-01,-14,-6,-8,-4,11.2,12,-14.8,-13.6
5.352e-01,-10,-14,-6,-8,11.2,9.6,-14.4,-14.4
5.354e-01,-6,4.47035e-08,-4,4.47035e-08,10.8,11.6,-13.6,-12.8
5.356e-01,-2,-8,-2,-4,10.4,8.8,-13.2,-13.6
5.358e-01,-2,6,-2,2,10,10.8,-12.4,-11.2
5.360e-01,2,4.47035e-08,4.47035e-08,-2,9.6,7.6,-11.6,-12.4
5.362e-01,4,12,2,6,9.2,10,-11.2,-10
5.364e-01,8,4,2,2,8.4,6.8,-10.8,-10.8
5.366e-01,12,18,4,8,8,9.2,-9.6,-8.4
5.368e-01,14,12,6,4,7.2,5.6,-8.8,-9.2
5.370e-01,18,24,8,12,6.8,8,-8,-6.8
5.372e-01,20,18,10,8,6.4,4.4,-7.2,-7.6
5.374e-01,24,30,12,14,5.6,6.8,-6,-5.2
5.376e-01,28,24,14,10,5.2,3.6,-5.6,-6
5.377e-01,30,36,14,18,4.4,5.6,-4.4,-3.2
5.379e-01,32,30,16,14,4,2,-3.6,-4
5.381e-01,36,42,16,20,3.2,4.4,-2.4,-1.6
5.383e-01,38,34,18,16,2.4,0.8,-2,-2.4
5.385e-01,40,46,20,22,2,2.8,-0.8,0.4
5.387e-01,42,38,20,18,1.2,-0.8,1.78814e-08,-0.4
5.389e-01,44,50,20,24,0.4,1.6,0.8,2.4
5.391e-01,46,42,24,20,-0.4,-2,1.6,1.6
5.393e-01,48,54,24,26,-1.2,1.78814e-08,2.8,4
5.395e-01,50,46,24,22,-1.6,-3.6,3.6,3.2
5.397e-01,50,56,26,28,-2,-1.2,4.8,6
5.399e-01,54,48,26,22,-2.8,-4.8,5.6,4.8
5.400e-01,54,58,26,30,-3.6,-2.8,6.4,7.6
5.402e-01,54,52,28,24,-4.4,-6,7.2,6.8
5.404e-01,56,60,28,30,-5.2,-4,8,9.2
5.406e-01,56,52,28,24,-5.6,-7.2,8.8,8.4
5.408e-01,56,60,28,30,-6.4,-5.2,9.6,10.8
5.410e-01,56,50,26,24,-6.4,-8.4,10,9.6
5.412e-01,54,60,28,30,-7.2,-6.4,11.2,12
5.414e-01,54,48,26,22,-8,-9.6,11.6,11.2
5.416e-01,54,58,26,28,-8.4,-7.6,12,13.2
5.418e-01,52,46,26,22,-8.8,-10.4,12.8,12.4
5.420e-01,50,56,24,28,-9.2,-8.4,13.2,14
5.422e-01,50,44,24,20,-9.6,-11.2,14,13.2
5.424e-01,48,54,22,26,-10,-9.2,14,14.8
5.425e-01,48,42,22,18,-10.4,-11.6,14.4,14
5.427e-01,46,52,22,24,-10.8,-10,14.8,15.6
5.429e-01,42,36,20,16,-10.8,-12,15.2,14.8
5.431e-01,42,48,20,24,-11.2,-10.4,15.6,16
5.433e-01,40,32,18,14,-11.6,-12,15.6,15.2
5.435e-01,38,44,18,20,-11.2,-10.8,15.6,16.4
5.437e-01,36,26,16,12,-11.6,-12.4,16,15.6
5.439e-01,34,40,14,18,-11.6,-11.2,16,16.4
5.441e-01,30,20,14,8,-11.6,-12.4,16,15.2
5.443e-01,26,34,12,16,-12,-11.2,15.6,16.4
5.445e-01,24,12,10,4,-11.6,-12,16,14.4
5.447e-01,18,26,8,12,-11.2,-10.8,15.6,16
5.448e-01,16,4,6,4.47035e-08,-11.2,-11.6,14.8,13.6
5.450e-01,12,18,4,8,-10.8,-10,14.4,15.6
5.452e-01,10,-2,2,-2,-10.8,-11.2,14,12.8
5.454e-01,4,12,4.47035e-08,4,-10,-9.6,13.6,14.4
5.456e-01,2,-8,-2,-6,-10,-10.8,13.2,11.6
5.458e-01,-2,6,-2,2,-9.6,-8.8,12.4,13.6
5.460e-01,-4,-14,-4,-10,-9.2,-9.6,12,10
5.462e-01,-8,4.47035e-08,-6,-2,-8.8,-8,11.2,12.4
5.464e-01,-10,-20,-8,-12,-8.4,-8.8,10.4,8.8
5.466e-01,-14,-6,-8,-4,-7.6,-6.8,10,11.2
5.468e-01,-16,-26,-10,-16,-7.2,-8,8.8,6.8
5.470e-01,-20,-14,-12,-8,-6.4,-6,8,9.6
5.472e-01,-24,-32,-12,-18,-6.4,-6.8,7.2,5.2
5.473e-01,-26,-20,-14,-12,-5.6,-4.4,6.4,7.6
5.475e-01,-28,-38,-16,-22,-4.8,-5.6,5.6,3.2
5.477e-01,-34,-26,-18,-14,-4.4,-3.2,4.8,6
5.479e-01,-34,-42,-20,-24,-3.6,-4,3.6,1.2
5.481e-01,-38,-30,-20,-18,-3.2,-2,2.8,4
5.483e-01,-40,-48,-22,-26,-2.4,-2.8,1.6,-0.4
5.485e-01,-44,-36,-24,-20,-1.6,-0.8,0.8,2
5.487e-01,-46,-50,-26,-28,-0.8,-1.6,-0.4,-2.4
5.489e-01,-46,-40,-26,-22,1.78814e-08,0.8,-0.8,0.4
5.491e-01,-48,-54,-26,-30,0.4,1.78814e-08,-2,-4
5.493e-01,-50,-42,-26,-24,1.2,2,-2.8,-1.6
5.495e-01,-52,-58,-28,-32,1.6,1.2,-3.6,-5.6
5.496e-01,-52,-48,-28,-26,2.8,3.6,-4.8,-3.2
5.498e-01,-54,-60,-28,-32,3.2,2.8,-5.6,-7.6
5.500e-01,-56,-50,-30,-26,4,4.8,-6.4,-5.2
5.502e-01,-58,-62,-32,-34,4.4,4,-6.8,-9.2
5.504e-01,-58,-52,-30,-28,5.2,6.4,-8,-6.8
5.506e-01,-58,-62,-32,-34,6,5.2,-8.8,-10.4
5.508e-01,-58,-54,-30,-28,6.4,7.6,-9.6,-8
5.510e-01,-56,-60,-30,-34,7.2,6.4,-10,-12
5.512e-01,-56,-52,-30,-28,8,8.8,-10.8,-9.6
5.514e-01,-58,-60,-30,-32,8.4,7.6,-11.6,-13.2
5.516e-01,-56,-50,-30,-28,8.4,9.6,-12,-11.2
5.518e-01,-52,-58,-30,-32,9.2,8.4,-12.4,-14
5.520e-01,-52,-48,-30,-26,9.6,10.4,-13.2,-12.4
5.521e-01,-52,-56,-28,-30,10,9.2,-13.6,-14.8
5.523e-01,-50,-46,-28,-24,10.4,11.2,-14,-13.2
5.525e-01,-48,-52,-26,-28,10.8,10,-14.4,-15.6
5.527e-01,-50,-42,-26,-22,11.2,11.6,-14.4,-14
5.529e-01,-46,-50,-26,-28,11.2,10.4,-15.2,-16
5.531e-01,-46,-38,-24,-20,11.6,12.4,-15.6,-14.8
5.533e-01,-44,-46,-22,-24,11.6,10.8,-15.6,-16.4
5.535e-01,-42,-34,-22,-18,12,12.4,-15.6,-15.2
5.537e-01,-38,-42,-20,-24,12,11.2,-16,-16.4
5.539e-01,-34,-30,-20,-16,12,12.4,-16,-15.2
5.541e-01,-34,-36,-18,-20,12,11.2,-15.6,-16.4
5.543e-01,-28,-22,-16,-12,12,12.4,-15.6,-15.2
5.544e-01,-24,-28,-14,-16,12,10.8,-15.6,-16
5.546e-01,-22,-16,-12,-8,12,12.4,-15.2,-14.8
5.548e-01,-18,-20,-10,-12,11.6,10.4,-15.2,-15.6
5.550e-01,-16,-8,-8,-4,11.6,12,-14.4,-13.6
5.552e-01,-12,-14,-6,-8,11.2,9.6,-14.4,-14.8
5.554e-01,-6,4.47035e-08,-4,4.47035e-08,10.8,11.6,-13.6,-12.8
5.556e-01,-6,-8,-2,-6,10.4,8.8,-13.2,-13.6
5.558e-01,-2,6,-2,2,10,10.8,-12.4,-11.6
5.560e-01,2,-2,4.47035e-08,-2,9.6,8,-12,-12.4
5.562e-01,4,12,4.47035e-08,6,9.2,10,-11.2,-10.4
5.564e-01,8,4,2,4.47035e-08,8.4,6.8,-10.8,-11.2
5.566e-01,12,18,4,8,8,9.2,-10,-8.8
5.568e-01,12,12,8,4,7.6,6,-8.8,-9.6
5.569e-01,18,24,8,12,7.2,8,-8,-7.2
5.571e-01,22,16,10,6,6.4,4.8,-7.2,-7.6
5.573e-01,24,30,12,14,5.6,6.8,-6.4,-5.2
5.575e-01,28,24,12,10,5.2,3.6,-5.6,-6
5.577e-01,30,36,14,18,4.8,5.6,-4.8,-3.6
5.579e-01,32,28,16,12,4,2,-4,-4.4
5.581e-01,34,40,16,20,3.2,4.4,-2.8,-1.6
5.583e-01,36,34,18,16,2.8,0.8,-2,-2.4
5.585e-01,40,46,18,22,2,2.8,-1.2,0.4
5.587e-01,42,38,20,18,1.2,-0.4,1.78814e-08,-0.4
5.589e-01,44,48,22,24,0.4,1.6,0.8,2
5.591e-01,46,42,22,20,1.78814e-08,-2,1.6,1.2
5.592e-01,48,52,24,26,-0.8,0.4,2.8,4
5.594e-01,50,46,24,22,-1.6,-3.2,3.2,3.2
5.596e-01,50,54,26,28,-2.4,-1.2,4.4,5.6
5.598e-01,52,48,26,22,-2.8,-4.8,5.6,4.8
5.600e-01,54,58,28,28,-3.6,-2.4,6.4,7.2
5.602e-01,56,52,26,24,-4.4,-6,6.8,6.4
5.604e-01,56,60,28,30,-4.8,-4,8,9.2
5.606e-01,56,52,28,24,-5.6,-7.2,8.8,8
5.608e-01,54,60,28,30,-6,-5.2,9.2,10.4
5.610e-01,56,52,26,24,-6.8,-8.4,10,9.6
5.612e-01,56,60,28,30,-7.2,-6.4,10.8,12
5.614e-01,52,50,28,22,-7.6,-9.2,11.6,11.2
5.616e-01,54,58,26,28,-8.4,-7.6,12,13.2
5.617e-01,52,46,26,22,-8.8,-10.4,12.8,12.4
5.619e-01,52,56,26,28,-9.2,-8.4,13.2,14
5.621e-01,50,44,24,20,-9.6,-10.8,13.6,13.2
5.623e-01,48,54,24,26,-10,-9.2,14,14.8
5.625e-01,48,42,24,18,-10.4,-11.6,14.4,14
5.627e-01,46,52,22,26,-10.8,-10,14.8,15.6
5.629e-01,42,38,20,16,-11.2,-12,15.2,14.4
5.631e-01,44,48,20,24,-11.2,-10.4,15.2,16
5.633e-01,40,32,18,14,-11.2,-12.4,15.6,15.2
5.635e-01,38,44,18,22,-11.6,-10.8,15.6,16.4
5.637e-01,36,28,18,12,-11.6,-12.4,15.6,15.6
5.639e-01,34,40,16,20,-11.6,-11.2,16,16.4
5.640e-01,32,20,14,8,-11.6,-12.4,16,15.2
5.642e-01,26,34,14,16,-11.6,-11.2,15.6,16.4
5.644e-01,24,14,10,4,-11.6,-12,15.6,14.8
5.646e-01,20,28,8,12,-11.2,-10.8,15.6,16
5.648e-01,18,6,6,4.47035e-08,-11.2,-12,15.2,14
5.650e-01,12,20,4,10,-11.2,-10.4,14.8,15.6
5.652e-01,10,4.47035e-08,2,-2,-10.4,-11.6,14.4,12.8
5.654e-01,6,14,4.47035e-08,6,-10,-9.6,13.6,14.8
5.656e-01,2,-8,4.47035e-08,-6,-10,-10.8,13.2,11.6
5.658e-01,-2,6,-2,2,-9.6,-8.8,12.4,13.6
5.660e-01,-4,-12,-4,-10,-9.2,-9.6,12,10.4
5.662e-01,-8,4.47035e-08,-6,-2,-8.8,-8,11.2,12.4
5.664e-01,-10,-20,-6,-12,-8.4,-8.8,10.8,8.8
5.665e-01,-14,-6,-8,-4,-8,-6.8,10,11.2
5.667e-01,-16,-26,-10,-16,-7.2,-8,9.2,7.2
5.669e-01,-20,-12,-12,-8,-6.4,-6,8.4,9.6
5.671e-01,-22,-32,-12,-18,-6,-6.8,7.6,5.2
5.673e-01,-24,-18,-14,-12,-5.6,-4.8,6.8,8
5.675e-01,-30,-38,-16,-22,-4.8,-5.6,5.6,3.2
5.677e-01,-30,-24,-18,-14,-4.4,-3.6,4.8,6
5.679e-01,-36,-42,-20,-24,-3.6,-4.4,4,1.6
5.681e-01,-38,-30,-20,-16,-3.2,-2,2.8,4.4
5.683e-01,-38,-46,-22,-26,-2.4,-2.8,1.6,-0.4
5.685e-01,-42,-34,-22,-20,-1.6,-0.8,1.2,2.4
5.687e-01,-44,-50,-24,-28,-1.2,-1.6,1.78814e-08,-2
5.688e-01,-46,-40,-26,-22,-0.4,0.4,-0.8,0.4
5.690e-01,-46,-54,-26,-30,1.78814e-08,1.78814e-08,-1.6,-4
5.692e-01,-48,-44,-26,-24,0.8,2,-2.8,-1.6
5.694e-01,-52,-56,-28,-32,1.6,1.2,-3.6,-5.6
5.696e-01,-52,-46,-28,-26,2.4,3.6,-4.4,-3.2
5.698e-01,-54,-60,-28,-32,2.8,2.4,-5.6,-7.2
5.700e-01,-54,-50,-30,-26,3.6,4.8,-6,-4.8
5.702e-01,-56,-62,-32,-34,4.4,4,-7.2,-8.8
5.704e-01,-58,-52,-32,-28,5.2,6,-8,-6.4
5.706e-01,-60,-62,-32,-34,5.6,5.2,-8.8,-10.4
5.708e-01,-58,-54,-30,-28,6.4,7.2,-9.2,-8
5.710e-01,-56,-60,-30,-34,7.2,6.4,-10,-12
5.712e-01,-56,-52,-32,-28,7.2,8.4,-10.8,-9.6
5.713e-01,-56,-60,-30,-32,8,7.2,-11.6,-13.2
5.715e-01,-56,-50,-30,-28,8.8,9.6,-12,-11.2
5.717e-01,-54,-58,-30,-32,8.8,8.4,-12.8,-14
5.719e-01,-52,-48,-28,-26,9.6,10.4,-13.2,-12.4
5.721e-01,-52,-56,-28,-30,10,9.2,-13.6,-14.8
5.723e-01,-52,-46,-26,-24,10.4,11.2,-14,-13.2
5.725e-01,-52,-54,-26,-30,10.8,10,-14.4,-15.6
5.727e-01,-48,-44,-26,-24,11.2,11.6,-14.8,-14
5.729e-01,-48,-50,-26,-28,11.2,10.4,-14.8,-16
5.731e-01,-46,-40,-24,-22,11.6,12.4,-15.2,-14.8
5.733e-01,-44,-46,-22,-26,12,10.8,-15.6,-16.4
5.735e-01,-42,-34,-22,-18,12,12.4,-15.6,-15.2
5.736e-01,-38,-42,-20,-22,12,11.2,-15.6,-16.4
5.738e-01,-36,-30,-20,-16,12,12.4,-16,-15.2
5.740e-01,-32,-36,-20,-20,12,11.2,-15.6,-16.4
5.742e-01,-30,-22,-16,-12,12,12.4,-16,-15.2
5.744e-01,-26,-28,-14,-16,12,10.8,-15.6,-16
5.746e-01,-22,-16,-12,-8,12,12.4,-15.2,-14.8
5.748e-01,-18,-22,-12,-12,11.6,10.4,-14.8,-15.6
5.750e-01,-16,-8,-8,-4,11.6,12,-14.4,-14
5.752e-01,-12,-14,-8,-10,11.2,9.6,-14.4,-14.8
5.754e-01,-8,-2,-4,-2,10.8,11.6,-14,-12.8
5.756e-01,-4,-8,-4,-6,10.4,9.2,-13.6,-13.6
5.758e-01,-2,4,-2,2,10.4,10.8,-12.4,-11.6
5.760e-01,4.47035e-08,-2,4.47035e-08,-2,10,8,-12,-12.4
5.761e-01,6,10,2,4,9.6,10.4,-11.2,-10.4
5.763e-01,6,4,4,4.47035e-08,8.8,6.8,-10.8,-11.2
5.765e-01,12,18,4,8,8.4,9.2,-10,-8.8
5.767e-01,14,10,6,4,7.6,6,-9.2,-9.6
5.769e-01,16,24,8,12,7.2,8,-8.8,-7.2
5.771e-01,18,16,8,8,6.4,4.8,-7.6,-8
5.773e-01,22,30,10,14,6,7.2,-6.8,-5.6
5.775e-01,26,22,12,10,5.6,3.6,-6,-6.4
5.777e-01,30,36,14,18,4.8,6,-4.8,-3.6
5.779e-01,32,28,16,12,4,2.4,-4,-4.4
5.781e-01,34,40,16,20,3.6,4.8,-3.2,-2
5.783e-01,38,34,18,16,2.8,0.8,-2.4,-2.4
5.785e-01,38,44,20,22,2,3.2,-1.2,1.78814e-08
5.786e-01,42,38,20,18,1.6,-0.4,-0.4,-0.8
5.788e-01,42,48,20,24,0.8,2,0.8,2
5.790e-01,42,42,22,20,1.78814e-08,-1.6,1.6,1.2
5.792e-01,48,52,24,26,-0.4,0.4,2.4,3.6
5.794e-01,48,44,24,22,-1.2,-3.2,3.2,2.8
5.796e-01,50,54,24,28,-2,-1.2,4.4,5.6
5.798e-01,52,48,26,22,-2.8,-4.4,5.2,4.8
5.800e-01,54,58,26,28,-3.2,-2.4,6,7.2
5.802e-01,54,50,28,24,-4,-5.6,7.2,6.4
5.804e-01,54,60,28,30,-4.8,-3.6,7.6,8.8
5.806e-01,56,52,28,24,-5.6,-7.2,8.4,8
5.808e-01,56,60,28,30,-6,-4.8,9.2,10.4
5.809e-01,56,50,26,24,-6.4,-8,10,9.6
5.811e-01,56,60,28,30,-7.2,-6,10.8,12
5.813e-01,52,50,28,24,-7.6,-9.2,11.2,10.8
5.815e-01,54,58,26,28,-8,-7.2,12,12.8
5.817e-01,54,48,26,22,-8.8,-10,12.4,12
5.819e-01,52,56,26,28,-9.2,-8,12.8,14
5.821e-01,54,46,24,20,-9.6,-10.8,13.6,13.2
5.823e-01,50,54,24,26,-9.6,-9.2,14,14.8
5.825e-01,50,42,24,20,-10.4,-11.6,14.4,14
5.827e-01,48,52,22,26,-10.4,-10,14.4,15.6
5.829e-01,46,38,20,18,-10.8,-12,14.8,14.4
5.831e-01,42,48,20,24,-10.8,-10.4,15.2,16
5.833e-01,40,34,20,14,-11.2,-12.4,15.6,14.8
5.834e-01,40,46,18,22,-11.6,-10.8,16,16.4
5.836e-01,36,28,16,12,-11.6,-12.4,15.6,15.2
5.838e-01,34,40,16,18,-12,-11.2,16,16.4
5.840e-01,32,20,14,8,-11.6,-12.4,16,15.2
5.842e-01,28,34,12,16,-11.6,-11.2,15.6,16.4
5.844e-01,24,14,12,4,-11.6,-12.4,15.6,14.8
5.846e-01,20,28,8,12,-11.6,-10.8,15.2,16
5.848e-01,16,6,6,2,-11.2,-12,15.2,14
5.850e-01,14,20,6,8,-11.2,-10.4,14.8,15.6
5.852e-01,10,4.47035e-08,4,-2,-10.8,-11.2,14.4,12.8
5.854e-01,6,14,2,6,-10.4,-9.6,14,14.8
5.856e-01,2,-6,-2,-6,-10,-10.8,13.2,11.6
5.857e-01,4.47035e-08,6,-2,2,-9.6,-8.8,12.8,13.6
5.859e-01,-4,-14,-4,-8,-9.2,-10,12,10.4
5.861e-01,-6,4.47035e-08,-6,-2,-8.8,-8,11.2,12.4
5.863e-01,-8,-18,-6,-12,-8.4,-9.2,10.8,8.8
5.865e-01,-12,-6,-8,-4,-8,-6.8,10,11.2
5.867e-01,-16,-24,-10,-14,-7.6,-8,9.6,7.2
5.869e-01,-18,-12,-12,-8,-6.8,-6,8.8,9.6
5.871e-01,-22,-30,-14,-18,-6.4,-6.8,7.6,5.6
5.873e-01,-26,-18,-16,-10,-5.6,-4.8,6.4,8
5.875e-01,-28,-36,-16,-20,-5.2,-5.6,5.6,3.6
5.877e-01,-30,-24,-18,-14,-4.8,-3.6,4.8,6.4
5.879e-01,-34,-42,-20,-24,-4,-4.4,4,1.6
5.881e-01,-38,-30,-20,-16,-3.2,-2.4,2.8,4.4
5.882e-01,-38,-46,-22,-26,-2.4,-3.2,2,1.78814e-08
5.884e-01,-40,-34,-22,-20,-2,-0.8,1.2,2.4
5.886e-01,-42,-50,-24,-28,-1.2,-1.6,0.4,-2
5.888e-01,-46,-38,-24,-22,-0.4,0.4,-0.8,0.8
5.890e-01,-46,-54,-26,-30,1.78814e-08,-0.4,-1.6,-4
5.892e-01,-48,-42,-26,-24,0.8,2,-2.4,-1.2
5.894e-01,-50,-56,-26,-32,1.2,1.2,-3.6,-5.6
5.896e-01,-52,-46,-28,-26,2.4,3.2,-4.4,-2.8
5.898e-01,-54,-60,-28,-32,3.2,2.4,-5.2,-7.2
5.900e-01,-56,-48,-30,-26,3.6,4.4,-6,-4.8
5.902e-01,-56,-60,-30,-34,4.4,3.6,-7.2,-8.8
5.904e-01,-56,-52,-30,-28,5.2,6,-7.6,-6.4
5.905e-01,-58,-62,-32,-34,5.6,4.8,-8.4,-10.4
5.907e-01,-58,-54,-30,-28,6.4,7.2,-9.2,-8
5.909e-01,-58,-62,-30,-34,6.8,6,-10,-11.6
5.911e-01,-56,-52,-30,-28,7.6,8.4,-10.8,-9.6
5.913e-01,-56,-60,-30,-32,8,7.2,-11.6,-12.8
5.915e-01,-56,-50,-30,-28,8.4,9.2,-12,-11.2
5.917e-01,-54,-58,-30,-32,8.8,8.4,-12.8,-14
5.919e-01,-54,-48,-30,-26,9.6,10.4,-13.2,-12
5.921e-01,-52,-56,-28,-30,10,9.2,-13.6,-14.8
5.923e-01,-50,-46,-28,-24,10.4,11.2,-14,-13.2
5.925e-01,-50,-54,-26,-30,10.8,10,-14.4,-15.2
5.927e-01,-50,-44,-26,-24,11.2,11.6,-14.8,-14
5.929e-01,-46,-52,-26,-28,11.2,10.4,-15.2,-16
5.930e-01,-48,-40,-26,-20,11.6,12,-15.2,-14.4
5.932e-01,-44,-48,-24,-26,12,10.8,-15.6,-16.4
5.934e-01,-42,-34,-22,-18,12,12.4,-15.6,-15.2
5.936e-01,-40,-42,-22,-24,12,11.2,-15.6,-16.4
5.938e-01,-36,-30,-20,-16,12.4,12.4,-16,-15.2
5.940e-01,-34,-38,-18,-20,12.4,11.2,-15.6,-16.4
5.942e-01,-30,-22,-16,-12,12,12.8,-15.6,-15.2
5.944e-01,-26,-30,-16,-16,12,10.8,-15.6,-16
5.946e-01,-22,-16,-12,-8,12,12.4,-15.2,-14.8
5.948e-01,-18,-22,-12,-12,11.6,10.4,-15.2,-15.6
5.950e-01,-16,-8,-10,-6,11.6,12,-14.8,-14
5.952e-01,-12,-16,-6,-10,11.2,10,-14.4,-14.8
5.953e-01,-8,-2,-6,-2,11.2,11.6,-14,-13.2
5.955e-01,-6,-8,-4,-6,10.8,9.2,-13.2,-14
5.957e-01,4.47035e-08,4,-2,2,10,11.2,-12.8,-12
5.959e-01,4.47035e-08,-2,4.47035e-08,-2,9.6,8,-12.4,-12.8
5.961e-01,4,10,4.47035e-08,4,9.2,10.4,-11.2,-10.4
5.963e-01,6,2,2,4.47035e-08,8.8,7.2,-10.8,-11.2
5.965e-01,10,16,4,8,8.8,9.2,-10,-8.8
5.967e-01,10,10,6,4,8,6,-9.6,-9.6
5.969e-01,16,24,6,10,7.2,8.4,-8.4,-7.2
5.971e-01,20,16,8,6,6.8,4.8,-7.6,-8
5.973e-01,24,30,10,14,6.4,7.2,-6.8,-5.6
5.975e-01,26,22,12,10,5.6,3.6,-6,-6.4
5.977e-01,28,34,14,16,4.8,6,-5.2,-4
5.978e-01,30,28,14,12,4,2.4,-4,-4.8
5.980e-01,34,40,16,20,3.6,4.8,-3.2,-2
5.982e-01,36,32,18,16,2.8,1.2,-2.4,-2.8
5.984e-01,38,44,18,22,2.4,3.2,-1.2,1.78814e-08
5.986e-01,40,38,20,18,1.6,-0.4,-0.4,-0.8
5.988e-01,44,48,22,24,0.8,2,0.4,1.6
5.990e-01,44,40,20,20,0.4,-1.6,1.2,0.8
5.992e-01,46,52,22,26,-0.4,0.4,2.4,3.6
5.994e-01,48,44,24,20,-1.2,-2.8,3.2,2.8
5.996e-01,50,54,24,28,-1.6,-0.8,4,5.6
5.998e-01,52,48,26,22,-2.8,-4.4,5.2,4.4
6.000e-01,52,58,26,28,-3.2,-2,6,7.2
6.001e-01,56,50,26,24,-4,-5.6,6.8,6.4
6.003e-01,56,60,26,30,-4.8,-3.6,7.6,8.8
6.005e-01,56,52,28,24,-5.2,-6.8,8.4,8
6.007e-01,56,60,28,30,-6,-4.8,9.2,10.4
6.009e-01,56,50,28,24,-6.4,-8,10,9.6
6.011e-01,56,60,26,30,-6.8,-6,10.8,11.6
6.013e-01,56,50,26,24,-7.6,-9.2,11.2,10.8
6.015e-01,54,58,26,28,-8,-6.8,12,12.8
6.017e-01,54,48,26,22,-8.4,-10,12.4,12
6.019e-01,54,56,26,28,-9.2,-8,13.2,14
6.021e-01,50,44,26,20,-9.2,-10.8,13.6,13.2
6.023e-01,50,54,24,28,-9.6,-8.8,13.6,14.8
6.025e-01,50,42,24,20,-10.4,-11.6,14.4,14
6.026e-01,48,52,22,26,-10.4,-9.6,14.8,15.6
6.028e-01,46,38,22,18,-10.8,-12,14.8,14.4
6.030e-01,44,50,20,24,-10.8,-10.4,15.2,16
6.032e-01,42,34,20,16,-11.2,-12,15.6,14.8
6.034e-01,40,46,18,22,-11.6,-10.8,15.6,16
6.036e-01,38,28,16,12,-11.6,-12.4,15.6,15.2
6.038e-01,34,40,16,20,-11.6,-11.2,16,16.4
6.040e-01,34,22,16,8,-11.6,-12.4,16,15.2
6.042e-01,28,36,14,16,-11.6,-11.2,16,16.4
6.044e-01,24,14,12,4,-11.6,-12.4,15.6,14.8
6.046e-01,20,30,8,14,-11.2,-10.8,15.2,16
6.048e-01,18,6,6,2,-11.2,-12,15.2,14
6.049e-01,14,20,6,8,-11.2,-10.4,14.4,15.6
6.051e-01,10,4.47035e-08,2,-2,-10.8,-11.6,14.4,12.8
6.053e-01,8,14,2,6,-10.4,-9.6,14,14.8
6.055e-01,4,-6,4.47035e-08,-6,-10,-10.8,13.2,11.6
6.057e-01,4.47035e-08,8,-2,2,-9.6,-9.2,12.8,13.6
6.059e-01,-2,-12,-4,-8,-9.2,-10,12,10.4
6.061e-01,-6,4.47035e-08,-4,-2,-9.2,-8,11.6,12.4
6.063e-01,-10,-18,-6,-12,-8.4,-9.2,10.8,9.2
6.065e-01,-12,-4,-8,-4,-8,-7.2,10.4,11.2
6.067e-01,-14,-24,-10,-14,-7.6,-8,9.6,7.6
6.069e-01,-18,-12,-12,-8,-6.8,-6,8.8,10
6.071e-01,-22,-30,-12,-18,-6.4,-6.8,8,5.6
6.073e-01,-24,-18,-14,-10,-5.6,-4.8,6.8,8.4
6.074e-01,-28,-36,-16,-20,-5.2,-5.6,6,4
6.076e-01,-30,-24,-18,-14,-4.8,-3.6,5.2,6.4
6.078e-01,-32,-42,-18,-24,-4,-4.8,4.4,2
6.080e-01,-36,-30,-20,-16,-3.2,-2.4,3.2,4.4
6.082e-01,-38,-46,-20,-26,-2.8,-3.2,2,1.78814e-08
6.084e-01,-40,-34,-22,-20,-2,-1.2,1.2,2.8
6.086e-01,-42,-50,-24,-28,-1.2,-2,0.4,-2
6.088e-01,-46,-38,-24,-22,-0.8,0.4,-0.8,0.8
6.090e-01,-46,-52,-26,-30,1.78814e-08,-0.4,-1.6,-3.6
6.092e-01,-48,-42,-28,-24,0.4,1.6,-2.4,-1.2
6.094e-01,-50,-56,-26,-32,1.2,0.8,-3.2,-5.6
6.096e-01,-50,-46,-28,-26,2,3.2,-4,-2.8
6.097e-01,-52,-60,-30,-32,2.8,2.4,-5.2,-7.2
6.099e-01,-54,-48,-30,-26,3.6,4.4,-5.6,-4.8
6.101e-01,-54,-60,-30,-34,4.4,3.6,-6.8,-8.8
6.103e-01,-56,-52,-32,-28,4.8,6,-7.6,-6.4
6.105e-01,-58,-62,-30,-34,5.6,4.8,-8.4,-10.4
6.107e-01,-58,-52,-30,-28,5.6,7.2,-9.2,-8
6.109e-01,-58,-60,-32,-34,6.8,6,-10,-11.6
6.111e-01,-58,-52,-30,-28,7.2,8,-10.8,-9.6
6.113e-01,-58,-60,-30,-32,8,7.2,-11.2,-12.8
6.115e-01,-56,-52,-30,-28,8.4,9.2,-12,-10.8
6.117e-01,-56,-58,-30,-32,8.8,8,-12.4,-14
6.119e-01,-54,-48,-30,-26,9.6,10,-13.2,-12
6.121e-01,-52,-56,-28,-32,10,8.8,-13.6,-14.8
6.122e-01,-52,-46,-28,-24,10,10.8,-14,-13.2
6.124e-01,-52,-54,-26,-30,10.4,9.6,-14.4,-15.2
6.126e-01,-50,-44,-26,-24,10.8,11.6,-14.8,-14
6.128e-01,-48,-50,-26,-28,11.2,10.4,-14.8,-16
6.130e-01,-46,-40,-26,-22,11.6,12,-15.2,-14.4
6.132e-01,-44,-48,-24,-26,11.6,10.8,-15.6,-16
6.134e-01,-42,-36,-24,-20,12,12.4,-15.6,-14.8
6.136e-01,-40,-44,-20,-24,12,11.2,-16,-16.4
6.138e-01,-38,-30,-20,-16,12,12.4,-16,-15.2
6.140e-01,-36,-38,-18,-20,12,11.2,-16,-16.4
6.142e-01,-30,-24,-18,-12,12,12.8,-15.6,-15.2
6.144e-01,-26,-30,-16,-18,12,10.8,-15.6,-16
6.145e-01,-22,-16,-14,-10,11.6,12.4,-15.2,-14.8
6.147e-01,-18,-24,-12,-14,12,10.4,-15.2,-15.6
6.149e-01,-18,-10,-8,-6,11.6,12.4,-14.8,-14
6.151e-01,-12,-16,-8,-10,11.6,10,-14.4,-14.8
6.153e-01,-10,-2,-6,-2,10.8,11.6,-14,-13.2
6.155e-01,-6,-10,-4,-6,10.8,9.2,-13.2,-14
6.157e-01,-4,4,-4,2,10.4,11.2,-13.2,-12
6.159e-01,4.47035e-08,-4,-2,-4,10,8.4,-12.4,-12.8
6.161e-01,4,10,4.47035e-08,4,9.6,10.4,-11.6,-10.8
6.163e-01,6,2,2,4.47035e-08,8.8,7.2,-11.2,-11.2
6.165e-01,8,16,4,8,8.4,9.2,-10,-9.2
6.167e-01,12,10,6,4,8,6,-9.6,-10
6.169e-01,14,22,6,10,7.6,8.4,-8.8,-7.6
6.170e-01,20,16,8,6,6.8,5.2,-8,-8.4
6.172e-01,20,28,10,14,6.4,7.2,-6.8,-5.6
6.174e-01,24,22,12,10,5.6,4,-6,-6.8
6.176e-01,28,34,14,16,5.2,6,-5.2,-4
6.178e-01,30,28,14,12,4.4,2.4,-4.4,-4.8
6.180e-01,32,40,16,20,3.6,4.8,-3.6,-2
6.182e-01,36,32,18,14,2.8,1.2,-2.8,-2.8
6.184e-01,40,44,20,22,2,3.6,-1.6,-0.4
6.186e-01,40,38,20,18,1.6,1.78814e-08,-0.8,-1.2
6.188e-01,46,48,20,24,0.8,2,0.4,1.6
6.190e-01,44,30,22,18,0.4,-0.8,1.2,0.8
6.192e-01,46,62,24,90,-0.4,0.8,2,3.2
6.193e-01,54,48,52,48,1.78814e-08,-0.4,3.2,2.4
6.195e-01,68,88,86,104,1.78814e-08,0.4,4,4.8
6.197e-01,82,78,72,66,1.78814e-08,-0.4,4.4,4
6.199e-01,80,92,72,78,1.78814e-08,0.4,4.4,5.2
6.201e-01,86,82,78,74,1.78814e-08,-0.4,4.8,3.6
6.203e-01,98,106,88,102,0.4,0.4,4.4,5.2
6.205e-01,104,100,100,94,1.78814e-08,-0.4,4.4,2.8
6.207e-01,108,112,98,102,1.78814e-08,0.4,4,4.8
6.209e-01,110,102,98,96,1.78814e-08,-0.4,3.6,2.4
6.211e-01,108,114,100,104,1.78814e-08,0.4,3.2,4
6.213e-01,108,104,100,96,0.4,-0.4,2.8,-0.4
6.215e-01,118,148,104,122,1.78814e-08,0.4,1.6,3.2
6.217e-01,150,94,120,90,1.78814e-08,-0.4,1.78814e-08,-0.8
6.218e-01,112,164,134,140,1.78814e-08,0.4,1.78814e-08,0.4
6.220e-01,96,76,90,66,1.78814e-08,-0.4,1.78814e-08,-0.8
6.222e-01,82,100,70,92,1.78814e-08,0.4,1.78814e-08,0.4
6.224e-01,88,84,74,70,1.78814e-08,-0.4,-0.4,-0.8
6.226e-01,88,94,90,96,1.78814e-08,0.4,1.78814e-08,0.4
6.228e-01,90,72,92,60,1.78814e-08,-0.4,-0.4,-0.8
6.230e-01,82,94,78,94,1.78814e-08,0.4,1.78814e-08,0.4
6.232e-01,74,66,62,56,1.78814e-08,-0.4,-0.4,-0.4
6.234e-01,74,78,62,70,1.78814e-08,0.4,1.78814e-08,0.4
6.236e-01,72,58,68,58,1.78814e-08,-0.4,1.78814e-08,-0.8
6.238e-01,68,76,70,72,1.78814e-08,0.4,1.78814e-08,0.4
6.240e-01,62,42,58,36,1.78814e-08,-0.4,1.78814e-08,-0.4
6.241e-01,52,66,44,62,1.78814e-08,0.4,1.78814e-08,0.4
6.243e-01,46,34,38,36,1.78814e-08,-0.4,1.78814e-08,-0.4
6.245e-01,40,50,40,42,1.78814e-08,0.4,-0.4,0.4
6.247e-01,36,16,38,14,1.78814e-08,-0.4,1.78814e-08,-0.8
6.249e-01,28,40,28,40,1.78814e-08,0.4,-0.4,0.4
6.251e-01,20,6,16,6,1.78814e-08,-0.4,-0.4,-0.4
6.253e-01,12,24,8,18,1.78814e-08,0.4,-0.4,0.4
6.255e-01,10,-4,8,-2,1.78814e-08,-0.4,1.78814e-08,-0.4
6.257e-01,8,14,6,10,1.78814e-08,0.4,1.78814e-08,0.4
6.259e-01,4.47035e-08,-16,4.47035e-08,-16,1.78814e-08,-0.4,1.78814e-08,-0.4
6.261e-01,-10,2,-10,2,1.78814e-08,0.4,1.78814e-08,0.4
6.263e-01,-16,-26,-14,-22,1.78814e-08,-0.4,1.78814e-08,-0.8
6.265e-01,-16,-10,-18,-12,1.78814e-08,0.4,-0.4,0.4
6.266e-01,-22,-38,-20,-36,1.78814e-08,-0.4,1.78814e-08,-0.8
6.268e-01,-28,-18,-26,-18,1.78814e-08,0.4,1.78814e-08,0.4
6.270e-01,-36,-50,-34,-48,1.78814e-08,-0.4,1.78814e-08,-0.4
6.272e-01,-42,-32,-42,-32,1.78814e-08,0.4,-0.4,0.4
6.274e-01,-48,-60,-46,-56,1.78814e-08,-0.4,1.78814e-08,-0.8
6.276e-01,-54,-44,-50,-44,1.78814e-08,0.4,1.78814e-08,0.4
6.278e-01,-58,-72,-56,-70,1.78814e-08,-0.4,-0.4,-0.4
6.280e-01,-64,-54,-62,-52,1.78814e-08,0.4,1.78814e-08,0.4
6.282e-01,-68,-82,-68,-78,1.78814e-08,-0.4,1.78814e-08,-0.4
6.284e-01,-76,-66,-72,-66,1.78814e-08,0.8,1.78814e-08,0.4
6.286e-01,-80,-88,-76,-84,1.78814e-08,-0.4,-0.4,-0.8
6.288e-01,-82,-74,-78,-72,1.78814e-08,0.4,1.78814e-08,0.4
6.289e-01,-86,-96,-84,-92,1.78814e-08,-0.4,1.78814e-08,-0.4
6.291e-01,-90,-82,-88,-82,1.78814e-08,0.4,1.78814e-08,0.4
6.293e-01,-92,-102,-90,-96,1.78814e-08,-0.4,1.78814e-08,-0.8
6.295e-01,-94,-88,-90,-88,1.78814e-08,0.4,1.78814e-08,0.4
6.297e-01,-98,-106,-94,-102,1.78814e-08,-0.4,1.78814e-08,-0.8
6.299e-01,-100,-94,-96,-90,1.78814e-08,0.4,1.78814e-08,0.4
6.301e-01,-104,-110,-100,-104,1.78814e-08,-0.4,-0.4,-0.8
6.303e-01,-106,-98,-102,-96,1.78814e-08,0.4,-0.4,0.4
6.305e-01,-106,-110,-104,-104,0.4,-0.4,1.78814e-08,-0.4
6.307e-01,-108,-102,-104,-100,1.78814e-08,0.4,-0.4,0.4
6.309e-01,-106,-110,-102,-106,1.78814e-08,-0.4,1.78814e-08,-0.4
6.311e-01,-106,-100,-104,-100,1.78814e-08,0.4,1.78814e-08,0.4
6.313e-01,-104,-108,-102,-104,1.78814e-08,-0.4,-0.4,-0.8
6.314e-01,-104,-98,-100,-96,1.78814e-08,0.4,1.78814e-08,0.4
6.316e-01,-100,-106,-98,-100,1.78814e-08,-0.4,1.78814e-08,-0.8
6.318e-01,-100,-92,-96,-92,1.78814e-08,0.4,1.78814e-08,0.4
6.320e-01,-98,-100,-96,-96,1.78814e-08,-0.4,1.78814e-08,-0.4
6.322e-01,-94,-88,-92,-88,1.78814e-08,0.4,1.78814e-08,0.4
6.324e-01,-92,-96,-90,-92,1.78814e-08,-0.4,-0.4,-0.4
6.326e-01,-90,-84,-86,-82,0.4,0.4,-0.4,0.4
6.328e-01,-86,-90,-84,-86,1.78814e-08,-0.4,1.78814e-08,-0.4
6.330e-01,-84,-76,-82,-78,1.78814e-08,0.4,1.78814e-08,0.4
6.332e-01,-80,-84,-78,-80,1.78814e-08,-0.4,1.78814e-08,-0.8
6.334e-01,-76,-70,-74,-70,1.78814e-08,0.4,-0.4,0.4
6.336e-01,-72,-76,-72,-74,1.78814e-08,-0.4,1.78814e-08,-0.4
6.337e-01,-68,-60,-66,-62,1.78814e-08,0.4,1.78814e-08,0.4
6.339e-01,-64,-68,-62,-66,1.78814e-08,-0.4,1.78814e-08,-0.8
6.341e-01,-58,-48,-58,-50,1.78814e-08,0.4,1.78814e-08,0.4
6.343e-01,-52,-54,-52,-54,1.78814e-08,-0.4,1.78814e-08,-0.4
6.345e-01,-44,-34,-46,-38,1.78814e-08,0.4,1.78814e-08,0.4
6.347e-01,-40,-42,-38,-40,1.78814e-08,-0.4,-0.4,-0.8
6.349e-01,-32,-22,-32,-24,1.78814e-08,0.4,-0.4,0.4
6.351e-01,-26,-28,-26,-28,1.78814e-08,-0.4,1.78814e-08,-0.4
6.353e-01,-20,-10,-20,-12,1.78814e-08,0.4,1.78814e-08,0.4
6.355e-01,-14,-16,-14,-16,1.78814e-08,-0.4,1.78814e-08,-0.8
6.357e-01,-6,2,-8,-2,1.78814e-08,0.4,1.78814e-08,0.4
6.359e-01,-2,-6,-2,-6,1.78814e-08,-0.4,1.78814e-08,-0.8
6.361e-01,2,14,2,8,1.78814e-08,0.4,1.78814e-08,0.4
6.362e-01,8,6,6,4,1.78814e-08,-0.4,-0.4,-0.4
6.364e-01,16,24,12,20,1.78814e-08,0.4,1.78814e-08,0.4
6.366e-01,20,18,18,16,1.78814e-08,-0.4,1.78814e-08,-0.4
6.368e-01,26,36,24,32,1.78814e-08,0.4,-0.4,0.4
6.370e-01,32,30,30,26,1.78814e-08,-0.4,-0.4,-0.8
6.372e-01,40,48,34,42,1.78814e-08,0.4,-0.4,0.4
6.374e-01,46,42,40,38,1.78814e-08,-0.4,-0.4,-0.4
6.376e-01,52,60,46,52,1.78814e-08,0.4,1.78814e-08,0.4
6.378e-01,56,52,52,48,1.78814e-08,-0.4,1.78814e-08,-0.8
6.380e-01,62,70,56,64,1.78814e-08,0.4,-0.4,0.4
6.382e-01,66,64,60,58,1.78814e-08,-0.4,1.78814e-08,-0.4
6.384e-01,72,80,66,72,1.78814e-08,0.4,-0.4,0.4
6.385e-01,78,74,72,68,1.78814e-08,-0.4,1.78814e-08,-0.4
6.387e-01,80,86,74,80,1.78814e-08,0.4,-0.4,0.4
6.389e-01,84,82,78,76,0.4,-0.4,1.78814e-08,-0.8
6.391e-01,86,94,80,86,1.78814e-08,0.4,1.78814e-08,0.4
6.393e-01,92,88,84,82,1.78814e-08,-0.4,1.78814e-08,-0.8
6.395e-01,94,98,86,92,1.78814e-08,0.4,1.78814e-08,0.4
6.397e-01,96,92,90,86,0.4,-0.4,1.78814e-08,-0.8
6.399e-01,100,104,92,96,1.78814e-08,0.4,1.78814e-08,0.4
6.401e-01,100,98,94,92,1.78814e-08,-0.4,1.78814e-08,-0.4
6.403e-01,102,108,98,100,1.78814e-08,0.4,1.78814e-08,0.4
6.405e-01,104,100,98,96,1.78814e-08,-0.4,1.78814e-08,-0.8
6.407e-01,104,110,98,102,1.78814e-08,0.4,1.78814e-08,0.4
6.409e-01,104,100,98,94,1.78814e-08,-0.4,1.78814e-08,-0.8
6.410e-01,104,110,98,102,1.78814e-08,0.4,-0.4,0.4
6.412e-01,102,96,96,90,1.78814e-08,-0.4,1.78814e-08,-0.4
6.414e-01,104,106,96,100,1.78814e-08,0.4,1.78814e-08,0.4
6.416e-01,100,90,94,84,0.4,-0.4,1.78814e-08,-0.4
6.418e-01,98,104,90,96,1.78814e-08,0.4,1.78814e-08,0.4
6.420e-01,96,86,88,80,0.4,-0.4,1.78814e-08,-0.4
6.422e-01,92,100,86,96,1.78814e-08,0.4,-0.4,0.4
6.424e-01,90,82,84,78,1.78814e-08,-0.4,1.78814e-08,-0.4
6.426e-01,88,94,82,86,1.78814e-08,0.4,-0.4,0.4
6.428e-01,86,76,80,72,1.78814e-08,-0.4,1.78814e-08,-0.4
6.430e-01,82,88,76,82,1.78814e-08,0.4,1.78814e-08,0.4
6.432e-01,78,68,74,64,1.78814e-08,-0.4,-0.4,-0.8
6.434e-01,74,82,70,76,1.78814e-08,0.4,-0.4,0.4
6.435e-01,72,60,66,56,1.78814e-08,-0.4,1.78814e-08,-0.8
6.437e-01,68,74,62,70,1.78814e-08,0.4,1.78814e-08,0.4
6.439e-01,62,48,58,44,0.4,-0.4,1.78814e-08,-0.8
6.441e-01,58,66,52,60,1.78814e-08,0.4,1.78814e-08,0.4
6.443e-01,50,34,46,32,1.78814e-08,-0.4,1.78814e-08,-0.8
6.445e-01,42,54,40,48,1.78814e-08,0.4,1.78814e-08,0.4
6.447e-01,38,20,34,20,1.78814e-08,-0.4,1.78814e-08,-0.8
6.449e-01,28,40,28,36,1.78814e-08,0.4,1.78814e-08,0.4
6.451e-01,22,8,22,8,1.78814e-08,-0.4,1.78814e-08,-0.4
6.453e-01,16,28,16,24,1.78814e-08,0.4,1.78814e-08,0.4
6.455e-01,12,-4,10,-2,1.78814e-08,-0.4,1.78814e-08,-0.8
6.457e-01,4,16,4,12,1.78814e-08,0.4,1.78814e-08,0.4
6.458e-01,4.47035e-08,-14,-2,-12,1.78814e-08,-0.4,1.78814e-08,-0.4
6.460e-01,-6,4,-6,2,1.78814e-08,0.4,1.78814e-08,0.4
6.462e-01,-12,-26,-12,-24,1.78814e-08,-0.4,1.78814e-08,-0.4
6.464e-01,-16,-6,-16,-8,1.78814e-08,0.4,1.78814e-08,0.4
6.466e-01,-22,-38,-20,-34,1.78814e-08,-0.4,1.78814e-08,-0.4
6.468e-01,-30,-18,-28,-20,1.78814e-08,0.4,1.78814e-08,0.4
6.470e-01,-34,-50,-32,-46,1.78814e-08,-0.4,1.78814e-08,-0.4
6.472e-01,-42,-32,-38,-30,1.78814e-08,0.4,1.78814e-08,0.4
6.474e-01,-46,-60,-44,-58,1.78814e-08,-0.4,-0.4,-0.8
6.476e-01,-52,-42,-50,-42,1.78814e-08,0.4,1.78814e-08,0.4
6.478e-01,-58,-70,-56,-68,1.78814e-08,-0.4,1.78814e-08,-0.4
6.480e-01,-64,-54,-60,-54,1.78814e-08,0.4,-0.4,0.4
6.482e-01,-68,-80,-66,-78,1.78814e-08,-0.4,1.78814e-08,-0.4
6.483e-01,-74,-64,-70,-64,1.78814e-08,0.4,1.78814e-08,0.4
6.485e-01,-78,-88,-74,-84,1.78814e-08,-0.4,1.78814e-08,-0.4
6.487e-01,-80,-74,-80,-72,1.78814e-08,0.4,1.78814e-08,0.4
6.489e-01,-86,-94,-82,-90,1.78814e-08,-0.4,1.78814e-08,-0.4
6.491e-01,-90,-82,-86,-80,1.78814e-08,0.4,1.78814e-08,0.4
6.493e-01,-92,-100,-88,-96,1.78814e-08,-0.4,1.78814e-08,-0.4
6.495e-01,-94,-88,-92,-86,1.78814e-08,0.4,-0.4,0.4
6.497e-01,-98,-106,-94,-100,1.78814e-08,-0.4,1.78814e-08,-0.4
6.499e-01,-100,-92,-96,-92,1.78814e-08,0.4,1.78814e-08,0.4
6.501e-01,-102,-108,-98,-104,1.78814e-08,-0.4,1.78814e-08,-0.8
6.503e-01,-106,-98,-100,-96,1.78814e-08,0.4,1.78814e-08,0.4
6.505e-01,-106,-110,-102,-106,1.78814e-08,-0.4,-0.4,-0.4
6.506e-01,-108,-102,-102,-100,0.4,0.4,1.78814e-08,0.4
6.508e-01,-108,-110,-102,-106,1.78814e-08,-0.4,-0.4,-0.4
6.510e-01,-106,-100,-102,-100,1.78814e-08,0.4,1.78814e-08,0.4
6.512e-01,-104,-108,-102,-104,1.78814e-08,-0.4,1.78814e-08,-0.4
6.514e-01,-104,-98,-100,-96,1.78814e-08,0.4,-0.4,0.4
6.516e-01,-102,-106,-98,-100,1.78814e-08,-0.4,1.78814e-08,-0.4
6.518e-01,-100,-94,-96,-92,1.78814e-08,0.4,1.78814e-08,0.4
6.520e-01,-98,-100,-94,-96,1.78814e-08,-0.4,1.78814e-08,-0.4
6.522e-01,-96,-88,-92,-88,1.78814e-08,0.4,-0.4,0.4
6.524e-01,-92,-96,-90,-92,1.78814e-08,-0.4,1.78814e-08,-0.8
6.526e-01,-90,-84,-88,-82,1.78814e-08,0.4,1.78814e-08,0.4
6.528e-01,-86,-90,-82,-86,1.78814e-08,-0.4,1.78814e-08,-0.4
6.530e-01,-86,-76,-82,-78,1.78814e-08,0.4,1.78814e-08,0.4
6.531e-01,-80,-86,-80,-82,0.4,-0.4,1.78814e-08,-0.4
6.533e-01,-78,-70,-74,-70,1.78814e-08,0.4,1.78814e-08,0.4
6.535e-01,-72,-76,-72,-74,0.4,-0.4,1.78814e-08,-0.4
6.537e-01,-68,-62,-68,-62,1.78814e-08,0.4,1.78814e-08,0.4
6.539e-01,-64,-68,-64,-66,0.4,-0.4,1.78814e-08,-0.8
6.541e-01,-60,-50,-58,-52,1.78814e-08,0.4,1.78814e-08,0.4
6.543e-01,-52,-56,-52,-56,1.78814e-08,-0.4,1.78814e-08,-0.4
6.545e-01,-46,-36,-46,-38,1.78814e-08,0.4,1.78814e-08,0.4
6.547e-01,-40,-42,-40,-42,1.78814e-08,-0.4,1.78814e-08,-0.4
6.549e-01,-34,-24,-34,-26,1.78814e-08,0.4,1.78814e-08,0.4
6.551e-01,-26,-30,-28,-30,1.78814e-08,-0.4,1.78814e-08,-0.4
6.553e-01,-20,-12,-22,-14,1.78814e-08,0.4,-0.4,0.4
6.554e-01,-16,-18,-16,-18,1.78814e-08,-0.4,1.78814e-08,-0.4
6.556e-01,-10,4.47035e-08,-10,-2,1.78814e-08,0.4,1.78814e-08,0.4
6.558e-01,-4,-6,-4,-6,1.78814e-08,-0.4,1.78814e-08,-0.8
6.560e-01,2,12,2,8,1.78814e-08,0.4,1.78814e-08,0.4
6.562e-01,8,4,6,4,-0.4,-0.4,1.78814e-08,-0.8
6.564e-01,14,24,10,18,1.78814e-08,0.4,1.78814e-08,0.4
6.566e-01,20,16,16,14,1.78814e-08,-0.4,1.78814e-08,-0.4
6.568e-01,26,36,22,30,1.78814e-08,0.4,1.78814e-08,0.4
6.570e-01,32,28,28,26,1.78814e-08,-0.4,1.78814e-08,-0.8
6.572e-01,38,48,34,42,1.78814e-08,0.4,1.78814e-08,0.4
6.574e-01,44,40,38,36,1.78814e-08,-0.4,1.78814e-08,-0.4
6.576e-01,50,58,44,52,0.4,0.4,1.78814e-08,0.4
6.578e-01,56,52,50,48,1.78814e-08,-0.4,-0.4,-0.4
6.579e-01,60,68,56,62,1.78814e-08,0.4,-0.4,0.4
6.581e-01,66,62,60,58,1.78814e-08,-0.4,1.78814e-08,-0.8
6.583e-01,72,78,66,72,0.4,0.4,1.78814e-08,0.4
6.585e-01,76,72,70,68,1.78814e-08,-0.4,1.78814e-08,-0.8
6.587e-01,80,86,74,80,1.78814e-08,0.4,1.78814e-08,0.4
6.589e-01,84,80,78,74,1.78814e-08,-0.4,1.78814e-08,-0.4
6.591e-01,86,94,80,86,1.78814e-08,0.4,1.78814e-08,0.4
6.593e-01,90,86,82,82,0.4,-0.4,1.78814e-08,-0.8
6.595e-01,92,98,86,92,1.78814e-08,0.8,-0.4,0.4
6.597e-01,96,92,88,86,1.78814e-08,-0.4,-0.4,-0.4
6.599e-01,98,104,90,96,1.78814e-08,0.4,1.78814e-08,0.4
6.601e-01,100,96,92,92,1.78814e-08,-0.4,1.78814e-08,-0.4
6.602e-01,102,108,96,98,1.78814e-08,0.4,1.78814e-08,0.4
6.604e-01,104,100,98,96,1.78814e-08,-0.4,1.78814e-08,-0.4
6.606e-01,106,110,98,100,0.4,0.4,1.78814e-08,0.4
6.608e-01,106,100,98,94,1.78814e-08,-0.4,-0.4,-0.4
6.610e-01,104,108,98,100,1.78814e-08,0.4,1.78814e-08,0.4
6.612e-01,104,96,96,92,1.78814e-08,-0.4,1.78814e-08,-0.8
6.614e-01,100,106,96,100,1.78814e-08,0.4,-0.4,0.4
6.616e-01,102,94,94,88,1.78814e-08,-0.4,1.78814e-08,-0.8
6.618e-01,98,104,92,96,1.78814e-08,0.4,1.78814e-08,0.4
6.620e-01,96,88,90,82,0.4,-0.4,1.78814e-08,-0.4
6.622e-01,94,100,88,92,1.78814e-08,0.4,1.78814e-08,0.4
6.624e-01,90,82,84,78,1.78814e-08,-0.4,1.78814e-08,-0.8
6.626e-01,88,94,82,88,1.78814e-08,0.4,1.78814e-08,0.4
6.627e-01,86,76,78,72,1.78814e-08,-0.4,-0.4,-0.8
6.629e-01,84,90,76,82,1.78814e-08,0.4,1.78814e-08,0.4
6.631e-01,78,70,74,64,1.78814e-08,-0.4,1.78814e-08,-0.8
6.633e-01,76,84,72,76,1.78814e-08,0.4,1.78814e-08,0.4
6.635e-01,70,60,66,56,1.78814e-08,-0.4,1.78814e-08,-0.8
6.637e-01,68,76,64,70,1.78814e-08,0.4,1.78814e-08,0.4
6.639e-01,62,48,58,46,1.78814e-08,-0.4,-0.4,-0.8
6.641e-01,58,66,54,62,1.78814e-08,0.4,1.78814e-08,0.4
6.643e-01,52,36,48,34,1.78814e-08,-0.4,-0.4,-0.8
6.645e-01,44,56,42,50,1.78814e-08,0.4,-0.4,0.4
6.647e-01,38,22,36,20,1.78814e-08,-0.4,1.78814e-08,-0.4
6.649e-01,32,42,30,38,1.78814e-08,0.8,1.78814e-08,0.4
6.650e-01,26,10,24,10,1.78814e-08,-0.4,1.78814e-08,-0.4
6.652e-01,18,28,18,26,1.78814e-08,0.4,-0.4,0.4
6.654e-01,14,-2,12,-2,1.78814e-08,-0.4,1.78814e-08,-0.8
6.656e-01,6,16,8,14,1.78814e-08,0.4,-0.4,0.4
6.658e-01,4.47035e-08,-12,4.47035e-08,-12,1.78814e-08,-0.4,1.78814e-08,-0.4
6.660e-01,-6,4,-4,2,1.78814e-08,0.4,-0.4,0.4
6.662e-01,-10,-24,-10,-22,0.4,-0.4,1.78814e-08,-0.4
6.664e-01,-14,-6,-14,-8,1.78814e-08,0.4,-0.4,0.4
6.666e-01,-22,-36,-20,-34,1.78814e-08,-0.4,1.78814e-08,-0.4
6.668e-01,-28,-18,-26,-18,1.78814e-08,0.4,1.78814e-08,0.4
6.670e-01,-36,-48,-32,-44,1.78814e-08,-0.4,1.78814e-08,-0.4
6.672e-01,-38,-30,-38,-30,1.78814e-08,0.4,1.78814e-08,0.4
6.674e-01,-46,-60,-44,-56,1.78814e-08,-0.4,1.78814e-08,-0.4
6.675e-01,-52,-42,-50,-40,0.4,0.4,-0.4,0.4
6.677e-01,-56,-70,-54,-66,1.78814e-08,-0.4,1.78814e-08,-0.4
6.679e-01,-62,-54,-60,-52,0.4,0.4,1.78814e-08,0.4
6.681e-01,-66,-80,-64,-76,1.78814e-08,-0.4,1.78814e-08,-0.4
6.683e-01,-72,-62,-68,-62,1.78814e-08,0.4,1.78814e-08,0.4
6.685e-01,-76,-88,-74,-84,1.78814e-08,-0.4,1.78814e-08,-0.4
6.687e-01,-82,-74,-78,-72,1.78814e-08,0.8,1.78814e-08,0.4
6.689e-01,-84,-94,-82,-90,1.78814e-08,-0.4,1.78814e-08,-0.8
6.691e-01,-88,-80,-84,-80,1.78814e-08,0.8,1.78814e-08,0.4
6.693e-01,-90,-100,-88,-94,1.78814e-08,-0.4,1.78814e-08,-0.4
6.695e-01,-94,-88,-92,-84,1.78814e-08,0.8,-0.4,0.4
6.697e-01,-98,-106,-92,-100,1.78814e-08,-0.4,1.78814e-08,-0.8
6.698e-01,-100,-92,-94,-90,1.78814e-08,0.4,1.78814e-08,0.4
6.700e-01,-102,-108,-98,-104,1.78814e-08,-0.4,1.78814e-08,-0.8
6.702e-01,-104,-98,-100,-96,1.78814e-08,0.4,1.78814e-08,0.4
6.704e-01,-102,-110,-102,-106,1.78814e-08,-0.4,-0.4,-0.4
6.706e-01,-108,-102,-102,-98,1.78814e-08,0.4,1.78814e-08,0.4
6.708e-01,-108,-110,-104,-106,1.78814e-08,-0.4,1.78814e-08,-0.8
6.710e-01,-106,-102,-102,-100,0.4,0.4,1.78814e-08,0.4
6.712e-01,-104,-108,-100,-104,1.78814e-08,-0.4,1.78814e-08,-0.8
6.714e-01,-104,-98,-100,-96,1.78814e-08,0.4,-0.4,0.4
6.716e-01,-102,-104,-98,-100,1.78814e-08,-0.4,1.78814e-08,-0.4
6.718e-01,-100,-94,-98,-92,1.78814e-08,0.4,1.78814e-08,0.4
6.720e-01,-100,-102,-94,-98,0.4,-0.4,1.78814e-08,-0.8
6.722e-01,-96,-90,-94,-88,1.78814e-08,0.4,1.78814e-08,0.4
6.723e-01,-92,-96,-90,-92,1.78814e-08,-0.4,1.78814e-08,-0.4
6.725e-01,-90,-84,-86,-82,1.78814e-08,0.4,-0.4,0.4
6.727e-01,-86,-90,-84,-88,1.78814e-08,-0.4,1.78814e-08,-0.4
6.729e-01,-86,-78,-82,-78,0.4,0.4,1.78814e-08,0.4
6.731e-01,-80,-84,-80,-82,1.78814e-08,-0.4,-0.4,-0.8
6.733e-01,-78,-70,-74,-70,1.78814e-08,0.4,1.78814e-08,0.4
6.735e-01,-74,-78,-72,-74,1.78814e-08,-0.4,1.78814e-08,-0.8
6.737e-01,-70,-62,-68,-62,1.78814e-08,0.4,-0.4,0.4
6.739e-01,-66,-68,-66,-66,1.78814e-08,-0.4,1.78814e-08,-0.4
6.741e-01,-60,-52,-60,-52,1.78814e-08,0.4,1.78814e-08,0.4
6.743e-01,-54,-58,-54,-56,1.78814e-08,-0.4,1.78814e-08,-0.4
6.745e-01,-48,-36,-48,-40,1.78814e-08,0.4,1.78814e-08,0.4
6.746e-01,-40,-44,-40,-44,0.4,-0.4,-0.4,-0.8
6.748e-01,-34,-24,-36,-26,1.78814e-08,0.4,1.78814e-08,0.4
6.750e-01,-28,-32,-28,-30,0.4,-0.4,1.78814e-08,-0.8
6.752e-01,-22,-12,-22,-14,1.78814e-08,0.4,1.78814e-08,0.4
6.754e-01,-16,-18,-16,-18,1.78814e-08,-0.4,-0.4,-0.8
6.756e-01,-8,4.47035e-08,-12,-4,1.78814e-08,0.4,1.78814e-08,0.4
6.758e-01,-4,-8,-4,-8,1.78814e-08,-0.4,1.78814e-08,-0.4
6.760e-01,2,10,4.47035e-08,8,0.4,0.4,1.78814e-08,0.4
6.762e-01,8,4,6,2,1.78814e-08,-0.4,-0.4,-0.4
6.764e-01,12,22,10,18,1.78814e-08,0.4,1.78814e-08,0.4
6.766e-01,18,14,16,14,1.78814e-08,-0.4,1.78814e-08,-0.4
6.768e-01,24,34,22,28,1.78814e-08,0.4,1.78814e-08,0.4
6.770e-01,32,28,26,24,1.78814e-08,-0.4,1.78814e-08,-0.4
6.771e-01,36,46,32,40,1.78814e-08,0.4,1.78814e-08,0.4
6.773e-01,42,40,40,36,1.78814e-08,-0.4,1.78814e-08,-0.4
6.775e-01,50,56,44,52,1.78814e-08,0.4,-0.4,0.4
6.777e-01,54,52,48,46,1.78814e-08,-0.4,1.78814e-08,-0.4
6.779e-01,58,68,54,62,1.78814e-08,0.4,1.78814e-08,0.4
6.781e-01,64,62,60,56,1.78814e-08,-0.4,1.78814e-08,-0.4
6.783e-01,70,78,64,70,1.78814e-08,0.4,1.78814e-08,0.4
6.785e-01,76,72,70,66,1.78814e-08,-0.4,1.78814e-08,-0.4
6.787e-01,80,86,72,78,1.78814e-08,0.4,-0.4,0.4
6.789e-01,84,78,78,74,1.78814e-08,-0.4,1.78814e-08,-0.4
6.791e-01,86,92,80,84,1.78814e-08,0.4,-0.4,0.4
6.793e-01,90,86,82,80,1.78814e-08,-0.4,1.78814e-08,-0.8
6.794e-01,92,98,86,90,1.78814e-08,0.4,1.78814e-08,0.4
6.796e-01,94,92,88,86,1.78814e-08,-0.4,1.78814e-08,-0.4
6.798e-01,98,102,90,96,1.78814e-08,0.4,1.78814e-08,0.4
6.800e-01,98,96,94,90,1.78814e-08,-0.4,1.78814e-08,-0.8
6.802e-01,102,108,96,100,1.78814e-08,0.4,1.78814e-08,0.4
6.804e-01,106,100,98,94,1.78814e-08,-0.4,1.78814e-08,-0.4
6.806e-01,104,108,98,102,1.78814e-08,0.4,-0.4,0.4
6.808e-01,106,100,98,96,1.78814e-08,-0.4,1.78814e-08,-0.8
6.810e-01,104,110,98,102,1.78814e-08,0.4,1.78814e-08,0.4
6.812e-01,104,96,98,92,-0.4,-0.4,-0.4,-0.8
6.814e-01,102,108,96,100,1.78814e-08,0.4,1.78814e-08,0.4
6.816e-01,100,94,94,88,1.78814e-08,-0.4,-0.4,-0.4
6.818e-01,100,104,92,96,1.78814e-08,0.4,-0.4,0.4
6.819e-01,98,88,92,84,1.78814e-08,-0.4,1.78814e-08,-0.4
6.821e-01,94,100,88,92,1.78814e-08,0.4,-0.4,0.4
6.823e-01,92,82,86,78,1.78814e-08,-0.4,1.78814e-08,-0.4
6.825e-01,86,96,84,88,1.78814e-08,0.4,1.78814e-08,0.4
6.827e-01,86,78,80,72,1.78814e-08,-0.4,1.78814e-08,-0.4
6.829e-01,84,90,78,82,1.78814e-08,0.4,1.78814e-08,0.4
6.831e-01,80,70,76,66,1.78814e-08,-0.4,1.78814e-08,-0.4
6.833e-01,76,84,72,78,1.78814e-08,0.4,-0.4,0.4
6.835e-01,72,62,68,58,1.78814e-08,-0.4,-0.4,-0.4
6.837e-01,68,76,64,70,1.78814e-08,0.4,1.78814e-08,0.4
6.839e-01,64,50,60,48,0.4,-0.4,1.78814e-08,-0.8
6.841e-01,60,68,56,62,1.78814e-08,0.4,1.78814e-08,0.4
6.842e-01,54,36,50,36,1.78814e-08,-0.4,-0.4,-0.4
6.844e-01,46,56,44,52,1.78814e-08,0.4,1.78814e-08,0.4
6.846e-01,38,24,38,22,1.78814e-08,-0.4,1.78814e-08,-0.4
6.848e-01,32,44,30,40,1.78814e-08,0.4,1.78814e-08,0.4
6.850e-01,26,10,24,10,1.78814e-08,-0.4,1.78814e-08,-0.8
6.852e-01,20,30,18,28,1.78814e-08,0.4,-0.4,0.4
6.854e-01,14,4.47035e-08,14,4.47035e-08,1.78814e-08,-0.4,1.78814e-08,-0.8
6.856e-01,8,18,8,16,1.78814e-08,0.4,-0.4,0.4
6.858e-01,2,-12,2,-10,1.78814e-08,-0.4,-0.4,-0.8
6.860e-01,-4,6,-2,4,1.78814e-08,0.4,1.78814e-08,0.4
6.862e-01,-10,-22,-8,-20,1.78814e-08,-0.4,1.78814e-08,-0.8
6.864e-01,-16,-6,-12,-6,1.78814e-08,0.4,1.78814e-08,0.4
6.866e-01,-20,-36,-20,-32,1.78814e-08,-0.4,1.78814e-08,-0.4
6.867e-01,-26,-16,-24,-16,1.78814e-08,0.4,1.78814e-08,0.4
6.869e-01,-32,-48,-30,-44,1.78814e-08,-0.4,1.78814e-08,-0.8
6.871e-01,-40,-28,-38,-28,1.78814e-08,0.4,1.78814e-08,0.4
6.873e-01,-46,-58,-42,-54,0.4,-0.4,1.78814e-08,-0.4
6.875e-01,-50,-40,-48,-40,1.78814e-08,0.4,1.78814e-08,0.4
6.877e-01,-54,-70,-52,-66,1.78814e-08,-0.4,1.78814e-08,-0.4
6.879e-01,-60,-52,-58,-50,1.78814e-08,0.4,1.78814e-08,0.4
6.881e-01,-68,-78,-64,-76,1.78814e-08,-0.4,1.78814e-08,-0.4
6.883e-01,-72,-62,-68,-62,1.78814e-08,0.8,-0.4,0.4
6.885e-01,-76,-86,-74,-82,1.78814e-08,-0.4,1.78814e-08,-0.4
6.887e-01,-80,-72,-76,-70,1.78814e-08,0.4,1.78814e-08,0.4
6.889e-01,-84,-92,-82,-88,1.78814e-08,-0.4,1.78814e-08,-0.4
6.890e-01,-88,-80,-84,-78,1.78814e-08,0.4,1.78814e-08,0.4
6.892e-01,-90,-100,-86,-94,0.4,-0.4,-0.4,-0.8
6.894e-01,-94,-86,-90,-86,1.78814e-08,0.4,-0.4,0.4
6.896e-01,-96,-104,-94,-98,1.78814e-08,-0.4,1.78814e-08,-0.8
6.898e-01,-98,-92,-94,-90,1.78814e-08,0.4,1.78814e-08,0.4
6.900e-01,-102,-108,-98,-104,1.78814e-08,-0.4,-0.4,-0.4
6.902e-01,-102,-98,-100,-96,1.78814e-08,0.4,-0.4,0.4
6.904e-01,-106,-110,-102,-106,1.78814e-08,-0.4,-0.4,-0.8
6.906e-01,-106,-102,-102,-98,1.78814e-08,0.4,1.78814e-08,0.4
6.908e-01,-106,-110,-102,-106,1.78814e-08,-0.4,-0.4,-0.8
6.910e-01,-106,-102,-102,-100,1.78814e-08,0.4,-0.4,0.4
6.912e-01,-104,-108,-102,-104,1.78814e-08,-0.4,-0.4,-0.8
6.914e-01,-106,-98,-100,-96,1.78814e-08,0.4,1.78814e-08,0.4
6.915e-01,-102,-106,-98,-100,1.78814e-08,-0.4,1.78814e-08,-0.4
6.917e-01,-100,-94,-96,-94,1.78814e-08,0.4,-0.4,0.4
6.919e-01,-98,-102,-94,-98,1.78814e-08,-0.4,1.78814e-08,-0.4
6.921e-01,-96,-90,-92,-88,1.78814e-08,0.4,1.78814e-08,0.4
6.923e-01,-94,-96,-90,-92,1.78814e-08,-0.4,-0.4,-0.4
6.925e-01,-90,-84,-86,-84,1.78814e-08,0.4,1.78814e-08,0.4
6.927e-01,-86,-92,-86,-88,1.78814e-08,-0.4,1.78814e-08,-0.4
6.929e-01,-86,-78,-82,-78,1.78814e-08,0.4,-0.4,0.4
6.931e-01,-82,-86,-80,-82,1.78814e-08,-0.4,1.78814e-08,-0.8
6.933e-01,-78,-72,-76,-72,1.78814e-08,0.8,1.78814e-08,0.4
6.935e-01,-74,-78,-74,-76,1.78814e-08,-0.4,1.78814e-08,-0.8
6.937e-01,-70,-62,-70,-64,1.78814e-08,0.4,-0.4,0.4
6.938e-01,-66,-70,-64,-68,1.78814e-08,-0.4,1.78814e-08,-0.8
6.940e-01,-64,-52,-60,-52,0.4,0.4,1.78814e-08,0.4
6.942e-01,-56,-58,-56,-58,1.78814e-08,-0.4,1.78814e-08,-0.4
6.944e-01,-50,-38,-48,-40,0.4,0.4,-0.4,0.4
6.946e-01,-42,-46,-42,-44,1.78814e-08,-0.4,-0.4,-0.4
6.948e-01,-36,-26,-36,-28,1.78814e-08,0.4,1.78814e-08,0.4
6.950e-01,-30,-34,-30,-32,1.78814e-08,-0.4,1.78814e-08,-0.4
6.952e-01,-24,-14,-24,-16,1.78814e-08,0.4,1.78814e-08,0.4
6.954e-01,-20,-20,-18,-20,1.78814e-08,-0.4,-0.4,-0.4
6.956e-01,-12,-2,-12,-4,1.78814e-08,0.4,1.78814e-08,0.4
6.958e-01,-6,-8,-8,-8,1.78814e-08,-0.4,1.78814e-08,-0.8
6.960e-01,4.47035e-08,8,-2,6,1.78814e-08,0.4,-0.4,0.4
6.962e-01,6,2,4,2,1.78814e-08,-0.4,-0.4,-0.4
6.963e-01,10,20,8,16,1.78814e-08,0.4,1.78814e-08,0.4
6.965e-01,16,14,14,12,1.78814e-08,-0.4,1.78814e-08,-0.4
6.967e-01,24,32,20,28,1.78814e-08,0.4,1.78814e-08,0.4
6.969e-01,28,26,26,24,1.78814e-08,-0.4,-0.4,-0.4
6.971e-01,34,44,32,38,1.78814e-08,0.4,1.78814e-08,0.4
6.973e-01,42,38,38,34,1.78814e-08,-0.4,1.78814e-08,-0.4
6.975e-01,48,56,42,50,-0.4,0.4,1.78814e-08,0.4
6.977e-01,54,50,48,46,1.78814e-08,-0.4,-0.4,-0.8
6.979e-01,58,66,54,60,1.78814e-08,0.4,-0.4,0.4
6.981e-01,64,60,58,56,1.78814e-08,-0.4,-0.4,-0.4
6.983e-01,68,76,64,70,1.78814e-08,0.4,1.78814e-08,0.4
6.985e-01,74,72,68,66,1.78814e-08,-0.4,1.78814e-08,-0.8
6.986e-01,78,84,72,78,1.78814e-08,0.4,-0.4,0.4
6.988e-01,80,78,76,74,1.78814e-08,-0.4,1.78814e-08,-0.8
6.990e-01,86,92,78,84,1.78814e-08,0.4,1.78814e-08,0.4
6.992e-01,90,86,82,80,1.78814e-08,-0.4,-0.4,-0.4
6.994e-01,94,98,84,90,1.78814e-08,0.4,1.78814e-08,0.4
6.996e-01,96,90,86,86,1.78814e-08,-0.4,1.78814e-08,-0.8
6.998e-01,96,102,90,94,1.78814e-08,0.4,1.78814e-08,0.4
7.000e-01,98,96,92,90,1.78814e-08,-0.4,-0.4,-0.4
7.002e-01,102,106,94,100,1.78814e-08,0.8,1.78814e-08,0.4
7.004e-01,104,100,98,94,1.78814e-08,-0.4,1.78814e-08,-0.4
7.006e-01,106,110,100,100,1.78814e-08,0.4,1.78814e-08,0.4
7.008e-01,106,100,98,96,1.78814e-08,-0.4,1.78814e-08,-0.4
7.010e-01,104,110,98,102,1.78814e-08,0.4,1.78814e-08,0.4
7.011e-01,104,98,98,92,1.78814e-08,-0.4,1.78814e-08,-0.8
7.013e-01,102,108,96,100,1.78814e-08,0.4,-0.4,0.4
7.015e-01,100,94,94,88,1.78814e-08,-0.4,1.78814e-08,-0.4
7.017e-01,100,104,92,96,1.78814e-08,0.4,1.78814e-08,0.4
7.019e-01,98,88,92,84,1.78814e-08,-0.4,1.78814e-08,-0.4
7.021e-01,96,100,90,94,1.78814e-08,0.4,1.78814e-08,0.4
7.023e-01,92,84,86,80,1.78814e-08,-0.4,1.78814e-08,-0.4
7.025e-01,90,96,84,88,1.78814e-08,0.4,-0.4,0.4
7.027e-01,88,78,82,74,0.4,-0.4,1.78814e-08,-0.4
7.029e-01,84,90,78,84,1.78814e-08,0.4,1.78814e-08,0.4
7.031e-01,82,70,76,66,1.78814e-08,-0.4,1.78814e-08,-0.4
7.033e-01,76,84,72,78,1.78814e-08,0.4,1.78814e-08,0.4
7.035e-01,74,62,70,58,1.78814e-08,-0.4,1.78814e-08,-0.8
7.036e-01,70,78,66,70,1.78814e-08,0.4,1.78814e-08,0.4
7.038e-01,64,52,62,48,1.78814e-08,-0.4,1.78814e-08,-0.4
7.040e-01,58,70,56,64,1.78814e-08,0.4,1.78814e-08,0.4
7.042e-01,54,38,52,36,1.78814e-08,-0.4,1.78814e-08,-0.4
7.044e-01,48,58,46,52,1.78814e-08,0.4,1.78814e-08,0.4
7.046e-01,40,24,38,24,1.78814e-08,-0.4,1.78814e-08,-0.8
7.048e-01,34,44,32,40,1.78814e-08,0.4,1.78814e-08,0.4
7.050e-01,28,12,26,12,1.78814e-08,-0.4,1.78814e-08,-0.8
7.052e-01,20,32,20,28,1.78814e-08,0.4,1.78814e-08,0.4
7.054e-01,14,4.47035e-08,14,2,1.78814e-08,-0.4,1.78814e-08,-0.8
7.056e-01,8,18,8,16,1.78814e-08,0.4,-0.4,0.4
7.058e-01,2,-10,2,-10,0.4,-0.4,1.78814e-08,-0.4
7.059e-01,-2,6,-2,4,1.78814e-08,0.4,1.78814e-08,0.4
7.061e-01,-8,-22,-8,-20,1.78814e-08,-0.4,-0.4,-0.4
7.063e-01,-14,-4,-14,-6,1.78814e-08,0.4,1.78814e-08,0.4
7.065e-01,-20,-34,-18,-32,1.78814e-08,-0.4,1.78814e-08,-0.8
7.067e-01,-26,-16,-24,-16,1.78814e-08,0.4,1.78814e-08,0.4
7.069e-01,-32,-46,-30,-42,1.78814e-08,-0.4,1.78814e-08,-0.4
7.071e-01,-38,-26,-36,-28,1.78814e-08,0.4,1.78814e-08,0.4
7.073e-01,-44,-58,-40,-54,1.78814e-08,-0.4,1.78814e-08,-0.4
7.075e-01,-50,-40,-46,-38,1.78814e-08,0.4,1.78814e-08,0.4
7.077e-01,-54,-68,-52,-64,1.78814e-08,-0.4,-0.4,-0.4
7.079e-01,-60,-50,-58,-50,1.78814e-08,0.4,1.78814e-08,0.4
7.081e-01,-66,-78,-64,-74,1.78814e-08,-0.4,1.78814e-08,-0.8
7.083e-01,-70,-60,-68,-60,1.78814e-08,0.4,1.78814e-08,0.4
7.084e-01,-74,-86,-72,-82,0.4,-0.4,1.78814e-08,-0.4
7.086e-01,-80,-72,-76,-70,0.4,0.4,1.78814e-08,0.4
7.088e-01,-84,-92,-80,-88,1.78814e-08,-0.4,-0.4,-0.4
7.090e-01,-86,-80,-84,-78,1.78814e-08,0.4,1.78814e-08,0.4
7.092e-01,-88,-98,-86,-94,1.78814e-08,-0.4,1.78814e-08,-0.8
7.094e-01,-92,-86,-90,-84,1.78814e-08,0.4,1.78814e-08,0.4
7.096e-01,-96,-104,-92,-98,1.78814e-08,-0.4,-0.4,-0.4
7.098e-01,-98,-92,-94,-90,1.78814e-08,0.4,1.78814e-08,0.4
7.100e-01,-102,-108,-98,-102,1.78814e-08,-0.4,1.78814e-08,-0.4
7.102e-01,-104,-98,-98,-94,0.4,0.4,1.78814e-08,0.4
7.104e-01,-104,-110,-102,-104,0.4,-0.4,-0.4,-0.8
7.106e-01,-106,-100,-102,-98,1.78814e-08,0.4,1.78814e-08,0.4
7.107e-01,-106,-110,-102,-106,1.78814e-08,-0.4,1.78814e-08,-0.4
7.109e-01,-106,-102,-102,-100,1.78814e-08,0.4,1.78814e-08,0.4
7.111e-01,-106,-110,-102,-104,1.78814e-08,-0.4,1.78814e-08,-0.8
7.113e-01,-104,-98,-100,-96,1.78814e-08,0.8,1.78814e-08,0.4
7.115e-01,-102,-106,-100,-102,1.78814e-08,-0.4,1.78814e-08,-0.4
7.117e-01,-100,-96,-98,-94,1.78814e-08,0.4,1.78814e-08,0.4
7.119e-01,-100,-102,-96,-98,1.78814e-08,-0.4,1.78814e-08,-0.4
7.121e-01,-96,-90,-94,-88,1.78814e-08,0.4,-0.4,0.4
7.123e-01,-94,-96,-90,-94,1.78814e-08,-0.4,1.78814e-08,-0.4
7.125e-01,-90,-84,-88,-84,1.78814e-08,0.4,1.78814e-08,0.4
7.127e-01,-90,-92,-84,-88,0.4,-0.4,1.78814e-08,-0.4
7.129e-01,-86,-80,-84,-78,0.4,0.4,1.78814e-08,0.4
7.131e-01,-84,-86,-80,-82,0.4,-0.4,1.78814e-08,-0.4
7.132e-01,-80,-72,-78,-72,1.78814e-08,0.4,1.78814e-08,0.4
7.134e-01,-76,-78,-74,-76,1.78814e-08,-0.4,1.78814e-08,-0.4
7.136e-01,-72,-64,-70,-64,1.78814e-08,0.4,1.78814e-08,0.4
7.138e-01,-68,-70,-68,-68,1.78814e-08,-0.4,1.78814e-08,-0.4
7.140e-01,-62,-52,-62,-54,1.78814e-08,0.4,1.78814e-08,0.4
7.142e-01,-56,-60,-54,-58,1.78814e-08,-0.4,-0.4,-0.8
7.144e-01,-50,-40,-50,-42,1.78814e-08,0.4,1.78814e-08,0.4
7.146e-01,-44,-48,-44,-46,1.78814e-08,-0.4,-0.4,-0.4
7.148e-01,-36,-28,-38,-28,1.78814e-08,0.4,-0.4,0.4
7.150e-01,-30,-34,-32,-34,1.78814e-08,-0.4,1.78814e-08,-0.4
7.152e-01,-24,-16,-24,-18,1.78814e-08,0.4,1.78814e-08,0.4
7.154e-01,-18,-22,-18,-20,1.78814e-08,-0.4,1.78814e-08,-0.4
7.155e-01,-12,-2,-12,-6,1.78814e-08,0.4,1.78814e-08,0.4
7.157e-01,-6,-10,-8,-10,1.78814e-08,-0.4,1.78814e-08,-0.4
7.159e-01,4.47035e-08,10,-2,4,1.78814e-08,0.4,-0.4,0.4
7.161e-01,4,2,4,2,1.78814e-08,-0.4,1.78814e-08,-0.4
7.163e-01,10,20,8,16,1.78814e-08,0.4,1.78814e-08,0.4
7.165e-01,16,12,12,12,1.78814e-08,-0.4,1.78814e-08,-0.8
7.167e-01,22,32,18,26,1.78814e-08,0.4,1.78814e-08,0.4
7.169e-01,28,24,26,22,1.78814e-08,-0.4,-0.4,-0.4
7.171e-01,36,44,30,38,1.78814e-08,0.4,1.78814e-08,0.4
7.173e-01,40,36,36,34,1.78814e-08,-0.4,1.78814e-08,-0.4
7.175e-01,44,54,42,48,0.4,0.4,1.78814e-08,0.4
7.177e-01,54,50,48,44,1.78814e-08,-0.4,1.78814e-08,-0.4
7.179e-01,58,66,52,60,1.78814e-08,0.4,1.78814e-08,0.4
7.180e-01,62,58,58,54,0.4,-0.4,1.78814e-08,-0.4
7.182e-01,68,76,62,70,1.78814e-08,0.4,1.78814e-08,0.4
7.184e-01,74,70,68,64,1.78814e-08,-0.4,1.78814e-08,-0.4
7.186e-01,78,84,72,78,1.78814e-08,0.4,-0.4,0.4
7.188e-01,82,78,76,74,1.78814e-08,-0.4,1.78814e-08,-0.4
7.190e-01,84,92,80,84,1.78814e-08,0.4,1.78814e-08,0.4
7.192e-01,86,84,82,80,1.78814e-08,-0.4,-0.4,-0.4
7.194e-01,90,98,84,90,1.78814e-08,0.4,-0.4,0.4
7.196e-01,94,90,86,84,0.4,-0.4,-0.4,-0.4
7.198e-01,96,102,90,94,1.78814e-08,0.4,1.78814e-08,0.4
7.200e-01,100,96,92,90,1.78814e-08,-0.4,1.78814e-08,-0.4
7.202e-01,102,106,96,98,1.78814e-08,0.4,1.78814e-08,0.4
7.203e-01,104,100,96,94,1.78814e-08,-0.4,1.78814e-08,-0.4
7.205e-01,104,108,98,102,1.78814e-08,0.4,1.78814e-08,0.4
7.207e-01,104,100,100,96,1.78814e-08,-0.4,1.78814e-08,-0.4
7.209e-01,104,110,100,102,1.78814e-08,0.4,1.78814e-08,0.4
7.211e-01,106,98,98,92,1.78814e-08,-0.4,1.78814e-08,-0.4
7.213e-01,102,108,96,100,1.78814e-08,0.8,-0.4,0.4
7.215e-01,100,94,94,90,1.78814e-08,-0.4,-0.4,-0.4
7.217e-01,100,104,94,98,0.4,0.4,-0.4,0.4
7.219e-01,98,90,92,84,1.78814e-08,-0.4,1.78814e-08,-0.8
7.221e-01,94,100,90,94,1.78814e-08,0.8,1.78814e-08,0.4
7.223e-01,94,84,86,80,1.78814e-08,-0.4,1.78814e-08,-0.8
7.225e-01,92,96,84,90,0.4,0.4,1.78814e-08,0.4
7.227e-01,88,78,80,74,1.78814e-08,-0.4,1.78814e-08,-0.4
7.228e-01,84,90,80,84,-0.4,0.4,-0.4,0.4
7.230e-01,82,72,76,68,1.78814e-08,-0.4,-0.4,-0.4
7.232e-01,78,86,74,78,1.78814e-08,0.4,1.78814e-08,0.4
7.234e-01,76,62,70,60,1.78814e-08,-0.4,1.78814e-08,-0.8
7.236e-01,70,78,66,72,1.78814e-08,0.4,-0.4,0.4
7.238e-01,66,52,62,50,1.78814e-08,-0.4,1.78814e-08,-0.8
7.240e-01,60,70,58,64,1.78814e-08,0.4,1.78814e-08,0.4
7.242e-01,54,40,52,38,1.78814e-08,-0.4,1.78814e-08,-0.4
7.244e-01,48,58,46,54,1.78814e-08,0.4,1.78814e-08,0.4
7.246e-01,42,26,40,26,0.4,-0.4,1.78814e-08,-0.4
7.248e-01,36,46,34,42,1.78814e-08,0.4,1.78814e-08,0.4
7.250e-01,28,14,28,14,1.78814e-08,-0.4,1.78814e-08,-0.4
7.251e-01,22,32,20,30,1.78814e-08,0.4,1.78814e-08,0.4
7.253e-01,16,2,16,2,1.78814e-08,-0.4,1.78814e-08,-0.4
7.255e-01,10,20,8,18,1.78814e-08,0.4,1.78814e-08,0.4
7.257e-01,6,-10,4,-8,1.78814e-08,-0.4,1.78814e-08,-0.4
7.259e-01,-2,8,-2,6,1.78814e-08,0.4,1.78814e-08,0.4
7.261e-01,-8,-20,-6,-18,1.78814e-08,-0.4,1.78814e-08,-0.4
7.263e-01,-12,-4,-12,-4,1.78814e-08,0.4,1.78814e-08,0.4
7.265e-01,-18,-32,-16,-30,1.78814e-08,-0.4,1.78814e-08,-0.8
7.267e-01,-24,-14,-22,-14,1.78814e-08,0.4,1.78814e-08,0.4
7.269e-01,-30,-44,-30,-42,1.78814e-08,-0.4,1.78814e-08,-0.8
7.271e-01,-38,-26,-34,-26,1.78814e-08,0.4,1.78814e-08,0.4
7.273e-01,-42,-56,-40,-52,0.4,-0.4,1.78814e-08,-0.8
7.275e-01,-48,-38,-46,-38,1.78814e-08,0.4,1.78814e-08,0.4
7.276e-01,-52,-66,-52,-64,1.78814e-08,-0.4,1.78814e-08,-0.4
7.278e-01,-58,-50,-58,-48,1.78814e-08,0.8,-0.4,0.4
7.280e-01,-64,-76,-62,-74,1.78814e-08,-0.4,1.78814e-08,-0.4
7.282e-01,-68,-60,-66,-60,1.78814e-08,0.4,1.78814e-08,0.4
7.284e-01,-74,-86,-72,-82,1.78814e-08,-0.4,1.78814e-08,-0.8
7.286e-01,-78,-70,-76,-70,1.78814e-08,0.4,1.78814e-08,0.4
7.288e-01,-82,-92,-78,-88,1.78814e-08,-0.4,1.78814e-08,-0.4
7.290e-01,-88,-78,-82,-78,1.78814e-08,0.4,-0.4,0.4
7.292e-01,-88,-98,-86,-94,1.78814e-08,-0.4,1.78814e-08,-0.4
7.294e-01,-92,-86,-88,-84,1.78814e-08,0.4,1.78814e-08,0.4
7.296e-01,-94,-104,-92,-98,1.78814e-08,-0.4,1.78814e-08,-0.8
7.298e-01,-98,-92,-94,-90,1.78814e-08,0.4,1.78814e-08,0.4
7.299e-01,-102,-108,-96,-102,1.78814e-08,-0.4,-0.4,-0.8
7.301e-01,-102,-96,-98,-94,1.78814e-08,0.4,1.78814e-08,0.4
7.303e-01,-104,-110,-100,-104,1.78814e-08,-0.4,1.78814e-08,-0.4
7.305e-01,-106,-100,-102,-98,1.78814e-08,0.4,1.78814e-08,0.4
7.307e-01,-106,-110,-104,-106,1.78814e-08,-0.4,1.78814e-08,-0.8
7.309e-01,-106,-102,-102,-100,1.78814e-08,0.4,1.78814e-08,0.4
7.311e-01,-106,-108,-102,-104,1.78814e-08,-0.4,1.78814e-08,-0.8
7.313e-01,-104,-100,-102,-96,0.4,0.4,-0.4,0.4
7.315e-01,-102,-106,-100,-102,1.78814e-08,-0.4,1.78814e-08,-0.8
7.317e-01,-102,-96,-98,-94,1.78814e-08,0.4,-0.4,0.4
7.319e-01,-98,-104,-96,-98,1.78814e-08,-0.4,1.78814e-08,-0.4
7.321e-01,-96,-90,-94,-90,1.78814e-08,0.4,1.78814e-08,0.4
7.323e-01,-94,-98,-90,-94,1.78814e-08,-0.4,1.78814e-08,-0.8
7.324e-01,-90,-86,-88,-84,1.78814e-08,0.4,1.78814e-08,0.4
7.326e-01,-88,-92,-86,-88,1.78814e-08,-0.4,1.78814e-08,-0.4
7.328e-01,-88,-80,-84,-80,1.78814e-08,0.4,1.78814e-08,0.4
7.330e-01,-84,-86,-82,-84,0.4,-0.4,-0.4,-0.8
7.332e-01,-82,-72,-78,-72,1.78814e-08,0.4,1.78814e-08,0.4
7.334e-01,-76,-80,-74,-78,1.78814e-08,-0.4,1.78814e-08,-0.4
7.336e-01,-74,-64,-72,-64,1.78814e-08,0.4,1.78814e-08,0.4
7.338e-01,-68,-72,-66,-68,0.4,-0.4,-0.4,-0.8
7.340e-01,-64,-54,-62,-56,1.78814e-08,0.4,-0.4,0.4
7.342e-01,-58,-60,-56,-60,1.78814e-08,-0.4,1.78814e-08,-0.4
7.344e-01,-52,-42,-52,-44,1.78814e-08,0.4,1.78814e-08,0.4
7.346e-01,-44,-48,-46,-48,1.78814e-08,-0.4,-0.4,-0.4
7.347e-01,-38,-28,-38,-30,1.78814e-08,0.4,1.78814e-08,0.4
7.349e-01,-32,-36,-32,-34,1.78814e-08,-0.4,-0.4,-0.4
7.351e-01,-26,-16,-26,-18,1.78814e-08,0.4,1.78814e-08,0.4
7.353e-01,-18,-22,-18,-22,1.78814e-08,-0.4,1.78814e-08,-0.4
7.355e-01,-12,-4,-14,-6,1.78814e-08,0.4,1.78814e-08,0.4
7.357e-01,-8,-10,-8,-10,1.78814e-08,-0.4,1.78814e-08,-0.8
7.359e-01,4.47035e-08,8,-4,4,1.78814e-08,0.4,1.78814e-08,0.4
7.361e-01,4,4.47035e-08,2,4.47035e-08,1.78814e-08,-0.4,1.78814e-08,-0.8
7.363e-01,10,18,8,14,1.78814e-08,0.4,1.78814e-08,0.4
7.365e-01,14,12,12,10,1.78814e-08,-0.4,-0.4,-0.4
7.367e-01,20,30,18,26,0.4,0.4,-0.4,0.4
7.369e-01,28,24,22,20,1.78814e-08,-0.4,-0.4,-0.8
7.371e-01,32,42,30,36,1.78814e-08,0.4,1.78814e-08,0.4
7.372e-01,40,36,36,32,1.78814e-08,-0.4,1.78814e-08,-0.4
7.374e-01,46,54,40,48,1.78814e-08,0.4,1.78814e-08,0.4
7.376e-01,50,48,46,44,1.78814e-08,-0.4,-0.4,-0.4
7.378e-01,58,64,52,58,1.78814e-08,0.4,1.78814e-08,0.4
7.380e-01,62,58,56,54,1.78814e-08,-0.4,1.78814e-08,-0.8
7.382e-01,68,76,60,68,1.78814e-08,0.4,1.78814e-08,0.4
7.384e-01,72,68,66,64,1.78814e-08,-0.4,-0.4,-0.4
7.386e-01,78,84,72,76,1.78814e-08,0.4,-0.4,0.4
7.388e-01,82,78,74,72,1.78814e-08,-0.4,-0.4,-0.8
7.390e-01,84,90,78,82,1.78814e-08,0.4,1.78814e-08,0.4
7.392e-01,88,84,82,80,1.78814e-08,-0.4,1.78814e-08,-0.4
7.394e-01,92,96,84,88,1.78814e-08,0.4,1.78814e-08,0.4
7.395e-01,94,90,88,84,1.78814e-08,-0.4,-0.4,-0.4
7.397e-01,96,102,90,94,1.78814e-08,0.4,1.78814e-08,0.4
7.399e-01,100,96,92,90,0.4,-0.4,1.78814e-08,-0.4
7.401e-01,102,106,96,98,1.78814e-08,0.4,1.78814e-08,0.4
7.403e-01,104,98,96,94,1.78814e-08,-0.4,-0.4,-0.8
7.405e-01,104,108,98,102,1.78814e-08,0.4,1.78814e-08,0.4
7.407e-01,106,100,100,96,1.78814e-08,-0.4,1.78814e-08,-0.8
7.409e-01,104,110,100,102,1.78814e-08,0.4,1.78814e-08,0.4
7.411e-01,104,98,98,94,1.78814e-08,-0.4,-0.4,-0.8
7.413e-01,104,108,96,100,1.78814e-08,0.4,1.78814e-08,0.4
7.415e-01,102,94,94,90,1.78814e-08,-0.4,1.78814e-08,-0.4
7.417e-01,102,106,94,98,1.78814e-08,0.4,1.78814e-08,0.4
7.419e-01,98,90,92,86,1.78814e-08,-0.4,1.78814e-08,-0.4
7.420e-01,96,102,90,94,1.78814e-08,0.4,1.78814e-08,0.4
7.422e-01,92,84,86,80,1.78814e-08,-0.4,-0.4,-0.4
7.424e-01,92,96,84,90,1.78814e-08,0.4,1.78814e-08,0.4
7.426e-01,88,80,82,74,1.78814e-08,-0.4,-0.4,-0.8
7.428e-01,86,90,80,84,1.78814e-08,0.4,1.78814e-08,0.4
7.430e-01,82,72,78,68,1.78814e-08,-0.4,1.78814e-08,-0.8
7.432e-01,78,86,74,80,1.78814e-08,0.4,-0.4,0.4
7.434e-01,74,64,70,60,1.78814e-08,-0.4,-0.4,-0.4
7.436e-01,72,78,66,72,1.78814e-08,0.4,1.78814e-08,0.4
7.438e-01,66,54,62,50,0.4,-0.4,1.78814e-08,-0.8
7.440e-01,62,70,58,66,1.78814e-08,0.4,-0.4,0.4
7.442e-01,56,40,54,38,1.78814e-08,-0.4,1.78814e-08,-0.4
7.443e-01,52,60,48,56,1.78814e-08,0.8,1.78814e-08,0.4
7.445e-01,42,28,42,26,1.78814e-08,-0.4,-0.4,-0.4
7.447e-01,36,48,36,44,1.78814e-08,0.4,1.78814e-08,0.4
7.449e-01,30,14,30,14,1.78814e-08,-0.4,1.78814e-08,-0.8
7.451e-01,22,34,22,30,1.78814e-08,0.8,1.78814e-08,0.4
7.453e-01,16,2,16,4,1.78814e-08,-0.4,1.78814e-08,-0.4
7.455e-01,12,20,12,18,1.78814e-08,0.4,-0.4,0.4
7.457e-01,4,-8,4,-8,0.4,-0.4,1.78814e-08,-0.4
7.459e-01,2,10,4.47035e-08,8,1.78814e-08,0.4,1.78814e-08,0.4
7.461e-01,-6,-20,-6,-18,1.78814e-08,-0.4,-0.4,-0.4
7.463e-01,-12,-2,-10,-4,1.78814e-08,0.4,1.78814e-08,0.4
7.465e-01,-16,-32,-16,-28,1.78814e-08,-0.4,1.78814e-08,-0.4
7.467e-01,-22,-14,-22,-14,1.78814e-08,0.4,-0.4,0.4
7.468e-01,-30,-44,-28,-40,1.78814e-08,-0.4,1.78814e-08,-0.4
7.470e-01,-34,-24,-32,-24,1.78814e-08,0.8,1.78814e-08,0.4
7.472e-01,-40,-56,-38,-52,1.78814e-08,-0.4,1.78814e-08,-0.4
7.474e-01,-46,-36,-44,-36,1.78814e-08,0.4,-0.4,0.4
7.476e-01,-52,-66,-50,-62,1.78814e-08,-0.4,1.78814e-08,-0.4
7.478e-01,-60,-48,-56,-48,1.78814e-08,0.4,1.78814e-08,0.4
7.480e-01,-64,-76,-60,-72,1.78814e-08,-0.4,-0.4,-0.4
7.482e-01,-68,-60,-66,-58,1.78814e-08,0.4,1.78814e-08,0.4
7.484e-01,-76,-86,-70,-80,1.78814e-08,-0.4,1.78814e-08,-0.8
7.486e-01,-76,-70,-74,-68,1.78814e-08,0.4,-0.4,0.4
7.488e-01,-80,-92,-80,-88,1.78814e-08,-0.4,1.78814e-08,-0.8
7.490e-01,-84,-78,-82,-76,1.78814e-08,0.4,1.78814e-08,0.4
7.491e-01,-88,-98,-86,-94,1.78814e-08,-0.4,1.78814e-08,-0.4
7.493e-01,-90,-84,-88,-84,1.78814e-08,0.8,-0.4,0.4
7.495e-01,-92,-102,-90,-98,1.78814e-08,-0.4,1.78814e-08,-0.4
7.497e-01,-96,-90,-94,-88,1.78814e-08,0.4,1.78814e-08,0.4
7.499e-01,-100,-108,-96,-102,0.4,-0.4,1.78814e-08,-0.4
7.501e-01,-102,-96,-98,-94,1.78814e-08,0.4,-0.4,0.4
7.503e-01,-104,-110,-100,-104,1.78814e-08,-0.4,-0.4,-0.8
7.505e-01,-106,-100,-102,-98,1.78814e-08,0.4,1.78814e-08,0.4
7.507e-01,-106,-110,-102,-104,1.78814e-08,-0.4,1.78814e-08,-0.4
7.509e-01,-108,-102,-104,-100,1.78814e-08,0.4,1.78814e-08,0.4
7.511e-01,-108,-110,-102,-104,0.4,-0.4,1.78814e-08,-0.8
7.513e-01,-104,-100,-100,-98,1.78814e-08,0.4,1.78814e-08,0.4
7.515e-01,-106,-106,-100,-102,1.78814e-08,-0.4,1.78814e-08,-0.4
7.516e-01,-102,-96,-98,-94,1.78814e-08,0.4,1.78814e-08,0.4
7.518e-01,-100,-104,-96,-98,1.78814e-08,-0.4,-0.4,-0.8
7.520e-01,-98,-92,-94,-90,1.78814e-08,0.4,1.78814e-08,0.4
7.522e-01,-94,-98,-92,-94,1.78814e-08,-0.4,1.78814e-08,-0.4
7.524e-01,-92,-86,-90,-84,1.78814e-08,0.8,1.78814e-08,0.4
7.526e-01,-88,-94,-86,-88,1.78814e-08,-0.4,1.78814e-08,-0.4
7.528e-01,-86,-80,-84,-80,1.78814e-08,0.4,1.78814e-08,0.4
7.530e-01,-84,-88,-82,-84,1.78814e-08,-0.4,1.78814e-08,-0.4
7.532e-01,-80,-74,-78,-74,1.78814e-08,0.4,1.78814e-08,0.4
7.534e-01,-78,-80,-76,-78,1.78814e-08,-0.4,1.78814e-08,-0.8
7.536e-01,-72,-66,-72,-66,1.78814e-08,0.4,1.78814e-08,0.4
7.538e-01,-68,-72,-66,-70,1.78814e-08,-0.4,1.78814e-08,-0.4
7.539e-01,-66,-56,-62,-56,1.78814e-08,0.4,-0.4,0.4
7.541e-01,-60,-62,-58,-60,1.78814e-08,-0.4,1.78814e-08,-0.8
7.543e-01,-54,-44,-52,-44,1.78814e-08,0.4,-0.4,0.4
7.545e-01,-46,-50,-46,-48,1.78814e-08,-0.4,1.78814e-08,-0.4
7.547e-01,-42,-30,-40,-32,1.78814e-08,0.4,1.78814e-08,0.4
7.549e-01,-36,-36,-34,-36,1.78814e-08,-0.4,1.78814e-08,-0.8
7.551e-01,-26,-18,-26,-20,1.78814e-08,0.4,1.78814e-08,0.4
7.553e-01,-20,-24,-20,-22,1.78814e-08,-0.4,1.78814e-08,-0.4
7.555e-01,-14,-6,-14,-8,1.78814e-08,0.4,1.78814e-08,0.4
7.557e-01,-8,-12,-10,-12,1.78814e-08,-0.4,1.78814e-08,-0.4
7.559e-01,-4,6,-4,2,0.4,0.4,1.78814e-08,0.4
7.561e-01,2,4.47035e-08,4.47035e-08,4.47035e-08,1.78814e-08,-0.4,1.78814e-08,-0.4
7.563e-01,10,16,6,12,1.78814e-08,0.4,1.78814e-08,0.4
7.564e-01,14,10,10,8,1.78814e-08,-0.4,1.78814e-08,-0.4
7.566e-01,20,30,18,24,1.78814e-08,0.4,1.78814e-08,0.4
7.568e-01,24,22,24,20,1.78814e-08,-0.4,1.78814e-08,-0.4
7.570e-01,32,40,28,36,1.78814e-08,0.4,1.78814e-08,0.4
7.572e-01,38,34,34,32,1.78814e-08,-0.4,1.78814e-08,-0.4
7.574e-01,44,52,40,46,1.78814e-08,0.4,1.78814e-08,0.4
7.576e-01,50,46,44,42,1.78814e-08,-0.4,1.78814e-08,-0.8
7.578e-01,54,64,50,58,1.78814e-08,0.4,1.78814e-08,0.4
7.580e-01,60,58,56,52,0.4,-0.4,1.78814e-08,-0.4
7.582e-01,68,74,60,68,-0.4,0.4,1.78814e-08,0.4
7.584e-01,70,68,66,64,1.78814e-08,-0.4,1.78814e-08,-0.8
7.586e-01,76,82,70,76,1.78814e-08,0.4,1.78814e-08,0.4
7.587e-01,82,76,74,72,1.78814e-08,-0.4,1.78814e-08,-0.8
7.589e-01,82,90,78,82,0.4,0.4,1.78814e-08,0.4
7.591e-01,86,84,80,78,1.78814e-08,-0.4,-0.4,-0.8
7.593e-01,90,96,84,88,1.78814e-08,0.4,1.78814e-08,0.4
7.595e-01,92,90,86,84,1.78814e-08,-0.4,-0.4,-0.4
7.597e-01,96,100,88,94,1.78814e-08,0.4,-0.4,0.4
7.599e-01,98,94,92,88,1.78814e-08,-0.4,1.78814e-08,-0.8
7.601e-01,100,106,94,98,1.78814e-08,0.4,-0.4,0.4
7.603e-01,104,98,96,94,0.4,-0.4,1.78814e-08,-0.8
7.605e-01,104,108,98,100,1.78814e-08,0.4,-0.4,0.4
7.607e-01,104,100,98,96,1.78814e-08,-0.4,-0.4,-0.4
7.609e-01,106,110,98,102,0.4,0.4,1.78814e-08,0.4
7.611e-01,104,98,98,94,1.78814e-08,-0.4,1.78814e-08,-0.4
7.612e-01,102,108,98,100,1.78814e-08,0.4,-0.4,0.4
7.614e-01,102,96,96,90,1.78814e-08,-0.4,1.78814e-08,-0.4
7.616e-01,100,106,94,98,1.78814e-08,0.4,1.78814e-08,0.4
7.618e-01,100,90,92,86,1.78814e-08,-0.4,1.78814e-08,-0.8
7.620e-01,96,102,92,94,1.78814e-08,0.4,1.78814e-08,0.4
7.622e-01,94,84,88,80,1.78814e-08,-0.4,1.78814e-08,-0.4
7.624e-01,92,96,86,90,0.4,0.4,1.78814e-08,0.4
7.626e-01,88,80,82,76,1.78814e-08,-0.4,1.78814e-08,-0.4
7.628e-01,88,92,80,84,1.78814e-08,0.4,1.78814e-08,0.4
7.630e-01,82,72,78,68,1.78814e-08,-0.4,1.78814e-08,-0.8
7.632e-01,78,86,76,80,1.78814e-08,0.4,1.78814e-08,0.4
7.634e-01,76,64,72,62,1.78814e-08,-0.4,1.78814e-08,-0.8
7.635e-01,74,80,68,74,1.78814e-08,0.4,1.78814e-08,0.4
7.637e-01,68,56,64,52,1.78814e-08,-0.4,-0.4,-0.8
7.639e-01,64,72,60,66,1.78814e-08,0.4,1.78814e-08,0.4
7.641e-01,58,42,54,40,1.78814e-08,-0.4,1.78814e-08,-0.8
7.643e-01,50,62,48,56,1.78814e-08,0.4,-0.4,0.4
7.645e-01,46,28,42,28,1.78814e-08,-0.4,1.78814e-08,-0.4
7.647e-01,40,48,36,44,1.78814e-08,0.4,1.78814e-08,0.4
7.649e-01,32,16,30,16,1.78814e-08,-0.4,1.78814e-08,-0.8
7.651e-01,26,36,24,32,1.78814e-08,0.4,-0.4,0.4
7.653e-01,18,4,18,4,1.78814e-08,-0.4,1.78814e-08,-0.4
7.655e-01,12,22,12,20,1.78814e-08,0.4,-0.4,0.4
7.657e-01,6,-8,6,-6,1.78814e-08,-0.4,1.78814e-08,-0.4
7.659e-01,4.47035e-08,10,4.47035e-08,8,1.78814e-08,0.4,-0.4,0.4
7.660e-01,-4,-18,-4,-16,0.4,-0.4,-0.4,-0.4
7.662e-01,-10,-2,-10,-2,1.78814e-08,0.4,1.78814e-08,0.4
7.664e-01,-16,-30,-14,-28,1.78814e-08,-0.4,-0.4,-0.8
7.666e-01,-22,-12,-18,-12,1.78814e-08,0.4,1.78814e-08,0.4
7.668e-01,-28,-42,-26,-40,0.4,-0.4,1.78814e-08,-0.4
7.670e-01,-34,-24,-32,-24,1.78814e-08,0.4,1.78814e-08,0.4
7.672e-01,-40,-54,-38,-50,1.78814e-08,-0.4,1.78814e-08,-0.4
7.674e-01,-44,-36,-42,-34,1.78814e-08,0.4,1.78814e-08,0.4
7.676e-01,-52,-64,-50,-62,1.78814e-08,-0.4,-0.4,-0.4
7.678e-01,-58,-48,-54,-46,1.78814e-08,0.4,-0.4,0.4
7.680e-01,-62,-76,-60,-72,1.78814e-08,-0.4,1.78814e-08,-0.4
7.682e-01,-66,-58,-64,-58,1.78814e-08,0.4,1.78814e-08,0.4
7.684e-01,-74,-84,-70,-80,1.78814e-08,-0.4,-0.4,-0.4
7.685e-01,-76,-68,-74,-68,1.78814e-08,0.4,-0.4,0.4
7.687e-01,-82,-90,-78,-86,0.4,-0.4,1.78814e-08,-0.4
7.689e-01,-86,-76,-82,-76,1.78814e-08,0.4,1.78814e-08,0.4
7.691e-01,-88,-98,-84,-92,1.78814e-08,-0.4,1.78814e-08,-0.4
7.693e-01,-92,-84,-88,-82,1.78814e-08,0.4,1.78814e-08,0.4
7.695e-01,-94,-102,-90,-96,1.78814e-08,-0.4,1.78814e-08,-0.4
7.697e-01,-96,-90,-92,-88,1.78814e-08,0.4,1.78814e-08,0.4
7.699e-01,-98,-108,-94,-102,0.4,-0.4,1.78814e-08,-0.4
7.701e-01,-102,-96,-98,-92,1.78814e-08,0.4,1.78814e-08,0.4
7.703e-01,-104,-110,-100,-104,1.78814e-08,-0.4,-0.4,-0.4
7.705e-01,-106,-100,-100,-98,1.78814e-08,0.4,1.78814e-08,0.4
7.707e-01,-108,-110,-102,-104,1.78814e-08,-0.4,1.78814e-08,-0.4
7.708e-01,-106,-102,-102,-100,1.78814e-08,0.4,1.78814e-08,0.4
7.710e-01,-106,-110,-102,-104,1.78814e-08,-0.4,-0.4,-0.4
7.712e-01,-106,-100,-102,-98,1.78814e-08,0.4,1.78814e-08,0.4
7.714e-01,-104,-106,-100,-102,1.78814e-08,-0.4,1.78814e-08,-0.4
7.716e-01,-102,-96,-98,-94,1.78814e-08,0.4,-0.4,0.4
7.718e-01,-100,-104,-96,-98,1.78814e-08,-0.4,1.78814e-08,-0.8
7.720e-01,-98,-92,-94,-90,1.78814e-08,0.4,1.78814e-08,0.4
7.722e-01,-94,-98,-92,-94,1.78814e-08,-0.4,1.78814e-08,-0.4
7.724e-01,-92,-86,-90,-86,0.4,0.4,1.78814e-08,0.4
7.726e-01,-90,-94,-86,-90,1.78814e-08,-0.4,1.78814e-08,-0.4
7.728e-01,-86,-80,-84,-80,1.78814e-08,0.8,1.78814e-08,0.4
7.730e-01,-84,-88,-82,-84,0.4,-0.4,1.78814e-08,-0.8
7.732e-01,-80,-74,-78,-74,1.78814e-08,0.4,1.78814e-08,0.4
7.733e-01,-76,-82,-76,-78,-0.4,-0.4,-0.4,-0.8
7.735e-01,-74,-66,-72,-66,1.78814e-08,0.4,1.78814e-08,0.4
7.737e-01,-70,-74,-68,-70,1.78814e-08,-0.4,1.78814e-08,-0.8
7.739e-01,-64,-56,-64,-58,1.78814e-08,0.4,1.78814e-08,0.4
7.741e-01,-60,-64,-60,-62,0.4,-0.4,1.78814e-08,-0.4
7.743e-01,-52,-44,-54,-46,1.78814e-08,0.4,1.78814e-08,0.4
7.745e-01,-48,-50,-46,-50,1.78814e-08,-0.4,1.78814e-08,-0.4
7.747e-01,-44,-30,-40,-32,1.78814e-08,0.4,1.78814e-08,0.4
7.749e-01,-36,-38,-36,-38,1.78814e-08,-0.4,1.78814e-08,-0.8
7.751e-01,-28,-18,-28,-20,0.4,0.4,1.78814e-08,0.4
7.753e-01,-20,-24,-22,-24,1.78814e-08,-0.4,1.78814e-08,-0.4
7.755e-01,-16,-6,-16,-10,1.78814e-08,0.4,1.78814e-08,0.4
7.756e-01,-10,-14,-10,-12,1.78814e-08,-0.4,1.78814e-08,-0.4
7.758e-01,-4,4,-4,2,1.78814e-08,0.8,-0.4,0.4
7.760e-01,2,-2,4.47035e-08,-2,1.78814e-08,-0.4,1.78814e-08,-0.4
7.762e-01,6,16,6,12,1.78814e-08,0.4,1.78814e-08,0.4
7.764e-01,12,10,10,8,1.78814e-08,-0.4,1.78814e-08,-0.8
7.766e-01,18,28,14,24,1.78814e-08,0.4,-0.4,0.4
7.768e-01,26,20,22,18,1.78814e-08,-0.4,1.78814e-08,-0.4
7.770e-01,28,40,28,34,1.78814e-08,0.4,1.78814e-08,0.4
7.772e-01,36,34,34,30,1.78814e-08,-0.4,1.78814e-08,-0.4
7.774e-01,42,52,38,46,1.78814e-08,0.4,1.78814e-08,0.4
7.776e-01,50,46,44,42,0.4,-0.4,1.78814e-08,-0.8
7.778e-01,54,62,50,56,1.78814e-08,0.4,1.78814e-08,0.4
7.780e-01,60,56,54,52,0.4,-0.4,-0.4,-0.4
7.781e-01,62,72,60,66,1.78814e-08,0.4,1.78814e-08,0.4
7.783e-01,70,66,64,62,1.78814e-08,-0.4,1.78814e-08,-0.4
7.785e-01,74,82,70,74,1.78814e-08,0.4,1.78814e-08,0.4
7.787e-01,78,76,74,70,1.78814e-08,-0.4,1.78814e-08,-0.4
7.789e-01,84,90,76,82,1.78814e-08,0.4,-0.4,0.4
7.791e-01,84,82,80,78,1.78814e-08,-0.4,1.78814e-08,-0.4
7.793e-01,90,96,84,88,1.78814e-08,0.4,1.78814e-08,0.4
7.795e-01,92,90,86,84,1.78814e-08,-0.4,1.78814e-08,-0.8
7.797e-01,94,100,88,94,1.78814e-08,0.4,1.78814e-08,0.4
7.799e-01,96,94,90,88,1.78814e-08,-0.4,1.78814e-08,-0.4
7.801e-01,100,106,94,98,1.78814e-08,0.4,-0.4,0.4
7.803e-01,102,98,96,92,1.78814e-08,-0.4,-0.4,-0.4
7.804e-01,102,108,96,100,1.78814e-08,0.4,1.78814e-08,0.4
7.806e-01,106,100,98,96,1.78814e-08,-0.4,1.78814e-08,-0.8
7.808e-01,106,108,98,102,1.78814e-08,0.4,1.78814e-08,0.4
7.810e-01,106,98,98,94,1.78814e-08,-0.4,1.78814e-08,-0.8
7.812e-01,102,108,98,100,1.78814e-08,0.4,1.78814e-08,0.4
7.814e-01,102,96,96,90,0.4,-0.4,1.78814e-08,-0.4
7.816e-01,100,106,94,98,1.78814e-08,0.4,1.78814e-08,0.4
7.818e-01,98,92,92,86,1.78814e-08,-0.4,-0.4,-0.4
7.820e-01,96,102,92,94,1.78814e-08,0.4,1.78814e-08,0.4
7.822e-01,94,86,88,82,0.4,-0.4,1.78814e-08,-0.4
7.824e-01,92,98,86,90,1.78814e-08,0.4,-0.4,0.4
7.826e-01,88,80,82,76,1.78814e-08,-0.4,1.78814e-08,-0.4
7.828e-01,86,92,80,86,1.78814e-08,0.4,1.78814e-08,0.4
7.829e-01,84,74,78,70,1.78814e-08,-0.4,1.78814e-08,-0.8
7.831e-01,80,86,76,80,1.78814e-08,0.4,1.78814e-08,0.4
7.833e-01,78,66,72,62,1.78814e-08,-0.4,1.78814e-08,-0.8
7.835e-01,74,80,70,74,1.78814e-08,0.4,1.78814e-08,0.4
7.837e-01,68,56,64,54,1.78814e-08,-0.4,1.78814e-08,-0.4
7.839e-01,64,72,60,66,0.4,0.4,1.78814e-08,0.4
7.841e-01,60,44,54,42,1.78814e-08,-0.4,1.78814e-08,-0.4
7.843e-01,54,62,48,58,1.78814e-08,0.4,-0.4,0.4
7.845e-01,46,30,44,28,1.78814e-08,-0.4,1.78814e-08,-0.8
7.847e-01,40,50,38,46,1.78814e-08,0.4,1.78814e-08,0.4
7.849e-01,34,18,30,16,1.78814e-08,-0.4,-0.4,-0.8
7.851e-01,26,38,24,34,1.78814e-08,0.8,1.78814e-08,0.4
7.852e-01,20,6,18,6,1.78814e-08,-0.4,-0.4,-0.4
7.854e-01,14,24,12,20,1.78814e-08,0.4,1.78814e-08,0.4
7.856e-01,6,-6,8,-6,1.78814e-08,-0.4,1.78814e-08,-0.4
7.858e-01,2,12,2,10,-0.4,0.4,1.78814e-08,0.4
7.860e-01,-4,-18,-4,-16,1.78814e-08,-0.4,1.78814e-08,-0.4
7.862e-01,-8,4.47035e-08,-8,-2,1.78814e-08,0.4,1.78814e-08,0.4
7.864e-01,-14,-28,-14,-26,1.78814e-08,-0.4,1.78814e-08,-0.8
7.866e-01,-20,-10,-18,-12,1.78814e-08,0.4,-0.4,0.4
7.868e-01,-26,-42,-24,-38,1.78814e-08,-0.4,-0.4,-0.8
7.870e-01,-32,-22,-30,-22,1.78814e-08,0.8,-0.4,0.4
7.872e-01,-40,-54,-36,-50,1.78814e-08,-0.4,-0.4,-0.4
7.874e-01,-44,-34,-42,-34,0.4,0.4,-0.4,0.4
7.876e-01,-50,-64,-46,-60,1.78814e-08,-0.4,1.78814e-08,-0.4
7.877e-01,-54,-46,-52,-46,1.78814e-08,0.4,1.78814e-08,0.4
7.879e-01,-60,-74,-58,-70,1.78814e-08,-0.4,-0.4,-0.8
7.881e-01,-66,-56,-64,-56,1.78814e-08,0.4,-0.4,0.4
7.883e-01,-70,-82,-68,-80,1.78814e-08,-0.4,1.78814e-08,-0.4
7.885e-01,-76,-68,-72,-66,1.78814e-08,0.4,1.78814e-08,0.4
7.887e-01,-80,-90,-78,-86,1.78814e-08,-0.4,1.78814e-08,-0.8
7.889e-01,-84,-76,-80,-76,1.78814e-08,0.4,-0.4,0.4
7.891e-01,-86,-96,-84,-92,1.78814e-08,-0.4,-0.4,-0.4
7.893e-01,-90,-84,-88,-82,1.78814e-08,0.4,1.78814e-08,0.4
7.895e-01,-94,-102,-90,-96,1.78814e-08,-0.4,-0.4,-0.4
7.897e-01,-96,-90,-92,-88,1.78814e-08,0.4,1.78814e-08,0.4
7.899e-01,-98,-106,-94,-102,1.78814e-08,-0.4,1.78814e-08,-0.4
7.900e-01,-102,-94,-98,-92,1.78814e-08,0.4,1.78814e-08,0.4
7.902e-01,-102,-110,-100,-104,1.78814e-08,-0.4,-0.4,-0.4
7.904e-01,-104,-98,-102,-96,1.78814e-08,0.4,1.78814e-08,0.4
7.906e-01,-108,-110,-102,-106,1.78814e-08,-0.4,1.78814e-08,-0.8
7.908e-01,-108,-102,-104,-100,1.78814e-08,0.4,1.78814e-08,0.4
7.910e-01,-106,-110,-102,-104,1.78814e-08,-0.4,1.78814e-08,-0.8
7.912e-01,-106,-100,-104,-98,1.78814e-08,0.4,1.78814e-08,0.4
7.914e-01,-102,-108,-100,-102,1.78814e-08,-0.4,1.78814e-08,-0.4
7.916e-01,-102,-96,-98,-94,1.78814e-08,0.4,1.78814e-08,0.4
7.918e-01,-100,-104,-98,-100,1.78814e-08,-0.4,1.78814e-08,-0.8
7.920e-01,-98,-92,-96,-90,1.78814e-08,0.4,1.78814e-08,0.4
7.922e-01,-96,-100,-92,-94,1.78814e-08,-0.4,-0.4,-0.4
7.924e-01,-92,-86,-90,-86,1.78814e-08,0.4,1.78814e-08,0.4
7.925e-01,-90,-94,-88,-90,1.78814e-08,-0.4,1.78814e-08,-0.8
7.927e-01,-88,-82,-86,-80,1.78814e-08,0.4,1.78814e-08,0.4
7.929e-01,-84,-88,-82,-86,1.78814e-08,-0.4,1.78814e-08,-0.4
7.931e-01,-84,-76,-80,-74,1.78814e-08,0.4,-0.4,0.4
7.933e-01,-78,-82,-76,-80,1.78814e-08,-0.4,1.78814e-08,-0.8
7.935e-01,-74,-68,-72,-68,1.78814e-08,0.4,1.78814e-08,0.4
7.937e-01,-70,-74,-68,-72,1.78814e-08,-0.4,-0.4,-0.4
7.939e-01,-68,-58,-66,-58,1.78814e-08,0.4,1.78814e-08,0.4
7.941e-01,-60,-64,-60,-62,1.78814e-08,-0.4,-0.4,-0.4
7.943e-01,-56,-46,-56,-46,1.78814e-08,0.4,1.78814e-08,0.4
7.945e-01,-50,-52,-48,-52,1.78814e-08,-0.4,1.78814e-08,-0.4
7.947e-01,-42,-32,-42,-34,0.4,0.4,1.78814e-08,0.4
7.948e-01,-36,-38,-36,-38,1.78814e-08,-0.4,-0.4,-0.4
7.950e-01,-30,-20,-30,-22,1.78814e-08,0.4,1.78814e-08,0.4
7.952e-01,-22,-26,-24,-26,1.78814e-08,-0.4,1.78814e-08,-0.4
7.954e-01,-18,-8,-16,-10,1.78814e-08,0.4,1.78814e-08,0.4
7.956e-01,-10,-14,-12,-14,1.78814e-08,-0.4,-0.4,-0.4

