Model,DPO2014B
Firmware Version,1.52

Point Format,Y,,,,,,,
Horizontal Units,S,,,,,,,
Horizontal Scale,0.1,,,,,,,
Sample Interval,0.000256016,,,,,,,
Filter Frequency,1e+08,,,,,,,
Record Length,3906,,,,,,,
Gating,0.0% to 100.0%,,0.0% to 100.0%,,0.0% to 100.0%,,0.0% to 100.0%,
Probe Attenuation,100,,50,,10,,10,
Vertical Units,V,,V,,A,,A,
Vertical Offset,0,,0,,0,,0,
Vertical Scale,50,,50,,2,,10,
Label,,,,,,,,
TIME,CH1,CH1 Peak Detect,CH2,CH2 Peak Detect,CH3,CH3 Peak Detect,CH4,CH4 Peak Detect
-2.040e-01,-44,-46,-38,-40,-2.88,-2.96,-2,-2.4
-2.037e-01,-34,-22,-30,-20,-2.72,-2.56,-2,-1.2
-2.035e-01,-24,-28,-20,-24,-2.64,-2.72,-2,-2.4
-2.032e-01,-16,-6,-14,-6,-2.56,-2.24,-2,-1.2
-2.030e-01,-10,-12,-6,-10,-2.32,-2.48,-1.6,-2
-2.027e-01,4.47035e-08,10,4.47035e-08,8,-2.16,-1.92,-1.6,-0.8
-2.025e-01,6,2,8,4,-1.92,-2.08,-1.6,-2
-2.022e-01,14,24,12,22,-1.76,-1.52,-1.2,-0.4
-2.020e-01,22,18,20,18,-1.52,-1.68,-1.6,-1.6
-2.017e-01,30,40,28,36,-1.36,-1.04,-1.2,-0.4
-2.014e-01,38,34,36,32,-1.04,-1.2,-0.8,-1.2
-2.012e-01,46,56,44,50,-0.8,-0.56,-0.8,1.78814e-08
-2.009e-01,56,50,48,46,-0.56,-0.72,-0.4,-0.8
-2.007e-01,62,70,56,64,-0.32,3.57628e-09,1.78814e-08,0.4
-2.004e-01,70,64,62,58,-0.08,-0.16,1.78814e-08,-0.4
-2.002e-01,76,82,68,74,0.24,0.48,1.78814e-08,0.8
-1.999e-01,80,76,74,70,0.48,0.32,0.4,1.78814e-08
-1.996e-01,84,92,78,82,0.72,0.96,0.4,1.2
-1.994e-01,90,86,82,78,0.96,0.8,0.4,1.78814e-08
-1.991e-01,92,100,84,90,1.2,1.44,0.8,1.6
-1.989e-01,96,92,88,84,1.36,1.2,0.8,0.4
-1.986e-01,98,106,90,94,1.6,1.84,1.2,2
-1.984e-01,102,100,94,90,1.84,1.68,1.2,0.8
-1.981e-01,106,110,94,98,2.08,2.32,1.2,2
-1.979e-01,106,100,96,90,2.24,2.08,1.6,0.8
-1.976e-01,104,110,96,98,2.4,2.56,1.6,2
-1.973e-01,104,96,92,86,2.56,2.4,1.6,1.2
-1.971e-01,102,106,90,96,2.64,2.8,1.6,2.4
-1.968e-01,98,90,88,80,2.8,2.64,1.6,1.2
-1.966e-01,96,102,86,90,2.88,3.04,2,2.4
-1.963e-01,92,82,84,74,2.96,2.8,2,1.6
-1.961e-01,88,96,78,84,3.04,3.12,2,2.8
-1.958e-01,84,74,74,66,3.12,2.88,2,1.6
-1.956e-01,82,88,72,78,3.12,3.2,2,2.8
-1.953e-01,76,64,66,56,3.2,2.96,2,1.6
-1.950e-01,72,80,62,70,3.2,3.28,2,2.8
-1.948e-01,64,48,56,42,3.2,2.88,2,1.6
-1.945e-01,58,70,50,60,3.12,3.2,2,2.8
-1.943e-01,50,30,42,26,3.04,2.72,2,1.2
-1.940e-01,40,54,34,46,2.96,3.12,1.6,2.4
-1.938e-01,32,14,28,10,2.8,2.4,1.6,1.2
-1.935e-01,24,36,18,28,2.64,2.88,1.6,2.4
-1.932e-01,16,-2,10,-4,2.56,2.08,1.6,0.8
-1.930e-01,8,20,4,12,2.4,2.64,1.6,2
-1.927e-01,4.47035e-08,-16,-4,-18,2.16,1.68,1.2,0.8
-1.925e-01,-8,4,-10,4.47035e-08,2,2.32,1.2,2
-1.922e-01,-14,-34,-18,-32,1.84,1.28,0.8,0.4
-1.920e-01,-24,-10,-24,-14,1.6,1.92,0.8,1.6
-1.917e-01,-30,-50,-32,-48,1.36,0.8,0.8,1.78814e-08
-1.915e-01,-40,-26,-40,-28,1.12,1.44,0.8,1.2
-1.912e-01,-48,-64,-46,-62,0.88,0.32,0.4,-0.4
-1.909e-01,-54,-42,-54,-42,0.64,0.96,0.4,0.8
-1.907e-01,-62,-78,-60,-72,0.4,-0.24,1.78814e-08,-0.8
-1.904e-01,-70,-56,-66,-56,0.08,0.48,-0.4,0.4
-1.902e-01,-74,-88,-72,-84,-0.16,-0.72,-0.4,-1.2
-1.899e-01,-80,-70,-76,-70,-0.4,-0.08,-0.4,1.78814e-08
-1.897e-01,-86,-96,-80,-90,-0.64,-1.2,-0.8,-1.6
-1.894e-01,-88,-82,-86,-78,-0.88,-0.56,-0.8,1.78814e-08
-1.892e-01,-96,-104,-88,-96,-1.12,-1.6,-1.2,-1.6
-1.889e-01,-98,-90,-90,-86,-1.36,-1.04,-0.8,-0.4
-1.886e-01,-102,-110,-96,-100,-1.52,-2.08,-1.2,-2
-1.884e-01,-102,-96,-98,-92,-1.76,-1.44,-1.2,-0.8
-1.881e-01,-108,-110,-100,-102,-2,-2.4,-1.6,-2
-1.879e-01,-108,-102,-100,-96,-2.16,-1.84,-1.6,-1.2
-1.876e-01,-106,-110,-100,-102,-2.4,-2.72,-1.6,-2.4
-1.874e-01,-106,-98,-98,-94,-2.48,-2.24,-2,-1.2
-1.871e-01,-104,-106,-94,-98,-2.56,-2.96,-2,-2.4
-1.868e-01,-100,-94,-94,-88,-2.72,-2.48,-2,-1.2
-1.866e-01,-96,-100,-90,-92,-2.8,-3.04,-2,-2.4
-1.863e-01,-92,-86,-88,-82,-2.88,-2.72,-2,-1.6
-1.861e-01,-90,-94,-84,-86,-2.96,-3.2,-2,-2.8
-1.858e-01,-84,-80,-80,-74,-3.04,-2.88,-2.4,-1.6
-1.856e-01,-84,-86,-76,-78,-3.04,-3.2,-2,-2.8
-1.853e-01,-78,-70,-72,-64,-3.12,-2.96,-2.4,-1.6
-1.851e-01,-74,-76,-68,-70,-3.04,-3.2,-2.4,-2.8
-1.848e-01,-66,-58,-62,-54,-3.12,-2.96,-2,-1.6
-1.845e-01,-60,-64,-56,-58,-3.12,-3.2,-2.4,-2.8
-1.843e-01,-52,-40,-48,-38,-2.96,-2.8,-2,-1.6
-1.840e-01,-42,-46,-38,-42,-2.88,-3.04,-2,-2.4
-1.838e-01,-36,-24,-32,-22,-2.72,-2.56,-2,-1.2
-1.835e-01,-24,-30,-22,-26,-2.64,-2.8,-2,-2.4
-1.833e-01,-18,-8,-16,-6,-2.48,-2.24,-2,-1.2
-1.830e-01,-10,-14,-6,-10,-2.32,-2.48,-1.6,-2
-1.828e-01,-2,8,4.47035e-08,8,-2.16,-1.92,-1.6,-1.2
-1.825e-01,4,2,6,4,-2,-2.08,-1.6,-2
-1.822e-01,10,24,12,20,-1.76,-1.52,-1.2,-0.4
-1.820e-01,20,16,20,16,-1.6,-1.68,-1.2,-1.6
-1.817e-01,28,40,28,34,-1.36,-1.12,-0.8,-0.4
-1.815e-01,36,32,34,32,-1.12,-1.28,-0.8,-1.2
-1.812e-01,46,54,40,50,-0.8,-0.56,-0.4,1.78814e-08
-1.810e-01,52,48,48,44,-0.64,-0.72,-0.4,-0.8
-1.807e-01,60,70,54,62,-0.32,-0.08,-0.4,0.4
-1.804e-01,68,62,62,58,-0.08,-0.24,1.78814e-08,-0.4
-1.802e-01,74,82,68,74,0.16,0.48,1.78814e-08,0.8
-1.799e-01,78,76,72,70,0.4,0.32,1.78814e-08,1.78814e-08
-1.797e-01,84,92,76,82,0.72,0.88,0.4,1.2
-1.794e-01,88,84,80,78,0.88,0.72,0.4,1.78814e-08
-1.792e-01,92,98,84,88,1.12,1.36,0.4,1.6
-1.789e-01,94,92,88,84,1.36,1.2,0.8,0.4
-1.787e-01,100,106,90,94,1.6,1.84,1.2,1.6
-1.784e-01,102,98,92,90,1.84,1.6,1.2,0.8
-1.781e-01,104,110,94,98,2,2.24,1.2,2
-1.779e-01,106,100,96,92,2.24,2.08,1.6,1.2
-1.776e-01,106,110,94,98,2.32,2.56,1.6,2
-1.774e-01,104,96,94,86,2.56,2.32,2,1.2
-1.771e-01,102,106,92,96,2.64,2.8,1.6,2.4
-1.769e-01,100,90,88,80,2.72,2.56,2,1.2
-1.766e-01,96,102,86,92,2.88,2.96,2,2.4
-1.764e-01,92,84,84,74,2.96,2.8,1.6,1.6
-1.761e-01,90,96,78,86,3.04,3.12,2,2.4
-1.758e-01,86,74,76,66,3.12,2.88,1.6,1.6
-1.756e-01,82,90,72,78,3.12,3.2,2,2.8
-1.753e-01,78,64,68,56,3.12,2.96,2,1.6
-1.751e-01,72,82,64,70,3.2,3.28,2,2.8
-1.748e-01,66,50,56,42,3.12,2.88,2,1.6
-1.746e-01,60,70,52,60,3.2,3.28,2,2.8
-1.743e-01,52,32,44,26,3.04,2.72,2,1.2
-1.740e-01,42,56,34,46,2.96,3.12,1.6,2.4
-1.738e-01,32,14,28,10,2.8,2.4,2,1.2
-1.735e-01,24,38,18,30,2.72,2.88,1.6,2.4
-1.733e-01,16,-2,12,-4,2.56,2.08,1.6,0.8
-1.730e-01,8,20,4,14,2.4,2.64,1.2,2
-1.728e-01,4.47035e-08,-16,-4,-18,2.24,1.76,1.6,0.8
-1.725e-01,-8,6,-10,4.47035e-08,2.08,2.32,1.2,2
-1.723e-01,-16,-32,-16,-32,1.84,1.36,1.2,0.4
-1.720e-01,-22,-10,-22,-14,1.68,2,0.8,1.6
-1.717e-01,-30,-48,-30,-46,1.44,0.88,0.8,1.78814e-08
-1.715e-01,-38,-26,-38,-28,1.2,1.52,0.8,1.2
-1.712e-01,-46,-62,-44,-60,0.88,0.32,0.4,-0.4
-1.710e-01,-54,-42,-52,-42,0.64,1.04,0.4,0.8
-1.707e-01,-60,-76,-60,-72,0.4,-0.16,1.78814e-08,-0.8
-1.705e-01,-68,-56,-66,-56,0.08,0.48,-0.4,0.4
-1.702e-01,-74,-88,-72,-82,-0.16,-0.64,-0.4,-1.2
-1.699e-01,-82,-70,-78,-68,-0.4,3.57628e-09,-0.4,0.4
-1.697e-01,-84,-96,-80,-90,-0.64,-1.12,-0.4,-1.2
-1.694e-01,-90,-80,-84,-78,-0.8,-0.56,-0.8,1.78814e-08
-1.692e-01,-94,-104,-90,-96,-1.04,-1.6,-0.8,-1.6
-1.689e-01,-96,-90,-92,-86,-1.28,-0.96,-0.8,-0.4
-1.687e-01,-100,-110,-94,-100,-1.52,-2,-1.2,-2
-1.684e-01,-104,-96,-98,-92,-1.76,-1.44,-1.2,-0.8
-1.682e-01,-106,-110,-100,-102,-1.92,-2.4,-1.6,-2
-1.679e-01,-108,-102,-102,-96,-2.16,-1.84,-1.6,-1.2
-1.676e-01,-106,-110,-100,-102,-2.32,-2.72,-1.6,-2.4
-1.674e-01,-106,-100,-98,-94,-2.48,-2.24,-2,-1.2
-1.671e-01,-104,-106,-96,-98,-2.56,-2.88,-2,-2.4
-1.669e-01,-100,-94,-94,-88,-2.72,-2.48,-1.6,-1.2
-1.666e-01,-98,-100,-92,-94,-2.8,-3.04,-2,-2.4
-1.664e-01,-94,-88,-88,-82,-2.88,-2.72,-2.4,-1.6
-1.661e-01,-92,-94,-84,-86,-2.96,-3.2,-2,-2.8
-1.659e-01,-86,-80,-80,-74,-3.04,-2.88,-2,-1.6
-1.656e-01,-84,-86,-78,-80,-3.04,-3.2,-2.4,-2.8
-1.653e-01,-80,-70,-74,-66,-3.04,-3.04,-2,-1.6
-1.651e-01,-74,-78,-68,-70,-3.12,-3.28,-2,-2.8
-1.648e-01,-66,-58,-62,-54,-3.12,-3.04,-2,-1.6
-1.646e-01,-62,-66,-56,-60,-3.12,-3.2,-2,-2.8
-1.643e-01,-54,-42,-48,-40,-2.96,-2.88,-2.4,-1.6
-1.641e-01,-46,-48,-40,-44,-2.88,-3.04,-2,-2.4
-1.638e-01,-36,-24,-32,-22,-2.8,-2.64,-2,-1.6
-1.635e-01,-26,-32,-24,-26,-2.64,-2.8,-1.6,-2.4
-1.633e-01,-18,-8,-16,-8,-2.48,-2.32,-1.6,-1.2
-1.630e-01,-10,-14,-10,-12,-2.4,-2.48,-1.6,-2
-1.628e-01,-2,8,-2,6,-2.16,-1.92,-1.6,-0.8
-1.625e-01,2,4.47035e-08,6,2,-2,-2.16,-1.6,-2
-1.623e-01,10,22,12,20,-1.84,-1.6,-1.2,-0.8
-1.620e-01,20,16,20,16,-1.6,-1.76,-1.2,-1.6
-1.618e-01,26,38,26,34,-1.44,-1.12,-0.8,-0.4
-1.615e-01,36,32,34,30,-1.12,-1.28,-0.8,-1.2
-1.612e-01,42,54,40,48,-0.88,-0.64,-0.8,1.78814e-08
-1.610e-01,52,48,48,44,-0.64,-0.72,-0.4,-1.2
-1.607e-01,58,68,54,62,-0.4,-0.08,-0.4,0.4
-1.605e-01,66,62,60,58,-0.16,-0.24,1.78814e-08,-0.4
-1.602e-01,72,82,66,74,0.16,0.4,1.78814e-08,0.8
-1.600e-01,80,74,72,68,0.32,0.24,0.4,-0.4
-1.597e-01,84,90,78,82,0.64,0.88,0.4,0.8
-1.595e-01,88,84,80,78,0.88,0.72,0.8,1.78814e-08
-1.592e-01,92,98,84,88,1.12,1.36,0.8,1.6
-1.589e-01,96,92,86,84,1.28,1.2,0.8,0.4
-1.587e-01,100,104,90,94,1.52,1.84,0.8,1.6
-1.584e-01,102,98,92,90,1.76,1.6,1.2,0.8
-1.582e-01,104,108,94,98,2,2.24,1.2,2
-1.579e-01,106,100,96,92,2.24,2,1.6,1.2
-1.577e-01,106,110,96,98,2.32,2.56,1.2,2
-1.574e-01,104,96,94,88,2.48,2.32,1.6,1.2
-1.571e-01,102,108,92,96,2.64,2.8,1.6,2.4
-1.569e-01,98,90,90,82,2.72,2.56,1.6,1.2
-1.566e-01,98,104,86,92,2.88,3.04,1.6,2.4
-1.564e-01,94,84,84,74,2.96,2.8,1.6,1.6
-1.561e-01,90,98,80,86,3.04,3.12,2,2.4
-1.559e-01,86,76,76,68,3.12,2.88,2,1.6
-1.556e-01,84,90,72,80,3.12,3.2,2,2.8
-1.554e-01,78,64,68,56,3.2,2.96,2,1.6
-1.551e-01,72,82,64,72,3.2,3.28,2,2.8
-1.548e-01,68,50,58,44,3.2,2.96,2,1.6
-1.546e-01,60,72,52,60,3.12,3.28,2,2.4
-1.543e-01,52,32,46,28,3.12,2.72,2,1.2
-1.541e-01,44,56,36,48,2.96,3.2,1.6,2.4
-1.538e-01,34,16,28,12,2.88,2.48,1.6,1.2
-1.536e-01,26,40,20,32,2.72,2.96,1.6,2.4
-1.533e-01,20,4.47035e-08,12,-2,2.64,2.16,1.6,0.8
-1.531e-01,8,22,4,16,2.48,2.64,1.6,2
-1.528e-01,4.47035e-08,-16,-2,-16,2.24,1.76,1.2,0.8
-1.525e-01,-6,6,-8,2,2.08,2.4,1.2,2
-1.523e-01,-12,-30,-16,-30,1.84,1.36,1.2,0.4
-1.520e-01,-20,-8,-22,-12,1.68,2,0.8,1.6
-1.518e-01,-28,-48,-30,-46,1.44,0.88,0.8,1.78814e-08
-1.515e-01,-38,-24,-36,-26,1.2,1.52,0.8,1.2
-1.513e-01,-44,-62,-44,-60,0.96,0.4,0.4,-0.4
-1.510e-01,-52,-40,-52,-42,0.72,1.04,0.4,1.2
-1.507e-01,-58,-74,-60,-72,0.4,-0.16,1.78814e-08,-0.8
-1.505e-01,-66,-56,-64,-54,0.16,0.56,1.78814e-08,0.4
-1.502e-01,-72,-88,-70,-82,-0.08,-0.64,-0.4,-1.2
-1.500e-01,-82,-68,-76,-68,-0.32,3.57628e-09,-0.4,0.4
-1.497e-01,-86,-96,-80,-90,-0.56,-1.12,-0.8,-1.2
-1.495e-01,-88,-80,-84,-78,-0.72,-0.48,-0.8,1.78814e-08
-1.492e-01,-92,-102,-88,-96,-1.04,-1.6,-0.8,-1.6
-1.490e-01,-94,-88,-92,-86,-1.28,-0.96,-0.8,-0.4
-1.487e-01,-100,-108,-94,-100,-1.52,-2,-1.2,-2
-1.484e-01,-104,-96,-96,-92,-1.68,-1.36,-1.2,-0.8
-1.482e-01,-106,-110,-98,-102,-1.92,-2.4,-1.6,-2
-1.479e-01,-106,-102,-100,-96,-2.08,-1.84,-1.6,-1.2
-1.477e-01,-108,-110,-100,-102,-2.32,-2.64,-1.6,-2.4
-1.474e-01,-106,-100,-98,-94,-2.4,-2.24,-2,-1.2
-1.472e-01,-104,-106,-96,-98,-2.56,-2.88,-2,-2.4
-1.469e-01,-102,-94,-94,-90,-2.72,-2.48,-2,-1.6
-1.467e-01,-98,-102,-92,-94,-2.8,-3.04,-2,-2.8
-1.464e-01,-94,-88,-88,-82,-2.88,-2.72,-2,-1.6
-1.461e-01,-92,-94,-84,-86,-2.96,-3.2,-2.4,-2.8
-1.459e-01,-86,-80,-82,-76,-3.04,-2.88,-2,-1.6
-1.456e-01,-84,-88,-78,-80,-3.04,-3.2,-2,-2.8
-1.454e-01,-78,-72,-74,-66,-3.12,-2.96,-2.4,-1.6
-1.451e-01,-76,-78,-68,-72,-3.12,-3.2,-2.4,-2.8
-1.449e-01,-70,-60,-62,-56,-3.12,-3.04,-2.4,-1.6
-1.446e-01,-62,-66,-58,-60,-3.12,-3.2,-2,-2.8
-1.443e-01,-54,-44,-50,-40,-3.04,-2.88,-2,-1.6
-1.441e-01,-44,-50,-42,-44,-2.88,-3.04,-2,-2.4
-1.438e-01,-38,-26,-32,-24,-2.8,-2.64,-2,-1.2
-1.436e-01,-26,-32,-26,-28,-2.72,-2.8,-2,-2.4
-1.433e-01,-18,-10,-16,-8,-2.56,-2.32,-1.6,-1.2
-1.431e-01,-12,-16,-10,-12,-2.4,-2.56,-1.6,-2
-1.428e-01,-6,6,-2,6,-2.24,-2,-1.6,-1.2
-1.426e-01,4,4.47035e-08,2,2,-2,-2.16,-1.6,-2
-1.423e-01,12,20,10,18,-1.84,-1.6,-1.6,-0.8
-1.420e-01,18,14,18,14,-1.6,-1.76,-1.2,-1.6
-1.418e-01,26,38,24,34,-1.44,-1.12,-0.8,-0.4
-1.415e-01,34,32,32,30,-1.2,-1.28,-0.8,-1.2
-1.413e-01,42,52,40,48,-0.96,-0.64,-0.8,1.78814e-08
-1.410e-01,50,46,48,42,-0.64,-0.8,-0.4,-0.8
-1.408e-01,58,68,54,60,-0.4,-0.16,1.78814e-08,0.4
-1.405e-01,64,62,60,56,-0.24,-0.32,1.78814e-08,-0.4
-1.403e-01,72,80,64,72,0.08,0.4,1.78814e-08,0.8
-1.400e-01,78,74,72,68,0.32,0.24,1.78814e-08,-0.4
-1.397e-01,84,90,76,82,0.56,0.88,0.4,1.2
-1.395e-01,86,84,80,78,0.88,0.72,0.4,1.78814e-08
-1.392e-01,92,98,82,88,1.04,1.28,0.8,1.6
-1.390e-01,94,90,86,84,1.28,1.12,0.8,0.4
-1.387e-01,100,104,90,94,1.52,1.76,0.8,1.6
-1.385e-01,102,98,92,90,1.76,1.6,1.2,0.8
-1.382e-01,106,108,94,98,1.92,2.24,1.2,2
-1.379e-01,106,100,94,92,2.16,2,1.2,0.8
-1.377e-01,106,110,96,98,2.32,2.56,1.6,2
-1.374e-01,104,96,94,88,2.48,2.32,1.6,1.2
-1.372e-01,102,108,92,96,2.64,2.8,1.6,2.4
-1.369e-01,100,92,90,82,2.72,2.56,1.6,1.2
-1.367e-01,98,104,86,92,2.88,2.96,2,2.4
-1.364e-01,92,84,84,74,2.88,2.8,2,1.6
-1.362e-01,90,98,80,86,2.96,3.12,2,2.4
-1.359e-01,86,76,76,68,3.04,2.88,2,1.6
-1.356e-01,82,90,74,80,3.12,3.2,2,2.4
-1.354e-01,78,66,68,58,3.2,2.96,2,1.6
-1.351e-01,74,82,64,72,3.2,3.28,2,2.8
-1.349e-01,68,52,58,44,3.2,2.96,2,1.6
-1.346e-01,62,72,52,62,3.12,3.28,2,2.8
-1.344e-01,54,34,46,28,3.04,2.72,2,1.2
-1.341e-01,46,58,38,48,3.04,3.2,1.6,2.4
-1.339e-01,36,16,30,12,2.88,2.48,2,1.2
-1.336e-01,28,40,22,32,2.8,2.96,1.6,2.4
-1.333e-01,18,2,14,-2,2.64,2.16,1.6,0.8
-1.331e-01,12,24,6,16,2.48,2.64,1.6,2
-1.328e-01,2,-14,4.47035e-08,-16,2.32,1.76,1.6,0.8
-1.326e-01,-4,8,-8,2,2.16,2.4,1.6,2
-1.323e-01,-12,-30,-14,-30,1.92,1.36,1.2,0.4
-1.321e-01,-20,-8,-20,-10,1.76,2,1.2,1.6
-1.318e-01,-28,-46,-30,-44,1.52,0.88,0.8,1.78814e-08
-1.315e-01,-36,-24,-36,-26,1.28,1.6,0.8,1.2
-1.313e-01,-44,-60,-42,-58,1.04,0.4,0.4,-0.4
-1.310e-01,-52,-38,-52,-40,0.72,1.12,0.4,0.8
-1.308e-01,-58,-74,-58,-70,0.48,-0.16,1.78814e-08,-0.8
-1.305e-01,-66,-54,-64,-54,0.24,0.56,1.78814e-08,0.4
-1.303e-01,-72,-86,-70,-82,3.57628e-09,-0.64,-0.4,-0.8
-1.300e-01,-78,-68,-76,-66,-0.32,3.57628e-09,-0.4,0.4
-1.298e-01,-86,-94,-80,-90,-0.56,-1.12,-0.8,-1.2
-1.295e-01,-86,-78,-84,-78,-0.8,-0.48,-0.8,1.78814e-08
-1.292e-01,-92,-102,-88,-96,-1.04,-1.52,-0.8,-1.6
-1.290e-01,-96,-88,-90,-86,-1.2,-0.96,-1.2,-0.4
-1.287e-01,-100,-108,-94,-100,-1.44,-2,-1.2,-2
-1.285e-01,-104,-96,-96,-90,-1.68,-1.36,-1.6,-0.8
-1.282e-01,-104,-110,-98,-102,-1.84,-2.32,-1.2,-2
-1.280e-01,-106,-100,-100,-96,-2.08,-1.84,-1.6,-1.2
-1.277e-01,-106,-110,-100,-102,-2.24,-2.64,-1.6,-2.4
-1.275e-01,-106,-100,-98,-94,-2.4,-2.16,-2,-1.2
-1.272e-01,-102,-108,-98,-98,-2.56,-2.88,-1.6,-2.4
-1.269e-01,-100,-94,-94,-90,-2.72,-2.48,-2,-1.2
-1.267e-01,-98,-102,-92,-94,-2.8,-3.04,-2,-2.4
-1.264e-01,-94,-88,-88,-84,-2.88,-2.72,-2,-1.6
-1.262e-01,-92,-96,-86,-88,-2.96,-3.2,-2,-2.8
-1.259e-01,-90,-80,-80,-76,-2.96,-2.88,-2,-1.6
-1.257e-01,-84,-88,-78,-80,-3.04,-3.2,-2,-2.8
-1.254e-01,-78,-72,-74,-68,-3.12,-2.96,-2,-1.6
-1.251e-01,-74,-78,-70,-72,-3.12,-3.2,-2.4,-2.8
-1.249e-01,-68,-60,-64,-56,-3.12,-3.04,-2.4,-1.6
-1.246e-01,-64,-66,-58,-62,-3.12,-3.2,-2.4,-2.8
-1.244e-01,-56,-44,-52,-42,-3.04,-2.88,-2,-1.6
-1.241e-01,-46,-50,-42,-46,-2.88,-3.04,-2,-2.4
-1.239e-01,-38,-28,-34,-26,-2.8,-2.64,-2,-1.6
-1.236e-01,-30,-34,-26,-28,-2.72,-2.8,-2,-2.4
-1.234e-01,-22,-10,-18,-10,-2.56,-2.32,-2,-1.2
-1.231e-01,-14,-18,-12,-14,-2.4,-2.56,-1.6,-2
-1.228e-01,-6,6,-4,4,-2.24,-2,-1.6,-1.2
-1.226e-01,2,-2,4,4.47035e-08,-2.08,-2.16,-1.6,-2
-1.223e-01,10,20,8,18,-1.84,-1.68,-1.2,-0.8
-1.221e-01,16,14,16,14,-1.68,-1.84,-1.2,-1.6
-1.218e-01,26,36,24,32,-1.44,-1.2,-0.8,-0.4
-1.216e-01,34,30,30,28,-1.28,-1.36,-0.8,-1.6
-1.213e-01,42,52,40,46,-0.96,-0.72,-0.8,1.78814e-08
-1.211e-01,50,46,46,42,-0.72,-0.8,-0.4,-0.8
-1.208e-01,58,66,52,60,-0.48,-0.16,-0.4,0.4
-1.205e-01,64,60,60,56,-0.24,-0.32,-0.4,-0.8
-1.203e-01,72,80,64,72,3.57628e-09,0.32,1.78814e-08,0.8
-1.200e-01,78,72,70,68,0.32,0.16,1.78814e-08,-0.4
-1.198e-01,82,88,74,80,0.56,0.8,0.4,0.8
-1.195e-01,88,82,80,76,0.8,0.64,0.8,1.78814e-08
-1.193e-01,90,98,82,88,1.04,1.28,0.8,1.2
-1.190e-01,96,90,84,84,1.28,1.12,0.8,0.4
-1.187e-01,98,104,88,94,1.52,1.76,0.8,1.6
-1.185e-01,102,98,92,90,1.68,1.52,1.2,0.8
-1.182e-01,104,108,94,98,1.92,2.16,1.6,2
-1.180e-01,106,100,94,92,2.16,2,1.2,0.8
-1.177e-01,106,110,96,98,2.32,2.48,1.6,2
-1.175e-01,104,96,94,88,2.48,2.24,1.6,1.2
-1.172e-01,102,108,92,96,2.64,2.8,1.6,2.4
-1.170e-01,100,92,90,82,2.72,2.56,2,1.2
-1.167e-01,98,104,88,92,2.8,2.96,1.6,2.4
-1.164e-01,96,84,84,76,2.88,2.72,2,1.6
-1.162e-01,92,98,82,88,2.96,3.12,2,2.8
-1.159e-01,86,76,76,68,3.12,2.88,2,1.6
-1.157e-01,84,92,72,80,3.12,3.2,2,2.8
-1.154e-01,80,66,70,58,3.12,2.96,2,1.6
-1.152e-01,76,84,64,72,3.2,3.28,2,2.8
-1.149e-01,70,52,60,46,3.12,2.96,2,1.6
-1.147e-01,62,74,52,62,3.2,3.28,2,2.8
-1.144e-01,56,34,46,30,3.12,2.72,2,1.2
-1.141e-01,48,58,38,50,3.04,3.2,2,2.4
-1.139e-01,38,18,30,14,2.8,2.48,2,1.2
-1.136e-01,26,42,22,34,2.8,2.96,1.6,2.4
-1.134e-01,20,2,16,4.47035e-08,2.64,2.16,1.6,1.2
-1.131e-01,10,24,6,18,2.48,2.72,1.6,2
-1.129e-01,4,-14,4.47035e-08,-14,2.32,1.84,1.2,0.8
-1.126e-01,-4,8,-8,4,2.08,2.4,1.2,2
-1.123e-01,-12,-28,-14,-28,1.92,1.36,1.2,0.4
-1.121e-01,-18,-6,-20,-10,1.76,2.08,0.8,1.6
-1.118e-01,-28,-44,-26,-44,1.52,0.96,0.8,1.78814e-08
-1.116e-01,-34,-22,-36,-24,1.28,1.6,0.8,1.6
-1.113e-01,-44,-60,-42,-58,1.04,0.48,0.4,-0.4
-1.111e-01,-52,-38,-50,-38,0.8,1.12,0.4,1.2
-1.108e-01,-58,-74,-56,-70,0.48,-0.08,1.78814e-08,-0.8
-1.106e-01,-64,-54,-64,-54,0.24,0.64,1.78814e-08,0.8
-1.103e-01,-72,-86,-70,-80,3.57628e-09,-0.56,1.78814e-08,-0.8
-1.100e-01,-78,-66,-74,-66,-0.24,0.08,-0.4,0.4
-1.098e-01,-84,-94,-80,-88,-0.48,-1.04,-0.8,-1.2
-1.095e-01,-88,-78,-84,-76,-0.72,-0.4,-0.8,1.78814e-08
-1.093e-01,-92,-102,-88,-94,-0.96,-1.52,-0.8,-1.6
-1.090e-01,-96,-88,-90,-84,-1.2,-0.88,-1.2,-0.4
-1.088e-01,-98,-108,-92,-100,-1.44,-2,-1.2,-2
-1.085e-01,-104,-94,-96,-90,-1.68,-1.36,-1.6,-0.8
-1.082e-01,-106,-110,-98,-102,-1.84,-2.32,-1.6,-2
-1.080e-01,-106,-100,-100,-96,-2.08,-1.76,-1.6,-0.8
-1.077e-01,-108,-110,-100,-102,-2.24,-2.64,-1.6,-2.4
-1.075e-01,-106,-100,-98,-94,-2.4,-2.16,-1.6,-1.2
-1.072e-01,-104,-108,-96,-100,-2.48,-2.88,-2,-2.4
-1.070e-01,-102,-94,-96,-90,-2.64,-2.48,-2,-1.6
-1.067e-01,-98,-102,-92,-94,-2.8,-3.04,-2,-2.8
-1.065e-01,-96,-88,-90,-84,-2.88,-2.64,-2,-1.6
-1.062e-01,-94,-96,-86,-88,-2.96,-3.12,-2,-2.8
-1.059e-01,-90,-80,-82,-76,-3.04,-2.88,-2,-1.6
-1.057e-01,-86,-88,-78,-80,-3.04,-3.2,-2,-2.8
-1.054e-01,-82,-72,-74,-68,-3.12,-2.96,-2,-1.6
-1.052e-01,-74,-80,-70,-72,-3.04,-3.2,-2.4,-2.8
-1.049e-01,-70,-62,-64,-56,-3.12,-3.04,-2,-1.6
-1.047e-01,-64,-68,-60,-62,-3.04,-3.2,-2,-2.8
-1.044e-01,-58,-46,-52,-42,-3.04,-2.88,-2.4,-1.6
-1.042e-01,-48,-52,-44,-46,-2.96,-3.12,-2,-2.4
-1.039e-01,-40,-28,-36,-26,-2.8,-2.64,-2,-1.6
-1.036e-01,-30,-34,-28,-30,-2.72,-2.88,-2,-2.4
-1.034e-01,-22,-12,-20,-10,-2.56,-2.4,-2,-1.2
-1.031e-01,-16,-18,-12,-14,-2.48,-2.56,-1.6,-2
-1.029e-01,-6,4,-4,4,-2.32,-2,-1.6,-1.2
-1.026e-01,4.47035e-08,-4,2,4.47035e-08,-2.08,-2.24,-1.6,-2
-1.024e-01,8,18,8,16,-1.92,-1.68,-1.6,-0.8
-1.021e-01,14,12,16,12,-1.68,-1.84,-1.2,-1.6
-1.018e-01,24,34,24,32,-1.52,-1.2,-1.2,-0.4
-1.016e-01,30,28,32,28,-1.28,-1.36,-0.8,-1.2
-1.013e-01,38,50,36,46,-1.04,-0.72,-0.8,1.78814e-08
-1.011e-01,50,44,44,42,-0.8,-0.88,-0.8,-1.2
-1.008e-01,56,66,50,58,-0.48,-0.24,-0.4,0.4
-1.006e-01,64,60,58,54,-0.24,-0.4,-0.4,-0.4
-1.003e-01,68,78,64,70,3.57628e-09,0.24,1.78814e-08,0.8
-1.001e-01,78,72,70,66,0.24,0.16,1.78814e-08,-0.4
-9.980e-02,82,88,76,80,0.56,0.8,0.4,0.8
-9.955e-02,86,82,78,76,0.72,0.64,0.4,1.78814e-08
-9.929e-02,90,96,84,86,0.96,1.28,0.4,1.2
-9.903e-02,92,90,86,82,1.2,1.04,0.4,0.4
-9.878e-02,96,104,88,92,1.44,1.68,0.8,1.6
-9.852e-02,100,96,92,88,1.68,1.52,1.2,0.4
-9.827e-02,104,108,94,98,1.92,2.16,1.2,2
-9.801e-02,106,100,94,92,2.16,1.92,1.2,0.8
-9.775e-02,104,110,96,98,2.24,2.48,1.6,2
-9.750e-02,104,98,96,88,2.4,2.24,1.2,1.2
-9.724e-02,102,108,92,98,2.56,2.8,1.6,2.4
-9.699e-02,102,92,90,84,2.72,2.56,1.6,1.2
-9.673e-02,98,104,88,92,2.8,2.96,1.6,2.4
-9.647e-02,94,84,84,76,2.88,2.72,2,1.6
-9.622e-02,92,98,82,88,3.04,3.12,2,2.4
-9.596e-02,88,76,78,68,3.04,2.88,2,1.6
-9.571e-02,84,92,74,80,3.12,3.2,2,2.8
-9.545e-02,80,68,70,58,3.12,2.96,2,1.6
-9.519e-02,74,84,64,72,3.2,3.28,2,2.4
-9.494e-02,70,54,60,46,3.2,2.96,2,1.6
-9.468e-02,62,74,54,64,3.12,3.28,2,2.8
-9.442e-02,56,36,48,30,3.12,2.8,2,1.2
-9.417e-02,46,60,40,50,3.04,3.2,2,2.4
-9.391e-02,38,20,32,14,2.88,2.48,2,1.2
-9.366e-02,28,42,24,34,2.8,3.04,2,2.4
-9.340e-02,20,4,16,4.47035e-08,2.72,2.24,1.6,1.2
-9.314e-02,14,26,8,18,2.56,2.72,1.6,2
-9.289e-02,6,-12,4.47035e-08,-14,2.32,1.84,1.6,0.8
-9.263e-02,-4,10,-6,4,2.16,2.48,1.6,2
-9.238e-02,-10,-28,-12,-28,2,1.44,1.2,0.4
-9.212e-02,-18,-6,-20,-10,1.76,2.08,0.8,1.6
-9.186e-02,-26,-44,-26,-42,1.52,0.96,0.8,1.78814e-08
-9.161e-02,-34,-20,-34,-24,1.28,1.68,0.8,1.6
-9.135e-02,-44,-60,-42,-56,1.04,0.48,0.4,-0.4
-9.110e-02,-48,-38,-48,-38,0.8,1.2,1.78814e-08,1.2
-9.084e-02,-58,-72,-56,-70,0.56,3.57628e-09,1.78814e-08,-0.4
-9.058e-02,-66,-52,-62,-52,0.24,0.64,-0.4,0.8
-9.033e-02,-70,-84,-68,-80,0.08,-0.56,1.78814e-08,-1.2
-9.007e-02,-76,-66,-72,-64,-0.24,0.08,-0.4,0.4
-8.982e-02,-82,-94,-78,-88,-0.48,-1.04,-0.4,-1.2
-8.956e-02,-88,-78,-84,-76,-0.72,-0.4,-0.4,1.78814e-08
-8.930e-02,-92,-102,-86,-94,-0.96,-1.44,-0.8,-1.6
-8.905e-02,-96,-88,-88,-84,-1.2,-0.88,-1.2,-0.4
-8.879e-02,-98,-108,-94,-100,-1.44,-1.92,-1.2,-2
-8.854e-02,-102,-94,-96,-90,-1.6,-1.28,-1.6,-0.8
-8.828e-02,-104,-110,-98,-102,-1.84,-2.32,-1.2,-2
-8.802e-02,-108,-100,-100,-94,-2,-1.76,-1.6,-0.8
-8.777e-02,-106,-110,-100,-102,-2.24,-2.64,-1.6,-2.4
-8.751e-02,-106,-100,-98,-94,-2.4,-2.16,-2,-1.2
-8.726e-02,-102,-108,-96,-98,-2.48,-2.88,-2,-2.4
-8.700e-02,-102,-96,-96,-90,-2.64,-2.4,-2,-1.2
-8.674e-02,-98,-104,-92,-94,-2.8,-3.04,-2,-2.4
-8.649e-02,-96,-90,-90,-84,-2.88,-2.64,-2,-1.6
-8.623e-02,-94,-96,-86,-88,-2.96,-3.12,-2,-2.8
-8.598e-02,-88,-82,-82,-78,-2.96,-2.88,-2,-1.6
-8.572e-02,-86,-90,-78,-82,-3.04,-3.2,-2.4,-2.8
-8.546e-02,-82,-72,-74,-70,-3.12,-2.96,-2.4,-1.6
-8.521e-02,-76,-80,-70,-72,-3.12,-3.28,-2.4,-2.8
-8.495e-02,-72,-62,-64,-58,-3.12,-3.04,-2.4,-1.6
-8.470e-02,-64,-68,-60,-62,-3.12,-3.2,-2.4,-2.8
-8.444e-02,-58,-46,-54,-44,-3.04,-2.88,-2.4,-1.6
-8.418e-02,-50,-54,-46,-48,-2.96,-3.12,-2,-2.4
-8.393e-02,-40,-30,-38,-28,-2.88,-2.72,-2,-1.6
-8.367e-02,-32,-36,-28,-32,-2.72,-2.88,-2,-2.4
-8.342e-02,-24,-12,-20,-12,-2.56,-2.4,-2,-1.2
-8.316e-02,-16,-20,-12,-16,-2.48,-2.64,-2,-2.4
-8.290e-02,-8,2,-4,2,-2.32,-2.08,-1.6,-1.2
-8.265e-02,4.47035e-08,-4,2,-2,-2.16,-2.24,-1.6,-2
-8.239e-02,6,18,8,16,-1.92,-1.68,-1.2,-0.8
-8.214e-02,16,10,14,12,-1.68,-1.84,-1.2,-1.6
-8.188e-02,22,34,22,30,-1.52,-1.28,-1.2,-0.4
-8.162e-02,32,26,28,26,-1.28,-1.44,-1.2,-1.6
-8.137e-02,40,50,36,44,-1.04,-0.8,-0.8,1.78814e-08
-8.111e-02,48,44,42,40,-0.8,-0.88,-0.8,-1.2
-8.086e-02,56,64,50,58,-0.56,-0.24,-0.4,0.4
-8.060e-02,64,58,56,54,-0.32,-0.4,1.78814e-08,-0.8
-8.034e-02,70,78,64,70,-0.08,0.24,1.78814e-08,0.4
-8.009e-02,74,72,70,66,0.24,0.08,1.78814e-08,-0.4
-7.983e-02,82,88,74,80,0.48,0.72,1.78814e-08,0.8
-7.958e-02,84,82,78,76,0.72,0.64,0.4,1.78814e-08
-7.932e-02,90,96,82,86,0.96,1.2,0.4,1.2
-7.906e-02,94,90,84,82,1.2,1.04,0.8,0.4
-7.881e-02,96,104,88,92,1.44,1.68,0.8,1.6
-7.855e-02,102,96,92,88,1.6,1.44,0.8,0.8
-7.830e-02,104,108,94,98,1.84,2.16,1.2,2
-7.804e-02,104,100,94,92,2.08,1.92,1.2,0.8
-7.778e-02,106,110,96,98,2.24,2.48,1.2,2
-7.753e-02,104,98,96,88,2.48,2.24,1.6,1.2
-7.727e-02,104,108,92,98,2.56,2.72,1.6,2.4
-7.702e-02,100,92,90,84,2.72,2.56,2,1.2
-7.676e-02,96,104,88,94,2.8,2.96,2,2.4
-7.650e-02,96,86,84,76,2.88,2.72,1.6,1.6
-7.625e-02,92,100,82,88,2.96,3.12,2,2.4
-7.599e-02,88,78,80,70,3.04,2.88,2,1.6
-7.574e-02,84,92,74,80,3.12,3.2,2,2.8
-7.548e-02,80,68,72,60,3.2,2.96,2,1.6
-7.522e-02,76,84,66,74,3.12,3.28,2,2.8
-7.497e-02,68,56,62,48,3.2,2.96,2,1.6
-7.471e-02,64,74,56,64,3.12,3.28,2,2.4
-7.446e-02,56,38,48,32,3.12,2.8,2,1.2
-7.420e-02,48,62,42,52,3.04,3.2,2,2.4
-7.394e-02,38,20,34,16,2.88,2.56,1.6,1.2
-7.369e-02,30,44,26,36,2.8,3.04,1.6,2.4
-7.343e-02,22,4,16,2,2.72,2.24,1.6,1.2
-7.318e-02,14,26,8,20,2.48,2.72,1.6,2
-7.292e-02,6,-12,2,-12,2.4,1.92,1.6,0.8
-7.266e-02,-2,10,-4,6,2.24,2.48,1.6,2
-7.241e-02,-10,-26,-12,-26,2,1.44,1.2,0.4
-7.215e-02,-14,-4,-18,-8,1.84,2.08,1.2,1.6
-7.190e-02,-24,-42,-26,-42,1.6,1.04,0.8,1.78814e-08
-7.164e-02,-34,-20,-32,-22,1.36,1.68,0.8,1.6
-7.138e-02,-40,-58,-40,-56,1.12,0.48,0.4,1.78814e-08
-7.113e-02,-48,-36,-48,-38,0.88,1.2,0.4,1.2
-7.087e-02,-56,-72,-54,-68,0.56,3.57628e-09,1.78814e-08,-0.4
-7.062e-02,-64,-52,-60,-52,0.32,0.64,1.78814e-08,0.8
-7.036e-02,-68,-84,-68,-80,0.08,-0.48,1.78814e-08,-0.8
-7.010e-02,-76,-64,-72,-64,-0.16,0.16,-0.4,0.4
-6.985e-02,-80,-94,-78,-88,-0.48,-0.96,-0.4,-1.2
-6.959e-02,-86,-78,-82,-76,-0.64,-0.4,-0.8,1.78814e-08
-6.934e-02,-90,-100,-86,-94,-0.96,-1.44,-0.8,-1.6
-6.908e-02,-96,-86,-90,-84,-1.12,-0.8,-1.2,-0.4
-6.882e-02,-98,-106,-92,-100,-1.36,-1.92,-1.2,-2
-6.857e-02,-102,-94,-96,-90,-1.6,-1.28,-1.6,-0.4
-6.831e-02,-104,-110,-98,-102,-1.84,-2.32,-1.2,-2
-6.806e-02,-106,-100,-98,-94,-2,-1.68,-1.6,-0.8
-6.780e-02,-108,-110,-100,-102,-2.16,-2.64,-1.6,-2.4
-6.754e-02,-106,-100,-100,-94,-2.4,-2.08,-1.6,-1.2
-6.729e-02,-104,-108,-98,-100,-2.48,-2.8,-1.6,-2.4
-6.703e-02,-104,-96,-94,-90,-2.64,-2.4,-1.6,-1.2
-6.678e-02,-98,-104,-92,-96,-2.72,-3.04,-2,-2.4
-6.652e-02,-96,-90,-90,-84,-2.8,-2.64,-2,-1.6
-6.626e-02,-96,-96,-86,-90,-2.88,-3.2,-2,-2.8
-6.601e-02,-90,-84,-82,-78,-2.96,-2.88,-2,-1.6
-6.575e-02,-86,-90,-80,-82,-3.04,-3.2,-2,-2.8
-6.550e-02,-84,-74,-76,-70,-3.12,-2.96,-2.4,-1.6
-6.524e-02,-76,-82,-70,-74,-3.12,-3.2,-2.4,-2.8
-6.498e-02,-72,-64,-66,-58,-3.12,-3.04,-2.4,-1.6
-6.473e-02,-66,-70,-60,-64,-3.04,-3.2,-2,-2.8
-6.447e-02,-60,-48,-54,-46,-3.04,-2.96,-2,-1.6
-6.422e-02,-50,-54,-46,-50,-2.96,-3.12,-2,-2.4
-6.396e-02,-42,-30,-38,-28,-2.88,-2.72,-2,-1.6
-6.370e-02,-32,-38,-30,-32,-2.72,-2.88,-2,-2.4
-6.345e-02,-24,-14,-20,-12,-2.64,-2.4,-2,-1.2
-6.319e-02,-16,-20,-14,-16,-2.48,-2.64,-2,-2.4
-6.293e-02,-10,2,-6,2,-2.4,-2.08,-1.6,-1.2
-6.268e-02,4.47035e-08,-4,4.47035e-08,-2,-2.16,-2.24,-1.6,-2
-6.242e-02,6,16,8,14,-2,-1.68,-1.6,-0.8
-6.217e-02,12,10,14,10,-1.76,-1.92,-1.6,-1.6
-6.191e-02,24,32,22,30,-1.6,-1.28,-1.2,-0.4
-6.165e-02,30,26,28,26,-1.28,-1.44,-0.8,-1.6
-6.140e-02,38,48,36,42,-1.04,-0.8,-0.8,1.78814e-08
-6.114e-02,48,42,42,40,-0.8,-0.96,-0.4,-1.2
-6.089e-02,54,64,50,56,-0.56,-0.32,-0.4,1.78814e-08
-6.063e-02,60,56,56,52,-0.32,-0.4,1.78814e-08,-0.8
-6.037e-02,70,76,62,70,-0.08,0.24,1.78814e-08,0.4
-6.012e-02,74,70,68,64,0.24,0.08,1.78814e-08,-0.4
-5.986e-02,80,88,74,78,0.4,0.72,0.4,0.8
-5.961e-02,86,80,78,74,0.72,0.56,0.4,1.78814e-08
-5.935e-02,90,96,82,86,0.96,1.2,0.8,1.2
-5.909e-02,94,90,84,82,1.12,1.04,0.8,0.4
-5.884e-02,96,102,88,92,1.36,1.68,0.8,1.6
-5.858e-02,100,96,90,88,1.68,1.44,1.2,0.8
-5.833e-02,104,108,92,96,1.84,2.08,1.2,2
-5.807e-02,106,100,96,92,2.08,1.92,1.2,0.8
-5.781e-02,104,108,94,98,2.24,2.4,1.2,2
-5.756e-02,104,98,94,88,2.4,2.24,1.6,1.2
-5.730e-02,102,108,94,96,2.56,2.72,1.6,2.4
-5.705e-02,102,92,90,84,2.64,2.48,1.6,1.2
-5.679e-02,98,104,88,94,2.8,2.96,2,2.4
-5.653e-02,96,86,86,78,2.88,2.72,2,1.6
-5.628e-02,92,100,82,88,2.96,3.12,2,2.4
-5.602e-02,90,78,78,70,3.04,2.88,1.6,1.6
-5.577e-02,86,92,76,82,3.04,3.2,2,2.8
-5.551e-02,80,68,72,60,3.12,2.96,2,1.6
-5.525e-02,76,84,68,74,3.12,3.28,2,2.8
-5.500e-02,72,56,62,48,3.12,2.96,2,1.6
-5.474e-02,66,76,58,64,3.2,3.28,2,2.8
-5.449e-02,56,38,50,34,3.12,2.8,2,1.2
-5.423e-02,50,62,42,52,3.04,3.2,2,2.4
-5.397e-02,42,22,32,16,2.96,2.56,2,1.2
-5.372e-02,30,44,26,36,2.8,3.04,1.6,2.4
-5.346e-02,24,6,18,2,2.72,2.24,1.6,1.2
-5.321e-02,16,28,10,20,2.56,2.72,1.2,2.4
-5.295e-02,8,-10,4,-12,2.4,1.92,1.6,0.8
-5.269e-02,4.47035e-08,12,-4,6,2.24,2.48,1.2,2
-5.244e-02,-8,-24,-10,-26,2.08,1.44,1.6,0.4
-5.218e-02,-16,-4,-16,-8,1.84,2.08,1.2,1.6
-5.193e-02,-24,-42,-24,-40,1.6,1.04,0.8,1.78814e-08
-5.167e-02,-32,-18,-32,-20,1.36,1.68,0.8,1.6
-5.141e-02,-40,-58,-40,-54,1.12,0.56,0.8,1.78814e-08
-5.116e-02,-46,-34,-46,-36,0.88,1.2,0.4,1.2
-5.090e-02,-54,-70,-54,-68,0.56,0.08,0.4,-0.4
-5.065e-02,-62,-50,-60,-50,0.4,0.72,1.78814e-08,0.8
-5.039e-02,-68,-82,-66,-78,0.08,-0.48,1.78814e-08,-0.8
-5.013e-02,-74,-64,-72,-64,-0.16,0.16,-0.4,0.4
-4.988e-02,-82,-92,-78,-86,-0.4,-0.96,-0.4,-1.2
-4.962e-02,-86,-76,-82,-74,-0.64,-0.32,-0.8,1.78814e-08
-4.937e-02,-88,-100,-86,-94,-0.88,-1.44,-0.4,-1.6
-4.911e-02,-94,-86,-88,-82,-1.12,-0.8,-0.8,-0.4
-4.885e-02,-96,-108,-92,-98,-1.36,-1.84,-1.2,-2
-4.860e-02,-102,-94,-94,-90,-1.52,-1.2,-1.2,-0.4
-4.834e-02,-106,-110,-96,-102,-1.76,-2.24,-1.2,-2
-4.809e-02,-104,-100,-98,-94,-2,-1.68,-2,-0.8
-4.783e-02,-106,-110,-100,-102,-2.16,-2.56,-1.6,-2.4
-4.757e-02,-106,-100,-98,-96,-2.32,-2.08,-1.6,-1.2
-4.732e-02,-106,-108,-98,-100,-2.48,-2.8,-2,-2.4
-4.706e-02,-102,-96,-96,-90,-2.56,-2.4,-2,-1.2
-4.681e-02,-102,-104,-94,-96,-2.72,-2.96,-2,-2.4
-4.655e-02,-96,-90,-90,-86,-2.88,-2.64,-2.4,-1.6
-4.629e-02,-92,-98,-88,-90,-2.96,-3.12,-2,-2.8
-4.604e-02,-90,-84,-84,-78,-2.96,-2.8,-2,-1.6
-4.578e-02,-86,-90,-80,-82,-3.04,-3.2,-2,-2.8
-4.553e-02,-84,-76,-76,-70,-3.12,-2.96,-2,-1.6
-4.527e-02,-78,-82,-72,-74,-3.12,-3.2,-2.4,-2.8
-4.501e-02,-72,-64,-66,-60,-3.12,-3.04,-2,-1.6
-4.476e-02,-66,-70,-62,-64,-3.12,-3.2,-2,-2.8
-4.450e-02,-60,-50,-54,-46,-3.04,-2.96,-2,-1.6
-4.425e-02,-52,-56,-48,-50,-3.04,-3.12,-2,-2.4
-4.399e-02,-44,-32,-40,-30,-2.88,-2.72,-2,-1.6
-4.373e-02,-34,-38,-32,-34,-2.8,-2.88,-2,-2.4
-4.348e-02,-26,-16,-22,-14,-2.64,-2.4,-1.6,-1.2
-4.322e-02,-16,-22,-16,-18,-2.48,-2.64,-1.6,-2
-4.297e-02,-10,4.47035e-08,-8,4.47035e-08,-2.32,-2.16,-1.6,-1.2
-4.271e-02,-2,-6,-2,-4,-2.16,-2.32,-1.6,-2
-4.245e-02,6,16,6,14,-2,-1.76,-1.2,-0.8
-4.220e-02,12,8,12,10,-1.84,-1.92,-1.2,-1.6
-4.194e-02,20,32,20,28,-1.52,-1.28,-1.2,-0.4
-4.169e-02,30,26,28,24,-1.36,-1.52,-0.8,-1.6
-4.143e-02,36,48,36,42,-1.12,-0.8,-0.8,-0.4
-4.117e-02,44,40,42,38,-0.88,-0.96,-0.8,-1.2
-4.092e-02,52,62,48,56,-0.64,-0.32,-0.4,0.4
-4.066e-02,60,56,56,52,-0.4,-0.48,-0.4,-0.8
-4.041e-02,68,76,62,68,-0.08,0.16,1.78814e-08,0.4
-4.015e-02,72,70,68,64,0.16,0.08,1.78814e-08,-0.4
-3.989e-02,80,86,72,78,0.4,0.72,0.4,0.8
-3.964e-02,84,80,76,74,0.64,0.56,0.4,1.78814e-08
-3.938e-02,88,96,80,86,0.88,1.2,0.4,1.2
-3.913e-02,94,88,84,82,1.12,0.96,0.8,0.4
-3.887e-02,96,102,86,92,1.36,1.6,0.8,1.6
-3.861e-02,102,96,90,88,1.52,1.44,0.8,0.4
-3.836e-02,104,108,92,96,1.84,2.08,1.2,2
-3.810e-02,106,100,94,92,2,1.84,1.2,0.8
-3.785e-02,104,110,94,98,2.24,2.4,1.2,2
-3.759e-02,106,98,94,90,2.4,2.24,1.6,1.2
-3.733e-02,102,108,94,98,2.56,2.72,2,2.4
-3.708e-02,102,94,92,84,2.64,2.48,1.6,1.2
-3.682e-02,100,106,88,94,2.72,2.88,1.6,2.4
-3.657e-02,96,86,86,78,2.8,2.72,2,1.6
-3.631e-02,94,100,82,88,2.96,3.04,2,2.4
-3.605e-02,88,80,80,70,3.04,2.88,2,1.6
-3.580e-02,86,94,76,82,3.04,3.2,2,2.8
-3.554e-02,82,70,72,60,3.12,2.96,2,1.6
-3.529e-02,76,86,68,74,3.2,3.28,2,2.8
-3.503e-02,72,56,62,50,3.2,2.96,2,1.6
-3.477e-02,64,76,58,66,3.2,3.28,2,2.8
-3.452e-02,60,40,50,34,3.2,2.8,2,1.6
-3.426e-02,50,64,44,54,3.04,3.2,2,2.4
-3.401e-02,42,22,36,18,2.96,2.56,2,1.2
-3.375e-02,32,46,28,38,2.88,3.04,1.6,2.4
-3.349e-02,24,6,20,4,2.72,2.24,1.6,1.2
-3.324e-02,16,30,10,22,2.56,2.8,1.6,2.4
-3.298e-02,10,-10,4,-10,2.48,1.92,1.2,0.8
-3.273e-02,4.47035e-08,14,-2,6,2.24,2.48,1.2,2
-3.247e-02,-6,-24,-10,-24,2.08,1.52,1.2,0.4
-3.221e-02,-14,-2,-16,-6,1.92,2.16,1.2,1.6
-3.196e-02,-20,-40,-24,-40,1.68,1.12,0.8,0.4
-3.170e-02,-30,-18,-32,-20,1.36,1.76,0.8,1.6
-3.144e-02,-38,-56,-38,-54,1.2,0.64,0.4,1.78814e-08
-3.119e-02,-48,-34,-46,-36,0.96,1.28,0.4,1.2
-3.093e-02,-56,-70,-52,-66,0.64,0.08,1.78814e-08,-0.4
-3.068e-02,-58,-48,-60,-48,0.4,0.72,1.78814e-08,0.8
-3.042e-02,-66,-82,-66,-78,0.16,-0.48,1.78814e-08,-0.8
-3.016e-02,-74,-62,-72,-62,-0.16,0.24,-0.4,0.4
-2.991e-02,-80,-92,-78,-86,-0.4,-0.88,-0.4,-1.2
-2.965e-02,-86,-76,-82,-74,-0.64,-0.24,-0.8,1.78814e-08
-2.940e-02,-90,-100,-86,-94,-0.88,-1.36,-0.8,-1.6
-2.914e-02,-94,-86,-88,-82,-1.12,-0.72,-0.8,-0.4
-2.888e-02,-98,-106,-92,-98,-1.28,-1.84,-1.2,-2
-2.863e-02,-100,-92,-94,-88,-1.52,-1.2,-1.2,-0.4
-2.837e-02,-104,-110,-98,-102,-1.76,-2.24,-1.2,-2
-2.812e-02,-106,-100,-98,-94,-1.92,-1.68,-1.6,-0.8
-2.786e-02,-106,-110,-100,-102,-2.16,-2.56,-2,-2.4
-2.760e-02,-106,-100,-100,-96,-2.32,-2.08,-2,-1.2
-2.735e-02,-106,-108,-98,-100,-2.48,-2.8,-2,-2.4
-2.709e-02,-102,-96,-96,-92,-2.56,-2.4,-2,-1.2
-2.684e-02,-102,-104,-94,-96,-2.72,-2.96,-2,-2.4
-2.658e-02,-98,-90,-90,-86,-2.8,-2.64,-2,-1.6
-2.632e-02,-94,-98,-88,-90,-2.88,-3.12,-2.4,-2.8
-2.607e-02,-90,-84,-84,-78,-2.96,-2.8,-2,-1.6
-2.581e-02,-88,-90,-80,-84,-3.04,-3.2,-2,-2.8
-2.556e-02,-86,-76,-78,-70,-3.04,-2.96,-2.4,-1.6
-2.530e-02,-80,-82,-72,-76,-3.12,-3.2,-2.4,-2.8
-2.504e-02,-72,-64,-68,-60,-3.12,-3.04,-2.4,-1.6
-2.479e-02,-66,-72,-62,-64,-3.12,-3.2,-2,-2.8
-2.453e-02,-62,-50,-58,-48,-3.04,-2.96,-2,-1.6
-2.428e-02,-52,-58,-48,-52,-3.04,-3.12,-2,-2.4
-2.402e-02,-46,-32,-40,-30,-2.88,-2.72,-2,-1.6
-2.376e-02,-36,-40,-32,-34,-2.72,-2.88,-2,-2.4
-2.351e-02,-26,-16,-26,-16,-2.64,-2.48,-2,-1.2
-2.325e-02,-18,-22,-16,-18,-2.56,-2.64,-1.6,-2.4
-2.300e-02,-12,4.47035e-08,-8,4.47035e-08,-2.4,-2.16,-1.6,-1.2
-2.274e-02,-4,-6,-2,-4,-2.16,-2.32,-1.6,-2
-2.248e-02,4,14,6,12,-2,-1.76,-1.6,-0.8
-2.223e-02,12,8,10,8,-1.84,-1.92,-1.2,-1.6
-2.197e-02,20,30,18,26,-1.6,-1.36,-1.2,-0.4
-2.172e-02,26,24,26,22,-1.36,-1.52,-0.8,-1.6
-2.146e-02,34,46,34,42,-1.12,-0.88,-0.8,1.78814e-08
-2.120e-02,42,40,40,38,-0.88,-1.04,-0.8,-1.2
-2.095e-02,52,62,46,54,-0.64,-0.32,-0.4,0.4
-2.069e-02,60,54,54,50,-0.4,-0.48,1.78814e-08,-0.8
-2.044e-02,66,76,60,68,-0.08,0.16,-0.4,0.4
-2.018e-02,72,68,66,64,0.16,3.57628e-09,1.78814e-08,-0.4
-1.992e-02,78,86,72,78,0.4,0.64,0.4,0.8
-1.967e-02,84,80,76,74,0.64,0.48,0.4,1.78814e-08
-1.941e-02,88,94,80,86,0.88,1.12,0.8,1.2
-1.916e-02,92,88,84,82,1.12,0.96,0.8,0.4
-1.890e-02,94,102,86,92,1.28,1.6,0.8,1.6
-1.864e-02,98,96,90,88,1.52,1.36,1.2,0.4
-1.839e-02,102,108,92,96,1.76,2,1.2,2
-1.813e-02,104,100,94,92,2,1.84,1.2,0.8
-1.788e-02,106,110,96,98,2.24,2.4,1.2,2
-1.762e-02,104,98,96,90,2.32,2.16,1.6,1.2
-1.736e-02,104,108,94,98,2.48,2.72,1.6,2.4
-1.711e-02,102,94,92,84,2.64,2.48,1.6,1.2
-1.685e-02,100,106,90,94,2.72,2.88,1.6,2.4
-1.660e-02,96,86,86,78,2.88,2.64,2,1.2
-1.634e-02,92,100,82,88,2.96,3.04,2,2.4
-1.608e-02,92,80,80,70,2.96,2.8,2,1.6
-1.583e-02,86,94,76,82,3.04,3.2,2,2.8
-1.557e-02,82,70,72,62,3.12,2.96,2,1.6
-1.532e-02,78,86,68,74,3.2,3.2,2,2.8
-1.506e-02,72,58,64,50,3.2,2.96,2,1.6
-1.480e-02,66,76,58,66,3.2,3.28,2,2.8
-1.455e-02,62,42,52,36,3.2,2.8,2,1.6
-1.429e-02,52,64,44,54,3.04,3.2,2,2.8
-1.404e-02,42,24,36,20,2.96,2.64,2,1.2
-1.378e-02,34,48,28,40,2.8,3.04,2,2.4
-1.352e-02,24,8,22,4,2.72,2.32,1.6,0.8
-1.327e-02,18,30,12,24,2.56,2.8,1.6,2.4
-1.301e-02,10,-8,4,-10,2.48,2,1.6,0.8
-1.276e-02,2,14,4.47035e-08,8,2.24,2.56,1.2,2
-1.250e-02,-4,-24,-10,-22,2.08,1.6,1.2,0.4
-1.224e-02,-14,-2,-16,-6,1.84,2.16,1.2,1.6
-1.199e-02,-20,-40,-22,-38,1.68,1.12,1.2,0.4
-1.173e-02,-30,-16,-30,-18,1.44,1.76,0.8,1.6
-1.148e-02,-38,-54,-36,-52,1.2,0.64,0.4,1.78814e-08
-1.122e-02,-46,-32,-44,-34,0.96,1.28,0.4,1.2
-1.096e-02,-52,-68,-50,-66,0.72,0.08,0.4,-0.4
-1.071e-02,-60,-48,-58,-48,0.4,0.8,1.78814e-08,0.8
-1.045e-02,-66,-82,-66,-78,0.16,-0.4,-0.4,-0.8
-1.020e-02,-72,-62,-70,-62,-0.08,0.24,-0.4,0.4
-9.940e-03,-80,-92,-76,-86,-0.32,-0.88,-0.4,-1.2
-9.684e-03,-84,-76,-80,-72,-0.56,-0.24,-0.8,1.78814e-08
-9.428e-03,-88,-98,-84,-100,-0.8,-1.12,-0.8,-3.6
-9.172e-03,-92,-18,-88,16,-1.04,0.08,-0.8,1.78814e-08
-8.916e-03,-82,-86,-18,-46,-0.56,-0.88,-3.2,-7.6
-8.659e-03,-76,-32,-32,4.47035e-08,-0.64,-0.16,-5.2,-2.8
-8.403e-03,-50,-60,-2,-8,-0.16,-0.8,-7.6,-12
-8.147e-03,-52,-42,4,6,-0.48,-0.08,-9.6,-6.8
-7.891e-03,-56,-60,-2,-8,-0.64,-0.8,-12,-16
-7.635e-03,-56,-50,-6,4.47035e-08,-0.64,-0.56,-13.6,-11.2
-7.379e-03,-58,-62,-2,-6,-0.72,-0.96,-15.6,-18.8
-7.123e-03,-60,-54,-4,4.47035e-08,-0.8,-0.64,-17.2,-15.2
-6.867e-03,-58,-62,-4,-8,-0.88,-1.04,-18.4,-21.2
-6.611e-03,-58,-52,-4,-2,-0.88,-0.8,-20,-18
-6.355e-03,-56,-60,-4,-8,-0.96,-1.12,-20.8,-22.8
-6.099e-03,-56,-50,-4,-2,-0.96,-0.88,-21.6,-20.4
-5.843e-03,-56,-58,-6,-6,-1.04,-1.2,-22.4,-23.6
-5.587e-03,-52,-48,-4,-2,-1.04,-0.96,-22.8,-21.6
-5.331e-03,-50,-56,-4,-8,-1.04,-1.2,-23.2,-23.6
-5.075e-03,-48,-44,-6,-2,-1.04,-0.96,-23.2,-22.4
-4.819e-03,-46,-50,-4,-8,-1.04,-1.2,-23.2,-23.6
-4.563e-03,-42,-36,-4,-2,-1.04,-0.96,-22.8,-22
-4.307e-03,-42,-44,-4,-8,-1.04,-1.12,-22.4,-22.8
-4.051e-03,-36,-28,-4,-2,-1.04,-0.88,-22,-20.4
-3.795e-03,-30,-34,-4,-8,-0.96,-1.04,-20.8,-21.6
-3.539e-03,-26,-18,-4,-2,-0.88,-0.72,-20,-18
-3.283e-03,-22,-26,-4,-8,-0.88,-0.96,-18.4,-19.2
-3.027e-03,-18,-10,-6,-2,-0.8,-0.64,-16.8,-15.6
-2.771e-03,-12,-16,-4,-8,-0.72,-0.8,-15.6,-16.4
-2.515e-03,-8,4.47035e-08,-4,-2,-0.64,-0.48,-14,-12.4
-2.259e-03,-6,-8,-2,-6,-0.56,-0.64,-12.4,-13.2
-2.003e-03,-2,8,-4,-2,-0.48,-0.32,-10.8,-8.8
-1.747e-03,6,4.47035e-08,-4,-6,-0.4,-0.48,-9.2,-9.6
-1.491e-03,10,18,-4,-2,-0.32,-0.16,-7.2,-5.2
-1.235e-03,14,10,-4,-6,-0.16,-0.32,-5.6,-6
-9.790e-04,20,26,-4,4.47035e-08,-0.08,0.08,-3.6,-1.6
-7.230e-04,22,18,-2,-6,3.57628e-09,-0.08,-1.6,-2.4
-4.670e-04,26,34,-2,4.47035e-08,0.16,0.32,0.4,2.4
-2.110e-04,32,28,-2,-6,0.24,0.16,2,1.6
4.506e-05,36,42,-4,4.47035e-08,0.32,0.56,4,6
3.011e-04,38,34,-2,-4,0.48,0.32,6,5.2
5.571e-04,42,50,-2,4.47035e-08,0.56,0.72,7.6,10
8.131e-04,44,42,-2,-4,0.64,0.56,9.6,9.2
1.069e-03,48,54,4.47035e-08,2,0.8,0.96,11.2,13.6
1.325e-03,50,48,-2,-4,0.88,0.8,13.2,12.8
1.581e-03,54,60,4.47035e-08,2,1.04,1.2,14.8,16.8
1.837e-03,56,52,-2,-4,1.12,0.96,16.4,16
2.093e-03,58,62,4.47035e-08,2,1.2,1.28,18,19.6
2.349e-03,58,54,4.47035e-08,-2,1.28,1.12,19.6,18.8
2.605e-03,58,64,4.47035e-08,2,1.28,1.44,20.8,22.4
2.861e-03,58,56,4.47035e-08,-2,1.36,1.28,22,21.6
3.117e-03,60,64,4.47035e-08,2,1.44,1.6,22.8,24
3.373e-03,58,54,4.47035e-08,-2,1.52,1.36,24,23.2
3.629e-03,58,62,4.47035e-08,4,1.52,1.68,24.4,25.2
3.885e-03,54,50,4.47035e-08,-2,1.6,1.44,24.8,24.4
4.141e-03,56,60,4.47035e-08,4,1.6,1.68,25.6,26
4.397e-03,52,46,4.47035e-08,-2,1.6,1.44,25.6,25.2
4.653e-03,54,58,2,4,1.68,1.68,26,26.4
4.909e-03,52,40,4.47035e-08,-2,1.6,1.44,25.2,24.4
5.165e-03,48,52,2,4,1.68,1.68,25.6,26
5.421e-03,42,32,4.47035e-08,-2,1.68,1.36,25.2,23.2
5.677e-03,40,46,4.47035e-08,4,1.6,1.68,24.4,25.2
5.933e-03,36,22,4.47035e-08,-2,1.52,1.28,23.6,20.8
6.189e-03,30,38,4.47035e-08,4,1.44,1.6,22.4,24
6.445e-03,24,14,4.47035e-08,-2,1.44,1.2,21.2,18
6.701e-03,20,30,4.47035e-08,4,1.36,1.52,20,21.6
6.958e-03,16,4,4.47035e-08,-2,1.28,1.04,18.8,14.8
7.214e-03,10,20,4.47035e-08,2,1.2,1.36,16.8,19.2
7.470e-03,8,-4,4.47035e-08,-2,1.12,0.88,15.2,11.6
7.726e-03,2,12,4.47035e-08,2,1.04,1.2,13.2,15.6
7.982e-03,-2,-14,4.47035e-08,-4,0.96,0.72,11.6,8
8.238e-03,-6,2,4.47035e-08,2,0.88,1.04,9.6,12.4
8.494e-03,-12,-22,-2,-4,0.8,0.48,8,4
8.750e-03,-16,-6,-2,2,0.64,0.88,6,8.8
9.006e-03,-20,-30,-2,-4,0.56,0.24,4.4,1.78814e-08
9.262e-03,-26,-16,-2,2,0.48,0.64,2,4.8
9.518e-03,-30,-40,-2,-4,0.32,0.08,1.78814e-08,-3.6
9.774e-03,-34,-24,-2,2,0.24,0.4,-1.6,0.8
1.003e-02,-38,-46,-2,-6,0.16,-0.16,-3.6,-7.6
1.029e-02,-40,-32,-2,4.47035e-08,0.08,0.24,-5.6,-3.2
1.054e-02,-44,-52,-2,-6,-0.08,-0.4,-7.6,-11.2
1.080e-02,-46,-38,-2,4.47035e-08,-0.16,3.57628e-09,-9.2,-6.8
1.105e-02,-50,-58,-2,-6,-0.32,-0.56,-11.2,-14.8
1.131e-02,-52,-46,-4,4.47035e-08,-0.4,-0.24,-12.8,-10.4
1.157e-02,-54,-62,-2,-6,-0.56,-0.8,-14.8,-18
1.182e-02,-58,-50,-2,4.47035e-08,-0.64,-0.4,-16,-14
1.208e-02,-60,-64,-4,-6,-0.72,-0.96,-18,-20.8
1.233e-02,-60,-54,-4,-2,-0.8,-0.64,-19.2,-17.2
1.259e-02,-60,-64,-4,-6,-0.88,-1.12,-20.8,-22.8
1.285e-02,-60,-56,-4,-2,-0.88,-0.8,-21.6,-20
1.310e-02,-62,-64,-4,-8,-1.04,-1.2,-22.8,-24.4
1.336e-02,-58,-54,-4,-2,-1.04,-0.88,-23.6,-22
1.361e-02,-58,-62,-4,-8,-1.12,-1.28,-24.4,-25.6
1.387e-02,-58,-54,-6,-2,-1.12,-1.04,-24.8,-23.6
1.413e-02,-56,-60,-4,-8,-1.12,-1.28,-25.2,-26
1.438e-02,-54,-48,-4,-2,-1.2,-1.04,-25.6,-24.8
1.464e-02,-54,-56,-4,-8,-1.2,-1.36,-25.6,-26
1.489e-02,-50,-46,-6,-2,-1.2,-1.12,-25.2,-24.8
1.515e-02,-48,-52,-6,-8,-1.2,-1.28,-25.2,-25.6
1.541e-02,-46,-38,-4,-2,-1.2,-1.12,-24.8,-24
1.566e-02,-40,-46,-4,-8,-1.2,-1.28,-24.4,-24.8
1.592e-02,-38,-30,-6,-2,-1.12,-1.04,-23.6,-22
1.617e-02,-32,-36,-4,-8,-1.04,-1.2,-22.4,-22.8
1.643e-02,-28,-20,-4,-2,-0.96,-0.88,-21.2,-19.6
1.669e-02,-24,-26,-6,-8,-0.96,-1.04,-20,-20.4
1.694e-02,-20,-10,-4,-2,-0.88,-0.72,-18.4,-16.8
1.720e-02,-14,-18,-4,-6,-0.8,-0.96,-16.8,-17.6
1.745e-02,-8,-2,-4,-2,-0.72,-0.64,-15.2,-13.2
1.771e-02,-6,-10,-4,-6,-0.72,-0.8,-13.2,-14.4
1.797e-02,-2,6,-4,-2,-0.64,-0.48,-11.6,-10
1.822e-02,2,4.47035e-08,-4,-6,-0.56,-0.56,-10,-10.8
1.848e-02,10,16,-4,-2,-0.4,-0.24,-8,-6
1.873e-02,12,10,-4,-6,-0.32,-0.4,-6.4,-6.8
1.899e-02,18,24,-2,4.47035e-08,-0.24,-0.08,-4.4,-2.4
1.925e-02,24,18,-2,-6,-0.08,-0.16,-2.4,-3.2
1.950e-02,26,34,-4,4.47035e-08,3.57628e-09,0.16,-0.4,1.6
1.976e-02,30,26,-2,-4,0.16,3.57628e-09,1.2,0.8
2.001e-02,34,42,-4,4.47035e-08,0.16,0.4,3.2,5.6
2.027e-02,38,34,-2,-4,0.32,0.24,5.2,4.8
2.053e-02,42,48,-2,4.47035e-08,0.4,0.56,7.2,9.6
2.078e-02,46,42,-2,-4,0.56,0.4,9.2,8.4
2.104e-02,46,54,4.47035e-08,2,0.64,0.8,10.8,12.8
2.129e-02,52,48,4.47035e-08,-4,0.72,0.64,12.8,12
2.155e-02,54,58,-2,2,0.88,1.04,14.4,16.4
2.181e-02,56,52,-2,-4,0.96,0.88,16,15.6
2.206e-02,58,62,4.47035e-08,2,1.12,1.2,17.6,19.6
2.232e-02,58,54,4.47035e-08,-4,1.12,1.04,19.6,18.8
2.257e-02,58,64,4.47035e-08,2,1.28,1.28,20.4,22
2.283e-02,60,54,4.47035e-08,-2,1.28,1.12,21.6,21.2
2.309e-02,58,64,4.47035e-08,2,1.36,1.44,22.8,24
2.334e-02,58,52,4.47035e-08,-2,1.36,1.2,23.6,23.2
2.360e-02,56,62,4.47035e-08,2,1.44,1.52,24.4,25.2
2.385e-02,56,50,4.47035e-08,-2,1.44,1.28,24.8,24.4
2.411e-02,54,60,4.47035e-08,4,1.52,1.6,25.2,26
2.437e-02,52,46,4.47035e-08,-2,1.52,1.36,25.2,24.8
2.462e-02,52,58,2,2,1.52,1.6,25.6,26
2.488e-02,50,40,4.47035e-08,-2,1.44,1.36,25.6,24.4
2.513e-02,48,54,4.47035e-08,4,1.52,1.6,25.2,26
2.539e-02,44,32,4.47035e-08,-2,1.52,1.28,24.8,23.2
2.565e-02,40,48,4.47035e-08,4,1.44,1.6,24.4,25.6
2.590e-02,36,24,4.47035e-08,-2,1.44,1.2,23.6,21.2
2.616e-02,30,40,4.47035e-08,4,1.36,1.52,22.8,24
2.641e-02,26,14,4.47035e-08,-2,1.28,1.04,21.6,18.4
2.667e-02,22,30,4.47035e-08,4,1.28,1.36,20,22
2.693e-02,16,6,4.47035e-08,-2,1.2,0.96,18.8,15.2
2.718e-02,14,20,4.47035e-08,2,1.12,1.28,17.2,19.2
2.744e-02,8,-4,4.47035e-08,-2,1.04,0.8,15.2,12
2.769e-02,4,12,4.47035e-08,2,0.96,1.12,13.6,16
2.795e-02,4.47035e-08,-12,4.47035e-08,-4,0.88,0.64,12,8.4
2.821e-02,-6,4,4.47035e-08,2,0.8,0.96,10,12.4
2.846e-02,-10,-22,4.47035e-08,-4,0.72,0.4,8.4,4.4
2.872e-02,-14,-6,4.47035e-08,2,0.56,0.8,6.4,9.2
2.897e-02,-20,-30,-2,-4,0.48,0.24,4.4,0.4
2.923e-02,-24,-16,4.47035e-08,2,0.4,0.56,2.4,5.2
2.949e-02,-26,-38,-2,-4,0.32,3.57628e-09,0.4,-3.6
2.974e-02,-32,-24,-2,2,0.16,0.32,-1.6,1.2
3.000e-02,-38,-46,4.47035e-08,-6,0.08,-0.24,-3.2,-7.2
3.025e-02,-38,-32,-2,4.47035e-08,-0.08,0.16,-5.2,-2.8
3.051e-02,-42,-52,-2,-6,-0.16,-0.48,-6.8,-11.2
3.077e-02,-48,-38,-2,4.47035e-08,-0.24,-0.08,-8.8,-6.4
3.102e-02,-50,-58,-2,-6,-0.4,-0.64,-10.8,-14.4
3.128e-02,-52,-46,-4,4.47035e-08,-0.48,-0.32,-12.4,-10
3.154e-02,-54,-62,-2,-6,-0.64,-0.88,-14.4,-17.6
3.179e-02,-56,-50,-2,4.47035e-08,-0.72,-0.48,-15.6,-13.6
3.205e-02,-60,-64,-4,-6,-0.8,-1.04,-17.6,-20.8
3.230e-02,-58,-54,-4,4.47035e-08,-0.88,-0.72,-19.2,-16.8
3.256e-02,-60,-64,-6,-6,-0.96,-1.12,-20.4,-22.8
3.282e-02,-62,-56,-4,-2,-1.04,-0.88,-21.6,-19.6
3.307e-02,-60,-64,-4,-8,-1.04,-1.28,-22.8,-24.4
3.333e-02,-58,-54,-4,-2,-1.12,-0.96,-23.6,-22
3.358e-02,-58,-62,-4,-8,-1.12,-1.28,-24,-25.6
3.384e-02,-58,-54,-4,-2,-1.2,-1.04,-24.8,-23.6
3.410e-02,-56,-60,-4,-8,-1.2,-1.36,-24.8,-26
3.435e-02,-56,-50,-6,-2,-1.2,-1.12,-25.2,-24.4
3.461e-02,-54,-58,-4,-8,-1.28,-1.36,-25.6,-26
3.486e-02,-52,-46,-4,-2,-1.28,-1.2,-25.2,-24.8
3.512e-02,-50,-52,-6,-8,-1.28,-1.36,-25.6,-25.6
3.538e-02,-44,-38,-6,-2,-1.28,-1.2,-24.8,-24
3.563e-02,-42,-46,-4,-8,-1.2,-1.36,-24.4,-24.8
3.589e-02,-38,-30,-4,-2,-1.2,-1.04,-23.6,-22.4
3.614e-02,-34,-36,-4,-8,-1.2,-1.28,-22.4,-23.2
3.640e-02,-28,-20,-4,-2,-1.12,-0.96,-21.6,-20
3.666e-02,-24,-28,-4,-6,-1.04,-1.12,-20,-20.8
3.691e-02,-20,-12,-4,-2,-0.96,-0.8,-18.8,-16.8
3.717e-02,-16,-18,-4,-6,-0.96,-1.04,-17.2,-17.6
3.742e-02,-10,-2,-4,-2,-0.88,-0.72,-15.6,-13.6
3.768e-02,-8,-10,-4,-6,-0.72,-0.88,-14,-14.4
3.794e-02,-4,6,-4,-2,-0.72,-0.56,-12,-10
3.819e-02,4,4.47035e-08,-4,-6,-0.56,-0.72,-10.4,-10.8
3.845e-02,6,16,-4,-2,-0.48,-0.32,-8.4,-6.4
3.870e-02,10,8,-4,-6,-0.4,-0.48,-6.4,-7.2
3.896e-02,16,24,-2,4.47035e-08,-0.32,-0.16,-4.4,-2.8
3.922e-02,20,18,-4,-6,-0.24,-0.32,-2.8,-3.2
3.947e-02,26,32,-4,4.47035e-08,-0.08,0.08,-0.8,1.2
3.973e-02,30,26,-2,-4,3.57628e-09,-0.08,0.8,0.4
3.998e-02,34,40,-2,4.47035e-08,0.16,0.32,3.2,5.2
4.024e-02,38,34,-2,-4,0.24,0.16,5.2,4.4
4.050e-02,40,48,-2,4.47035e-08,0.32,0.48,6.8,9.2
4.075e-02,44,40,-2,-4,0.4,0.32,8.8,8.4
4.101e-02,48,54,-2,2,0.56,0.72,10.8,12.8
4.126e-02,50,46,-2,-4,0.64,0.56,12.4,12
4.152e-02,54,58,-2,2,0.8,0.96,14.4,16
4.178e-02,54,52,4.47035e-08,-4,0.88,0.8,16,15.2
4.203e-02,58,62,-2,2,0.96,1.12,17.6,19.2
4.229e-02,58,54,4.47035e-08,-2,1.04,0.96,19.2,18.4
4.254e-02,58,64,4.47035e-08,2,1.2,1.28,20.8,21.6
4.280e-02,58,56,4.47035e-08,-2,1.2,1.04,21.6,20.8
4.306e-02,58,64,4.47035e-08,2,1.28,1.36,22.8,23.6
4.331e-02,58,52,4.47035e-08,-2,1.28,1.2,23.6,22.8
4.357e-02,58,62,4.47035e-08,4,1.36,1.44,24.4,25.2
4.382e-02,56,52,4.47035e-08,-2,1.44,1.2,24.8,24
4.408e-02,54,60,4.47035e-08,4,1.44,1.52,25.2,26
4.434e-02,54,46,4.47035e-08,-2,1.44,1.28,25.6,25.2
4.459e-02,52,58,4.47035e-08,4,1.44,1.52,25.6,26
4.485e-02,50,40,4.47035e-08,-2,1.44,1.28,25.6,24.4
4.510e-02,48,54,4.47035e-08,4,1.44,1.52,25.6,26
4.536e-02,46,34,4.47035e-08,-2,1.44,1.28,24.8,23.2
4.562e-02,40,48,2,4,1.44,1.52,24.4,25.6
4.587e-02,36,24,2,-2,1.36,1.12,23.6,21.2
4.613e-02,30,40,4.47035e-08,4,1.28,1.44,22.8,24
4.638e-02,26,14,4.47035e-08,-2,1.28,1.04,21.6,18.4
4.664e-02,20,30,4.47035e-08,4,1.2,1.36,20,22
4.690e-02,18,6,4.47035e-08,-2,1.12,0.88,18.8,15.6
4.715e-02,14,22,4.47035e-08,4,1.12,1.28,17.2,19.2
4.741e-02,10,-2,4.47035e-08,-2,1.04,0.72,16,12
4.766e-02,4,12,4.47035e-08,2,0.96,1.12,14,16.4
4.792e-02,4.47035e-08,-12,4.47035e-08,-2,0.88,0.56,12.4,8.4
4.818e-02,-6,4,-2,2,0.72,0.96,10.4,12.8
4.843e-02,-10,-20,4.47035e-08,-4,0.72,0.4,8.4,4.8
4.869e-02,-14,-6,4.47035e-08,2,0.56,0.72,6.8,9.2
4.894e-02,-18,-30,-2,-4,0.48,0.16,4.8,0.8
4.920e-02,-24,-14,-2,2,0.32,0.56,2.8,5.6
4.946e-02,-28,-38,4.47035e-08,-4,0.24,-0.08,0.8,-3.2
4.971e-02,-32,-22,-2,2,0.16,0.32,-1.2,1.6
4.997e-02,-36,-46,4.47035e-08,-4,3.57628e-09,-0.24,-3.2,-6.8
5.022e-02,-40,-32,-2,2,-0.08,0.08,-4.8,-2.4
5.048e-02,-44,-52,-2,-4,-0.16,-0.48,-6.8,-10.8
5.074e-02,-46,-38,-4,4.47035e-08,-0.32,-0.08,-8.8,-6
5.099e-02,-48,-58,-4,-6,-0.4,-0.64,-10.4,-14.4
5.125e-02,-50,-44,-2,4.47035e-08,-0.56,-0.32,-12.4,-10
5.150e-02,-56,-62,-4,-6,-0.64,-0.88,-14,-17.6
5.176e-02,-58,-50,-4,4.47035e-08,-0.72,-0.56,-16,-13.2
5.202e-02,-58,-64,-4,-6,-0.8,-1.04,-17.2,-20.4
5.227e-02,-60,-54,-4,-2,-0.96,-0.72,-18.8,-16.8
5.253e-02,-60,-64,-4,-6,-1.04,-1.2,-20,-22.8
5.278e-02,-60,-56,-4,-2,-1.04,-0.88,-21.6,-19.6
5.304e-02,-60,-64,-4,-6,-1.04,-1.28,-22.4,-24.4
5.330e-02,-60,-56,-4,-2,-1.12,-1.04,-23.2,-22
5.355e-02,-58,-62,-4,-8,-1.2,-1.36,-24.4,-25.6
5.381e-02,-58,-52,-4,-2,-1.28,-1.12,-24.4,-23.6
5.406e-02,-60,-60,-6,-8,-1.28,-1.36,-24.8,-26
5.432e-02,-54,-50,-4,-2,-1.28,-1.2,-25.6,-24.4
5.458e-02,-54,-58,-6,-8,-1.28,-1.44,-25.6,-26
5.483e-02,-52,-46,-4,-2,-1.28,-1.2,-25.6,-24.8
5.509e-02,-50,-54,-4,-8,-1.28,-1.44,-25.2,-26
5.534e-02,-46,-40,-4,-2,-1.28,-1.2,-24.8,-24
5.560e-02,-44,-46,-6,-8,-1.28,-1.36,-24.8,-24.8
5.586e-02,-38,-30,-6,-2,-1.2,-1.12,-23.6,-22.4
5.611e-02,-34,-38,-6,-8,-1.2,-1.28,-22.8,-23.2
5.637e-02,-30,-20,-4,-2,-1.12,-1.04,-21.6,-20
5.662e-02,-24,-28,-6,-8,-1.12,-1.2,-20.4,-20.8
5.688e-02,-20,-12,-4,-2,-1.04,-0.88,-18.8,-17.2
5.714e-02,-14,-20,-6,-6,-0.96,-1.04,-17.2,-18
5.739e-02,-10,-4,-4,-2,-0.88,-0.72,-15.6,-13.6
5.765e-02,-8,-10,-4,-6,-0.8,-0.88,-14,-14.8
5.790e-02,-2,6,-4,-2,-0.72,-0.56,-12.4,-10.4
5.816e-02,2,-2,-4,-6,-0.64,-0.72,-10.8,-11.2
5.842e-02,8,14,-4,-2,-0.56,-0.4,-8.8,-6.8
5.867e-02,12,8,-4,-6,-0.4,-0.56,-6.8,-7.6
5.893e-02,16,24,-4,4.47035e-08,-0.32,-0.16,-4.8,-2.8
5.918e-02,20,16,-2,-6,-0.24,-0.32,-2.8,-3.6
5.944e-02,24,32,-4,4.47035e-08,-0.08,3.57628e-09,-1.2,0.8
5.970e-02,30,26,-2,-6,3.57628e-09,-0.16,0.8,0.4
5.995e-02,34,40,-2,4.47035e-08,0.08,0.24,2.8,5.2
6.021e-02,38,34,-2,-4,0.24,0.08,4.8,4.4
6.046e-02,40,48,-2,4.47035e-08,0.32,0.48,6.8,8.8
6.072e-02,42,40,-2,-4,0.4,0.32,8.4,8
6.098e-02,48,54,-2,2,0.56,0.64,10.4,12.4
6.123e-02,50,46,-2,-4,0.64,0.48,12,11.6
6.149e-02,52,58,-2,2,0.72,0.88,14,16
6.175e-02,54,52,4.47035e-08,-4,0.8,0.72,15.6,15.2
6.200e-02,56,62,-2,2,0.96,1.12,17.2,19.2
6.226e-02,60,54,4.47035e-08,-2,1.04,0.88,18.8,18.4
6.251e-02,58,62,4.47035e-08,2,1.12,1.2,20,21.6
6.277e-02,60,54,4.47035e-08,-2,1.2,1.04,21.6,20.8
6.303e-02,60,64,4.47035e-08,2,1.2,1.36,22.4,23.6
6.328e-02,60,54,4.47035e-08,-2,1.28,1.12,23.2,22.8
6.354e-02,58,62,4.47035e-08,4,1.28,1.44,24,25.2
6.379e-02,58,52,4.47035e-08,-2,1.36,1.2,24.8,24
6.405e-02,56,60,4.47035e-08,4,1.36,1.44,25.2,26
6.431e-02,54,48,4.47035e-08,-2,1.44,1.28,25.2,24.8
6.456e-02,52,58,4.47035e-08,4,1.44,1.52,25.6,26
6.482e-02,50,42,4.47035e-08,-2,1.44,1.28,25.6,24.8
6.507e-02,48,54,4.47035e-08,4,1.44,1.52,25.6,26
6.533e-02,44,34,4.47035e-08,-2,1.44,1.2,25.2,23.6
6.559e-02,42,50,4.47035e-08,4,1.36,1.52,24.4,25.6
6.584e-02,36,24,4.47035e-08,-2,1.36,1.12,23.6,21.6
6.610e-02,32,40,4.47035e-08,4,1.28,1.44,22.8,24.4
6.635e-02,28,16,4.47035e-08,-2,1.28,1.04,21.6,18.8
6.661e-02,22,32,4.47035e-08,4,1.2,1.36,20.4,22.4
6.687e-02,18,6,4.47035e-08,-2,1.12,0.88,19.2,15.6
6.712e-02,14,22,4.47035e-08,2,1.04,1.2,17.6,19.6
6.738e-02,10,-2,4.47035e-08,-2,0.96,0.8,16,12.4
6.763e-02,4,14,4.47035e-08,2,0.96,1.12,14,16.4
6.789e-02,2,-12,4.47035e-08,-2,0.8,0.56,12.4,8.8
6.815e-02,-4,4,4.47035e-08,2,0.8,0.88,10.8,13.2
6.840e-02,-8,-20,-2,-4,0.64,0.32,8.8,4.8
6.866e-02,-14,-4,4.47035e-08,2,0.56,0.72,6.8,9.6
6.891e-02,-16,-28,4.47035e-08,-4,0.4,0.16,4.8,0.8
6.917e-02,-24,-14,-2,2,0.32,0.48,3.2,5.6
6.943e-02,-26,-38,-2,-4,0.24,-0.08,1.2,-2.8
6.968e-02,-30,-22,-2,2,0.16,0.32,-0.8,1.6
6.994e-02,-34,-44,-2,-4,3.57628e-09,-0.32,-2.8,-6.8
7.019e-02,-38,-30,-2,2,-0.08,0.08,-4.8,-2.4
7.045e-02,-44,-52,-2,-6,-0.16,-0.48,-6.4,-10.4
7.071e-02,-48,-38,-2,4.47035e-08,-0.32,-0.16,-8.4,-6
7.096e-02,-48,-56,-2,-6,-0.4,-0.72,-10.4,-14
7.122e-02,-52,-44,-2,4.47035e-08,-0.56,-0.32,-12,-9.6
7.147e-02,-56,-62,-2,-6,-0.64,-0.88,-14,-17.2
7.173e-02,-56,-50,-4,4.47035e-08,-0.72,-0.56,-15.6,-13.2
7.199e-02,-60,-64,-4,-6,-0.8,-1.12,-17.2,-20.4
7.224e-02,-60,-54,-4,4.47035e-08,-0.88,-0.72,-18.8,-16.4
7.250e-02,-60,-64,-4,-6,-0.96,-1.2,-20,-22.8
7.275e-02,-60,-56,-4,-2,-1.04,-0.88,-21.2,-19.2
7.301e-02,-62,-64,-4,-8,-1.12,-1.28,-22.4,-24.4
7.327e-02,-60,-54,-4,-2,-1.2,-1.04,-23.2,-21.6
7.352e-02,-60,-62,-4,-6,-1.2,-1.36,-24,-25.6
7.378e-02,-60,-54,-4,-2,-1.28,-1.12,-24.4,-23.6
7.403e-02,-58,-60,-4,-8,-1.28,-1.44,-25.2,-26
7.429e-02,-56,-50,-4,-2,-1.28,-1.2,-25.2,-24.4
7.455e-02,-54,-58,-4,-8,-1.28,-1.44,-25.6,-26
7.480e-02,-52,-46,-6,-2,-1.36,-1.2,-25.6,-24.8
7.506e-02,-50,-54,-4,-8,-1.28,-1.44,-25.6,-26
7.531e-02,-48,-38,-4,-2,-1.36,-1.28,-25.2,-24
7.557e-02,-44,-46,-6,-8,-1.36,-1.44,-24.8,-24.8
7.583e-02,-40,-30,-4,-2,-1.28,-1.2,-24,-22.4
7.608e-02,-36,-38,-6,-8,-1.2,-1.36,-22.8,-23.2
7.634e-02,-30,-22,-6,-2,-1.2,-1.04,-21.6,-20
7.659e-02,-24,-28,-6,-6,-1.04,-1.2,-20.4,-21.2
7.685e-02,-18,-14,-4,-2,-1.04,-0.96,-18.8,-17.2
7.711e-02,-14,-20,-4,-6,-0.96,-1.12,-17.2,-18
7.736e-02,-12,-4,-4,-2,-0.88,-0.8,-15.6,-14
7.762e-02,-6,-12,-6,-6,-0.8,-0.96,-14,-14.8
7.787e-02,-4,4,-4,4.47035e-08,-0.72,-0.64,-12.4,-10.8
7.813e-02,4.47035e-08,-2,-4,-6,-0.72,-0.8,-10.8,-11.6
7.839e-02,6,14,-4,-2,-0.56,-0.4,-9.2,-6.8
7.864e-02,10,8,-4,-6,-0.48,-0.56,-7.2,-7.6
7.890e-02,16,24,-4,4.47035e-08,-0.4,-0.24,-5.2,-3.2
7.915e-02,20,16,-4,-6,-0.32,-0.4,-3.2,-4
7.941e-02,26,32,-2,4.47035e-08,-0.16,3.57628e-09,-1.2,0.8
7.967e-02,28,26,-4,-4,3.57628e-09,-0.08,0.4,1.78814e-08
7.992e-02,32,40,-2,4.47035e-08,0.08,0.24,2.4,4.8
8.018e-02,36,32,-2,-4,0.24,0.08,4.4,4
8.043e-02,42,46,-2,4.47035e-08,0.24,0.48,6.4,8.4
8.069e-02,42,40,-2,-4,0.4,0.32,8,7.6
8.095e-02,48,52,4.47035e-08,2,0.48,0.64,10,12.4
8.120e-02,50,46,4.47035e-08,-4,0.64,0.48,12,11.2
8.146e-02,52,58,-2,2,0.72,0.88,14,15.6
8.171e-02,56,52,4.47035e-08,-4,0.8,0.72,15.2,14.8
8.197e-02,56,62,-2,2,0.88,1.04,17.2,18.8
8.223e-02,58,54,4.47035e-08,-2,0.96,0.88,18.8,18
8.248e-02,58,62,-2,2,1.04,1.2,20,21.6
8.274e-02,58,54,4.47035e-08,-2,1.12,1.04,21.6,20.8
8.299e-02,60,64,4.47035e-08,4,1.2,1.28,22.4,23.6
8.325e-02,58,54,4.47035e-08,-2,1.2,1.12,23.2,22.8
8.351e-02,58,62,4.47035e-08,4,1.28,1.36,23.6,24.8
8.376e-02,58,52,2,-2,1.28,1.2,24.4,24
8.402e-02,56,62,4.47035e-08,4,1.36,1.44,24.8,25.6
8.427e-02,54,46,4.47035e-08,-2,1.36,1.2,25.6,24.8
8.453e-02,52,58,4.47035e-08,4,1.44,1.52,25.6,26
8.479e-02,50,42,4.47035e-08,-2,1.44,1.28,25.6,24.8
8.504e-02,50,54,4.47035e-08,4,1.44,1.52,25.6,26
8.530e-02,46,34,4.47035e-08,-2,1.36,1.2,25.2,23.6
8.555e-02,40,50,2,4,1.36,1.52,24.4,25.6
8.581e-02,36,26,4.47035e-08,-2,1.36,1.12,24,21.6
8.607e-02,34,42,4.47035e-08,4,1.28,1.44,22.8,24.4
8.632e-02,28,16,2,-2,1.28,1.04,22,18.8
8.658e-02,24,32,2,4,1.2,1.28,20.8,22.4
8.683e-02,18,8,4.47035e-08,-2,1.12,0.88,19.2,16
8.709e-02,14,24,4.47035e-08,4,1.04,1.2,17.6,19.6
8.735e-02,8,4.47035e-08,4.47035e-08,-2,0.96,0.72,16.4,12.4
8.760e-02,4,14,4.47035e-08,2,0.96,1.04,14.4,16.8
8.786e-02,4.47035e-08,-10,4.47035e-08,-2,0.8,0.56,12.8,8.8
8.811e-02,-2,6,4.47035e-08,2,0.8,0.96,10.8,13.2
8.837e-02,-8,-20,4.47035e-08,-4,0.64,0.32,9.2,5.2
8.863e-02,-12,-4,4.47035e-08,2,0.56,0.72,7.2,9.6
8.888e-02,-16,-28,4.47035e-08,-4,0.4,0.16,5.2,1.2
8.914e-02,-20,-14,-2,2,0.32,0.48,3.2,6
8.939e-02,-26,-36,-2,-4,0.24,-0.08,1.2,-2.8
8.965e-02,-32,-22,-2,2,0.16,0.24,-0.8,2
8.991e-02,-34,-44,-2,-4,3.57628e-09,-0.32,-2.4,-6.4
9.016e-02,-40,-30,-2,2,-0.08,0.08,-4.4,-2
9.042e-02,-42,-50,-2,-4,-0.24,-0.48,-6.4,-10.4
9.067e-02,-44,-38,-2,4.47035e-08,-0.32,-0.16,-8,-5.6
9.093e-02,-48,-56,-2,-6,-0.4,-0.72,-10.4,-14
9.119e-02,-52,-44,-4,4.47035e-08,-0.48,-0.32,-12,-9.6
9.144e-02,-52,-62,-4,-6,-0.64,-0.88,-13.6,-17.2
9.170e-02,-56,-50,-2,4.47035e-08,-0.72,-0.56,-15.2,-12.8
9.195e-02,-60,-64,-2,-6,-0.88,-1.12,-17.2,-20
9.221e-02,-60,-54,-4,4.47035e-08,-0.96,-0.72,-18.4,-16.4
9.247e-02,-60,-64,-4,-6,-0.96,-1.2,-20,-22.4
9.272e-02,-60,-56,-4,-2,-1.12,-0.96,-21.2,-19.2
9.298e-02,-60,-64,-4,-6,-1.12,-1.36,-22.4,-24
9.324e-02,-60,-56,-4,-2,-1.2,-1.04,-23.2,-21.6
9.349e-02,-60,-62,-6,-8,-1.2,-1.36,-24,-25.2
9.375e-02,-56,-54,-4,-2,-1.28,-1.12,-24.4,-23.2
9.400e-02,-58,-60,-4,-8,-1.28,-1.44,-24.8,-26
9.426e-02,-56,-50,-4,-2,-1.28,-1.2,-25.2,-24.4
9.452e-02,-56,-58,-4,-8,-1.28,-1.44,-25.6,-26
9.477e-02,-52,-46,-4,-2,-1.36,-1.28,-25.6,-24.8
9.503e-02,-50,-54,-4,-8,-1.36,-1.44,-25.6,-26
9.528e-02,-46,-40,-4,-2,-1.36,-1.28,-25.2,-24.4
9.554e-02,-44,-48,-4,-8,-1.36,-1.44,-24.8,-25.2
9.580e-02,-42,-32,-6,-2,-1.28,-1.2,-24,-22.8
9.605e-02,-36,-38,-4,-8,-1.2,-1.36,-23.2,-23.6
9.631e-02,-30,-22,-4,-2,-1.2,-1.04,-22,-20.4
9.656e-02,-26,-30,-4,-6,-1.12,-1.2,-20.4,-21.2
9.682e-02,-20,-14,-4,-2,-1.04,-0.96,-19.2,-17.6
9.708e-02,-18,-20,-6,-6,-1.04,-1.12,-17.6,-18.4
9.733e-02,-12,-6,-4,-2,-0.96,-0.8,-16,-14.4
9.759e-02,-8,-12,-4,-6,-0.88,-0.96,-14.4,-15.2
9.784e-02,-4,4,-4,-2,-0.8,-0.64,-12.8,-10.8
9.810e-02,4.47035e-08,-2,-4,-6,-0.72,-0.8,-11.2,-11.6
9.836e-02,4,14,-4,-2,-0.64,-0.48,-9.2,-7.2
9.861e-02,10,6,-4,-6,-0.48,-0.56,-7.2,-8
9.887e-02,14,22,-2,4.47035e-08,-0.4,-0.24,-5.2,-3.2
9.912e-02,18,16,-2,-6,-0.32,-0.4,-3.6,-4
9.938e-02,24,32,-4,4.47035e-08,-0.16,3.57628e-09,-1.6,0.4
9.964e-02,28,24,-2,-4,-0.08,-0.16,1.78814e-08,-0.4
9.989e-02,32,40,-2,4.47035e-08,3.57628e-09,0.16,2.4,4.4
1.001e-01,36,32,-2,-4,0.16,0.08,4,3.6
1.004e-01,38,46,-2,2,0.24,0.4,6,8.4
1.007e-01,42,40,-2,-4,0.32,0.24,8,7.6
1.009e-01,48,52,-2,2,0.48,0.64,10,12
1.012e-01,48,46,-2,-4,0.56,0.48,11.6,11.2
1.014e-01,54,58,4.47035e-08,2,0.64,0.8,13.2,15.6
1.017e-01,54,50,-2,-4,0.8,0.64,15.2,14.4
1.019e-01,58,62,4.47035e-08,2,0.88,1.04,16.8,18.8
1.022e-01,58,54,4.47035e-08,-2,0.96,0.88,18.4,17.6
1.025e-01,58,64,4.47035e-08,2,1.04,1.2,20,21.2
1.027e-01,60,56,4.47035e-08,-2,1.12,0.96,20.8,20.4
1.030e-01,60,64,4.47035e-08,2,1.2,1.28,22,23.2
1.032e-01,60,54,4.47035e-08,-2,1.28,1.12,22.8,22.4
1.035e-01,58,62,4.47035e-08,2,1.28,1.36,24,24.8
1.037e-01,58,52,4.47035e-08,-2,1.28,1.2,24.8,24
1.040e-01,56,60,4.47035e-08,4,1.36,1.44,24.8,25.6
1.042e-01,54,48,4.47035e-08,-2,1.36,1.2,25.6,24.8
1.045e-01,52,58,2,4,1.36,1.44,25.6,26
1.048e-01,52,44,2,-2,1.36,1.28,25.6,24.8
1.050e-01,50,54,2,4,1.44,1.52,25.6,26
1.053e-01,46,34,4.47035e-08,-2,1.44,1.2,25.2,23.6
1.055e-01,44,50,4.47035e-08,4,1.36,1.52,24.8,25.6
1.058e-01,38,26,4.47035e-08,-2,1.36,1.12,24,21.6
1.060e-01,32,42,4.47035e-08,4,1.28,1.44,23.2,24.4
1.063e-01,28,16,4.47035e-08,-2,1.28,0.96,22,19.2
1.065e-01,24,32,4.47035e-08,4,1.2,1.28,20.8,22.4
1.068e-01,20,8,4.47035e-08,-2,1.12,0.88,19.6,16
1.071e-01,14,24,4.47035e-08,4,1.04,1.2,18,20
1.073e-01,12,4.47035e-08,4.47035e-08,-2,0.96,0.72,16.4,12.8
1.076e-01,6,14,4.47035e-08,2,0.88,1.12,14.8,16.8
1.078e-01,2,-10,4.47035e-08,-2,0.88,0.56,12.8,9.2
1.081e-01,-4,6,4.47035e-08,2,0.8,0.88,11.2,13.6
1.083e-01,-8,-18,4.47035e-08,-2,0.64,0.32,9.2,5.2
1.086e-01,-10,-4,4.47035e-08,2,0.56,0.72,7.6,10
1.089e-01,-16,-28,4.47035e-08,-4,0.48,0.16,5.6,1.6
1.091e-01,-20,-12,4.47035e-08,2,0.32,0.48,3.6,6
1.094e-01,-26,-36,-2,-4,0.24,-0.08,1.6,-2.4
1.096e-01,-30,-22,-2,2,0.08,0.32,-0.4,2.4
1.099e-01,-36,-44,4.47035e-08,-4,3.57628e-09,-0.32,-2,-6
1.101e-01,-38,-30,-2,2,-0.08,0.08,-4.4,-1.6
1.104e-01,-40,-50,-2,-4,-0.24,-0.48,-6,-10
1.106e-01,-44,-36,-2,4.47035e-08,-0.32,-0.16,-7.6,-5.6
1.109e-01,-48,-56,-2,-6,-0.4,-0.72,-10,-13.6
1.112e-01,-48,-42,-2,4.47035e-08,-0.48,-0.32,-11.6,-9.2
1.114e-01,-54,-60,-4,-6,-0.64,-0.88,-13.2,-16.8
1.117e-01,-56,-50,-2,4.47035e-08,-0.72,-0.56,-14.8,-12.8
1.119e-01,-58,-64,-4,-6,-0.8,-1.04,-16.8,-20
1.122e-01,-58,-54,-4,4.47035e-08,-0.88,-0.72,-18,-16
1.124e-01,-60,-64,-4,-6,-0.96,-1.2,-20,-22.4
1.127e-01,-60,-56,-4,-2,-1.04,-0.88,-20.8,-19.2
1.129e-01,-60,-64,-4,-6,-1.12,-1.28,-22,-24
1.132e-01,-60,-56,-4,-2,-1.2,-1.04,-23.2,-21.6
1.135e-01,-60,-62,-4,-6,-1.2,-1.36,-23.6,-25.2
1.137e-01,-58,-54,-4,-2,-1.28,-1.12,-24.4,-23.2
1.140e-01,-56,-60,-4,-6,-1.28,-1.44,-25.2,-26
1.142e-01,-56,-50,-4,-2,-1.36,-1.2,-25.6,-24.4
1.145e-01,-56,-58,-4,-8,-1.36,-1.44,-25.6,-26
1.147e-01,-52,-48,-4,-2,-1.36,-1.28,-25.6,-24.8
1.150e-01,-50,-54,-4,-8,-1.36,-1.52,-25.2,-26
1.153e-01,-50,-40,-6,-2,-1.36,-1.28,-25.2,-24.4
1.155e-01,-44,-48,-6,-8,-1.36,-1.44,-24.8,-25.2
1.158e-01,-38,-32,-6,-2,-1.36,-1.2,-24.4,-22.8
1.160e-01,-34,-40,-4,-8,-1.28,-1.36,-23.2,-23.6
1.163e-01,-30,-22,-4,-2,-1.2,-1.12,-22,-20.4
1.165e-01,-26,-30,-4,-6,-1.12,-1.28,-20.8,-21.6
1.168e-01,-22,-14,-4,-2,-1.04,-0.96,-19.6,-17.6
1.170e-01,-18,-20,-4,-6,-1.04,-1.12,-18,-18.4
1.173e-01,-14,-6,-4,-2,-0.96,-0.8,-16.4,-14.4
1.176e-01,-8,-12,-4,-6,-0.88,-0.96,-14.8,-15.2
1.178e-01,-4,4,-4,-2,-0.8,-0.64,-12.8,-11.2
1.181e-01,4.47035e-08,-4,-4,-6,-0.72,-0.8,-11.2,-12
1.183e-01,6,12,-4,-2,-0.64,-0.48,-9.6,-7.2
1.186e-01,10,6,-4,-6,-0.48,-0.64,-7.6,-8.4
1.188e-01,14,22,-2,4.47035e-08,-0.4,-0.24,-5.6,-3.6
1.191e-01,18,16,-4,-6,-0.32,-0.4,-4,-4.4
1.193e-01,24,30,-2,4.47035e-08,-0.16,-0.08,-2,0.4
1.196e-01,28,22,-2,-6,-0.08,-0.16,1.78814e-08,-0.4
1.199e-01,32,38,-2,4.47035e-08,3.57628e-09,0.16,2,4
1.201e-01,36,32,-2,-4,0.16,3.57628e-09,4,3.2
1.204e-01,40,46,-2,4.47035e-08,0.24,0.4,5.6,8
1.206e-01,40,40,-2,-4,0.32,0.24,7.6,7.2
1.209e-01,44,52,-2,4.47035e-08,0.4,0.56,9.6,11.6
1.211e-01,50,44,-2,-4,0.56,0.4,11.6,10.8
1.214e-01,52,58,-2,2,0.64,0.8,13.2,15.2
1.217e-01,54,50,-2,-4,0.72,0.64,14.8,14.4
1.219e-01,56,62,-2,2,0.88,1.04,16.8,18.4
1.222e-01,58,54,4.47035e-08,-4,0.96,0.88,18,17.6
1.224e-01,58,62,4.47035e-08,2,1.12,1.2,19.6,21.2
1.227e-01,58,56,4.47035e-08,-2,1.12,0.96,20.8,20.4
1.229e-01,60,64,4.47035e-08,2,1.2,1.28,22,23.2
1.232e-01,60,54,4.47035e-08,-2,1.2,1.12,22.8,22.4
1.234e-01,58,62,4.47035e-08,2,1.28,1.36,23.6,24.8
1.237e-01,58,52,2,-2,1.28,1.12,24.4,24
1.240e-01,56,62,4.47035e-08,4,1.28,1.44,25.2,25.6
1.242e-01,56,48,4.47035e-08,-2,1.36,1.2,25.2,24.8
1.245e-01,52,58,2,4,1.44,1.44,25.6,26
1.247e-01,52,44,2,-2,1.44,1.28,25.6,24.8
1.250e-01,50,56,2,4,1.44,1.52,25.6,26
1.252e-01,46,36,2,-2,1.36,1.2,25.2,23.6
1.255e-01,44,50,4.47035e-08,4,1.36,1.52,24.4,25.6
1.257e-01,40,26,4.47035e-08,-2,1.36,1.12,24,22
1.260e-01,34,42,4.47035e-08,4,1.28,1.44,23.6,24.8
1.263e-01,28,18,4.47035e-08,-2,1.28,1.04,22,19.2
1.265e-01,24,34,4.47035e-08,4,1.2,1.36,20.8,22.8
1.268e-01,20,8,2,-2,1.12,0.88,19.6,16.4
1.270e-01,14,24,4.47035e-08,4,1.04,1.2,18,20
1.273e-01,10,4.47035e-08,4.47035e-08,-2,1.04,0.8,16.8,12.8
1.275e-01,6,16,4.47035e-08,2,0.96,1.12,14.8,17.2
1.278e-01,4,-10,4.47035e-08,-2,0.88,0.56,13.2,9.6
1.281e-01,4.47035e-08,6,4.47035e-08,2,0.8,0.96,11.6,14
1.283e-01,-6,-18,4.47035e-08,-2,0.64,0.4,9.6,5.6
1.286e-01,-10,-2,4.47035e-08,2,0.56,0.72,7.6,10.4
1.288e-01,-16,-26,4.47035e-08,-4,0.4,0.16,6,1.6
1.291e-01,-22,-12,4.47035e-08,2,0.32,0.56,4,6.4
1.293e-01,-24,-36,-2,-4,0.24,-0.08,2,-2
1.296e-01,-30,-20,-2,2,0.16,0.32,1.78814e-08,2.8
1.298e-01,-34,-44,4.47035e-08,-4,3.57628e-09,-0.24,-2,-6
1.301e-01,-38,-28,-2,2,-0.08,0.08,-4,-1.2
1.304e-01,-40,-50,4.47035e-08,-4,-0.16,-0.48,-6,-9.6
1.306e-01,-44,-36,-2,4.47035e-08,-0.32,-0.08,-8,-5.2
1.309e-01,-46,-56,-4,-6,-0.4,-0.72,-9.6,-13.2
1.311e-01,-52,-42,-2,4.47035e-08,-0.56,-0.32,-11.2,-8.8
1.314e-01,-52,-60,-2,-6,-0.56,-0.88,-12.8,-16.8
1.316e-01,-56,-48,-4,4.47035e-08,-0.72,-0.56,-14.8,-12.4
1.319e-01,-58,-64,-4,-6,-0.8,-1.04,-16.4,-19.6
1.321e-01,-58,-54,-4,4.47035e-08,-0.88,-0.72,-18,-16
1.324e-01,-60,-64,-4,-6,-0.96,-1.2,-19.6,-22
1.327e-01,-60,-56,-4,-2,-1.04,-0.88,-20.8,-18.8
1.329e-01,-58,-64,-4,-6,-1.12,-1.36,-22,-24
1.332e-01,-60,-56,-4,-2,-1.12,-1.04,-22.8,-21.2
1.334e-01,-60,-62,-4,-6,-1.2,-1.36,-23.6,-25.2
1.337e-01,-58,-54,-4,-2,-1.28,-1.12,-24.4,-23.2
1.339e-01,-56,-62,-6,-8,-1.28,-1.44,-24.8,-26
1.342e-01,-56,-52,-4,-2,-1.28,-1.2,-25.2,-24.4
1.345e-01,-56,-58,-4,-8,-1.36,-1.44,-25.6,-26
1.347e-01,-54,-48,-4,-2,-1.36,-1.28,-25.2,-24.8
1.350e-01,-50,-54,-4,-8,-1.28,-1.44,-25.6,-26
1.352e-01,-48,-42,-4,-2,-1.36,-1.28,-25.2,-24.4
1.355e-01,-46,-48,-4,-8,-1.36,-1.44,-24.8,-25.2
1.357e-01,-40,-32,-4,-2,-1.28,-1.2,-24.4,-22.8
1.360e-01,-36,-40,-6,-8,-1.28,-1.36,-23.2,-24
1.362e-01,-30,-24,-4,-2,-1.2,-1.12,-22.4,-20.8
1.365e-01,-26,-30,-4,-8,-1.2,-1.28,-21.2,-21.6
1.368e-01,-22,-16,-6,-2,-1.12,-0.96,-19.6,-18
1.370e-01,-18,-22,-4,-6,-1.04,-1.12,-18,-18.8
1.373e-01,-14,-6,-4,-2,-0.96,-0.8,-16.4,-14.8
1.375e-01,-8,-14,-6,-6,-0.96,-1.04,-14.8,-15.6
1.378e-01,-4,2,-4,-2,-0.8,-0.64,-13.2,-11.2
1.380e-01,4.47035e-08,-4,-4,-6,-0.72,-0.8,-11.6,-12
1.383e-01,2,12,-4,-2,-0.64,-0.48,-10,-7.6
1.385e-01,10,6,-4,-6,-0.56,-0.64,-8,-8.4
1.388e-01,14,20,-4,4.47035e-08,-0.48,-0.24,-5.6,-4
1.391e-01,16,14,-4,-6,-0.32,-0.4,-4,-4.8
1.393e-01,22,30,-4,4.47035e-08,-0.24,-0.08,-2,1.78814e-08
1.396e-01,26,24,-2,-6,-0.08,-0.24,-0.4,-0.8
1.398e-01,30,38,-2,4.47035e-08,3.57628e-09,0.16,1.6,3.6
1.401e-01,36,32,-2,-4,0.08,3.57628e-09,3.6,3.2
1.403e-01,38,46,-2,4.47035e-08,0.24,0.4,5.6,7.6
1.406e-01,42,38,-2,-4,0.32,0.24,7.6,6.8
1.409e-01,44,52,-2,2,0.4,0.56,9.2,11.6
1.411e-01,48,44,-2,-4,0.48,0.4,11.2,10.8
1.414e-01,52,56,4.47035e-08,2,0.64,0.8,12.8,14.8
1.416e-01,54,50,4.47035e-08,-4,0.8,0.64,14.8,14
1.419e-01,56,60,-2,2,0.88,0.96,16.4,18
1.421e-01,58,54,4.47035e-08,-2,0.96,0.8,18,17.6
1.424e-01,58,62,4.47035e-08,2,1.04,1.12,19.6,20.8
1.426e-01,60,56,4.47035e-08,-2,1.12,0.96,20.8,20
1.429e-01,62,64,4.47035e-08,2,1.2,1.28,21.6,23.2
1.432e-01,60,54,4.47035e-08,-2,1.28,1.12,22.8,22.4
1.434e-01,60,62,4.47035e-08,4,1.28,1.36,23.6,24.8
1.437e-01,58,52,4.47035e-08,-2,1.28,1.2,24.4,24
1.439e-01,56,62,2,4,1.28,1.44,24.8,25.6
1.442e-01,54,48,2,-2,1.36,1.2,25.2,24.8
1.444e-01,54,58,4.47035e-08,4,1.36,1.44,25.6,26
1.447e-01,52,44,2,-2,1.44,1.2,26,24.8
1.450e-01,50,56,4.47035e-08,4,1.36,1.44,25.6,26.4
1.452e-01,46,36,4.47035e-08,-2,1.36,1.2,25.2,24
1.455e-01,44,50,4.47035e-08,4,1.36,1.44,24.8,26
1.457e-01,40,28,4.47035e-08,-2,1.36,1.12,24,22
1.460e-01,34,44,4.47035e-08,4,1.28,1.44,23.6,24.8
1.462e-01,30,18,4.47035e-08,-2,1.28,1.04,22.4,19.6
1.465e-01,26,34,4.47035e-08,4,1.2,1.28,21.2,22.8
1.467e-01,20,10,4.47035e-08,-2,1.12,0.88,19.6,16.8
1.470e-01,18,24,4.47035e-08,4,1.04,1.2,18.4,20.4
1.473e-01,10,4.47035e-08,4.47035e-08,-2,1.04,0.8,16.8,13.2
1.475e-01,8,16,4.47035e-08,2,0.96,1.12,15.2,17.6
1.478e-01,4,-8,4.47035e-08,-2,0.88,0.56,13.2,10
1.480e-01,-2,8,4.47035e-08,2,0.8,0.96,11.6,14
1.483e-01,-6,-18,4.47035e-08,-4,0.72,0.4,10,6
1.485e-01,-10,-2,4.47035e-08,2,0.56,0.72,8,10.4
1.488e-01,-16,-26,4.47035e-08,-4,0.48,0.16,6,2
1.490e-01,-20,-12,4.47035e-08,2,0.32,0.56,4.4,6.8
1.493e-01,-24,-36,4.47035e-08,-4,0.24,-0.08,2,-2
1.496e-01,-28,-20,-2,2,0.16,0.32,0.4,2.8
1.498e-01,-32,-42,-2,-4,3.57628e-09,-0.24,-1.6,-5.6
1.501e-01,-36,-28,-2,2,-0.08,0.08,-3.6,-1.2
1.503e-01,-42,-50,-4,-4,-0.24,-0.48,-5.6,-9.2
1.506e-01,-44,-36,-2,4.47035e-08,-0.32,-0.08,-7.6,-4.8
1.508e-01,-48,-56,-2,-6,-0.4,-0.64,-9.2,-13.2
1.511e-01,-50,-42,-2,4.47035e-08,-0.48,-0.32,-11.2,-8.4
1.514e-01,-52,-60,-2,-6,-0.56,-0.88,-12.8,-16.4
1.516e-01,-54,-48,-4,4.47035e-08,-0.64,-0.48,-14.4,-12.4
1.519e-01,-56,-64,-2,-6,-0.8,-1.04,-16,-19.6
1.521e-01,-60,-54,-4,4.47035e-08,-0.88,-0.72,-18,-15.6
1.524e-01,-60,-64,-4,-6,-0.96,-1.2,-19.2,-22
1.526e-01,-60,-56,-2,-2,-1.04,-0.88,-20.4,-18.8
1.529e-01,-60,-64,-4,-6,-1.12,-1.36,-22,-24
1.531e-01,-60,-56,-4,-2,-1.2,-1.04,-22.8,-21.2
1.534e-01,-60,-64,-4,-6,-1.2,-1.36,-23.6,-25.2
1.537e-01,-60,-54,-6,-2,-1.28,-1.12,-24,-22.8
1.539e-01,-58,-62,-6,-8,-1.28,-1.44,-24.8,-26
1.542e-01,-56,-52,-4,-2,-1.28,-1.2,-25.2,-24.4
1.544e-01,-56,-60,-4,-8,-1.36,-1.44,-25.6,-26
1.547e-01,-54,-48,-6,-2,-1.36,-1.28,-25.6,-24.8
1.549e-01,-52,-54,-4,-8,-1.36,-1.52,-25.6,-26
1.552e-01,-50,-42,-4,-2,-1.36,-1.28,-25.2,-24.4
1.554e-01,-44,-48,-6,-8,-1.36,-1.44,-24.8,-25.2
1.557e-01,-40,-34,-4,-2,-1.28,-1.2,-24.4,-23.2
1.560e-01,-38,-40,-4,-8,-1.28,-1.36,-23.6,-24
1.562e-01,-32,-24,-6,-2,-1.2,-1.12,-22.4,-20.8
1.565e-01,-30,-32,-4,-8,-1.2,-1.28,-21.2,-21.6
1.567e-01,-24,-16,-6,-2,-1.2,-0.96,-20,-18.4
1.570e-01,-20,-22,-4,-6,-1.04,-1.12,-18.4,-19.2
1.572e-01,-14,-6,-4,-2,-0.96,-0.8,-17.2,-15.2
1.575e-01,-10,-14,-4,-6,-0.88,-1.04,-15.2,-16
1.578e-01,-6,2,-6,-2,-0.8,-0.72,-13.6,-11.6
1.580e-01,4.47035e-08,-4,-4,-6,-0.72,-0.88,-12,-12.4
1.583e-01,4,12,-4,4.47035e-08,-0.64,-0.48,-10,-8
1.585e-01,8,4,-2,-6,-0.56,-0.64,-8.4,-8.8
1.588e-01,16,20,-4,4.47035e-08,-0.4,-0.32,-6,-4.4
1.590e-01,16,14,-2,-6,-0.4,-0.4,-4,-4.8
1.593e-01,22,30,-4,4.47035e-08,-0.24,-0.08,-2.8,-0.4
1.595e-01,26,22,-4,-6,-0.08,-0.24,-0.4,-1.2
1.598e-01,30,38,-2,4.47035e-08,3.57628e-09,0.16,1.2,3.6
1.601e-01,34,32,-2,-6,0.16,3.57628e-09,3.6,2.8
1.603e-01,36,44,-2,4.47035e-08,0.24,0.4,5.2,7.2
1.606e-01,42,38,4.47035e-08,-4,0.32,0.24,7.6,6.8
1.608e-01,44,50,4.47035e-08,2,0.4,0.56,9.2,11.2
1.611e-01,48,44,-2,-4,0.56,0.4,11.2,10.4
1.613e-01,50,56,4.47035e-08,2,0.64,0.8,12.8,14.8
1.616e-01,52,50,-2,-4,0.72,0.64,14.4,14
1.618e-01,56,62,4.47035e-08,2,0.8,0.96,16,18
1.621e-01,56,54,4.47035e-08,-2,0.88,0.8,17.6,17.2
1.624e-01,60,62,4.47035e-08,2,1.04,1.12,19.2,20.8
1.626e-01,60,54,4.47035e-08,-2,1.12,0.96,20.8,20
1.629e-01,60,64,4.47035e-08,2,1.12,1.28,21.6,22.8
1.631e-01,60,54,4.47035e-08,-2,1.2,1.04,22.8,22
1.634e-01,58,64,4.47035e-08,2,1.28,1.36,23.2,24.4
1.636e-01,58,52,4.47035e-08,-2,1.28,1.12,24.4,23.6
1.639e-01,56,62,4.47035e-08,2,1.36,1.44,24.8,25.6
1.642e-01,58,48,4.47035e-08,-2,1.36,1.2,25.2,24.8
1.644e-01,54,58,4.47035e-08,4,1.36,1.44,25.6,26
1.647e-01,52,44,4.47035e-08,-2,1.44,1.2,25.6,24.8
1.649e-01,50,56,4.47035e-08,4,1.44,1.44,25.6,26.4
1.652e-01,46,36,4.47035e-08,-2,1.36,1.2,25.6,24
1.654e-01,44,50,4.47035e-08,4,1.36,1.44,24.8,26
1.657e-01,40,28,4.47035e-08,-2,1.36,1.12,24.4,22.4
1.659e-01,36,44,4.47035e-08,4,1.28,1.44,23.6,24.8
1.662e-01,30,18,4.47035e-08,-2,1.28,1.04,22.4,19.6
1.665e-01,26,34,4.47035e-08,4,1.2,1.36,21.2,23.2
1.667e-01,22,10,4.47035e-08,-2,1.12,0.88,20,16.8
1.670e-01,16,26,4.47035e-08,4,1.12,1.2,18.4,20.8
1.672e-01,12,2,4.47035e-08,-2,1.04,0.8,17.2,13.6
1.675e-01,8,16,4.47035e-08,2,0.96,1.12,15.6,17.6
1.677e-01,4,-8,4.47035e-08,-2,0.88,0.64,13.6,10
1.680e-01,4.47035e-08,8,4.47035e-08,2,0.8,0.96,12,14.4
1.682e-01,-6,-16,4.47035e-08,-2,0.64,0.4,10,6.4
1.685e-01,-10,-2,4.47035e-08,2,0.56,0.8,8,10.8
1.688e-01,-16,-26,-2,-4,0.48,0.16,6.4,2.4
1.690e-01,-20,-10,4.47035e-08,2,0.4,0.56,4.8,7.2
1.693e-01,-22,-36,-2,-4,0.24,-0.08,2.4,-1.6
1.695e-01,-28,-20,-2,2,0.16,0.32,0.4,3.2
1.698e-01,-32,-42,4.47035e-08,-4,3.57628e-09,-0.24,-1.6,-5.2
1.700e-01,-38,-28,-2,2,-0.08,0.08,-3.2,-0.8
1.703e-01,-40,-48,-2,-4,-0.24,-0.48,-5.2,-9.2
1.706e-01,-44,-36,-2,4.47035e-08,-0.32,-0.08,-7.2,-4.8
1.708e-01,-46,-56,-4,-6,-0.4,-0.64,-9.2,-12.8
1.711e-01,-48,-42,-2,4.47035e-08,-0.48,-0.32,-10.8,-8.4
1.713e-01,-50,-60,-2,-6,-0.56,-0.88,-12.4,-16
1.716e-01,-56,-48,-4,4.47035e-08,-0.64,-0.48,-14.4,-12
1.718e-01,-56,-62,-2,-6,-0.8,-1.04,-16,-19.2
1.721e-01,-58,-54,-2,4.47035e-08,-0.88,-0.72,-17.6,-15.6
1.723e-01,-60,-64,-4,-6,-0.96,-1.2,-19.2,-22
1.726e-01,-60,-56,-4,-2,-1.04,-0.88,-20.4,-18.4
1.729e-01,-60,-64,-4,-6,-1.04,-1.28,-21.6,-23.6
1.731e-01,-60,-56,-4,-2,-1.2,-1.04,-22.8,-20.8
1.734e-01,-60,-64,-4,-6,-1.2,-1.36,-23.6,-25.2
1.736e-01,-60,-54,-4,-2,-1.28,-1.12,-24.4,-22.8
1.739e-01,-60,-62,-6,-6,-1.28,-1.44,-24.8,-26
1.741e-01,-56,-52,-4,-2,-1.28,-1.2,-25.2,-24
1.744e-01,-56,-58,-4,-8,-1.36,-1.52,-25.6,-26
1.746e-01,-54,-48,-4,-2,-1.36,-1.28,-25.6,-24.8
1.749e-01,-52,-56,-6,-8,-1.36,-1.52,-25.2,-26
1.752e-01,-50,-42,-4,-2,-1.36,-1.28,-25.2,-24.4
1.754e-01,-46,-50,-4,-8,-1.36,-1.44,-24.8,-25.6
1.757e-01,-42,-34,-4,-2,-1.36,-1.2,-24.4,-23.2
1.759e-01,-38,-40,-4,-8,-1.28,-1.36,-23.6,-24
1.762e-01,-34,-26,-4,-2,-1.28,-1.12,-22.8,-21.2
1.764e-01,-28,-32,-4,-8,-1.2,-1.28,-21.6,-22
1.767e-01,-24,-16,-4,-2,-1.12,-1.04,-20,-18.4
1.770e-01,-18,-22,-6,-6,-1.04,-1.12,-18.4,-19.2
1.772e-01,-16,-8,-4,-2,-0.96,-0.88,-16.8,-15.2
1.775e-01,-10,-14,-4,-6,-0.88,-1.04,-15.6,-16
1.777e-01,-8,2,-4,-2,-0.8,-0.72,-13.6,-12
1.780e-01,-2,-6,-4,-6,-0.72,-0.88,-12,-12.4
1.782e-01,4,10,-4,-2,-0.64,-0.48,-10,-8.4
1.785e-01,8,4,-4,-6,-0.56,-0.64,-8.4,-9.2
1.787e-01,12,20,-2,4.47035e-08,-0.4,-0.32,-6.4,-4.4
1.790e-01,18,14,-4,-6,-0.32,-0.48,-4.8,-5.2
1.793e-01,20,30,-2,4.47035e-08,-0.24,-0.08,-2.8,-0.4
1.795e-01,26,22,-4,-4,-0.16,-0.24,-0.8,-1.6
1.798e-01,30,38,-4,4.47035e-08,-0.08,0.16,0.8,3.2
1.800e-01,36,30,-2,-4,0.08,3.57628e-09,2.8,2.4
1.803e-01,38,44,-2,2,0.16,0.32,5.2,7.2
1.805e-01,40,38,-2,-4,0.24,0.16,6.8,6.4
1.808e-01,44,50,-2,2,0.4,0.56,8.8,10.8
1.810e-01,48,44,4.47035e-08,-4,0.48,0.4,10.8,10
1.813e-01,52,56,-2,2,0.64,0.72,12.4,14.4
1.816e-01,52,50,4.47035e-08,-4,0.72,0.56,14,13.6
1.818e-01,54,60,4.47035e-08,2,0.8,0.96,16,18
1.821e-01,56,54,4.47035e-08,-4,0.88,0.8,17.6,16.8
1.823e-01,58,62,4.47035e-08,2,0.96,1.12,18.8,20.4
1.826e-01,60,54,4.47035e-08,-2,1.04,0.96,20.4,19.6
1.828e-01,58,64,4.47035e-08,2,1.12,1.28,21.6,22.8
1.831e-01,60,54,4.47035e-08,-2,1.2,1.04,22.8,22
1.834e-01,56,64,4.47035e-08,4,1.2,1.36,23.6,24.4
1.836e-01,58,52,4.47035e-08,-2,1.28,1.12,24,23.6
1.839e-01,56,62,4.47035e-08,4,1.28,1.36,24.8,25.6
1.841e-01,54,48,4.47035e-08,-2,1.36,1.2,25.2,24.8
1.844e-01,54,58,4.47035e-08,4,1.36,1.44,25.6,26
1.846e-01,52,44,4.47035e-08,-2,1.36,1.28,25.6,24.8
1.849e-01,50,56,4.47035e-08,4,1.36,1.44,25.6,26
1.851e-01,46,38,4.47035e-08,-2,1.36,1.2,25.6,24
1.854e-01,46,52,4.47035e-08,4,1.36,1.52,25.2,26
1.857e-01,40,28,4.47035e-08,-2,1.36,1.12,24.4,22.4
1.859e-01,36,44,2,4,1.28,1.44,23.6,24.8
1.862e-01,32,20,4.47035e-08,-2,1.28,1.04,22.8,20
1.864e-01,28,36,4.47035e-08,4,1.2,1.36,21.6,23.2
1.867e-01,20,10,4.47035e-08,-2,1.12,0.88,20.4,17.2
1.869e-01,18,26,4.47035e-08,2,1.12,1.2,19.2,20.8
1.872e-01,12,2,4.47035e-08,-2,1.04,0.8,17.2,13.6
1.874e-01,8,16,4.47035e-08,2,0.96,1.12,15.6,18
1.877e-01,4,-8,4.47035e-08,-2,0.88,0.64,14,10.4
1.880e-01,2,8,4.47035e-08,2,0.8,0.96,12.4,14.4
1.882e-01,-4,-16,4.47035e-08,-4,0.72,0.4,10.4,6.4
1.885e-01,-10,4.47035e-08,4.47035e-08,2,0.56,0.8,8.4,11.2
1.887e-01,-14,-26,4.47035e-08,-4,0.48,0.16,7.2,2.8
1.890e-01,-18,-10,4.47035e-08,2,0.32,0.56,4.4,7.2
1.892e-01,-24,-34,-2,-4,0.32,3.57628e-09,2.4,-1.2
1.895e-01,-26,-18,-2,2,0.16,0.32,0.8,3.6
1.898e-01,-30,-42,-2,-4,0.08,-0.24,-1.2,-5.2
1.900e-01,-36,-28,-2,2,-0.08,0.16,-2.8,-0.4
1.903e-01,-40,-48,-2,-4,-0.16,-0.4,-5.2,-8.8
1.905e-01,-42,-34,-2,4.47035e-08,-0.24,-0.08,-6.8,-4.4
1.908e-01,-48,-54,-2,-6,-0.32,-0.64,-8.8,-12.4
1.910e-01,-48,-42,-2,4.47035e-08,-0.48,-0.32,-10.4,-8
1.913e-01,-50,-60,-4,-6,-0.64,-0.8,-12,-16
1.915e-01,-56,-48,-4,4.47035e-08,-0.64,-0.48,-14,-11.6
1.918e-01,-58,-62,-2,-6,-0.8,-1.04,-15.6,-19.2
1.921e-01,-60,-52,-4,4.47035e-08,-0.88,-0.72,-17.2,-15.2
1.923e-01,-60,-64,-4,-6,-0.96,-1.2,-18.8,-21.6
1.926e-01,-60,-56,-4,4.47035e-08,-1.04,-0.88,-20.4,-18.4
1.928e-01,-60,-64,-4,-6,-1.12,-1.28,-21.6,-23.6
1.931e-01,-60,-56,-2,-2,-1.2,-1.04,-22.4,-20.8
1.933e-01,-60,-64,-6,-6,-1.28,-1.36,-23.6,-25.2
1.936e-01,-60,-54,-4,-2,-1.2,-1.12,-24,-22.8
1.938e-01,-58,-62,-6,-8,-1.28,-1.44,-24.4,-26
1.941e-01,-56,-52,-6,-2,-1.28,-1.2,-25.2,-24
1.944e-01,-54,-60,-4,-8,-1.36,-1.44,-25.6,-26
1.946e-01,-54,-48,-4,-2,-1.36,-1.28,-25.6,-24.8
1.949e-01,-52,-56,-6,-8,-1.36,-1.52,-25.6,-26
1.951e-01,-50,-44,-6,-2,-1.36,-1.28,-25.6,-24.4
1.954e-01,-48,-50,-4,-8,-1.36,-1.44,-24.8,-25.6
1.956e-01,-42,-36,-4,-2,-1.36,-1.28,-24.4,-23.2
1.959e-01,-38,-42,-4,-8,-1.28,-1.36,-23.6,-24
1.962e-01,-34,-26,-6,-2,-1.2,-1.12,-22.8,-21.2
1.964e-01,-30,-32,-6,-8,-1.2,-1.28,-21.6,-22
1.967e-01,-24,-16,-6,-2,-1.12,-1.04,-20,-18.8
1.969e-01,-20,-24,-4,-6,-1.12,-1.2,-18.8,-19.2
1.972e-01,-16,-8,-4,-2,-0.96,-0.88,-17.6,-15.6
1.974e-01,-12,-14,-4,-6,-0.96,-1.04,-15.6,-16.4
1.977e-01,-6,4.47035e-08,-4,-2,-0.88,-0.72,-14,-12
1.979e-01,-2,-6,-4,-6,-0.8,-0.88,-12.4,-12.8
1.982e-01,2,10,-4,-2,-0.64,-0.56,-10.4,-8.4
1.985e-01,8,2,-4,-6,-0.56,-0.72,-8.8,-9.2
1.987e-01,12,20,-4,4.47035e-08,-0.48,-0.32,-6.8,-4.8
1.990e-01,16,12,-2,-6,-0.4,-0.48,-5.2,-5.6
1.992e-01,22,28,-4,4.47035e-08,-0.24,-0.08,-3.2,-0.8
1.995e-01,24,22,-2,-6,-0.16,-0.24,-1.2,-1.6
1.997e-01,28,36,-2,4.47035e-08,3.57628e-09,0.08,0.8,3.2
2.000e-01,34,30,-2,-4,0.08,3.57628e-09,2.8,2
2.002e-01,38,44,4.47035e-08,4.47035e-08,0.16,0.32,4.8,6.8
2.005e-01,42,38,-2,-4,0.24,0.16,6.8,6
2.008e-01,46,50,-2,2,0.32,0.56,8.4,10.8
2.010e-01,46,44,-2,-4,0.48,0.4,10.4,10
2.013e-01,50,56,-2,2,0.64,0.72,12.4,14
2.015e-01,54,50,4.47035e-08,-4,0.72,0.56,14,13.2
2.018e-01,54,60,4.47035e-08,2,0.72,0.96,15.6,17.6
2.020e-01,58,54,4.47035e-08,-4,0.88,0.8,17.2,16.8
2.023e-01,58,62,4.47035e-08,2,0.96,1.12,19.2,20.4
2.026e-01,60,54,4.47035e-08,-2,1.12,0.96,20,19.6
2.028e-01,58,62,4.47035e-08,2,1.12,1.28,21.2,22.8
2.031e-01,60,54,4.47035e-08,-2,1.2,1.04,22.4,22
2.033e-01,58,62,4.47035e-08,2,1.2,1.36,23.2,24.4
2.036e-01,56,52,4.47035e-08,-2,1.28,1.12,24,23.6
2.038e-01,58,62,2,4,1.28,1.44,24.8,25.6
2.041e-01,56,50,4.47035e-08,-2,1.36,1.2,24.8,24.4
2.043e-01,54,60,4.47035e-08,4,1.36,1.44,25.6,26
2.046e-01,52,44,4.47035e-08,-2,1.36,1.2,25.6,24.8
2.049e-01,50,56,4.47035e-08,4,1.36,1.52,25.6,26
2.051e-01,46,38,4.47035e-08,-2,1.36,1.2,25.2,24
2.054e-01,44,52,4.47035e-08,4,1.36,1.52,24.8,26
2.056e-01,40,30,4.47035e-08,-2,1.36,1.12,24.4,22.4
2.059e-01,36,44,4.47035e-08,4,1.28,1.44,23.6,25.2
2.061e-01,32,20,4.47035e-08,-2,1.28,1.04,22.8,20
2.064e-01,28,36,4.47035e-08,4,1.2,1.36,21.6,23.6
2.067e-01,22,10,2,-2,1.2,0.96,20.4,17.2
2.069e-01,18,28,4.47035e-08,4,1.12,1.28,19.2,20.8
2.072e-01,14,2,4.47035e-08,-2,1.04,0.8,17.6,14
2.074e-01,10,18,4.47035e-08,2,0.96,1.12,16,18
2.077e-01,4,-6,4.47035e-08,-2,0.88,0.64,14,10.4
2.079e-01,4.47035e-08,8,4.47035e-08,2,0.8,0.96,12.4,14.8
2.082e-01,-6,-16,4.47035e-08,-2,0.72,0.4,10.8,6.8
2.084e-01,-8,4.47035e-08,4.47035e-08,2,0.56,0.8,8.8,11.2
2.087e-01,-12,-24,4.47035e-08,-4,0.48,0.24,7.2,2.8
2.090e-01,-18,-10,-2,2,0.4,0.56,4.8,7.6
2.092e-01,-24,-34,-2,-4,0.24,3.57628e-09,3.2,-0.8
2.095e-01,-28,-18,4.47035e-08,2,0.16,0.32,1.2,3.6
2.097e-01,-30,-42,-2,-4,0.08,-0.24,-1.2,-4.8
2.100e-01,-36,-26,-2,2,3.57628e-09,0.16,-2.8,-0.4
2.102e-01,-36,-48,-2,-4,-0.16,-0.4,-4.8,-8.8
2.105e-01,-42,-34,-2,4.47035e-08,-0.24,-0.08,-6.4,-4
2.107e-01,-46,-54,-2,-6,-0.32,-0.64,-8.4,-12.4
2.110e-01,-48,-42,-2,4.47035e-08,-0.4,-0.24,-10,-8
2.113e-01,-52,-60,-2,-6,-0.56,-0.8,-12,-15.6
2.115e-01,-54,-48,-2,4.47035e-08,-0.64,-0.48,-14,-11.6
2.118e-01,-56,-62,-4,-6,-0.8,-1.04,-15.6,-18.8
2.120e-01,-58,-52,-4,4.47035e-08,-0.88,-0.64,-17.2,-14.8
2.123e-01,-60,-64,-4,-6,-0.96,-1.2,-18.4,-21.6
2.125e-01,-60,-56,-4,-2,-1.04,-0.88,-20,-18
2.128e-01,-60,-64,-4,-6,-1.12,-1.28,-21.6,-23.6
2.131e-01,-60,-56,-4,-2,-1.12,-1.04,-22.4,-20.8
2.133e-01,-60,-64,-4,-6,-1.2,-1.36,-23.2,-24.8
2.136e-01,-58,-54,-4,-2,-1.28,-1.12,-24,-22.8
2.138e-01,-58,-62,-4,-8,-1.28,-1.44,-24.4,-25.6
2.141e-01,-58,-52,-6,-2,-1.28,-1.2,-25.2,-24
2.143e-01,-54,-60,-4,-8,-1.36,-1.44,-25.2,-26
2.146e-01,-52,-48,-4,-2,-1.36,-1.28,-26,-24.8
2.148e-01,-52,-56,-4,-8,-1.36,-1.44,-25.6,-26
2.151e-01,-48,-44,-6,-2,-1.36,-1.28,-25.2,-24.8
2.154e-01,-48,-50,-4,-8,-1.36,-1.44,-25.2,-25.6
2.156e-01,-42,-36,-4,-2,-1.36,-1.2,-24.4,-23.2
2.159e-01,-38,-42,-4,-8,-1.28,-1.44,-24,-24.4
2.161e-01,-34,-26,-4,-2,-1.2,-1.12,-22.8,-21.6
2.164e-01,-28,-34,-4,-6,-1.2,-1.28,-21.6,-22.4
2.166e-01,-24,-18,-4,-2,-1.12,-1.04,-20.4,-18.8
2.169e-01,-18,-24,-4,-6,-1.04,-1.2,-19.2,-19.6
2.171e-01,-18,-8,-6,-2,-1.04,-0.88,-17.6,-15.6
2.174e-01,-10,-16,-4,-6,-0.96,-1.04,-16,-16.4
2.177e-01,-6,4.47035e-08,-4,-2,-0.88,-0.72,-14.4,-12.4
2.179e-01,-2,-6,-4,-6,-0.8,-0.88,-12.4,-13.2
2.182e-01,2,10,-4,-2,-0.72,-0.56,-10.8,-8.8
2.184e-01,6,2,-4,-6,-0.56,-0.72,-9.2,-9.6
2.187e-01,10,18,-4,4.47035e-08,-0.48,-0.32,-7.2,-5.2
2.189e-01,16,12,-4,-6,-0.4,-0.48,-5.2,-6
2.192e-01,20,28,-4,4.47035e-08,-0.24,-0.08,-3.6,-1.2
2.195e-01,26,20,-2,-6,-0.16,-0.24,-1.2,-2
2.197e-01,30,36,-2,4.47035e-08,-0.08,0.08,0.4,2.8
2.200e-01,32,28,-2,-4,0.08,-0.08,2.4,1.6
2.202e-01,36,44,-2,4.47035e-08,0.16,0.32,4.4,6.8
2.205e-01,40,36,-2,-4,0.24,0.16,6,6
2.207e-01,44,50,-2,2,0.4,0.56,8,10.4
2.210e-01,46,42,-2,-4,0.48,0.4,10.4,9.6
2.212e-01,48,56,-2,2,0.56,0.72,11.6,14
2.215e-01,52,48,-2,-4,0.72,0.56,13.6,13.2
2.218e-01,54,60,4.47035e-08,2,0.8,0.96,15.2,17.2
2.220e-01,58,54,4.47035e-08,-2,0.8,0.8,17.2,16.4
2.223e-01,58,62,4.47035e-08,2,1.04,1.12,18.8,20
2.225e-01,60,54,4.47035e-08,-2,1.12,0.96,20,19.2
2.228e-01,60,64,4.47035e-08,4,1.04,1.28,21.2,22.4
2.230e-01,60,54,4.47035e-08,-2,1.2,1.04,22,21.6
2.233e-01,58,64,4.47035e-08,4,1.2,1.36,23.2,24.4
2.235e-01,58,52,4.47035e-08,-2,1.28,1.12,23.6,23.2
2.238e-01,58,62,4.47035e-08,4,1.28,1.44,24.4,25.6
2.241e-01,58,50,4.47035e-08,-2,1.36,1.2,25.2,24.4
2.243e-01,54,60,4.47035e-08,4,1.36,1.44,25.6,26
2.246e-01,52,46,4.47035e-08,-2,1.36,1.2,25.6,25.2
2.248e-01,52,56,4.47035e-08,4,1.36,1.52,25.6,26
2.251e-01,48,38,4.47035e-08,-2,1.36,1.2,25.6,24.4
2.253e-01,46,52,4.47035e-08,4,1.36,1.44,25.2,26
2.256e-01,42,30,4.47035e-08,-2,1.36,1.12,24.4,22.4
2.259e-01,38,46,4.47035e-08,4,1.36,1.44,24,25.2
2.261e-01,32,20,4.47035e-08,-2,1.28,1.04,22.8,20.4
2.264e-01,28,36,4.47035e-08,4,1.28,1.36,22,23.6
2.266e-01,22,12,4.47035e-08,-2,1.2,0.96,20.8,17.6
2.269e-01,18,28,4.47035e-08,2,1.12,1.28,19.2,21.2
2.271e-01,14,4,4.47035e-08,-2,1.04,0.8,18,14.4
2.274e-01,10,18,4.47035e-08,2,0.96,1.12,16.4,18.4
2.276e-01,6,-6,4.47035e-08,-2,0.88,0.64,14.4,10.8
2.279e-01,2,10,4.47035e-08,2,0.8,0.96,12.8,15.2
2.282e-01,-4,-16,4.47035e-08,-2,0.72,0.4,10.8,7.2
2.284e-01,-6,2,4.47035e-08,2,0.64,0.8,9.2,11.6
2.287e-01,-12,-24,4.47035e-08,-4,0.48,0.24,7.2,3.2
2.289e-01,-18,-8,4.47035e-08,2,0.4,0.56,5.6,8
2.292e-01,-20,-32,-2,-4,0.32,3.57628e-09,3.6,-0.8
2.294e-01,-28,-18,-2,2,0.16,0.4,1.2,4
2.297e-01,-30,-40,-2,-4,0.08,-0.24,-0.8,-4.8
2.299e-01,-34,-26,-2,2,3.57628e-09,0.16,-2.4,1.78814e-08
2.302e-01,-38,-48,-2,-4,-0.16,-0.4,-4.4,-8.4
2.305e-01,-42,-34,-2,4.47035e-08,-0.24,-0.08,-6.4,-4
2.307e-01,-46,-54,-2,-6,-0.32,-0.64,-8,-12
2.310e-01,-48,-40,-4,4.47035e-08,-0.4,-0.24,-10,-7.6
2.312e-01,-50,-60,-2,-6,-0.56,-0.8,-11.6,-15.6
2.315e-01,-52,-46,-2,4.47035e-08,-0.64,-0.48,-13.6,-11.2
2.317e-01,-56,-62,-2,-6,-0.72,-1.04,-15.6,-18.8
2.320e-01,-60,-52,-2,4.47035e-08,-0.8,-0.64,-16.8,-14.8
2.323e-01,-60,-64,-4,-6,-0.96,-1.2,-18.8,-21.6
2.325e-01,-60,-56,-4,4.47035e-08,-0.96,-0.88,-20,-18
2.328e-01,-60,-64,-4,-6,-1.04,-1.28,-21.2,-23.2
2.330e-01,-60,-56,-4,-2,-1.12,-0.96,-22.4,-20.4
2.333e-01,-60,-64,-4,-6,-1.2,-1.36,-23.2,-24.8
2.335e-01,-58,-54,-4,-2,-1.2,-1.12,-24,-22.4
2.338e-01,-60,-62,-4,-8,-1.28,-1.44,-24.8,-25.6
2.340e-01,-58,-52,-4,-2,-1.28,-1.2,-25.2,-24
2.343e-01,-58,-60,-6,-8,-1.28,-1.52,-25.6,-26
2.346e-01,-54,-50,-6,-2,-1.36,-1.28,-25.6,-24.8
2.348e-01,-52,-56,-4,-8,-1.36,-1.52,-25.6,-26
2.351e-01,-52,-44,-4,-2,-1.36,-1.28,-25.6,-24.8
2.353e-01,-48,-50,-4,-8,-1.28,-1.44,-25.2,-25.6
2.356e-01,-44,-36,-4,-2,-1.36,-1.2,-24.4,-23.6
2.358e-01,-40,-42,-6,-8,-1.28,-1.36,-24,-24.4
2.361e-01,-36,-26,-4,-2,-1.28,-1.12,-23.2,-21.6
2.363e-01,-30,-34,-4,-8,-1.2,-1.28,-22,-22.4
2.366e-01,-26,-18,-6,-2,-1.12,-1.04,-20.8,-19.2
2.369e-01,-24,-26,-4,-6,-1.04,-1.2,-19.6,-20
2.371e-01,-16,-10,-4,-2,-1.04,-0.88,-17.6,-16
2.374e-01,-14,-16,-6,-6,-0.96,-1.04,-16.4,-16.8
2.376e-01,-8,4.47035e-08,-4,-2,-0.88,-0.72,-14.8,-12.4
2.379e-01,-4,-8,-4,-6,-0.8,-0.88,-12.8,-13.6
2.381e-01,4.47035e-08,8,-4,-2,-0.72,-0.56,-11.2,-9.2
2.384e-01,6,2,-4,-6,-0.64,-0.72,-9.2,-10
2.387e-01,10,18,-4,4.47035e-08,-0.48,-0.32,-7.2,-5.6
2.389e-01,14,12,-4,-6,-0.4,-0.48,-5.2,-6
2.392e-01,18,26,-4,4.47035e-08,-0.32,-0.08,-3.6,-1.6
2.394e-01,22,20,-4,-6,-0.16,-0.32,-1.6,-2.4
2.397e-01,26,36,-2,4.47035e-08,-0.08,0.08,0.4,2.4
2.399e-01,34,28,-2,-4,3.57628e-09,-0.08,2.4,1.6
2.402e-01,36,42,-2,4.47035e-08,0.16,0.32,4.4,6.4
2.404e-01,40,36,-2,-4,0.24,0.16,6,5.6
2.407e-01,42,48,-2,4.47035e-08,0.4,0.48,8,10
2.410e-01,46,42,-2,-4,0.48,0.32,10,9.2
2.412e-01,48,54,-2,2,0.56,0.72,12,13.6
2.415e-01,52,48,-2,-4,0.64,0.56,13.2,12.8
2.417e-01,56,60,-2,2,0.72,0.88,15.2,17.2
2.420e-01,56,54,-2,-4,0.88,0.72,16.8,16.4
2.422e-01,58,62,-2,2,0.96,1.12,18.4,20
2.425e-01,58,54,4.47035e-08,-2,0.96,0.88,20,19.2
2.427e-01,60,64,4.47035e-08,2,1.12,1.2,20.8,22.4
2.430e-01,60,54,4.47035e-08,-2,1.2,1.04,22,21.6
2.433e-01,58,62,4.47035e-08,2,1.2,1.36,23.2,24
2.435e-01,58,52,4.47035e-08,-2,1.2,1.12,24,23.2
2.438e-01,58,62,4.47035e-08,4,1.28,1.36,24.4,25.2
2.440e-01,56,50,4.47035e-08,-2,1.28,1.2,25.2,24.4
2.443e-01,56,60,4.47035e-08,4,1.36,1.44,25.2,26
2.445e-01,52,46,4.47035e-08,-2,1.36,1.2,25.6,25.2
2.448e-01,52,56,4.47035e-08,4,1.36,1.52,25.6,26
2.451e-01,50,40,2,-2,1.36,1.2,25.6,24.4
2.453e-01,44,52,2,4,1.36,1.52,25.2,26
2.456e-01,42,30,4.47035e-08,-2,1.36,1.2,24.8,22.8
2.458e-01,38,46,4.47035e-08,4,1.36,1.44,24,25.2
2.461e-01,34,22,4.47035e-08,-2,1.28,1.04,22.8,20.8
2.463e-01,28,38,2,4,1.2,1.36,22,23.6
2.466e-01,22,12,4.47035e-08,-2,1.12,0.96,20.8,17.6
2.468e-01,20,28,4.47035e-08,4,1.12,1.28,19.2,21.2
2.471e-01,14,2,4.47035e-08,-2,1.12,0.8,17.6,14.4
2.474e-01,10,18,4.47035e-08,4,1.04,1.12,16.4,18.4
2.476e-01,4,-6,4.47035e-08,-2,0.88,0.64,14.8,11.2
2.479e-01,2,10,4.47035e-08,2,0.8,0.96,12.8,15.2
2.481e-01,-2,-14,4.47035e-08,-2,0.72,0.48,11.2,7.2
2.484e-01,-8,2,4.47035e-08,2,0.64,0.8,9.6,12
2.486e-01,-12,-24,4.47035e-08,-4,0.56,0.24,7.6,3.6
2.489e-01,-16,-8,4.47035e-08,2,0.4,0.64,5.6,8
2.491e-01,-22,-32,-2,-4,0.32,3.57628e-09,3.6,-0.4
2.494e-01,-26,-16,-2,2,0.16,0.4,1.6,4.4
2.497e-01,-30,-40,-2,-4,0.08,-0.24,-0.4,-4.4
2.499e-01,-34,-26,-2,2,3.57628e-09,0.16,-2.4,0.4
2.502e-01,-38,-48,-2,-4,-0.08,-0.4,-4.4,-8
2.504e-01,-42,-34,-2,4.47035e-08,-0.24,-0.08,-6,-3.6
2.507e-01,-44,-54,-2,-6,-0.32,-0.56,-8,-11.6
2.509e-01,-48,-40,-4,4.47035e-08,-0.4,-0.24,-10,-7.2
2.512e-01,-50,-58,-2,-6,-0.56,-0.8,-11.6,-15.2
2.515e-01,-52,-46,-4,4.47035e-08,-0.64,-0.48,-13.2,-10.8
2.517e-01,-56,-62,-4,-6,-0.72,-1.04,-15.2,-18.4
2.520e-01,-58,-52,-4,4.47035e-08,-0.8,-0.64,-16.8,-14.4
2.522e-01,-58,-64,-2,-6,-0.88,-1.12,-18.4,-21.2
2.525e-01,-60,-54,-4,-2,-1.04,-0.8,-19.6,-17.6
2.527e-01,-60,-64,-4,-6,-1.04,-1.28,-20.8,-23.2
2.530e-01,-60,-56,-4,-2,-1.12,-0.96,-22,-20.4
2.532e-01,-58,-64,-4,-6,-1.12,-1.36,-23.2,-24.8
2.535e-01,-60,-54,-4,-2,-1.28,-1.12,-24,-22.4
2.538e-01,-58,-62,-4,-8,-1.2,-1.44,-24.4,-25.6
2.540e-01,-58,-52,-4,-2,-1.28,-1.2,-24.8,-24
2.543e-01,-54,-60,-4,-8,-1.28,-1.44,-25.2,-26
2.545e-01,-56,-50,-6,-2,-1.36,-1.28,-25.6,-24.8
2.548e-01,-52,-56,-6,-8,-1.36,-1.44,-25.6,-26
2.550e-01,-50,-44,-6,-2,-1.36,-1.28,-25.6,-24.8
2.553e-01,-48,-52,-4,-8,-1.36,-1.44,-25.2,-25.6
2.555e-01,-46,-36,-4,-2,-1.36,-1.28,-24.4,-23.6
2.558e-01,-42,-44,-6,-8,-1.28,-1.44,-24,-24.4
2.561e-01,-36,-28,-4,-2,-1.28,-1.12,-23.2,-22
2.563e-01,-32,-34,-6,-8,-1.2,-1.28,-22.4,-22.8
2.566e-01,-26,-18,-4,-2,-1.12,-1.04,-20.8,-19.2
2.568e-01,-24,-26,-6,-6,-1.12,-1.2,-19.6,-20
2.571e-01,-18,-10,-4,-2,-0.96,-0.88,-18,-16.4
2.573e-01,-12,-16,-4,-6,-0.96,-1.04,-16.8,-16.8
2.576e-01,-8,-2,-4,-2,-0.8,-0.72,-14.8,-12.8
2.579e-01,-6,-8,-4,-6,-0.8,-0.88,-13.2,-13.6
2.581e-01,2,8,-4,-2,-0.72,-0.56,-11.2,-9.2
2.584e-01,4,2,-4,-6,-0.64,-0.72,-9.2,-10
2.586e-01,10,18,-4,4.47035e-08,-0.56,-0.4,-7.6,-5.6
2.589e-01,14,10,-4,-6,-0.4,-0.48,-6,-6.4
2.591e-01,18,26,-2,4.47035e-08,-0.32,-0.16,-4,-2
2.594e-01,22,18,-2,-6,-0.24,-0.32,-1.6,-2.4
2.596e-01,28,34,-4,4.47035e-08,-0.08,0.08,1.78814e-08,2
2.599e-01,32,28,-2,-4,3.57628e-09,-0.08,1.6,1.2
2.602e-01,34,42,-2,4.47035e-08,0.16,0.24,4,6
2.604e-01,38,34,-2,-4,0.24,0.16,6,5.2
2.607e-01,42,48,-2,4.47035e-08,0.32,0.48,7.6,10
2.609e-01,44,42,-2,-4,0.4,0.32,9.6,8.8
2.612e-01,48,54,-2,2,0.56,0.72,11.2,13.6
2.614e-01,52,48,4.47035e-08,-4,0.64,0.56,13.2,12.8
2.617e-01,54,60,-2,2,0.72,0.88,14.8,16.8
2.619e-01,58,52,-2,-4,0.8,0.72,16.8,16
2.622e-01,56,62,4.47035e-08,2,0.96,1.12,18.4,19.6
2.625e-01,58,54,4.47035e-08,-2,1.04,0.88,19.6,18.8
2.627e-01,58,64,4.47035e-08,2,1.12,1.2,20.8,22
2.630e-01,60,54,4.47035e-08,-2,1.2,1.04,22,21.6
2.632e-01,58,62,4.47035e-08,2,1.2,1.28,22.8,24
2.635e-01,58,52,4.47035e-08,-2,1.2,1.12,23.6,23.2
2.637e-01,56,62,4.47035e-08,4,1.28,1.36,24.4,25.2
2.640e-01,56,50,4.47035e-08,-2,1.36,1.2,24.8,24.4
2.643e-01,54,60,4.47035e-08,4,1.36,1.44,25.6,26
2.645e-01,54,46,4.47035e-08,-2,1.36,1.28,25.6,25.2
2.648e-01,52,58,4.47035e-08,4,1.36,1.52,25.6,26
2.650e-01,48,40,4.47035e-08,-2,1.44,1.28,25.6,24.4
2.653e-01,46,52,4.47035e-08,4,1.44,1.52,25.2,26
2.655e-01,42,32,2,-2,1.36,1.2,24.8,23.2
2.658e-01,38,46,2,4,1.36,1.44,24,25.2
2.660e-01,34,22,4.47035e-08,-2,1.28,1.12,23.2,20.8
2.663e-01,30,38,4.47035e-08,4,1.28,1.36,22.4,24
2.666e-01,26,12,4.47035e-08,-2,1.2,0.96,21.2,18
2.668e-01,20,30,4.47035e-08,4,1.12,1.28,19.6,21.6
2.671e-01,16,4,4.47035e-08,-2,1.12,0.8,18.4,14.8
2.673e-01,10,20,4.47035e-08,2,0.96,1.12,16.8,18.8
2.676e-01,6,-4,4.47035e-08,-2,0.96,0.72,14.8,11.2
2.678e-01,4,10,4.47035e-08,2,0.88,1.04,13.2,15.6
2.681e-01,-4,-14,4.47035e-08,-2,0.8,0.48,11.6,7.6
2.684e-01,-6,2,4.47035e-08,2,0.64,0.88,9.6,12.4
2.686e-01,-10,-22,4.47035e-08,-4,0.56,0.24,7.6,3.6
2.689e-01,-16,-6,4.47035e-08,2,0.48,0.64,6,8.4
2.691e-01,-20,-32,-2,-4,0.32,0.08,4,1.78814e-08
2.694e-01,-24,-16,-2,2,0.24,0.4,2,4.4
2.696e-01,-28,-40,-2,-4,0.08,-0.16,1.78814e-08,-4.4
2.699e-01,-34,-24,-2,2,3.57628e-09,0.16,-2,0.4
2.701e-01,-36,-48,-2,-4,-0.08,-0.4,-4,-7.6
2.704e-01,-40,-32,-2,4.47035e-08,-0.24,3.57628e-09,-5.6,-3.2
2.707e-01,-44,-52,-2,-6,-0.32,-0.56,-7.6,-11.6
2.709e-01,-48,-40,-4,4.47035e-08,-0.4,-0.24,-9.6,-7.2
2.712e-01,-48,-58,-2,-6,-0.48,-0.8,-11.2,-14.8
2.714e-01,-50,-46,-2,4.47035e-08,-0.64,-0.4,-13.2,-10.8
2.717e-01,-56,-62,-2,-6,-0.72,-0.96,-14.8,-18
2.719e-01,-56,-52,-4,4.47035e-08,-0.8,-0.64,-16.4,-14.4
2.722e-01,-58,-64,-2,-6,-0.88,-1.12,-18,-21.2
2.724e-01,-62,-56,-4,-2,-0.96,-0.8,-19.6,-17.6
2.727e-01,-60,-64,-4,-6,-1.04,-1.28,-20.8,-23.2
2.730e-01,-60,-56,-4,-2,-1.12,-0.96,-22,-20
2.732e-01,-60,-64,-4,-8,-1.2,-1.36,-22.8,-24.8
2.735e-01,-60,-54,-4,-2,-1.2,-1.12,-23.6,-22.4
2.737e-01,-58,-62,-6,-8,-1.28,-1.44,-24.4,-25.6
2.740e-01,-56,-52,-6,-2,-1.28,-1.2,-24.8,-23.6
2.742e-01,-58,-60,-4,-8,-1.36,-1.44,-25.2,-26
2.745e-01,-54,-50,-4,-2,-1.28,-1.28,-25.2,-24.4
2.748e-01,-52,-56,-4,-8,-1.36,-1.44,-25.2,-26
2.750e-01,-50,-44,-4,-2,-1.36,-1.28,-25.6,-24.8
2.753e-01,-48,-52,-4,-8,-1.36,-1.52,-25.2,-25.6
2.755e-01,-46,-38,-6,-2,-1.36,-1.28,-24.8,-23.6
2.758e-01,-42,-44,-4,-8,-1.28,-1.44,-24.4,-24.4
2.760e-01,-36,-28,-4,-2,-1.28,-1.12,-23.2,-22
2.763e-01,-32,-36,-6,-8,-1.2,-1.36,-22.4,-22.8
2.765e-01,-26,-20,-4,-2,-1.12,-1.04,-21.2,-19.2
2.768e-01,-22,-26,-4,-8,-1.12,-1.2,-19.6,-20.4
2.771e-01,-18,-10,-4,-2,-1.04,-0.88,-18,-16.4
2.773e-01,-14,-16,-4,-6,-0.96,-1.12,-16.4,-17.2
2.776e-01,-10,-2,-4,-2,-0.88,-0.72,-14.8,-13.2
2.778e-01,-6,-8,-4,-6,-0.8,-0.96,-13.2,-14
2.781e-01,4.47035e-08,8,-4,-2,-0.72,-0.56,-11.6,-9.6
2.783e-01,2,4.47035e-08,-4,-6,-0.64,-0.72,-9.6,-10.4
2.786e-01,10,16,-4,-2,-0.56,-0.4,-7.6,-6
2.788e-01,12,10,-4,-6,-0.4,-0.48,-6,-6.8
2.791e-01,18,26,-4,4.47035e-08,-0.4,-0.16,-4,-2
2.794e-01,24,18,-2,-6,-0.24,-0.32,-2.4,-2.8
2.796e-01,26,34,-2,4.47035e-08,-0.08,0.08,-0.4,2
2.799e-01,32,28,-2,-4,3.57628e-09,-0.08,1.6,1.2
2.801e-01,34,42,-2,4.47035e-08,0.08,0.32,3.6,6
2.804e-01,38,34,-2,-4,0.24,0.16,5.2,4.8
2.806e-01,40,48,-2,4.47035e-08,0.32,0.48,7.6,9.6
2.809e-01,44,42,-2,-4,0.4,0.32,9.6,8.8
2.812e-01,46,54,-2,2,0.56,0.72,11.2,13.2
2.814e-01,52,48,-2,-4,0.64,0.48,12.8,12.4
2.817e-01,54,58,-2,2,0.72,0.88,14.4,16.4
2.819e-01,56,52,4.47035e-08,-4,0.88,0.72,16.4,15.6
2.822e-01,60,62,-2,2,0.96,1.12,18,19.6
2.824e-01,58,54,4.47035e-08,-2,1.04,0.88,19.2,18.8
2.827e-01,58,64,4.47035e-08,2,1.12,1.2,20.8,22
2.829e-01,58,54,4.47035e-08,-2,1.12,1.04,22,21.2
2.832e-01,58,62,4.47035e-08,2,1.2,1.28,22.8,24
2.835e-01,58,52,4.47035e-08,-2,1.28,1.12,23.6,23.2
2.837e-01,58,62,4.47035e-08,2,1.28,1.44,24.4,25.2
2.840e-01,56,50,4.47035e-08,-2,1.28,1.2,24.8,24.4
2.842e-01,54,60,2,4,1.36,1.44,25.2,26
2.845e-01,52,46,4.47035e-08,-2,1.36,1.2,25.6,25.2
2.847e-01,52,58,4.47035e-08,4,1.36,1.44,25.6,26
2.850e-01,48,40,2,-2,1.36,1.28,25.6,24.4
2.852e-01,46,52,4.47035e-08,4,1.44,1.52,25.2,26
2.855e-01,42,32,4.47035e-08,-2,1.36,1.2,24.8,23.2
2.858e-01,40,46,4.47035e-08,4,1.36,1.44,24,25.2
2.860e-01,34,22,2,-2,1.28,1.12,23.6,20.8
2.863e-01,30,38,4.47035e-08,4,1.28,1.36,22.4,24
2.865e-01,26,14,4.47035e-08,-2,1.2,0.96,21.2,18.4
2.868e-01,20,30,4.47035e-08,4,1.2,1.28,20,21.6
2.870e-01,16,4,2,-2,1.04,0.88,18.4,14.8
2.873e-01,12,20,4.47035e-08,2,1.04,1.2,16.8,18.8
2.876e-01,8,-4,4.47035e-08,-2,0.88,0.72,14.8,11.6
2.878e-01,2,12,4.47035e-08,2,0.88,1.04,13.6,15.6
2.881e-01,-2,-12,4.47035e-08,-2,0.8,0.48,11.6,8
2.883e-01,-6,2,4.47035e-08,2,0.64,0.88,10,12.4
2.886e-01,-10,-22,4.47035e-08,-4,0.56,0.24,8,4
2.888e-01,-16,-6,4.47035e-08,2,0.48,0.64,6,8.8
2.891e-01,-20,-30,-2,-4,0.32,0.08,4.4,1.78814e-08
2.893e-01,-24,-16,4.47035e-08,2,0.24,0.4,2,4.8
2.896e-01,-28,-40,-2,-4,0.16,-0.16,0.4,-3.6
2.899e-01,-32,-24,4.47035e-08,2,0.08,0.24,-1.6,0.8
2.901e-01,-36,-46,-2,-4,-0.08,-0.32,-3.6,-7.6
2.904e-01,-40,-32,-2,4.47035e-08,-0.24,3.57628e-09,-5.6,-2.8
2.906e-01,-46,-52,-2,-6,-0.32,-0.56,-7.2,-11.2
2.909e-01,-46,-40,-2,4.47035e-08,-0.4,-0.24,-9.2,-6.8
2.911e-01,-50,-58,-2,-6,-0.48,-0.8,-10.8,-14.8
2.914e-01,-54,-46,-4,4.47035e-08,-0.56,-0.4,-12.8,-10.4
2.916e-01,-56,-62,-4,-6,-0.72,-0.96,-14.4,-18
2.919e-01,-58,-50,-2,4.47035e-08,-0.8,-0.64,-16.4,-14
2.922e-01,-58,-64,-4,-6,-0.88,-1.12,-17.6,-20.8
2.924e-01,-60,-56,-4,4.47035e-08,-0.96,-0.8,-19.2,-17.2
2.927e-01,-60,-64,-4,-6,-1.04,-1.28,-20.8,-22.8
2.929e-01,-62,-56,-4,-2,-1.12,-0.96,-21.6,-20
2.932e-01,-58,-64,-4,-6,-1.2,-1.36,-22.8,-24.4
2.934e-01,-60,-54,-4,-2,-1.2,-1.12,-23.6,-22
2.937e-01,-58,-62,-4,-8,-1.2,-1.44,-24.4,-25.6
2.940e-01,-58,-52,-4,-2,-1.28,-1.12,-24.8,-23.6
2.942e-01,-58,-60,-6,-6,-1.28,-1.44,-25.2,-26
2.945e-01,-54,-50,-6,-2,-1.36,-1.2,-25.6,-24.8
2.947e-01,-52,-56,-4,-8,-1.36,-1.52,-25.6,-26
2.950e-01,-52,-46,-4,-2,-1.36,-1.28,-25.6,-24.8
2.952e-01,-50,-52,-4,-8,-1.36,-1.44,-25.2,-25.6
2.955e-01,-46,-38,-4,-2,-1.36,-1.28,-24.8,-24
2.957e-01,-42,-46,-6,-8,-1.28,-1.44,-24.4,-24.8
2.960e-01,-38,-30,-6,-2,-1.28,-1.2,-23.2,-22
2.963e-01,-32,-36,-4,-8,-1.2,-1.36,-22.4,-23.2
2.965e-01,-28,-20,-4,-2,-1.2,-1.04,-21.2,-19.6
2.968e-01,-22,-26,-6,-6,-1.12,-1.2,-20,-20.4
2.970e-01,-18,-12,-4,-2,-1.04,-0.96,-18.8,-16.8
2.973e-01,-14,-18,-4,-6,-0.96,-1.12,-16.8,-17.6
2.975e-01,-10,-2,-4,-2,-0.88,-0.8,-15.2,-13.2
2.978e-01,-6,-10,-4,-6,-0.8,-0.96,-13.6,-14
2.980e-01,-2,6,-4,-2,-0.72,-0.56,-11.6,-10
2.983e-01,4,4.47035e-08,-4,-6,-0.64,-0.72,-10,-10.8
2.986e-01,8,16,-4,4.47035e-08,-0.56,-0.4,-8.4,-6
2.988e-01,14,10,-4,-6,-0.4,-0.56,-6.4,-6.8
2.991e-01,18,26,-4,4.47035e-08,-0.32,-0.16,-4.4,-2.4
2.993e-01,20,18,-4,-6,-0.24,-0.32,-2.4,-3.2
2.996e-01,26,34,-2,4.47035e-08,-0.16,0.08,-0.4,1.6
2.998e-01,30,26,-2,-4,3.57628e-09,-0.08,1.2,0.8
3.001e-01,32,42,-2,4.47035e-08,0.08,0.24,3.2,5.6
3.004e-01,38,34,-2,-4,0.24,0.08,5.2,4.8
3.006e-01,40,48,-2,4.47035e-08,0.32,0.48,7.2,9.2
3.009e-01,42,42,-2,-4,0.4,0.32,9.2,8.4
3.011e-01,48,54,4.47035e-08,2,0.48,0.64,11.2,12.8
3.014e-01,52,46,4.47035e-08,-4,0.64,0.48,12.8,12
3.016e-01,54,58,4.47035e-08,2,0.72,0.88,14.4,16.4
3.019e-01,54,52,4.47035e-08,-4,0.8,0.72,16,15.6
3.021e-01,58,62,4.47035e-08,2,0.96,1.04,18,19.2
3.024e-01,58,54,4.47035e-08,-2,0.96,0.88,19.2,18.4
3.027e-01,60,64,4.47035e-08,2,1.12,1.2,20.4,22
3.029e-01,60,54,4.47035e-08,-2,1.12,1.04,21.6,21.2
3.032e-01,58,64,4.47035e-08,2,1.2,1.28,22.4,24
3.034e-01,56,54,4.47035e-08,-2,1.28,1.12,23.6,23.2
3.037e-01,56,62,4.47035e-08,2,1.28,1.36,24.4,25.2
3.039e-01,58,50,4.47035e-08,-2,1.36,1.2,24.8,24.4
3.042e-01,56,60,2,4,1.36,1.44,25.2,26
3.044e-01,54,46,4.47035e-08,-2,1.36,1.2,25.6,24.8
3.047e-01,52,58,4.47035e-08,4,1.36,1.44,25.6,26
3.050e-01,50,40,4.47035e-08,-2,1.36,1.28,25.6,24.4
3.052e-01,46,54,4.47035e-08,4,1.36,1.52,25.6,26
3.055e-01,44,32,2,-2,1.44,1.2,25.2,23.2
3.057e-01,40,48,4.47035e-08,4,1.36,1.44,24.4,25.2
3.060e-01,34,24,2,-2,1.28,1.12,23.6,21.2
3.062e-01,30,40,4.47035e-08,4,1.28,1.36,22.4,24
3.065e-01,26,14,4.47035e-08,-2,1.2,0.96,21.2,18.4
3.068e-01,22,30,4.47035e-08,4,1.2,1.28,20,22
3.070e-01,18,4,4.47035e-08,-2,1.12,0.88,18.8,15.2
3.073e-01,12,22,4.47035e-08,2,1.04,1.2,17.2,19.2
3.075e-01,10,-4,4.47035e-08,-2,0.96,0.72,15.2,12
3.078e-01,4,12,4.47035e-08,2,0.88,1.04,13.6,16
3.080e-01,-2,-12,4.47035e-08,-2,0.8,0.48,12,8.4
3.083e-01,-8,4,4.47035e-08,2,0.72,0.88,10,12.8
3.085e-01,-10,-22,4.47035e-08,-4,0.56,0.32,8.4,4.4
3.088e-01,-14,-6,-2,2,0.48,0.64,6.4,9.2
3.091e-01,-20,-30,-2,-4,0.32,0.08,4.4,0.4
3.093e-01,-24,-16,4.47035e-08,2,0.24,0.4,2.8,5.2
3.096e-01,-28,-38,-2,-4,0.16,-0.16,0.4,-3.6
3.098e-01,-32,-24,-2,2,0.08,0.24,-1.2,1.2
3.101e-01,-36,-46,-2,-4,-0.08,-0.32,-3.6,-7.2
3.103e-01,-40,-32,-2,4.47035e-08,-0.24,3.57628e-09,-5.2,-2.8
3.106e-01,-44,-52,-2,-6,-0.32,-0.56,-7.2,-10.8
3.108e-01,-46,-38,-2,4.47035e-08,-0.4,-0.24,-9.2,-6.4
3.111e-01,-50,-58,-2,-6,-0.48,-0.8,-10.8,-14.4
3.114e-01,-52,-46,-4,4.47035e-08,-0.64,-0.4,-12.4,-10
3.116e-01,-56,-62,-2,-6,-0.64,-0.96,-14,-17.6
3.119e-01,-56,-50,-4,4.47035e-08,-0.8,-0.56,-16,-13.6
3.121e-01,-58,-64,-2,-6,-0.88,-1.12,-17.6,-20.8
3.124e-01,-60,-54,-4,4.47035e-08,-0.96,-0.8,-18.8,-16.8
3.126e-01,-60,-64,-4,-6,-1.04,-1.28,-20.4,-22.8
3.129e-01,-62,-56,-4,-2,-1.04,-0.96,-21.6,-19.6
3.132e-01,-60,-64,-4,-6,-1.12,-1.36,-22.4,-24.4
3.134e-01,-60,-56,-4,-2,-1.2,-1.04,-23.6,-22
3.137e-01,-60,-62,-4,-8,-1.28,-1.44,-24.4,-25.6
3.139e-01,-58,-54,-4,-2,-1.28,-1.2,-24.8,-23.6
3.142e-01,-56,-60,-6,-8,-1.28,-1.44,-25.2,-26
3.144e-01,-56,-50,-6,-2,-1.36,-1.2,-25.6,-24.4
3.147e-01,-54,-58,-4,-8,-1.36,-1.52,-25.6,-26
3.149e-01,-52,-46,-4,-2,-1.36,-1.28,-25.6,-24.8
3.152e-01,-48,-52,-6,-8,-1.36,-1.44,-25.6,-25.6
3.155e-01,-46,-38,-4,-2,-1.36,-1.28,-24.8,-24
3.157e-01,-42,-46,-4,-8,-1.36,-1.44,-24.4,-24.8
3.160e-01,-38,-30,-6,-2,-1.28,-1.2,-23.6,-22.4
3.162e-01,-34,-38,-6,-8,-1.2,-1.36,-22.8,-23.2
3.165e-01,-28,-20,-4,-2,-1.2,-1.04,-21.6,-19.6
3.167e-01,-24,-28,-4,-8,-1.12,-1.2,-20,-20.8
3.170e-01,-20,-12,-4,-2,-1.12,-0.96,-18.8,-16.8
3.172e-01,-14,-18,-4,-6,-0.96,-1.12,-17.2,-17.6
3.175e-01,-10,-4,-6,-2,-0.88,-0.8,-15.6,-13.6
3.178e-01,-4,-10,-4,-6,-0.88,-0.96,-14,-14.4
3.180e-01,4.47035e-08,6,-4,-2,-0.72,-0.64,-12,-10.4
3.183e-01,2,-2,-4,-6,-0.64,-0.8,-10.4,-10.8
3.185e-01,8,16,-4,4.47035e-08,-0.56,-0.4,-8.4,-6.4
3.188e-01,12,8,-2,-6,-0.48,-0.56,-6.4,-7.2
3.190e-01,18,24,-2,4.47035e-08,-0.32,-0.16,-4.8,-2.8
3.193e-01,20,18,-4,-6,-0.24,-0.32,-2.8,-3.6
3.196e-01,26,32,-4,4.47035e-08,-0.16,3.57628e-09,-0.8,1.2
3.198e-01,30,26,-2,-4,-0.08,-0.16,1.2,0.4
3.201e-01,34,40,-2,4.47035e-08,0.08,0.24,3.2,5.2
3.203e-01,38,34,-2,-4,0.16,0.08,4.8,4.4
3.206e-01,42,48,-2,4.47035e-08,0.24,0.48,7.2,9.2
3.208e-01,44,40,4.47035e-08,-4,0.4,0.32,8.8,8.4
3.211e-01,48,54,-2,2,0.56,0.64,10.8,12.4
3.213e-01,50,46,-2,-4,0.56,0.48,12.8,12
3.216e-01,52,58,4.47035e-08,2,0.72,0.88,14,16
3.219e-01,56,52,4.47035e-08,-4,0.8,0.72,16,15.2
3.221e-01,58,62,-2,2,0.96,1.04,17.6,19.2
3.224e-01,58,54,4.47035e-08,-2,1.04,0.88,19.2,18.4
3.226e-01,58,64,-2,2,1.12,1.2,20.4,21.6
3.229e-01,60,54,-2,-2,1.12,0.96,21.2,20.8
3.231e-01,58,64,4.47035e-08,2,1.2,1.28,22.4,23.6
3.234e-01,56,54,4.47035e-08,-2,1.2,1.12,23.6,22.8
3.236e-01,58,62,4.47035e-08,4,1.28,1.36,24,25.2
3.239e-01,56,50,4.47035e-08,-2,1.36,1.2,24.8,24.4
3.242e-01,56,60,4.47035e-08,4,1.36,1.44,25.2,26
3.244e-01,54,48,4.47035e-08,-2,1.36,1.2,25.6,24.8
3.247e-01,52,58,4.47035e-08,4,1.36,1.44,25.6,26
3.249e-01,50,42,4.47035e-08,-2,1.36,1.28,25.6,24.8
3.252e-01,48,54,4.47035e-08,4,1.44,1.52,25.6,26
3.254e-01,46,34,2,-2,1.44,1.2,24.8,23.2
3.257e-01,40,48,4.47035e-08,4,1.36,1.44,24.4,25.6
3.260e-01,34,24,2,-2,1.36,1.12,24,21.2
3.262e-01,34,40,4.47035e-08,4,1.28,1.44,22.8,24.4
3.265e-01,26,14,4.47035e-08,-2,1.2,0.96,21.6,18.8
3.267e-01,22,32,4.47035e-08,4,1.2,1.28,20,22
3.270e-01,18,6,4.47035e-08,-2,1.04,0.88,18.8,15.6
3.272e-01,12,22,4.47035e-08,4,1.04,1.2,17.2,19.6
3.275e-01,8,-2,4.47035e-08,-2,0.96,0.72,15.6,12
3.277e-01,4,12,4.47035e-08,2,0.88,1.04,14,16.4
3.280e-01,4.47035e-08,-12,4.47035e-08,-2,0.8,0.48,12,8.4
3.283e-01,-4,4,4.47035e-08,2,0.72,0.88,10.4,12.8
3.285e-01,-10,-22,4.47035e-08,-4,0.56,0.32,8.8,4.8
3.288e-01,-14,-6,4.47035e-08,2,0.48,0.64,6.8,9.2
3.290e-01,-20,-30,-2,-4,0.4,0.08,4.8,0.8
3.293e-01,-24,-14,4.47035e-08,2,0.24,0.48,2.8,5.6
3.295e-01,-28,-38,-2,-4,0.16,-0.16,0.8,-3.2
3.298e-01,-32,-22,-2,2,0.08,0.24,-1.2,1.6
3.301e-01,-36,-44,-2,-4,3.57628e-09,-0.32,-2.8,-6.8
3.303e-01,-38,-32,-2,4.47035e-08,-0.16,3.57628e-09,-4.8,-2.4
3.306e-01,-42,-52,-2,-6,-0.24,-0.56,-6.8,-10.8
3.308e-01,-48,-38,-2,4.47035e-08,-0.4,-0.16,-8.8,-6
3.311e-01,-48,-58,-2,-6,-0.48,-0.72,-10.4,-14.4
3.313e-01,-52,-44,-2,4.47035e-08,-0.56,-0.4,-12,-10
3.316e-01,-54,-62,-2,-6,-0.64,-0.96,-14,-17.6
3.318e-01,-56,-50,-4,4.47035e-08,-0.8,-0.56,-15.6,-13.2
3.321e-01,-58,-64,-4,-6,-0.8,-1.12,-17.2,-20.4
3.324e-01,-60,-54,-4,4.47035e-08,-0.96,-0.8,-18.8,-16.8
3.326e-01,-60,-64,-4,-6,-1.04,-1.28,-20,-22.8
3.329e-01,-60,-56,-4,-2,-1.04,-0.96,-21.6,-19.6
3.331e-01,-60,-64,-4,-8,-1.12,-1.36,-22.4,-24.4
3.334e-01,-60,-56,-4,-2,-1.2,-1.04,-23.2,-22
3.336e-01,-60,-62,-4,-8,-1.28,-1.36,-24,-25.6
3.339e-01,-60,-54,-4,-2,-1.28,-1.2,-24.8,-23.6
3.341e-01,-58,-60,-4,-8,-1.28,-1.44,-25.2,-26
3.344e-01,-56,-50,-6,-2,-1.36,-1.2,-25.6,-24.4
3.347e-01,-54,-58,-4,-8,-1.36,-1.44,-25.6,-26
3.349e-01,-52,-46,-4,-2,-1.36,-1.28,-25.6,-24.8
3.352e-01,-50,-52,-6,-8,-1.36,-1.44,-25.2,-26
3.354e-01,-48,-40,-4,-2,-1.36,-1.28,-25.2,-24
3.357e-01,-44,-46,-4,-8,-1.36,-1.44,-24.4,-24.8
3.359e-01,-40,-30,-4,-2,-1.28,-1.2,-23.6,-22.4
3.362e-01,-34,-38,-6,-8,-1.2,-1.36,-22.8,-23.2
3.365e-01,-30,-22,-6,-2,-1.2,-1.04,-21.6,-20
3.367e-01,-24,-28,-4,-8,-1.12,-1.2,-20.4,-20.8
3.370e-01,-22,-12,-4,-2,-1.04,-0.96,-18.8,-17.2
3.372e-01,-16,-20,-4,-6,-1.04,-1.12,-17.2,-18
3.375e-01,-10,-4,-4,-2,-0.88,-0.8,-15.6,-14
3.377e-01,-4,-10,-4,-6,-0.88,-0.96,-14,-14.8
3.380e-01,-4,6,-4,-2,-0.72,-0.64,-12.4,-10.4
3.382e-01,2,-2,-4,-6,-0.72,-0.8,-10.4,-11.2
3.385e-01,8,14,-4,4.47035e-08,-0.56,-0.4,-8.8,-6.8
3.388e-01,10,8,-4,-6,-0.48,-0.56,-6.8,-7.6
3.390e-01,16,24,-4,4.47035e-08,-0.32,-0.24,-4.8,-2.8
3.393e-01,20,16,-4,-6,-0.24,-0.4,-3.2,-3.6
3.395e-01,26,32,-4,4.47035e-08,-0.16,3.57628e-09,-1.2,1.2
3.398e-01,28,26,-4,-6,-0.08,-0.16,0.8,1.78814e-08
3.400e-01,34,40,-2,4.47035e-08,0.08,0.24,2.8,4.8
3.403e-01,36,34,-2,-4,0.16,0.08,4.8,4
3.405e-01,40,46,-2,4.47035e-08,0.24,0.4,6.8,8.8
3.408e-01,44,40,-2,-4,0.4,0.24,8.8,8
3.411e-01,46,54,-2,2,0.48,0.64,10.4,12.4
3.413e-01,50,46,-2,-4,0.56,0.48,12.4,11.6
3.416e-01,52,58,-2,2,0.72,0.88,13.6,15.6
3.418e-01,54,52,4.47035e-08,-4,0.8,0.72,15.6,14.8
3.421e-01,56,62,4.47035e-08,2,0.88,1.04,17.6,19.2
3.423e-01,58,54,4.47035e-08,-4,0.96,0.88,18.8,18
3.426e-01,60,62,4.47035e-08,2,1.04,1.2,20,21.6
3.429e-01,60,54,4.47035e-08,-2,1.12,0.96,21.6,20.8
3.431e-01,60,64,4.47035e-08,2,1.2,1.28,22.4,23.6
3.434e-01,58,54,4.47035e-08,-2,1.28,1.12,23.2,22.8
3.436e-01,58,62,-2,4,1.28,1.36,24,25.2
3.439e-01,58,52,4.47035e-08,-2,1.36,1.2,24.4,24
3.441e-01,56,60,4.47035e-08,4,1.28,1.44,25.2,26
3.444e-01,56,48,2,-2,1.36,1.2,25.6,24.8
3.446e-01,52,58,4.47035e-08,4,1.36,1.52,25.6,26
3.449e-01,50,42,4.47035e-08,-2,1.44,1.2,25.6,24.8
3.452e-01,46,54,4.47035e-08,4,1.36,1.44,25.6,26
3.454e-01,46,34,4.47035e-08,-2,1.36,1.2,25.2,23.6
3.457e-01,40,50,4.47035e-08,4,1.36,1.52,24.4,25.6
3.459e-01,36,24,2,-2,1.28,1.12,24,21.6
3.462e-01,32,40,4.47035e-08,4,1.28,1.44,22.8,24.4
3.464e-01,26,14,4.47035e-08,-2,1.2,1.04,21.6,18.8
3.467e-01,22,32,4.47035e-08,4,1.2,1.28,20.4,22.4
3.469e-01,16,6,4.47035e-08,-2,1.12,0.88,19.2,15.6
3.472e-01,14,22,4.47035e-08,4,1.04,1.2,17.6,19.6
3.475e-01,8,-2,4.47035e-08,-2,0.96,0.72,16,12.4
3.477e-01,4,14,4.47035e-08,2,0.88,1.04,14.4,16.4
3.480e-01,4.47035e-08,-12,4.47035e-08,-2,0.8,0.56,12.4,8.8
3.482e-01,-4,6,4.47035e-08,2,0.72,0.88,10.4,13.2
3.485e-01,-10,-20,4.47035e-08,-4,0.56,0.32,9.2,4.8
3.487e-01,-14,-4,-2,2,0.48,0.72,6.8,9.6
3.490e-01,-18,-30,4.47035e-08,-4,0.4,0.08,5.2,0.8
3.493e-01,-22,-14,4.47035e-08,2,0.32,0.48,2.8,5.6
3.495e-01,-26,-38,-2,-4,0.16,-0.08,1.2,-2.8
3.498e-01,-32,-22,-2,2,0.08,0.24,-0.8,1.6
3.500e-01,-36,-44,-2,-4,-0.08,-0.32,-2.8,-6.8
3.503e-01,-38,-30,-2,4.47035e-08,-0.08,3.57628e-09,-4.8,-2
3.505e-01,-42,-52,-4,-4,-0.24,-0.56,-6.4,-10.4
3.508e-01,-46,-38,-2,4.47035e-08,-0.4,-0.16,-8.4,-6
3.510e-01,-48,-58,-2,-6,-0.4,-0.72,-10.4,-14
3.513e-01,-52,-44,-2,4.47035e-08,-0.56,-0.4,-12,-9.6
3.516e-01,-54,-62,-4,-6,-0.64,-0.96,-13.6,-17.2
3.518e-01,-56,-50,-4,4.47035e-08,-0.8,-0.56,-15.6,-13.2
3.521e-01,-60,-64,-4,-6,-0.88,-1.12,-17.2,-20.4
3.523e-01,-60,-54,-4,4.47035e-08,-0.96,-0.8,-18.4,-16.4
3.526e-01,-58,-64,-4,-6,-1.04,-1.2,-20,-22.8
3.528e-01,-62,-56,-4,-2,-1.04,-0.96,-21.2,-19.2
3.531e-01,-58,-64,-4,-6,-1.12,-1.36,-22.4,-24.4
3.533e-01,-60,-54,-4,-2,-1.2,-1.04,-23.2,-21.6
3.536e-01,-60,-62,-4,-8,-1.28,-1.36,-24,-25.6
3.539e-01,-58,-54,-4,-2,-1.28,-1.2,-24.8,-23.2
3.541e-01,-58,-60,-6,-8,-1.28,-1.44,-24.8,-26
3.544e-01,-56,-50,-6,-2,-1.28,-1.2,-25.2,-24.4
3.546e-01,-54,-58,-6,-8,-1.36,-1.44,-25.2,-26
3.549e-01,-52,-46,-6,-2,-1.36,-1.28,-25.2,-24.8
3.551e-01,-52,-54,-6,-8,-1.36,-1.52,-25.6,-26
3.554e-01,-48,-40,-4,-2,-1.36,-1.28,-24.8,-24
3.557e-01,-44,-48,-4,-8,-1.36,-1.44,-24.8,-25.2
3.559e-01,-38,-32,-4,-2,-1.28,-1.2,-24,-22.4
3.562e-01,-34,-38,-6,-8,-1.2,-1.36,-22.8,-23.6
3.564e-01,-30,-22,-4,-2,-1.2,-1.04,-21.6,-20.4
3.567e-01,-26,-28,-6,-8,-1.12,-1.28,-20.4,-21.2
3.569e-01,-20,-12,-4,-2,-1.12,-0.96,-19.2,-17.2
3.572e-01,-18,-20,-4,-6,-0.96,-1.12,-17.6,-18
3.574e-01,-12,-4,-6,-2,-0.96,-0.8,-16,-14
3.577e-01,-8,-10,-4,-6,-0.88,-0.96,-14.4,-14.8
3.580e-01,-4,4,-4,-2,-0.8,-0.64,-12.8,-10.8
3.582e-01,2,-2,-4,-6,-0.72,-0.8,-10.8,-11.6
3.585e-01,6,14,-4,-2,-0.56,-0.4,-8.8,-6.8
3.587e-01,10,6,-2,-6,-0.48,-0.56,-6.8,-7.6
3.590e-01,16,24,-4,4.47035e-08,-0.4,-0.24,-5.2,-3.2
3.592e-01,20,16,-4,-6,-0.24,-0.4,-3.6,-4
3.595e-01,24,32,-2,4.47035e-08,-0.16,3.57628e-09,-1.6,0.8
3.597e-01,28,26,-4,-6,3.57628e-09,-0.16,0.4,1.78814e-08
3.600e-01,32,40,-4,4.47035e-08,3.57628e-09,0.24,2.4,4.4
3.603e-01,38,32,-2,-4,0.16,0.08,4.4,4
3.605e-01,42,46,-2,4.47035e-08,0.24,0.4,6.4,8.4
3.608e-01,42,40,-2,-4,0.4,0.24,8.4,7.6
3.610e-01,48,52,-2,2,0.4,0.64,10,12
3.613e-01,50,46,-2,-4,0.56,0.48,11.6,11.2
3.615e-01,50,58,-2,2,0.64,0.8,13.6,15.6
3.618e-01,56,52,-2,-4,0.8,0.64,15.2,14.8
3.621e-01,56,62,4.47035e-08,2,0.88,1.04,17.2,18.8
3.623e-01,58,54,4.47035e-08,-2,0.96,0.88,18.8,18
3.626e-01,60,64,4.47035e-08,2,1.04,1.2,20,21.6
3.628e-01,58,56,4.47035e-08,-2,1.12,0.96,21.2,20.4
3.631e-01,60,64,4.47035e-08,2,1.2,1.28,22,23.6
3.633e-01,58,54,4.47035e-08,-2,1.2,1.12,23.2,22.8
3.636e-01,56,62,4.47035e-08,2,1.28,1.36,23.6,24.8
3.638e-01,58,50,4.47035e-08,-2,1.28,1.2,24.4,24
3.641e-01,56,60,2,4,1.36,1.44,25.2,26
3.644e-01,54,48,2,-2,1.36,1.2,25.6,24.8
3.646e-01,54,58,4.47035e-08,4,1.36,1.52,25.6,26
3.649e-01,50,42,4.47035e-08,-2,1.44,1.2,25.6,24.8
3.651e-01,48,54,2,4,1.44,1.44,25.6,26
3.654e-01,46,34,4.47035e-08,-2,1.36,1.2,25.2,23.6
3.656e-01,42,50,4.47035e-08,4,1.36,1.44,24.8,25.6
3.659e-01,38,26,4.47035e-08,-2,1.36,1.12,24,21.6
3.661e-01,32,42,4.47035e-08,4,1.28,1.44,23.2,24.4
3.664e-01,28,16,2,-2,1.2,1.04,22,19.2
3.667e-01,24,32,4.47035e-08,4,1.2,1.28,20.4,22.4
3.669e-01,18,8,4.47035e-08,-2,1.04,0.88,19.6,16
3.672e-01,14,24,4.47035e-08,4,1.04,1.2,17.6,19.6
3.674e-01,10,-2,4.47035e-08,-2,0.96,0.72,16,12.4
3.677e-01,4,14,4.47035e-08,2,0.88,1.04,14.4,16.8
3.679e-01,4.47035e-08,-10,4.47035e-08,-2,0.8,0.56,12.8,9.2
3.682e-01,-2,6,4.47035e-08,2,0.8,0.88,10.8,13.2
3.685e-01,-8,-20,4.47035e-08,-4,0.64,0.32,9.2,5.2
3.687e-01,-12,-4,-2,2,0.56,0.72,7.2,10
3.690e-01,-18,-28,4.47035e-08,-4,0.4,0.08,5.2,1.2
3.692e-01,-22,-12,4.47035e-08,2,0.24,0.48,3.2,6
3.695e-01,-26,-36,4.47035e-08,-4,0.24,-0.08,1.2,-2.4
3.697e-01,-30,-22,-2,2,0.08,0.24,-0.8,2
3.700e-01,-34,-44,-2,-4,3.57628e-09,-0.32,-2.4,-6.4
3.702e-01,-38,-30,-2,4.47035e-08,-0.16,0.08,-4.4,-2
3.705e-01,-42,-50,-4,-4,-0.24,-0.56,-6.4,-10
3.708e-01,-46,-38,-4,4.47035e-08,-0.32,-0.16,-8.4,-5.6
3.710e-01,-48,-56,-4,-6,-0.4,-0.72,-10,-13.6
3.713e-01,-50,-44,-2,4.47035e-08,-0.56,-0.32,-11.6,-9.6
3.715e-01,-52,-60,-2,-6,-0.64,-0.96,-13.6,-16.8
3.718e-01,-58,-50,-4,4.47035e-08,-0.8,-0.56,-15.2,-12.8
3.720e-01,-58,-64,-4,-6,-0.8,-1.12,-16.8,-20
3.723e-01,-60,-54,-4,4.47035e-08,-0.96,-0.72,-18,-16.4
3.725e-01,-60,-64,-2,-6,-1.04,-1.2,-19.6,-22.4
3.728e-01,-60,-56,-4,-2,-1.12,-0.96,-21.2,-19.2
3.731e-01,-60,-64,-4,-6,-1.12,-1.36,-22.4,-24.4
3.733e-01,-60,-54,-4,-2,-1.2,-1.04,-23.2,-21.6
3.736e-01,-58,-64,-6,-8,-1.2,-1.44,-24,-25.2
3.738e-01,-58,-54,-4,-2,-1.28,-1.12,-24.4,-23.2
3.741e-01,-58,-60,-4,-8,-1.36,-1.44,-25.2,-26
3.743e-01,-56,-50,-6,-2,-1.36,-1.2,-25.6,-24.4
3.746e-01,-54,-58,-4,-8,-1.36,-1.44,-25.6,-26
3.749e-01,-52,-46,-6,-2,-1.36,-1.28,-25.6,-24.8
3.751e-01,-50,-54,-4,-8,-1.36,-1.52,-25.6,-26
3.754e-01,-48,-40,-4,-2,-1.36,-1.28,-25.2,-24
3.756e-01,-44,-48,-6,-8,-1.28,-1.44,-24.4,-25.2
3.759e-01,-38,-32,-6,-2,-1.28,-1.2,-24,-22.8
3.761e-01,-36,-38,-4,-8,-1.28,-1.36,-23.2,-23.6
3.764e-01,-30,-22,-6,-2,-1.2,-1.04,-22,-20.4
3.766e-01,-26,-30,-4,-8,-1.12,-1.28,-20.8,-21.2
3.769e-01,-20,-14,-4,-2,-1.12,-0.96,-19.2,-17.6
3.772e-01,-16,-20,-4,-6,-1.04,-1.12,-18,-18.4
3.774e-01,-12,-4,-4,-2,-0.96,-0.8,-16,-14.4
3.777e-01,-8,-12,-4,-6,-0.88,-0.96,-14.4,-15.2
3.779e-01,-4,4,-4,-2,-0.8,-0.64,-12.8,-10.8
3.782e-01,2,-2,-4,-6,-0.72,-0.8,-11.2,-11.6
3.784e-01,4,14,-4,-2,-0.64,-0.48,-9.2,-7.2
3.787e-01,10,6,-2,-6,-0.48,-0.56,-7.2,-8
3.789e-01,16,24,-4,4.47035e-08,-0.4,-0.24,-5.2,-3.6
3.792e-01,20,16,-4,-6,-0.32,-0.4,-3.6,-4
3.795e-01,24,32,-2,4.47035e-08,-0.24,3.57628e-09,-2,0.4
3.797e-01,26,24,-2,-6,-0.08,-0.16,1.78814e-08,-0.4
3.800e-01,32,40,-4,4.47035e-08,3.57628e-09,0.16,2,4.4
3.802e-01,36,32,-2,-4,0.16,0.08,4,3.6
3.805e-01,40,46,-2,4.47035e-08,0.24,0.4,6.4,8.4
3.807e-01,42,40,-2,-4,0.32,0.24,8,7.6
3.810e-01,46,52,-2,4.47035e-08,0.48,0.64,10,12
3.813e-01,50,46,-2,-4,0.56,0.48,11.6,11.2
3.815e-01,52,58,-2,2,0.64,0.8,13.2,15.6
3.818e-01,54,50,-2,-4,0.72,0.64,14.8,14.4
3.820e-01,56,62,-2,2,0.88,1.04,16.8,18.4
3.823e-01,58,54,4.47035e-08,-2,0.96,0.88,18,17.6
3.825e-01,58,64,4.47035e-08,2,1.04,1.2,19.6,21.2
3.828e-01,60,56,4.47035e-08,-2,1.12,0.96,20.8,20.4
3.830e-01,60,62,4.47035e-08,2,1.2,1.28,22,23.2
3.833e-01,58,54,4.47035e-08,-2,1.2,1.12,23.2,22.4
3.836e-01,58,62,4.47035e-08,4,1.28,1.36,24,24.8
3.838e-01,58,52,2,-2,1.28,1.2,24.4,24
3.841e-01,56,62,2,4,1.28,1.44,24.8,26
3.843e-01,54,48,2,-2,1.36,1.2,25.2,24.8
3.846e-01,52,58,4.47035e-08,4,1.36,1.44,25.6,26
3.848e-01,52,44,4.47035e-08,-2,1.36,1.28,25.6,24.8
3.851e-01,50,54,4.47035e-08,4,1.36,1.44,25.6,26
3.853e-01,46,34,4.47035e-08,-2,1.44,1.2,25.2,23.6
3.856e-01,42,50,4.47035e-08,4,1.36,1.44,24.8,25.6
3.859e-01,38,26,4.47035e-08,-2,1.36,1.12,24,21.6
3.861e-01,32,42,4.47035e-08,4,1.28,1.44,23.2,24.4
3.864e-01,26,16,4.47035e-08,-2,1.2,0.96,22,19.2
3.866e-01,22,34,4.47035e-08,4,1.2,1.28,20.8,22.8
3.869e-01,22,8,4.47035e-08,-2,1.12,0.88,19.6,16
3.871e-01,14,24,2,4,1.04,1.2,18.4,20
3.874e-01,10,-2,4.47035e-08,-2,0.96,0.72,16.4,12.8
3.877e-01,8,16,4.47035e-08,2,0.88,1.04,14.8,16.8
3.879e-01,2,-10,4.47035e-08,-2,0.8,0.56,12.8,9.2
3.882e-01,-2,6,4.47035e-08,2,0.72,0.88,11.2,13.6
3.884e-01,-8,-20,4.47035e-08,-4,0.64,0.32,9.2,5.6
3.887e-01,-12,-2,4.47035e-08,2,0.56,0.72,7.6,10
3.889e-01,-16,-28,4.47035e-08,-4,0.48,0.16,5.6,1.6
3.892e-01,-22,-12,-2,2,0.32,0.48,4,6.4
3.894e-01,-26,-36,-2,-4,0.24,-0.08,1.6,-2.4
3.897e-01,-30,-20,-2,2,0.08,0.24,1.78814e-08,2.4
3.900e-01,-36,-44,-2,-4,3.57628e-09,-0.32,-2,-6
3.902e-01,-38,-30,-2,2,-0.08,0.08,-4,-1.6
3.905e-01,-40,-50,-2,-4,-0.16,-0.48,-6,-10
3.907e-01,-44,-36,-2,4.47035e-08,-0.32,-0.16,-8,-5.6
3.910e-01,-46,-56,-2,-6,-0.4,-0.72,-9.6,-13.6
3.912e-01,-50,-44,-4,4.47035e-08,-0.56,-0.32,-11.6,-9.2
3.915e-01,-52,-60,-4,-6,-0.64,-0.88,-13.2,-16.8
3.918e-01,-56,-50,-2,4.47035e-08,-0.72,-0.56,-15.2,-12.8
3.920e-01,-58,-62,-4,-6,-0.8,-1.04,-16.4,-20
3.923e-01,-60,-54,-4,4.47035e-08,-0.96,-0.72,-18,-16
3.925e-01,-62,-64,-4,-6,-0.96,-1.2,-19.6,-22.4
3.928e-01,-60,-56,-4,4.47035e-08,-1.12,-0.96,-20.8,-18.8
3.930e-01,-60,-64,-4,-6,-1.12,-1.28,-22,-24
3.933e-01,-60,-56,-4,-2,-1.2,-1.04,-23.2,-21.6
3.935e-01,-60,-62,-4,-8,-1.2,-1.36,-24,-25.2
3.938e-01,-58,-54,-4,-2,-1.28,-1.12,-24.4,-23.2
3.941e-01,-58,-60,-4,-8,-1.28,-1.44,-24.8,-26
3.943e-01,-58,-52,-4,-2,-1.28,-1.2,-25.2,-24.4
3.946e-01,-54,-58,-4,-8,-1.36,-1.44,-25.6,-26
3.948e-01,-54,-46,-6,-2,-1.36,-1.28,-25.2,-24.8
3.951e-01,-52,-54,-4,-8,-1.36,-1.44,-25.6,-26
3.953e-01,-48,-40,-6,-2,-1.36,-1.28,-25.2,-24.4
3.956e-01,-44,-48,-4,-8,-1.36,-1.44,-24.4,-25.2
3.958e-01,-40,-32,-6,-2,-1.28,-1.2,-24.4,-22.8
3.961e-01,-36,-38,-6,-8,-1.28,-1.36,-23.2,-23.6
3.964e-01,-32,-24,-6,-2,-1.2,-1.12,-22,-20.4
3.966e-01,-26,-30,-4,-8,-1.12,-1.28,-21.2,-21.6
3.969e-01,-22,-14,-4,-2,-1.04,-0.96,-19.6,-17.6
3.971e-01,-16,-20,-6,-6,-1.04,-1.12,-18,-18.4
3.974e-01,-12,-6,-4,-2,-0.96,-0.8,-16.4,-14.8
3.976e-01,-8,-12,-4,-6,-0.88,-0.96,-14.8,-15.2
3.979e-01,-4,4,-4,-2,-0.8,-0.64,-13.2,-11.2
3.982e-01,4.47035e-08,-4,-4,-6,-0.72,-0.8,-11.2,-12
3.984e-01,8,12,-4,-2,-0.64,-0.48,-9.6,-7.6
3.987e-01,10,6,-4,-6,-0.48,-0.64,-7.6,-8.4
3.989e-01,14,22,-4,4.47035e-08,-0.4,-0.24,-5.6,-3.6
3.992e-01,18,14,-4,-6,-0.32,-0.4,-4,-4.4
3.994e-01,22,30,-4,4.47035e-08,-0.24,-0.08,-2,1.78814e-08
3.997e-01,26,24,-2,-6,-0.08,-0.16,1.78814e-08,-0.8
3.999e-01,32,38,-2,4.47035e-08,0.08,0.16,2,4
4.002e-01,36,32,-2,-4,0.08,3.57628e-09,4,3.2
4.005e-01,40,46,-2,2,0.24,0.4,6,8
4.007e-01,42,38,-2,-4,0.32,0.24,7.6,7.2
4.010e-01,46,52,-2,2,0.48,0.56,9.6,11.6
4.012e-01,48,44,-2,-4,0.56,0.4,11.6,10.8
4.015e-01,50,58,4.47035e-08,2,0.64,0.8,13.2,15.2
4.017e-01,56,50,-2,-4,0.8,0.64,14.8,14.4
4.020e-01,56,60,4.47035e-08,2,0.88,0.96,16.4,18.4
4.022e-01,56,54,4.47035e-08,-2,0.96,0.8,18,17.6
4.025e-01,58,62,-2,2,0.96,1.12,19.6,21.2
4.028e-01,60,54,4.47035e-08,-2,1.12,0.96,20.8,20.4
4.030e-01,60,64,4.47035e-08,4,1.2,1.28,22,23.2
4.033e-01,58,54,4.47035e-08,-2,1.2,1.04,22.8,22.4
4.035e-01,58,62,4.47035e-08,4,1.2,1.36,23.6,24.8
4.038e-01,56,52,4.47035e-08,-2,1.28,1.2,24.4,24
4.040e-01,56,60,4.47035e-08,4,1.28,1.44,25.2,26
4.043e-01,56,48,4.47035e-08,-2,1.36,1.2,25.2,24.8
4.046e-01,54,58,2,4,1.36,1.44,25.6,26
4.048e-01,52,44,4.47035e-08,-2,1.36,1.2,25.6,24.8
4.051e-01,50,56,4.47035e-08,4,1.36,1.44,25.6,26
4.053e-01,46,36,4.47035e-08,-2,1.36,1.2,25.2,23.6
4.056e-01,42,50,2,4,1.36,1.44,24.8,26
4.058e-01,40,26,4.47035e-08,-2,1.36,1.12,24,22
4.061e-01,34,42,4.47035e-08,4,1.28,1.44,23.2,24.8
4.063e-01,30,18,4.47035e-08,-2,1.28,1.04,22,19.6
4.066e-01,24,34,4.47035e-08,4,1.2,1.36,21.2,22.8
4.069e-01,20,8,4.47035e-08,-2,1.12,0.88,19.6,16.4
4.071e-01,16,24,4.47035e-08,4,1.12,1.2,18,20.4
4.074e-01,10,4.47035e-08,4.47035e-08,-2,1.04,0.72,16.8,13.2
4.076e-01,8,16,4.47035e-08,2,0.96,1.12,15.2,17.2
4.079e-01,2,-10,4.47035e-08,-2,0.88,0.56,13.6,9.6
4.081e-01,-4,6,4.47035e-08,2,0.72,0.96,11.2,14
4.084e-01,-6,-18,4.47035e-08,-2,0.64,0.4,9.6,5.6
4.086e-01,-12,-2,-2,2,0.56,0.72,7.6,10.4
4.089e-01,-16,-28,4.47035e-08,-4,0.4,0.16,6,1.6
4.092e-01,-22,-12,-2,2,0.32,0.56,4,6.4
4.094e-01,-26,-36,-2,-4,0.24,-0.08,2,-2
4.097e-01,-28,-20,-2,2,0.08,0.32,1.78814e-08,2.8
4.099e-01,-34,-44,-2,-4,3.57628e-09,-0.24,-2,-6
4.102e-01,-38,-28,-2,4.47035e-08,-0.08,0.08,-4,-1.2
4.104e-01,-40,-50,-2,-4,-0.16,-0.48,-5.6,-9.6
4.107e-01,-42,-36,-2,4.47035e-08,-0.32,-0.16,-7.6,-5.2
4.110e-01,-48,-56,-2,-6,-0.4,-0.72,-9.6,-13.2
4.112e-01,-50,-42,-2,4.47035e-08,-0.48,-0.32,-11.2,-8.8
4.115e-01,-54,-60,-4,-6,-0.64,-0.88,-13.2,-16.4
4.117e-01,-58,-48,-2,4.47035e-08,-0.72,-0.56,-14.8,-12.4
4.120e-01,-58,-64,-2,-6,-0.8,-1.04,-16.4,-19.6
4.122e-01,-60,-54,-4,4.47035e-08,-0.88,-0.72,-18,-16
4.125e-01,-58,-64,-4,-6,-0.96,-1.2,-19.6,-22
4.127e-01,-62,-56,-4,-2,-1.04,-0.96,-20.8,-18.8
4.130e-01,-62,-64,-4,-6,-1.12,-1.28,-22,-24
4.133e-01,-60,-56,-4,-2,-1.2,-1.04,-22.8,-21.2
4.135e-01,-60,-64,-4,-8,-1.2,-1.36,-24,-25.2
4.138e-01,-58,-54,-6,-2,-1.2,-1.12,-24.4,-23.2
4.140e-01,-58,-62,-4,-8,-1.28,-1.44,-24.8,-26
4.143e-01,-58,-52,-6,-2,-1.28,-1.2,-25.6,-24.4
4.145e-01,-54,-58,-4,-8,-1.36,-1.44,-25.2,-26
4.148e-01,-52,-48,-4,-2,-1.36,-1.28,-25.6,-24.8
4.150e-01,-50,-54,-4,-8,-1.36,-1.44,-25.6,-26
4.153e-01,-48,-42,-6,-2,-1.36,-1.28,-25.2,-24.4
4.156e-01,-44,-50,-6,-8,-1.36,-1.44,-24.8,-25.2
4.158e-01,-42,-32,-4,-2,-1.28,-1.2,-24,-22.8
4.161e-01,-36,-40,-4,-8,-1.28,-1.36,-23.6,-24
4.163e-01,-32,-24,-4,-2,-1.2,-1.12,-22.4,-20.8
4.166e-01,-26,-30,-4,-6,-1.2,-1.28,-21.2,-21.6
4.168e-01,-24,-16,-4,-2,-1.04,-0.96,-19.6,-18
4.171e-01,-18,-22,-4,-6,-0.96,-1.2,-18,-18.8
4.174e-01,-14,-6,-4,-2,-0.96,-0.8,-16.8,-14.8
4.176e-01,-8,-12,-4,-6,-0.88,-1.04,-15.2,-15.6
4.179e-01,-4,2,-4,-2,-0.8,-0.72,-13.2,-11.6
4.181e-01,4.47035e-08,-4,-4,-6,-0.72,-0.8,-11.6,-12
4.184e-01,4,12,-4,-2,-0.64,-0.48,-10,-8
4.186e-01,10,6,-4,-6,-0.48,-0.64,-8,-8.4
4.189e-01,12,22,-2,4.47035e-08,-0.4,-0.24,-6,-4
4.191e-01,20,14,-4,-6,-0.32,-0.4,-4,-4.8
4.194e-01,24,30,-2,4.47035e-08,-0.24,-0.08,-2.4,-0.4
4.197e-01,26,24,-2,-6,-0.08,-0.24,-0.4,-0.8
4.199e-01,32,38,-4,4.47035e-08,3.57628e-09,0.16,1.6,4
4.202e-01,34,32,-2,-4,0.16,3.57628e-09,3.6,3.2
4.204e-01,40,44,-2,2,0.24,0.4,5.6,7.6
4.207e-01,42,38,-2,-4,0.32,0.24,7.6,6.8
4.209e-01,46,50,-2,2,0.4,0.56,9.6,11.2
4.212e-01,48,44,-2,-4,0.56,0.4,11.2,10.8
4.214e-01,50,56,4.47035e-08,2,0.64,0.8,12.8,14.8
4.217e-01,54,50,-2,-4,0.72,0.64,14.4,14
4.220e-01,56,62,-2,2,0.8,0.96,16.4,18
4.222e-01,58,54,4.47035e-08,-4,0.88,0.8,18,17.2
4.225e-01,56,64,4.47035e-08,2,1.04,1.12,19.2,20.8
4.227e-01,62,54,4.47035e-08,-2,1.12,0.96,20.4,20
4.230e-01,58,64,4.47035e-08,2,1.2,1.28,22,23.2
4.232e-01,58,54,4.47035e-08,-2,1.2,1.04,22.8,22.4
4.235e-01,60,62,4.47035e-08,4,1.28,1.36,23.6,24.8
4.238e-01,56,52,4.47035e-08,-2,1.28,1.12,24.4,24
4.240e-01,56,62,4.47035e-08,4,1.28,1.44,24.8,25.6
4.243e-01,56,48,4.47035e-08,-2,1.36,1.2,25.2,24.8
4.245e-01,54,58,4.47035e-08,4,1.36,1.52,25.6,26
4.248e-01,52,44,4.47035e-08,-2,1.36,1.28,25.6,24.8
4.250e-01,50,56,4.47035e-08,4,1.36,1.52,25.6,26
4.253e-01,48,36,4.47035e-08,-2,1.36,1.2,25.2,24
4.255e-01,44,50,4.47035e-08,4,1.36,1.44,24.8,26
4.258e-01,40,26,4.47035e-08,-2,1.36,1.12,24.4,22
4.261e-01,34,44,4.47035e-08,4,1.28,1.44,23.2,24.8
4.263e-01,30,18,2,-2,1.28,1.04,22.4,19.6
4.266e-01,24,34,4.47035e-08,4,1.2,1.36,21.6,22.8
4.268e-01,20,10,4.47035e-08,-2,1.2,0.88,20,16.8
4.271e-01,16,24,4.47035e-08,4,1.12,1.2,18.4,20.4
4.273e-01,12,4.47035e-08,4.47035e-08,-2,1.04,0.8,16.8,13.2
4.276e-01,6,16,4.47035e-08,2,0.96,1.12,15.2,17.6
4.278e-01,2,-8,4.47035e-08,-2,0.88,0.56,13.6,10
4.281e-01,-2,8,4.47035e-08,2,0.8,0.96,11.6,14
4.284e-01,-6,-18,4.47035e-08,-4,0.72,0.4,10,6
4.286e-01,-10,-2,4.47035e-08,2,0.48,0.72,8,10.4
4.289e-01,-16,-26,4.47035e-08,-4,0.48,0.16,6,2
4.291e-01,-20,-12,4.47035e-08,2,0.4,0.56,4.4,6.8
4.294e-01,-24,-36,-2,-4,0.24,-0.08,2.4,-2
4.296e-01,-30,-20,-2,2,0.16,0.32,1.78814e-08,2.8
4.299e-01,-34,-42,-2,-4,3.57628e-09,-0.24,-1.6,-5.6
4.302e-01,-36,-28,-2,2,-0.08,0.08,-3.6,-0.8
4.304e-01,-40,-50,-2,-4,-0.16,-0.48,-5.6,-9.6
4.307e-01,-44,-36,-2,4.47035e-08,-0.32,-0.08,-7.2,-4.8
4.309e-01,-48,-56,-4,-6,-0.4,-0.72,-9.2,-13.2
4.312e-01,-50,-42,-2,4.47035e-08,-0.48,-0.32,-11.2,-8.8
4.314e-01,-52,-60,-2,-6,-0.56,-0.88,-12.8,-16.4
4.317e-01,-54,-48,-2,4.47035e-08,-0.72,-0.56,-14.4,-12.4
4.319e-01,-56,-64,-4,-6,-0.8,-1.04,-16.4,-19.6
4.322e-01,-60,-54,-4,4.47035e-08,-0.88,-0.72,-17.6,-15.6
4.325e-01,-62,-64,-2,-6,-0.96,-1.2,-19.2,-22
4.327e-01,-60,-56,-4,-2,-1.04,-0.88,-20.8,-18.8
4.330e-01,-60,-64,-4,-6,-1.12,-1.36,-21.6,-24
4.332e-01,-58,-56,-4,-2,-1.2,-1.04,-22.8,-21.2
4.335e-01,-60,-64,-4,-6,-1.2,-1.36,-23.6,-25.2
4.337e-01,-58,-54,-4,-2,-1.28,-1.12,-24,-22.8
4.340e-01,-60,-62,-4,-8,-1.28,-1.44,-24.8,-26
4.342e-01,-58,-50,-4,-2,-1.28,-1.2,-25.2,-24.4
4.345e-01,-54,-58,-4,-8,-1.28,-1.52,-25.6,-26
4.348e-01,-54,-48,-6,-2,-1.36,-1.28,-25.6,-24.8
4.350e-01,-52,-54,-6,-8,-1.36,-1.44,-25.6,-26
4.353e-01,-48,-42,-6,-2,-1.36,-1.28,-25.6,-24.4
4.355e-01,-46,-48,-4,-8,-1.36,-1.44,-24.8,-25.2
4.358e-01,-42,-34,-6,-2,-1.28,-1.2,-24,-23.2
4.360e-01,-36,-40,-4,-8,-1.28,-1.36,-23.6,-24
4.363e-01,-32,-24,-4,-2,-1.2,-1.12,-22.4,-21.2
4.366e-01,-26,-32,-4,-6,-1.2,-1.28,-21.6,-22
4.368e-01,-22,-16,-4,-2,-1.12,-0.96,-20,-18.4
4.371e-01,-18,-22,-4,-6,-1.04,-1.12,-18.8,-18.8
4.373e-01,-14,-6,-4,-2,-0.96,-0.88,-16.8,-15.2
4.376e-01,-10,-14,-4,-6,-0.88,-1.04,-15.2,-16
4.378e-01,-6,2,-4,-2,-0.8,-0.72,-13.6,-11.6
4.381e-01,4.47035e-08,-4,-4,-6,-0.72,-0.8,-12,-12.4
4.383e-01,4,12,-4,-2,-0.64,-0.48,-10,-8
4.386e-01,8,4,-4,-6,-0.56,-0.64,-8.4,-8.8
4.389e-01,12,20,-4,4.47035e-08,-0.48,-0.32,-6.4,-4.4
4.391e-01,18,14,-4,-6,-0.4,-0.4,-4.4,-5.2
4.394e-01,20,30,-4,4.47035e-08,-0.24,-0.08,-2.4,-0.4
4.396e-01,26,22,-2,-6,-0.08,-0.24,-0.8,-1.2
4.399e-01,30,38,-2,4.47035e-08,3.57628e-09,0.16,1.6,3.6
4.401e-01,34,30,-4,-4,0.08,3.57628e-09,3.6,2.8
4.404e-01,38,44,-2,4.47035e-08,0.16,0.4,5.2,7.6
4.406e-01,42,38,-2,-4,0.32,0.24,7.2,6.8
4.409e-01,44,52,-2,2,0.4,0.56,9.2,11.2
4.412e-01,50,44,-2,-4,0.56,0.4,10.8,10.4
4.414e-01,50,56,-2,2,0.56,0.8,12.4,14.4
4.417e-01,54,50,4.47035e-08,-4,0.72,0.64,14.4,13.6
4.419e-01,56,60,-2,2,0.88,0.96,16,18
4.422e-01,58,54,-2,-4,0.88,0.8,18,17.2
4.424e-01,58,62,4.47035e-08,2,1.04,1.12,19.2,20.8
4.427e-01,58,54,4.47035e-08,-2,1.12,0.96,20.4,19.6
4.430e-01,58,64,4.47035e-08,2,1.2,1.28,22,22.8
4.432e-01,58,54,4.47035e-08,-2,1.2,1.04,22.4,22
4.435e-01,56,62,4.47035e-08,2,1.28,1.36,23.6,24.4
4.437e-01,58,52,4.47035e-08,-2,1.28,1.12,24,23.6
4.440e-01,56,62,4.47035e-08,4,1.36,1.44,24.8,25.6
4.442e-01,54,48,4.47035e-08,-2,1.36,1.2,25.6,24.8
4.445e-01,54,58,4.47035e-08,4,1.44,1.44,25.2,26
4.447e-01,52,44,4.47035e-08,-2,1.36,1.2,25.6,24.8
4.450e-01,50,56,2,4,1.36,1.44,25.6,26
4.453e-01,46,38,4.47035e-08,-2,1.44,1.2,25.6,24
4.455e-01,42,50,4.47035e-08,4,1.44,1.44,24.8,26
4.458e-01,40,28,4.47035e-08,-2,1.36,1.12,24.4,22.4
4.460e-01,36,44,2,4,1.28,1.44,23.6,24.8
4.463e-01,30,18,4.47035e-08,-2,1.28,1.04,22.4,19.6
4.465e-01,26,34,2,4,1.2,1.36,21.6,23.2
4.468e-01,22,8,4.47035e-08,-2,1.12,0.88,20.4,16.8
4.470e-01,16,26,4.47035e-08,4,1.12,1.2,18.4,20.8
4.473e-01,12,2,4.47035e-08,-2,1.04,0.8,17.2,13.6
4.476e-01,8,16,4.47035e-08,2,0.96,1.12,15.2,17.6
4.478e-01,4,-8,4.47035e-08,-2,0.88,0.56,13.6,10
4.481e-01,-2,8,4.47035e-08,2,0.8,0.96,12,14.4
4.483e-01,-6,-16,4.47035e-08,-4,0.72,0.4,10.4,6.4
4.486e-01,-10,-2,-2,2,0.56,0.8,8.4,10.8
4.488e-01,-14,-26,-2,-4,0.48,0.16,6.4,2.4
4.491e-01,-18,-10,4.47035e-08,2,0.32,0.56,4.4,7.2
4.494e-01,-24,-36,4.47035e-08,-4,0.24,3.57628e-09,2.4,-1.6
4.496e-01,-28,-20,-2,2,0.16,0.32,0.4,3.2
4.499e-01,-32,-42,4.47035e-08,-4,3.57628e-09,-0.24,-1.6,-5.6
4.501e-01,-36,-28,-2,2,-0.08,0.08,-3.6,-0.8
4.504e-01,-40,-50,-2,-4,-0.16,-0.48,-5.2,-9.2
4.506e-01,-44,-36,-2,4.47035e-08,-0.32,-0.08,-7.2,-4.8
4.509e-01,-46,-54,-2,-6,-0.4,-0.64,-8.8,-12.8
4.511e-01,-50,-42,-2,4.47035e-08,-0.56,-0.32,-10.8,-8.4
4.514e-01,-54,-60,-2,-6,-0.56,-0.88,-12.4,-16
4.517e-01,-56,-48,-4,4.47035e-08,-0.72,-0.48,-14.4,-12
4.519e-01,-56,-62,-2,-6,-0.8,-1.12,-16,-19.2
4.522e-01,-58,-54,-2,4.47035e-08,-0.88,-0.72,-17.6,-15.2
4.524e-01,-60,-64,-4,-6,-0.96,-1.2,-19.2,-22
4.527e-01,-60,-56,-4,4.47035e-08,-1.04,-0.88,-20.4,-18.4
4.529e-01,-62,-64,-4,-6,-1.12,-1.28,-21.6,-24
4.532e-01,-62,-56,-4,-2,-1.12,-1.04,-22.8,-21.2
4.535e-01,-60,-64,-4,-6,-1.2,-1.36,-23.6,-25.2
4.537e-01,-60,-54,-4,-2,-1.28,-1.12,-24.4,-22.8
4.540e-01,-58,-62,-4,-8,-1.28,-1.44,-24.8,-26
4.542e-01,-58,-52,-4,-2,-1.36,-1.2,-25.2,-24
4.545e-01,-54,-60,-6,-8,-1.36,-1.52,-25.6,-26
4.547e-01,-54,-48,-6,-2,-1.36,-1.28,-25.6,-24.8
4.550e-01,-52,-56,-6,-8,-1.36,-1.52,-25.6,-26
4.552e-01,-50,-42,-4,-2,-1.36,-1.28,-25.2,-24.4
4.555e-01,-46,-50,-6,-8,-1.36,-1.44,-24.8,-25.6
4.558e-01,-42,-34,-4,-2,-1.36,-1.2,-24.4,-23.2
4.560e-01,-38,-42,-4,-8,-1.28,-1.36,-23.6,-24
4.563e-01,-34,-24,-4,-2,-1.2,-1.12,-22.4,-21.2
4.565e-01,-28,-32,-6,-8,-1.2,-1.28,-21.6,-22
4.568e-01,-24,-16,-4,-2,-1.12,-1.04,-20.4,-18.4
4.570e-01,-18,-22,-4,-6,-1.04,-1.12,-18.4,-19.2
4.573e-01,-14,-6,-4,-2,-0.96,-0.88,-17.2,-15.2
4.575e-01,-10,-14,-4,-6,-0.96,-1.04,-15.6,-16
4.578e-01,-6,2,-4,-2,-0.8,-0.72,-13.6,-12
4.581e-01,-2,-6,-4,-6,-0.8,-0.88,-12,-12.8
4.583e-01,4,10,-4,-2,-0.64,-0.48,-10.4,-8.4
4.586e-01,8,4,-4,-6,-0.64,-0.64,-8.4,-9.2
4.588e-01,14,20,-4,4.47035e-08,-0.48,-0.32,-6.4,-4.4
4.591e-01,16,14,-4,-6,-0.4,-0.48,-4.8,-5.2
4.593e-01,22,30,-2,4.47035e-08,-0.24,-0.08,-2.8,-0.4
4.596e-01,26,22,-2,-6,-0.16,-0.24,-1.2,-1.6
4.599e-01,28,38,-2,4.47035e-08,3.57628e-09,0.16,1.2,3.2
4.601e-01,34,30,-4,-4,0.08,3.57628e-09,3.2,2.4
4.604e-01,40,44,-2,4.47035e-08,0.24,0.32,5.2,7.2
4.606e-01,40,38,-2,-4,0.32,0.16,6.8,6.4
4.609e-01,44,50,-2,2,0.4,0.56,8.8,10.8
4.611e-01,48,44,-2,-4,0.48,0.4,10.8,10
4.614e-01,50,56,-2,2,0.56,0.72,12.4,14.4
4.616e-01,54,50,-2,-4,0.72,0.56,14,13.6
4.619e-01,56,60,4.47035e-08,2,0.8,0.96,16,17.6
4.622e-01,58,54,4.47035e-08,-2,0.88,0.8,17.6,16.8
4.624e-01,58,62,4.47035e-08,2,0.96,1.12,19.2,20.4
4.627e-01,58,54,4.47035e-08,-2,1.04,0.96,20.4,19.6
4.629e-01,58,64,4.47035e-08,2,1.12,1.28,21.6,22.8
4.632e-01,58,54,4.47035e-08,-2,1.2,1.04,22.4,22
4.634e-01,58,64,4.47035e-08,2,1.2,1.36,23.6,24.4
4.637e-01,58,52,4.47035e-08,-2,1.28,1.12,24,23.6
4.639e-01,56,62,4.47035e-08,4,1.28,1.36,24.8,25.6
4.642e-01,56,50,4.47035e-08,-2,1.36,1.2,25.2,24.8
4.645e-01,56,60,4.47035e-08,4,1.36,1.44,25.6,26
4.647e-01,54,44,4.47035e-08,-2,1.36,1.28,25.6,24.8
4.650e-01,50,56,4.47035e-08,4,1.44,1.44,25.6,26
4.652e-01,48,38,4.47035e-08,-2,1.44,1.2,25.2,24
4.655e-01,44,52,4.47035e-08,4,1.36,1.52,24.8,26
4.657e-01,40,28,4.47035e-08,-2,1.36,1.12,24.4,22.4
4.660e-01,36,44,4.47035e-08,4,1.28,1.44,23.6,25.2
4.663e-01,32,20,2,-2,1.28,1.04,22.8,20
4.665e-01,26,36,2,4,1.2,1.36,21.6,23.2
4.668e-01,22,10,4.47035e-08,-2,1.12,0.88,20,17.2
4.670e-01,16,26,4.47035e-08,4,1.12,1.28,18.8,20.8
4.673e-01,12,2,4.47035e-08,-2,1.04,0.8,17.2,14
4.675e-01,10,16,4.47035e-08,2,0.96,1.12,15.6,18
4.678e-01,4,-8,4.47035e-08,-2,0.88,0.64,14,10.4
4.680e-01,2,8,4.47035e-08,2,0.8,0.96,12.4,14.4
4.683e-01,-6,-16,4.47035e-08,-2,0.72,0.4,10.4,6.8
4.686e-01,-10,4.47035e-08,4.47035e-08,2,0.56,0.8,8.8,11.2
4.688e-01,-14,-26,-2,-4,0.48,0.24,6.8,2.8
4.691e-01,-18,-10,-2,2,0.4,0.56,4.8,7.2
4.693e-01,-24,-34,-2,-4,0.24,3.57628e-09,2.8,-1.2
4.696e-01,-26,-20,-2,2,0.08,0.32,0.8,3.6
4.698e-01,-32,-42,-2,-4,0.08,-0.24,-1.2,-5.2
4.701e-01,-34,-26,-2,2,-0.08,0.16,-3.2,-0.4
4.703e-01,-38,-48,-2,-4,-0.16,-0.4,-4.8,-8.8
4.706e-01,-42,-34,-2,4.47035e-08,-0.24,-0.08,-6.8,-4.4
4.709e-01,-46,-54,-2,-4,-0.4,-0.64,-8.4,-12.4
4.711e-01,-50,-42,-4,4.47035e-08,-0.48,-0.32,-10.8,-8
4.714e-01,-52,-60,-4,-6,-0.56,-0.88,-12.4,-16
4.716e-01,-54,-48,-2,4.47035e-08,-0.72,-0.48,-14,-11.6
4.719e-01,-56,-62,-4,-6,-0.8,-1.04,-15.6,-19.2
4.721e-01,-58,-52,-4,4.47035e-08,-0.88,-0.72,-17.2,-15.2
4.724e-01,-58,-64,-4,-6,-0.96,-1.2,-18.8,-21.6
4.727e-01,-60,-56,-4,-2,-1.04,-0.88,-20,-18.4
4.729e-01,-60,-64,-4,-6,-1.04,-1.28,-21.6,-23.6
4.732e-01,-60,-56,-4,-2,-1.12,-1.04,-22.4,-20.8
4.734e-01,-58,-64,-4,-6,-1.2,-1.36,-23.2,-25.2
4.737e-01,-60,-54,-4,-2,-1.2,-1.12,-24.4,-22.8
4.739e-01,-60,-62,-4,-8,-1.28,-1.44,-24.8,-26
4.742e-01,-58,-52,-4,-2,-1.28,-1.2,-25.2,-24
4.744e-01,-56,-60,-4,-8,-1.36,-1.44,-25.6,-26
4.747e-01,-54,-48,-6,-2,-1.36,-1.28,-25.6,-24.8
4.750e-01,-52,-56,-6,-8,-1.36,-1.52,-25.6,-26
4.752e-01,-50,-44,-4,-2,-1.36,-1.28,-25.2,-24.4
4.755e-01,-48,-50,-4,-8,-1.36,-1.44,-25.2,-25.6
4.757e-01,-42,-34,-6,-2,-1.28,-1.2,-24.4,-23.2
4.760e-01,-38,-42,-4,-8,-1.28,-1.44,-24,-24.4
4.762e-01,-34,-26,-4,-2,-1.2,-1.12,-22.8,-21.6
4.765e-01,-26,-32,-6,-8,-1.2,-1.28,-21.6,-22.4
4.767e-01,-24,-16,-4,-2,-1.12,-1.04,-20.4,-18.8
4.770e-01,-20,-24,-4,-6,-1.12,-1.2,-18.8,-19.6
4.773e-01,-14,-8,-4,-2,-1.04,-0.88,-17.6,-15.6
4.775e-01,-12,-14,-4,-6,-0.96,-1.04,-15.6,-16.4
4.778e-01,-6,4.47035e-08,-4,-2,-0.8,-0.72,-14,-12.4
4.780e-01,-2,-6,-4,-6,-0.8,-0.88,-12.4,-12.8
4.783e-01,2,10,-4,-2,-0.64,-0.56,-10.8,-8.4
4.785e-01,6,2,-4,-6,-0.56,-0.72,-8.8,-9.6
4.788e-01,12,20,-4,4.47035e-08,-0.48,-0.32,-7.2,-4.8
4.791e-01,16,12,-4,-6,-0.32,-0.48,-5.2,-5.6
4.793e-01,20,28,-4,4.47035e-08,-0.24,-0.08,-3.2,-1.2
4.796e-01,24,22,-4,-6,-0.16,-0.24,-1.2,-1.6
4.798e-01,30,36,-2,4.47035e-08,-0.08,0.08,0.8,2.8
4.801e-01,34,30,-4,-4,0.08,3.57628e-09,2.4,2
4.803e-01,38,44,-2,4.47035e-08,0.16,0.32,4.8,6.8
4.806e-01,40,36,-2,-4,0.24,0.16,6.8,6
4.808e-01,44,50,-2,2,0.4,0.56,8.4,10.8
4.811e-01,46,44,-2,-4,0.48,0.4,10.4,9.6
4.814e-01,50,56,4.47035e-08,2,0.56,0.72,12,14
4.816e-01,54,50,4.47035e-08,-4,0.72,0.56,14,13.2
4.819e-01,56,60,-2,2,0.8,0.96,15.6,17.6
4.821e-01,58,54,-2,-4,0.88,0.8,17.2,16.8
4.824e-01,60,62,4.47035e-08,2,0.96,1.12,19.2,20.4
4.826e-01,58,56,4.47035e-08,-2,1.04,0.96,20,19.6
4.829e-01,60,62,4.47035e-08,2,1.12,1.28,21.2,22.8
4.831e-01,58,54,4.47035e-08,-2,1.2,1.04,22.4,22
4.834e-01,58,62,4.47035e-08,2,1.28,1.36,23.2,24.4
4.837e-01,58,52,4.47035e-08,-2,1.28,1.12,24,23.6
4.839e-01,56,62,4.47035e-08,4,1.28,1.44,24.4,25.6
4.842e-01,58,50,4.47035e-08,-2,1.36,1.2,25.2,24.4
4.844e-01,54,60,4.47035e-08,4,1.36,1.44,25.2,26
4.847e-01,52,46,4.47035e-08,-2,1.36,1.2,25.6,24.8
4.849e-01,50,56,4.47035e-08,4,1.44,1.52,25.6,26
4.852e-01,48,38,4.47035e-08,-2,1.36,1.2,25.2,24.4
4.855e-01,46,52,2,4,1.36,1.44,25.2,26
4.857e-01,44,30,4.47035e-08,-2,1.36,1.2,24.8,22.8
4.860e-01,36,46,4.47035e-08,4,1.36,1.44,24,25.2
4.862e-01,32,20,4.47035e-08,-2,1.28,1.04,23.2,20.4
4.865e-01,28,36,4.47035e-08,4,1.28,1.36,21.6,23.6
4.867e-01,22,10,2,-2,1.2,0.96,20.4,17.2
4.870e-01,16,28,4.47035e-08,4,1.12,1.28,19.2,21.2
4.872e-01,14,2,4.47035e-08,-2,1.04,0.8,17.6,14
4.875e-01,10,18,4.47035e-08,2,0.96,1.12,16,18
4.878e-01,4,-6,4.47035e-08,-4,0.88,0.64,14.4,10.4
4.880e-01,4.47035e-08,10,4.47035e-08,2,0.8,0.96,12.4,14.8
4.883e-01,-4,-16,4.47035e-08,-2,0.72,0.4,10.4,6.8
4.885e-01,-6,4.47035e-08,4.47035e-08,2,0.64,0.8,9.2,11.2
4.888e-01,-14,-24,4.47035e-08,-4,0.48,0.24,6.8,2.8
4.890e-01,-18,-10,-2,2,0.4,0.56,5.2,7.6
4.893e-01,-22,-34,-2,-4,0.24,3.57628e-09,3.2,-0.8
4.895e-01,-28,-18,-2,2,0.16,0.32,1.2,3.6
4.898e-01,-30,-42,-2,-4,0.08,-0.24,-1.2,-4.8
4.901e-01,-34,-26,-2,2,-0.08,0.16,-2.8,-0.4
4.903e-01,-38,-48,-2,-6,-0.16,-0.4,-4.8,-8.8
4.906e-01,-42,-34,-2,4.47035e-08,-0.24,-0.08,-6.4,-4
4.908e-01,-46,-54,-4,-6,-0.32,-0.64,-8.4,-12.4
4.911e-01,-48,-42,-2,4.47035e-08,-0.48,-0.24,-10.4,-8
4.913e-01,-52,-58,-2,-6,-0.56,-0.8,-12,-15.6
4.916e-01,-54,-46,-4,4.47035e-08,-0.64,-0.48,-13.6,-11.6
4.919e-01,-58,-62,-4,-6,-0.8,-1.04,-15.6,-18.8
4.921e-01,-60,-52,-2,4.47035e-08,-0.88,-0.64,-17.2,-14.8
4.924e-01,-60,-64,-4,-6,-0.96,-1.2,-18.4,-21.6
4.926e-01,-60,-56,-4,4.47035e-08,-1.04,-0.88,-20,-18
4.929e-01,-60,-64,-4,-8,-1.04,-1.28,-21.2,-23.6
4.931e-01,-60,-56,-4,-2,-1.2,-1.04,-22.4,-20.8
4.934e-01,-60,-64,-4,-6,-1.2,-1.36,-23.2,-24.8
4.936e-01,-60,-54,-4,-2,-1.2,-1.12,-24,-22.8
4.939e-01,-58,-62,-4,-8,-1.28,-1.44,-24.8,-25.6
4.942e-01,-56,-52,-4,-2,-1.28,-1.2,-25.2,-24
4.944e-01,-56,-60,-4,-8,-1.36,-1.52,-25.2,-26
4.947e-01,-54,-48,-6,-2,-1.36,-1.28,-25.6,-24.8
4.949e-01,-52,-56,-4,-8,-1.36,-1.52,-25.6,-26
4.952e-01,-50,-42,-4,-2,-1.36,-1.28,-25.6,-24.8
4.954e-01,-48,-50,-6,-8,-1.36,-1.52,-24.8,-25.6
4.957e-01,-42,-36,-4,-2,-1.36,-1.2,-24.8,-23.6
4.959e-01,-36,-42,-4,-8,-1.28,-1.44,-24,-24.4
4.962e-01,-34,-26,-6,-2,-1.2,-1.12,-22.8,-21.6
4.965e-01,-30,-34,-4,-8,-1.2,-1.28,-21.6,-22.4
4.967e-01,-24,-18,-4,-2,-1.12,-1.04,-20.4,-18.8
4.970e-01,-20,-24,-4,-8,-1.04,-1.2,-19.2,-19.6
4.972e-01,-16,-8,-4,-2,-1.04,-0.88,-17.2,-15.6
4.975e-01,-10,-14,-4,-6,-0.96,-1.04,-16,-16.4
4.977e-01,-8,4.47035e-08,-4,-2,-0.88,-0.72,-14.4,-12.4
4.980e-01,-4,-6,-4,-6,-0.8,-0.88,-12.8,-13.2
4.983e-01,2,10,-4,-2,-0.64,-0.56,-10.8,-8.8
4.985e-01,6,2,-4,-6,-0.56,-0.72,-9.2,-9.6
4.988e-01,10,20,-4,4.47035e-08,-0.48,-0.32,-7.2,-5.2
4.990e-01,14,12,-2,-6,-0.4,-0.48,-5.2,-6
4.993e-01,20,28,-4,4.47035e-08,-0.24,-0.08,-3.2,-1.2
4.995e-01,24,20,-4,-6,-0.16,-0.24,-1.6,-2
4.998e-01,28,36,-4,4.47035e-08,-0.08,0.08,0.4,2.4
5.000e-01,32,28,-2,-6,3.57628e-09,-0.08,2.4,2
5.003e-01,38,44,-2,4.47035e-08,0.16,0.32,4.4,6.4
5.006e-01,38,36,-2,-4,0.24,0.16,6.4,6
5.008e-01,42,50,-2,4.47035e-08,0.4,0.56,8.4,10.4
5.011e-01,44,42,-2,-4,0.48,0.4,10,9.6
5.013e-01,50,56,-2,2,0.56,0.72,12,14
5.016e-01,54,48,-2,-4,0.64,0.56,13.6,13.2
5.018e-01,54,60,4.47035e-08,2,0.8,0.96,15.2,17.2
5.021e-01,56,52,-2,-4,0.88,0.8,16.8,16.4
5.023e-01,56,62,4.47035e-08,2,0.96,1.12,18.4,20
5.026e-01,58,54,-2,-2,1.04,0.96,20,19.2
5.029e-01,60,64,4.47035e-08,2,1.12,1.2,21.2,22.4
5.031e-01,58,54,4.47035e-08,-2,1.2,1.04,22.4,21.6
5.034e-01,60,64,4.47035e-08,2,1.28,1.36,23.2,24.4
5.036e-01,58,52,4.47035e-08,-2,1.28,1.12,24,23.6
5.039e-01,56,62,4.47035e-08,4,1.36,1.36,24.4,25.6
5.041e-01,56,50,4.47035e-08,-2,1.36,1.2,25.2,24.8
5.044e-01,54,60,2,4,1.36,1.44,25.6,26
5.047e-01,54,46,4.47035e-08,-2,1.44,1.2,25.6,25.2
5.049e-01,50,56,4.47035e-08,4,1.44,1.52,25.6,26
5.052e-01,50,40,4.47035e-08,-2,1.44,1.2,25.2,24.4
5.054e-01,46,52,4.47035e-08,4,1.36,1.52,24.8,26
5.057e-01,40,30,4.47035e-08,-2,1.36,1.2,24.4,22.8
5.059e-01,38,46,4.47035e-08,4,1.36,1.44,23.6,25.2
5.062e-01,32,20,4.47035e-08,-2,1.28,1.04,23.2,20.4
5.064e-01,28,36,4.47035e-08,4,1.2,1.36,22,23.6
5.067e-01,24,12,4.47035e-08,-2,1.2,0.96,20.4,17.6
5.070e-01,18,28,4.47035e-08,4,1.04,1.28,19.6,21.2
5.072e-01,14,4,4.47035e-08,-2,1.04,0.8,17.6,14.4
5.075e-01,8,20,-2,2,0.96,1.12,16,18.4
5.077e-01,6,-6,4.47035e-08,-2,0.96,0.64,14.4,10.8
5.080e-01,2,10,4.47035e-08,2,0.8,0.96,12.8,15.2
5.082e-01,-2,-14,4.47035e-08,-4,0.72,0.48,10.8,7.2
5.085e-01,-8,4.47035e-08,-2,2,0.64,0.8,9.2,11.6
5.087e-01,-14,-24,-2,-4,0.48,0.24,7.2,3.2
5.090e-01,-20,-8,-2,2,0.4,0.64,5.6,8
5.093e-01,-22,-32,-2,-4,0.32,3.57628e-09,3.6,-0.8
5.095e-01,-26,-18,4.47035e-08,2,0.24,0.4,1.2,4
5.098e-01,-30,-40,-2,-4,0.08,-0.24,-0.8,-4.8
5.100e-01,-34,-26,-2,2,3.57628e-09,0.16,-2.4,1.78814e-08
5.103e-01,-38,-48,4.47035e-08,-4,-0.08,-0.4,-4.4,-8.4
5.105e-01,-40,-34,-4,4.47035e-08,-0.24,-0.08,-6.4,-3.6
5.108e-01,-46,-54,-2,-6,-0.32,-0.64,-8.4,-12
5.111e-01,-48,-40,-2,4.47035e-08,-0.48,-0.24,-10,-7.6
5.113e-01,-50,-58,-4,-6,-0.48,-0.8,-12,-15.2
5.116e-01,-54,-48,-2,4.47035e-08,-0.64,-0.48,-13.6,-11.2
5.118e-01,-56,-62,-4,-6,-0.72,-1.04,-15.2,-18.8
5.121e-01,-56,-52,-4,4.47035e-08,-0.8,-0.64,-16.8,-14.8
5.123e-01,-60,-64,-4,-6,-0.88,-1.12,-18.4,-21.6
5.126e-01,-60,-56,-4,-2,-1.04,-0.88,-20,-17.6
5.128e-01,-60,-64,-4,-6,-1.04,-1.28,-21.2,-23.6
5.131e-01,-60,-56,-4,-2,-1.12,-0.96,-22,-20.4
5.134e-01,-60,-64,-4,-6,-1.2,-1.36,-23.2,-24.8
5.136e-01,-60,-54,-4,-2,-1.2,-1.12,-24,-22.8
5.139e-01,-58,-62,-4,-8,-1.28,-1.44,-24.8,-25.6
5.141e-01,-56,-52,-6,-2,-1.28,-1.2,-24.8,-24
5.144e-01,-56,-60,-6,-8,-1.28,-1.44,-25.2,-26
5.146e-01,-54,-48,-6,-2,-1.36,-1.28,-25.6,-24.8
5.149e-01,-52,-56,-4,-8,-1.36,-1.44,-25.6,-26
5.152e-01,-52,-44,-6,-2,-1.36,-1.28,-25.6,-24.8
5.154e-01,-44,-50,-6,-8,-1.36,-1.44,-25.2,-25.6
5.157e-01,-44,-36,-6,-2,-1.36,-1.2,-24.4,-23.6
5.159e-01,-40,-42,-6,-8,-1.28,-1.44,-24,-24.4
5.162e-01,-34,-26,-4,-2,-1.28,-1.12,-22.8,-21.6
5.164e-01,-30,-34,-4,-8,-1.2,-1.28,-22,-22.4
5.167e-01,-24,-18,-4,-2,-1.12,-1.04,-20.8,-19.2
5.169e-01,-22,-24,-4,-6,-1.04,-1.2,-19.2,-20
5.172e-01,-16,-10,-4,-2,-1.04,-0.88,-18,-16
5.175e-01,-12,-16,-4,-6,-0.96,-1.04,-16,-16.8
5.177e-01,-10,4.47035e-08,-4,-2,-0.8,-0.72,-14.4,-12.8
5.180e-01,-4,-8,-4,-6,-0.8,-0.88,-12.8,-13.6
5.182e-01,2,10,-4,-2,-0.72,-0.56,-10.8,-9.2
5.185e-01,6,2,-4,-6,-0.56,-0.72,-9.2,-10
5.187e-01,10,18,-4,4.47035e-08,-0.48,-0.32,-7.2,-5.2
5.190e-01,14,10,-4,-6,-0.4,-0.48,-5.6,-6
5.192e-01,20,26,-4,4.47035e-08,-0.32,-0.16,-3.6,-1.6
5.195e-01,24,18,-2,-6,-0.24,-0.24,-1.6,-2.4
5.198e-01,28,36,-2,4.47035e-08,-0.08,0.08,0.4,2.4
5.200e-01,32,28,-4,-4,3.57628e-09,-0.08,2,1.6
5.203e-01,36,44,-2,4.47035e-08,0.16,0.24,4.4,6.4
5.205e-01,38,36,-2,-4,0.24,0.16,6,5.6
5.208e-01,42,50,4.47035e-08,4.47035e-08,0.32,0.48,8,10
5.210e-01,44,42,-2,-4,0.4,0.32,10,9.2
5.213e-01,50,56,-2,2,0.56,0.72,11.6,13.6
5.216e-01,50,48,-2,-4,0.64,0.56,13.2,12.8
5.218e-01,52,60,-2,2,0.8,0.96,14.8,17.2
5.221e-01,56,52,4.47035e-08,-4,0.88,0.72,16.8,16.4
5.223e-01,58,62,-2,2,0.96,1.12,18.4,20
5.226e-01,58,54,4.47035e-08,-2,1.04,0.88,19.6,19.2
5.228e-01,58,62,4.47035e-08,2,1.12,1.2,21.2,22.4
5.231e-01,60,54,4.47035e-08,-2,1.2,1.04,22,21.6
5.233e-01,60,64,4.47035e-08,2,1.2,1.28,23.2,24
5.236e-01,60,52,4.47035e-08,-2,1.28,1.12,24,23.2
5.239e-01,58,62,4.47035e-08,2,1.28,1.36,24.4,25.6
5.241e-01,54,50,2,-2,1.28,1.2,24.8,24.4
5.244e-01,56,60,4.47035e-08,4,1.36,1.44,25.6,26
5.246e-01,54,46,4.47035e-08,-2,1.36,1.2,25.6,25.2
5.249e-01,52,56,2,4,1.36,1.44,25.6,26.4
5.251e-01,48,40,4.47035e-08,-2,1.36,1.2,25.6,24.4
5.254e-01,44,52,4.47035e-08,4,1.36,1.44,25.6,26
5.256e-01,42,32,4.47035e-08,-2,1.36,1.2,24.8,22.8
5.259e-01,38,46,4.47035e-08,4,1.36,1.44,24,25.2
5.262e-01,34,22,4.47035e-08,-2,1.28,1.04,23.2,20.8
5.264e-01,28,38,4.47035e-08,4,1.2,1.36,22,23.6
5.267e-01,24,12,4.47035e-08,-2,1.2,0.96,20.8,18
5.269e-01,20,28,2,4,1.12,1.28,19.6,21.6
5.272e-01,14,4,4.47035e-08,-2,1.04,0.8,18,14.4
5.274e-01,10,20,4.47035e-08,2,0.96,1.12,16.4,18.4
5.277e-01,6,-6,4.47035e-08,-2,0.96,0.64,14.8,11.2
5.280e-01,2,10,4.47035e-08,2,0.88,0.96,13.2,15.6
5.282e-01,-4,-14,4.47035e-08,-4,0.8,0.48,11.2,7.2
5.285e-01,-8,2,4.47035e-08,2,0.64,0.8,9.2,12
5.287e-01,-12,-24,4.47035e-08,-4,0.56,0.24,7.6,3.6
5.290e-01,-18,-8,4.47035e-08,2,0.4,0.64,5.6,8.4
5.292e-01,-22,-32,-2,-4,0.32,3.57628e-09,3.6,-0.4
5.295e-01,-26,-18,4.47035e-08,2,0.16,0.4,1.6,4.4
5.297e-01,-30,-40,-2,-4,0.16,-0.16,-0.4,-4.4
5.300e-01,-34,-26,-2,2,3.57628e-09,0.16,-2,0.4
5.303e-01,-38,-48,-2,-4,-0.16,-0.4,-4.4,-8
5.305e-01,-40,-32,-2,4.47035e-08,-0.24,-0.08,-6,-3.6
5.308e-01,-46,-54,-2,-6,-0.32,-0.56,-8,-11.6
5.310e-01,-48,-40,-2,4.47035e-08,-0.4,-0.24,-10,-7.2
5.313e-01,-50,-58,-4,-6,-0.48,-0.8,-11.6,-15.2
5.315e-01,-54,-46,-2,4.47035e-08,-0.64,-0.48,-13.6,-10.8
5.318e-01,-56,-62,-2,-6,-0.72,-0.96,-15.2,-18.4
5.320e-01,-58,-52,-4,4.47035e-08,-0.88,-0.64,-16.4,-14.4
5.323e-01,-60,-64,-4,-6,-0.96,-1.12,-18.4,-21.2
5.326e-01,-62,-56,-4,4.47035e-08,-0.96,-0.88,-19.6,-17.6
5.328e-01,-60,-64,-4,-6,-1.04,-1.28,-20.8,-23.2
5.331e-01,-60,-56,-4,-2,-1.12,-0.96,-22,-20.4
5.333e-01,-60,-64,-6,-6,-1.2,-1.36,-23.2,-24.8
5.336e-01,-58,-54,-4,-2,-1.2,-1.12,-24,-22.4
5.338e-01,-58,-62,-4,-6,-1.28,-1.44,-24.8,-25.6
5.341e-01,-58,-52,-6,-2,-1.28,-1.2,-24.8,-23.6
5.344e-01,-56,-60,-4,-8,-1.36,-1.44,-25.2,-26
5.346e-01,-54,-50,-6,-2,-1.28,-1.2,-25.6,-24.8
5.349e-01,-52,-56,-6,-8,-1.36,-1.44,-25.6,-26
5.351e-01,-50,-44,-6,-2,-1.36,-1.28,-25.6,-24.8
5.354e-01,-48,-52,-4,-8,-1.36,-1.44,-25.2,-25.6
5.356e-01,-44,-36,-6,-2,-1.36,-1.28,-24.4,-23.6
5.359e-01,-42,-44,-4,-8,-1.36,-1.44,-24.4,-24.4
5.361e-01,-36,-28,-6,-2,-1.28,-1.12,-23.2,-22
5.364e-01,-32,-34,-6,-8,-1.2,-1.36,-22,-22.8
5.367e-01,-28,-18,-4,-2,-1.12,-1.04,-21.2,-19.2
5.369e-01,-24,-26,-4,-8,-1.12,-1.2,-19.6,-20
5.372e-01,-16,-10,-4,-2,-1.04,-0.88,-18,-16.4
5.374e-01,-12,-16,-4,-6,-0.96,-1.04,-16.4,-17.2
5.377e-01,-10,4.47035e-08,-4,-2,-0.88,-0.72,-15.2,-12.8
5.379e-01,-6,-8,-4,-6,-0.8,-0.88,-12.8,-13.6
5.382e-01,4.47035e-08,8,-4,-2,-0.72,-0.56,-11.2,-9.6
5.384e-01,4,2,-4,-6,-0.64,-0.72,-9.6,-10
5.387e-01,8,18,-2,-2,-0.48,-0.4,-7.6,-5.6
5.390e-01,14,10,-4,-6,-0.4,-0.56,-6,-6.4
5.392e-01,18,26,-4,4.47035e-08,-0.32,-0.16,-4,-2
5.395e-01,24,20,-4,-6,-0.24,-0.32,-2,-2.4
5.397e-01,28,36,-2,4.47035e-08,-0.08,0.08,1.78814e-08,2
5.400e-01,34,28,-2,-6,3.57628e-09,-0.08,2,1.2
5.402e-01,36,42,-2,4.47035e-08,0.16,0.24,4,6
5.405e-01,40,34,-2,-4,0.24,0.16,6,5.2
5.408e-01,44,48,-2,4.47035e-08,0.32,0.48,8,10
5.410e-01,48,42,-2,-4,0.4,0.32,9.6,9.2
5.413e-01,48,54,-2,2,0.56,0.72,11.2,13.2
5.415e-01,52,48,4.47035e-08,-4,0.64,0.56,13.2,12.8
5.418e-01,54,60,4.47035e-08,2,0.72,0.88,14.8,16.8
5.420e-01,56,52,-2,-4,0.88,0.72,16.8,16
5.423e-01,58,62,-2,2,0.96,1.04,18,19.6
5.425e-01,60,56,4.47035e-08,-2,1.04,0.88,19.6,18.8
5.428e-01,58,64,4.47035e-08,2,1.12,1.2,20.8,22
5.431e-01,60,54,4.47035e-08,-2,1.12,1.04,22,21.6
5.433e-01,58,64,4.47035e-08,2,1.2,1.28,22.8,24
5.436e-01,58,52,4.47035e-08,-2,1.28,1.12,23.6,23.2
5.438e-01,56,62,4.47035e-08,4,1.28,1.36,24.4,25.2
5.441e-01,56,50,4.47035e-08,-2,1.28,1.2,24.8,24.4
5.443e-01,56,60,4.47035e-08,4,1.36,1.44,25.2,26
5.446e-01,52,46,4.47035e-08,-2,1.36,1.2,25.6,25.2
5.448e-01,50,58,4.47035e-08,4,1.36,1.44,25.6,26
5.451e-01,50,40,4.47035e-08,-2,1.44,1.2,25.6,24.4
5.454e-01,46,52,4.47035e-08,4,1.36,1.44,25.2,26
5.456e-01,42,30,2,-2,1.36,1.2,24.8,23.2
5.459e-01,40,48,2,4,1.36,1.44,24,25.2
5.461e-01,34,22,4.47035e-08,-2,1.28,1.04,23.2,20.8
5.464e-01,32,38,4.47035e-08,4,1.2,1.36,22.4,24
5.466e-01,26,14,4.47035e-08,-2,1.2,0.96,21.2,18
5.469e-01,18,28,4.47035e-08,4,1.12,1.28,19.6,21.6
5.472e-01,16,4,4.47035e-08,-2,1.12,0.8,18.4,14.8
5.474e-01,10,20,4.47035e-08,4,0.96,1.12,16.4,18.8
5.477e-01,6,-6,4.47035e-08,-4,0.96,0.64,14.8,11.2
5.479e-01,2,12,4.47035e-08,2,0.88,0.96,13.2,15.6
5.482e-01,-4,-14,4.47035e-08,-4,0.72,0.48,11.6,7.6
5.484e-01,-6,2,4.47035e-08,2,0.64,0.88,9.6,12
5.487e-01,-12,-22,-2,-4,0.56,0.24,7.6,4
5.489e-01,-16,-6,-2,2,0.48,0.64,6,8.4
5.492e-01,-20,-32,4.47035e-08,-4,0.32,3.57628e-09,4,1.78814e-08
5.495e-01,-24,-16,-2,2,0.24,0.4,2,4.4
5.497e-01,-28,-40,-2,-4,0.08,-0.16,1.78814e-08,-4
5.500e-01,-34,-24,-2,2,3.57628e-09,0.16,-2,0.8
5.502e-01,-36,-46,-2,-4,-0.08,-0.4,-3.6,-7.6
5.505e-01,-40,-32,-2,4.47035e-08,-0.24,-0.08,-5.6,-3.2
5.507e-01,-44,-52,-2,-4,-0.32,-0.56,-7.6,-11.2
5.510e-01,-48,-40,-2,4.47035e-08,-0.4,-0.24,-9.6,-6.8
5.512e-01,-48,-58,-2,-6,-0.48,-0.8,-11.2,-14.8
5.515e-01,-52,-46,-2,4.47035e-08,-0.64,-0.4,-13.2,-10.8
5.518e-01,-54,-62,-2,-6,-0.72,-0.96,-14.8,-18
5.520e-01,-56,-50,-2,4.47035e-08,-0.8,-0.64,-16.4,-14.4
5.523e-01,-60,-64,-4,-6,-0.96,-1.12,-18,-20.8
5.525e-01,-60,-54,-4,4.47035e-08,-0.96,-0.8,-19.6,-17.2
5.528e-01,-60,-64,-4,-6,-1.04,-1.28,-20.8,-23.2
5.530e-01,-62,-56,-4,-2,-1.12,-0.96,-22,-20
5.533e-01,-62,-64,-4,-8,-1.2,-1.36,-23.2,-24.8
5.536e-01,-60,-54,-6,-2,-1.2,-1.12,-23.6,-22.4
5.538e-01,-60,-62,-4,-8,-1.28,-1.44,-24.4,-25.6
5.541e-01,-58,-52,-6,-2,-1.28,-1.2,-24.8,-23.6
5.543e-01,-56,-60,-6,-8,-1.36,-1.44,-25.2,-26
5.546e-01,-54,-50,-4,-2,-1.36,-1.28,-25.6,-24.8
5.548e-01,-54,-56,-4,-8,-1.36,-1.52,-25.6,-26
5.551e-01,-50,-44,-4,-2,-1.36,-1.28,-25.6,-24.8
5.553e-01,-50,-52,-4,-8,-1.36,-1.44,-25.2,-25.6
5.556e-01,-44,-38,-4,-2,-1.36,-1.28,-24.8,-23.6
5.559e-01,-40,-44,-6,-8,-1.28,-1.44,-24.4,-24.8
5.561e-01,-36,-28,-6,-2,-1.28,-1.2,-23.2,-22
5.564e-01,-32,-36,-4,-6,-1.2,-1.36,-22.4,-22.8
5.566e-01,-26,-20,-4,-2,-1.12,-1.04,-21.2,-19.6
5.569e-01,-24,-26,-6,-6,-1.12,-1.2,-19.6,-20.4
5.571e-01,-18,-10,-4,-2,-1.04,-0.88,-18,-16.4
5.574e-01,-14,-18,-4,-6,-0.96,-1.04,-16.4,-17.2
5.576e-01,-10,-2,-4,-2,-0.88,-0.8,-14.8,-13.2
5.579e-01,-4,-8,-4,-6,-0.8,-0.88,-13.2,-14
5.582e-01,-2,8,-4,4.47035e-08,-0.72,-0.56,-11.6,-9.6
5.584e-01,4,4.47035e-08,-4,-6,-0.64,-0.72,-10,-10.4
5.587e-01,8,16,-4,4.47035e-08,-0.56,-0.4,-8,-6
5.589e-01,12,10,-2,-6,-0.48,-0.56,-6,-6.8
5.592e-01,16,26,-4,4.47035e-08,-0.32,-0.16,-4.4,-2
5.594e-01,22,18,-4,-6,-0.24,-0.32,-2.4,-2.8
5.597e-01,28,34,-2,4.47035e-08,-0.08,0.08,-0.4,2
5.600e-01,30,28,-2,-4,3.57628e-09,-0.08,1.6,1.2
5.602e-01,34,42,-2,4.47035e-08,0.16,0.32,3.6,6
5.605e-01,38,34,-2,-4,0.24,0.16,5.6,4.8
5.607e-01,42,48,-2,4.47035e-08,0.24,0.48,7.6,9.6
5.610e-01,46,42,-2,-4,0.4,0.32,9.6,8.8
5.612e-01,48,54,-2,2,0.48,0.72,11.2,13.2
5.615e-01,50,48,-2,-4,0.64,0.48,12.8,12.4
5.617e-01,54,58,-2,2,0.72,0.88,14.8,16.8
5.620e-01,54,52,-2,-4,0.8,0.72,16.4,16
5.623e-01,58,62,4.47035e-08,2,0.96,1.12,18,19.6
5.625e-01,58,56,4.47035e-08,-2,0.96,0.88,19.6,18.8
5.628e-01,60,64,4.47035e-08,2,1.04,1.2,20.8,22
5.630e-01,60,54,2,-2,1.12,1.04,22,21.2
5.633e-01,60,64,4.47035e-08,2,1.2,1.28,22.8,24
5.635e-01,58,52,4.47035e-08,-2,1.2,1.12,23.6,23.2
5.638e-01,58,62,4.47035e-08,4,1.28,1.36,24.4,25.2
5.640e-01,56,50,4.47035e-08,-2,1.28,1.2,24.8,24.4
5.643e-01,56,60,4.47035e-08,4,1.36,1.44,25.6,26
5.646e-01,54,46,4.47035e-08,-2,1.36,1.2,25.2,25.2
5.648e-01,50,58,4.47035e-08,4,1.44,1.44,25.6,26
5.651e-01,48,40,4.47035e-08,-2,1.36,1.28,25.6,24.4
5.653e-01,48,52,2,4,1.36,1.44,25.2,26
5.656e-01,44,32,4.47035e-08,-2,1.44,1.2,24.8,23.2
5.658e-01,38,46,4.47035e-08,4,1.36,1.44,24,25.6
5.661e-01,34,22,4.47035e-08,-2,1.28,1.12,23.2,20.8
5.664e-01,28,38,4.47035e-08,4,1.28,1.36,22.4,24
5.666e-01,24,14,2,-2,1.2,0.96,21.2,18.4
5.669e-01,22,30,4.47035e-08,4,1.12,1.28,20,21.6
5.671e-01,16,4,4.47035e-08,-2,1.04,0.8,18.4,15.2
5.674e-01,12,20,4.47035e-08,4,1.04,1.12,17.2,19.2
5.676e-01,6,-4,4.47035e-08,-2,0.96,0.72,15.2,11.6
5.679e-01,4,12,4.47035e-08,2,0.8,1.04,13.6,15.6
5.681e-01,-2,-12,-2,-2,0.8,0.48,11.6,8
5.684e-01,-6,2,4.47035e-08,2,0.72,0.88,10,12.4
5.687e-01,-10,-22,4.47035e-08,-4,0.56,0.24,8,4
5.689e-01,-16,-6,-2,2,0.48,0.64,6,8.8
5.692e-01,-18,-30,4.47035e-08,-4,0.4,0.08,4.4,1.78814e-08
5.694e-01,-24,-16,-2,2,0.24,0.4,2.4,4.8
5.697e-01,-28,-40,-2,-4,0.08,-0.16,0.4,-3.6
5.699e-01,-34,-24,-2,2,3.57628e-09,0.24,-1.6,0.8
5.702e-01,-38,-46,-2,-4,-0.08,-0.4,-3.6,-7.6
5.704e-01,-40,-32,-2,4.47035e-08,-0.24,3.57628e-09,-5.6,-3.2
5.707e-01,-44,-52,-2,-4,-0.32,-0.56,-7.2,-11.2
5.710e-01,-48,-38,-4,4.47035e-08,-0.4,-0.24,-9.2,-6.4
5.712e-01,-50,-58,-2,-6,-0.48,-0.8,-11.2,-14.8
5.715e-01,-54,-46,-4,4.47035e-08,-0.56,-0.4,-12.8,-10.4
5.717e-01,-56,-62,-4,-6,-0.72,-0.96,-14.4,-18
5.720e-01,-58,-50,-2,4.47035e-08,-0.8,-0.64,-16,-14
5.722e-01,-60,-64,-4,-6,-0.88,-1.12,-17.6,-20.8
5.725e-01,-58,-54,-4,-2,-0.96,-0.8,-19.2,-17.2
5.728e-01,-62,-64,-4,-6,-1.04,-1.28,-20.8,-22.8
5.730e-01,-60,-56,-4,-2,-1.12,-0.96,-22,-20
5.733e-01,-60,-64,-4,-6,-1.12,-1.36,-22.8,-24.4
5.735e-01,-60,-56,-4,-2,-1.28,-1.12,-23.6,-22
5.738e-01,-60,-62,-4,-8,-1.2,-1.44,-24.4,-25.6
5.740e-01,-58,-52,-6,-2,-1.28,-1.2,-24.8,-23.6
5.743e-01,-56,-60,-6,-8,-1.28,-1.44,-25.2,-26
5.745e-01,-56,-50,-4,-2,-1.36,-1.2,-25.6,-24.8
5.748e-01,-54,-58,-4,-8,-1.36,-1.44,-25.6,-26
5.751e-01,-52,-44,-6,-2,-1.36,-1.28,-25.6,-24.8
5.753e-01,-48,-52,-6,-8,-1.36,-1.44,-25.6,-25.6
5.756e-01,-46,-38,-6,-2,-1.36,-1.2,-24.8,-24
5.758e-01,-42,-46,-6,-8,-1.28,-1.44,-24.4,-24.8
5.761e-01,-36,-28,-4,-2,-1.28,-1.12,-23.2,-22
5.763e-01,-32,-36,-4,-8,-1.2,-1.36,-22.4,-22.8
5.766e-01,-26,-20,-4,-2,-1.2,-1.04,-21.2,-19.6
5.768e-01,-22,-26,-4,-6,-1.12,-1.2,-20,-20.4
5.771e-01,-18,-12,-4,-2,-1.04,-0.96,-18.4,-16.8
5.774e-01,-14,-18,-6,-6,-0.96,-1.12,-17.2,-17.6
5.776e-01,-10,-2,-4,-2,-0.88,-0.72,-15.2,-13.2
5.779e-01,-4,-10,-4,-6,-0.88,-0.96,-14,-14.4
5.781e-01,2,6,-4,-2,-0.72,-0.64,-11.6,-10
5.784e-01,4,4.47035e-08,-4,-6,-0.72,-0.72,-10.4,-10.8
5.786e-01,8,16,-4,-2,-0.56,-0.4,-8,-6
5.789e-01,14,8,-4,-6,-0.48,-0.56,-6.4,-7.2
5.792e-01,16,26,-2,4.47035e-08,-0.32,-0.16,-4.4,-2.4
5.794e-01,20,18,-2,-6,-0.24,-0.32,-2.4,-3.2
5.797e-01,26,34,-2,4.47035e-08,-0.16,3.57628e-09,-0.8,1.6
5.799e-01,30,26,-2,-4,3.57628e-09,-0.16,1.2,0.8
5.802e-01,34,42,-2,4.47035e-08,0.08,0.24,3.2,5.6
5.804e-01,38,34,-2,-4,0.16,0.08,5.2,4.8
5.807e-01,42,48,-2,2,0.32,0.48,7.2,9.2
5.809e-01,46,40,-2,-4,0.4,0.32,9.2,8.4
5.812e-01,46,54,-2,2,0.48,0.64,10.8,12.8
5.815e-01,52,48,-2,-4,0.64,0.48,12.8,12
5.817e-01,52,60,-2,2,0.72,0.88,14.4,16.4
5.820e-01,56,52,-2,-4,0.8,0.72,16,15.6
5.822e-01,56,62,-2,2,0.96,1.04,18,19.2
5.825e-01,58,54,4.47035e-08,-2,0.96,0.88,19.2,18.8
5.827e-01,58,64,4.47035e-08,2,1.04,1.2,20.4,22
5.830e-01,60,54,4.47035e-08,-2,1.2,1.04,21.6,21.2
5.833e-01,60,64,4.47035e-08,2,1.2,1.28,22.4,24
5.835e-01,58,54,4.47035e-08,-2,1.28,1.12,23.6,23.2
5.838e-01,56,62,4.47035e-08,4,1.28,1.36,24,25.2
5.840e-01,58,50,4.47035e-08,-2,1.28,1.2,24.8,24.4
5.843e-01,56,60,4.47035e-08,4,1.36,1.44,25.2,26
5.845e-01,54,46,4.47035e-08,-2,1.36,1.2,25.6,24.8
5.848e-01,52,58,4.47035e-08,4,1.36,1.52,25.6,26
5.850e-01,50,40,4.47035e-08,-2,1.44,1.28,25.6,24.4
5.853e-01,46,54,4.47035e-08,4,1.36,1.52,25.2,26
5.856e-01,44,32,2,-2,1.36,1.2,24.8,23.2
5.858e-01,40,48,4.47035e-08,4,1.36,1.44,24.4,25.6
5.861e-01,36,24,4.47035e-08,-2,1.28,1.12,23.6,21.2
5.863e-01,32,40,4.47035e-08,4,1.28,1.36,22.4,24
5.866e-01,26,14,4.47035e-08,-2,1.2,0.96,21.6,18.4
5.868e-01,20,30,4.47035e-08,4,1.12,1.28,19.6,22
5.871e-01,16,4,4.47035e-08,-2,1.12,0.88,18.8,15.2
5.873e-01,12,22,4.47035e-08,2,1.04,1.2,17.2,19.2
5.876e-01,8,-4,4.47035e-08,-2,0.96,0.72,15.6,12
5.879e-01,4,12,4.47035e-08,2,0.88,1.04,13.6,16
5.881e-01,-2,-12,4.47035e-08,-2,0.8,0.48,12,8
5.884e-01,-6,4,4.47035e-08,2,0.64,0.88,10,12.8
5.886e-01,-8,-22,4.47035e-08,-4,0.56,0.32,8,4.4
5.889e-01,-14,-6,4.47035e-08,2,0.48,0.64,6.4,9.2
5.891e-01,-18,-30,4.47035e-08,-4,0.4,0.08,4.4,0.4
5.894e-01,-24,-14,-2,2,0.24,0.48,2.4,5.2
5.897e-01,-28,-38,-2,-4,0.16,-0.16,0.4,-3.2
5.899e-01,-34,-24,-2,2,3.57628e-09,0.24,-1.6,1.2
5.902e-01,-36,-46,4.47035e-08,-4,-0.08,-0.32,-3.2,-7.2
5.904e-01,-38,-32,-2,4.47035e-08,-0.16,3.57628e-09,-5.2,-2.8
5.907e-01,-44,-52,-4,-4,-0.32,-0.56,-7.2,-10.8
5.909e-01,-46,-38,-2,4.47035e-08,-0.4,-0.16,-8.8,-6.4
5.912e-01,-50,-58,-4,-6,-0.48,-0.72,-10.8,-14.4
5.914e-01,-54,-46,-2,4.47035e-08,-0.56,-0.4,-12.4,-10
5.917e-01,-56,-62,-2,-6,-0.64,-0.96,-14,-18
5.920e-01,-58,-50,-4,4.47035e-08,-0.8,-0.56,-16,-13.6
5.922e-01,-60,-64,-4,-6,-0.88,-1.12,-17.6,-20.8
5.925e-01,-60,-54,-4,4.47035e-08,-0.96,-0.8,-18.8,-16.8
5.927e-01,-60,-64,-4,-6,-1.04,-1.28,-20.4,-22.8
5.930e-01,-62,-56,-4,-2,-1.12,-0.96,-22,-19.6
5.932e-01,-62,-64,-4,-6,-1.12,-1.36,-22.8,-24.4
5.935e-01,-60,-56,-4,-2,-1.2,-1.04,-23.2,-22
5.937e-01,-60,-62,-4,-6,-1.28,-1.36,-24.4,-25.6
5.940e-01,-58,-52,-4,-2,-1.28,-1.2,-24.8,-23.6
5.943e-01,-58,-60,-4,-8,-1.36,-1.44,-25.2,-26
5.945e-01,-56,-50,-4,-2,-1.36,-1.28,-25.6,-24.4
5.948e-01,-54,-58,-4,-8,-1.36,-1.52,-25.6,-26
5.950e-01,-52,-46,-6,-2,-1.36,-1.28,-25.6,-24.8
5.953e-01,-50,-52,-4,-8,-1.36,-1.44,-25.2,-26
5.955e-01,-46,-38,-6,-2,-1.36,-1.28,-24.8,-24
5.958e-01,-42,-46,-6,-8,-1.36,-1.44,-24.4,-24.8
5.961e-01,-38,-30,-6,-2,-1.28,-1.2,-23.6,-22.4
5.963e-01,-34,-36,-6,-8,-1.2,-1.36,-22.8,-23.2
5.966e-01,-28,-20,-6,-2,-1.2,-1.04,-21.2,-19.6
5.968e-01,-24,-28,-4,-6,-1.12,-1.2,-20.4,-20.8
5.971e-01,-20,-12,-4,-2,-1.04,-0.96,-18.4,-16.8
5.973e-01,-16,-18,-6,-6,-0.96,-1.12,-17.2,-17.6
5.976e-01,-10,-2,-4,-2,-0.88,-0.8,-15.2,-13.6
5.978e-01,-6,-10,-4,-6,-0.88,-0.96,-14,-14.4
5.981e-01,-2,6,-4,-2,-0.72,-0.64,-12.4,-10.4
5.984e-01,4,-2,-4,-6,-0.64,-0.8,-10.4,-10.8
5.986e-01,8,16,-4,-2,-0.56,-0.4,-8.8,-6.4
5.989e-01,12,8,-4,-6,-0.48,-0.56,-6.8,-7.2
5.991e-01,18,24,-2,4.47035e-08,-0.4,-0.16,-4.8,-2.8
5.994e-01,22,18,-4,-6,-0.24,-0.32,-2.8,-3.6
5.996e-01,26,32,-4,4.47035e-08,-0.08,3.57628e-09,-1.2,1.2
5.999e-01,30,26,-2,-4,3.57628e-09,-0.16,0.8,0.4
6.001e-01,34,40,-2,4.47035e-08,0.08,0.24,3.2,5.2
6.004e-01,38,34,-2,-4,0.16,0.08,5.2,4.4
6.007e-01,42,48,-2,2,0.24,0.48,6.8,9.2
6.009e-01,44,40,-2,-4,0.4,0.32,8.8,8
6.012e-01,48,54,-2,2,0.48,0.64,10.8,12.4
6.014e-01,50,46,-2,-4,0.56,0.48,12.8,11.6
6.017e-01,52,58,4.47035e-08,2,0.72,0.88,14,16
6.019e-01,56,52,-2,-4,0.8,0.72,16,15.2
6.022e-01,58,62,4.47035e-08,2,0.88,1.04,17.6,19.2
6.025e-01,58,54,4.47035e-08,-2,0.96,0.88,19.2,18.4
6.027e-01,58,62,4.47035e-08,2,1.04,1.2,20.4,21.6
6.030e-01,58,54,4.47035e-08,-2,1.12,1.04,21.6,20.8
6.032e-01,60,62,4.47035e-08,2,1.2,1.28,22.4,23.6
6.035e-01,60,54,4.47035e-08,-2,1.28,1.12,23.6,22.8
6.037e-01,58,62,4.47035e-08,4,1.28,1.36,24.4,25.2
6.040e-01,56,50,4.47035e-08,-2,1.36,1.2,24.8,24.4
6.042e-01,56,60,4.47035e-08,4,1.28,1.44,25.2,26
6.045e-01,52,46,4.47035e-08,-2,1.36,1.2,25.6,24.8
6.048e-01,52,58,2,4,1.44,1.44,25.6,26
6.050e-01,50,42,4.47035e-08,-2,1.44,1.2,25.6,24.8
6.053e-01,48,54,4.47035e-08,4,1.36,1.52,25.6,26
6.055e-01,46,34,4.47035e-08,-2,1.36,1.2,25.2,23.6
6.058e-01,42,48,2,4,1.36,1.44,24.4,25.6
6.060e-01,36,24,4.47035e-08,-2,1.28,1.12,23.6,21.2
6.063e-01,30,40,2,4,1.28,1.36,22.8,24.4
6.065e-01,26,14,4.47035e-08,-2,1.2,0.96,21.6,18.8
6.068e-01,22,30,4.47035e-08,4,1.12,1.28,20.4,22
6.071e-01,18,6,4.47035e-08,-2,1.12,0.88,18.8,15.6
6.073e-01,14,22,4.47035e-08,2,1.04,1.2,17.6,19.6
6.076e-01,8,-2,4.47035e-08,-2,0.96,0.72,15.6,12
6.078e-01,4,12,4.47035e-08,2,0.88,1.04,14,16.4
6.081e-01,4.47035e-08,-12,4.47035e-08,-2,0.8,0.56,12,8.4
6.083e-01,-4,4,4.47035e-08,2,0.72,0.88,10.4,12.8
6.086e-01,-8,-22,4.47035e-08,-4,0.64,0.32,8.8,4.8
6.089e-01,-14,-4,4.47035e-08,2,0.48,0.72,6.8,9.2
6.091e-01,-20,-30,-2,-4,0.32,0.08,4.8,0.8
6.094e-01,-22,-14,4.47035e-08,2,0.32,0.48,2.8,5.6
6.096e-01,-26,-38,-2,-4,0.16,-0.16,0.8,-3.2
6.099e-01,-30,-24,4.47035e-08,2,0.08,0.24,-1.2,1.6
6.101e-01,-36,-46,-2,-4,-0.08,-0.32,-3.2,-6.8
6.104e-01,-38,-30,-2,2,-0.16,3.57628e-09,-4.8,-2.4
6.106e-01,-42,-52,-2,-4,-0.24,-0.56,-6.8,-10.8
6.109e-01,-46,-38,-2,4.47035e-08,-0.4,-0.16,-8.8,-6
6.112e-01,-48,-58,-2,-6,-0.48,-0.72,-10.4,-14
6.114e-01,-52,-44,-4,4.47035e-08,-0.56,-0.4,-12,-10
6.117e-01,-56,-62,-2,-6,-0.64,-0.96,-14,-17.6
6.119e-01,-56,-50,-4,4.47035e-08,-0.8,-0.56,-15.6,-13.2
6.122e-01,-60,-64,-2,-6,-0.88,-1.12,-17.2,-20.4
6.124e-01,-60,-54,-4,4.47035e-08,-0.96,-0.8,-18.8,-16.8
6.127e-01,-60,-64,-4,-6,-1.04,-1.2,-20,-22.8
6.129e-01,-62,-56,-4,-2,-1.12,-0.96,-21.6,-19.6
6.132e-01,-62,-64,-4,-6,-1.12,-1.36,-22.4,-24.4
6.135e-01,-62,-54,-4,-2,-1.2,-1.12,-23.2,-22
6.137e-01,-60,-62,-4,-8,-1.28,-1.36,-24,-25.6
6.140e-01,-58,-54,-4,-2,-1.28,-1.2,-24.8,-23.6
6.142e-01,-58,-60,-6,-8,-1.36,-1.44,-25.2,-26
6.145e-01,-56,-50,-4,-2,-1.28,-1.28,-25.6,-24.4
6.147e-01,-54,-58,-6,-8,-1.36,-1.44,-25.6,-26
6.150e-01,-52,-46,-4,-2,-1.36,-1.28,-25.6,-24.8
6.153e-01,-50,-54,-6,-8,-1.36,-1.52,-25.2,-26
6.155e-01,-46,-38,-4,-2,-1.36,-1.28,-25.2,-24
6.158e-01,-40,-48,-6,-8,-1.28,-1.44,-24.8,-24.8
6.160e-01,-38,-30,-4,-2,-1.28,-1.2,-24,-22.4
6.163e-01,-34,-38,-4,-8,-1.28,-1.36,-22.8,-23.2
6.165e-01,-30,-22,-6,-2,-1.2,-1.04,-22,-20
6.168e-01,-24,-28,-6,-6,-1.2,-1.2,-20.4,-20.8
6.170e-01,-20,-12,-4,-2,-1.04,-0.96,-18.8,-17.2
6.173e-01,-16,-18,-4,-6,-1.04,-1.12,-17.6,-18
6.176e-01,-12,-4,-4,-2,-0.96,-0.8,-16,-13.6
6.178e-01,-6,-10,-4,-6,-0.88,-0.96,-14,-14.8
6.181e-01,-2,6,-4,-2,-0.8,-0.64,-12.4,-10.4
6.183e-01,2,-2,-4,-6,-0.64,-0.8,-10.8,-11.2
6.186e-01,8,14,-4,4.47035e-08,-0.56,-0.4,-8.8,-6.8
6.188e-01,12,8,-4,-6,-0.48,-0.56,-7.2,-7.6
6.191e-01,16,24,-2,4.47035e-08,-0.32,-0.24,-5.2,-2.8
6.193e-01,22,18,-4,-6,-0.24,-0.4,-3.2,-3.6
6.196e-01,24,34,-2,4.47035e-08,-0.16,3.57628e-09,-1.2,0.8
6.199e-01,30,26,-2,-6,3.57628e-09,-0.16,0.8,1.78814e-08
6.201e-01,32,40,-4,4.47035e-08,0.08,0.24,2.8,4.8
6.204e-01,38,34,-2,-4,0.16,0.08,4.8,4
6.206e-01,42,48,-2,4.47035e-08,0.24,0.4,6.8,8.8
6.209e-01,42,40,-2,-4,0.4,0.32,8.4,8
6.211e-01,46,52,4.47035e-08,2,0.56,0.64,10.4,12.4
6.214e-01,50,46,-2,-4,0.56,0.48,12,11.6
6.217e-01,52,58,4.47035e-08,2,0.64,0.88,14,16
6.219e-01,54,52,4.47035e-08,-4,0.8,0.72,15.6,14.8
6.222e-01,56,62,4.47035e-08,2,0.88,1.04,17.2,19.2
6.224e-01,58,54,-2,-2,1.04,0.88,18.8,18
6.227e-01,56,64,4.47035e-08,2,1.12,1.2,20,21.6
6.229e-01,60,54,4.47035e-08,-2,1.12,0.96,21.2,20.8
6.232e-01,60,64,4.47035e-08,2,1.2,1.28,22.8,23.6
6.234e-01,58,54,4.47035e-08,-2,1.2,1.12,23.2,22.8
6.237e-01,58,62,4.47035e-08,2,1.28,1.36,24,25.2
6.240e-01,56,52,4.47035e-08,-2,1.28,1.2,24.4,24.4
6.242e-01,56,60,4.47035e-08,4,1.36,1.44,25.2,26
6.245e-01,54,48,4.47035e-08,-2,1.36,1.2,25.6,24.8
6.247e-01,52,58,4.47035e-08,4,1.36,1.44,25.6,26
6.250e-01,50,42,2,-2,1.36,1.28,25.6,24.8
6.252e-01,48,54,4.47035e-08,4,1.36,1.52,25.6,26
6.255e-01,46,34,4.47035e-08,-2,1.44,1.2,24.8,23.6
6.257e-01,40,50,4.47035e-08,4,1.36,1.44,24.4,25.6
6.260e-01,36,26,4.47035e-08,-2,1.28,1.12,24,21.6
6.263e-01,32,40,4.47035e-08,4,1.28,1.36,22.8,24.4
6.265e-01,28,16,4.47035e-08,-2,1.2,0.96,21.6,18.8
6.268e-01,22,32,4.47035e-08,4,1.2,1.28,20.4,22.4
6.270e-01,18,6,4.47035e-08,-2,1.12,0.88,19.2,16
6.273e-01,14,22,4.47035e-08,4,1.04,1.2,17.6,19.6
6.275e-01,10,-2,4.47035e-08,-2,0.96,0.72,15.6,12.4
6.278e-01,4,14,4.47035e-08,2,0.88,1.04,14.4,16.4
6.281e-01,4.47035e-08,-12,4.47035e-08,-2,0.8,0.56,12.8,8.8
6.283e-01,-4,6,4.47035e-08,2,0.72,0.88,10.8,13.2
6.286e-01,-8,-20,4.47035e-08,-4,0.64,0.32,8.8,4.8
6.288e-01,-14,-4,-2,2,0.56,0.72,6.8,9.6
6.291e-01,-18,-30,-2,-4,0.4,0.08,5.2,0.8
6.293e-01,-22,-14,-2,2,0.24,0.48,3.2,5.6
6.296e-01,-26,-38,-2,-4,0.16,-0.16,1.2,-2.8
6.298e-01,-32,-22,-2,2,0.08,0.24,-0.8,1.6
6.301e-01,-36,-44,-2,-4,-0.08,-0.32,-2.8,-6.8
6.304e-01,-40,-30,-2,2,-0.16,3.57628e-09,-4.8,-2
6.306e-01,-42,-60,-2,-6,-0.24,-0.72,-6.4,-10.4
6.309e-01,-44,-38,-2,2,-0.4,-0.16,-8.4,-6
6.311e-01,-58,-96,4.47035e-08,-12,-0.64,-0.88,-10,-11.6
6.314e-01,-82,-52,-4,4,-0.64,-0.56,-11.2,-9.6
6.316e-01,-90,-112,-4,-10,-0.88,-1.44,-10.8,-11.6
6.319e-01,-100,-84,4,12,-1.2,-0.72,-10.4,-9.6
6.321e-01,-106,-116,4.47035e-08,-14,-1.2,-1.36,-10,-10.4
6.324e-01,-106,-100,-10,4,-0.8,-0.48,-9.2,-8
6.327e-01,-114,-124,4.47035e-08,-12,-0.56,-0.64,-8.8,-9.2
6.329e-01,-112,-108,-8,2,-0.4,-0.16,-7.6,-6.4
6.332e-01,-120,-134,-2,-16,-0.24,-0.32,-6.8,-7.2
6.334e-01,-124,-114,-8,2,3.57628e-09,0.08,-5.2,-3.6
6.337e-01,-128,-202,-2,-8,3.57628e-09,-0.08,-4,-4.4
6.339e-01,-146,-88,-4,4.47035e-08,3.57628e-09,0.08,-1.6,0.8
6.342e-01,-96,-104,-4,-8,3.57628e-09,-0.08,1.78814e-08,-0.4
6.345e-01,-92,-84,-4,-2,3.57628e-09,0.08,1.78814e-08,0.4
6.347e-01,-88,-90,-4,-6,3.57628e-09,-0.08,1.78814e-08,-0.4
6.350e-01,-78,-72,-4,-2,3.57628e-09,0.08,1.78814e-08,0.4
6.352e-01,-74,-80,-4,-6,-0.08,-0.08,1.78814e-08,-0.4
6.355e-01,-68,-58,-6,-2,3.57628e-09,0.08,-0.4,0.4
6.357e-01,-60,-64,-4,-6,3.57628e-09,-0.08,1.78814e-08,-0.4
6.360e-01,-52,-40,-4,-2,3.57628e-09,0.08,1.78814e-08,0.4
6.362e-01,-42,-46,-4,-6,0.08,-0.08,-0.4,-0.4
6.365e-01,-34,-22,-4,-2,3.57628e-09,0.08,-0.4,0.4
6.368e-01,-24,-30,-4,-6,3.57628e-09,-0.08,1.78814e-08,-0.4
6.370e-01,-16,-6,-4,4.47035e-08,3.57628e-09,0.08,-0.4,0.4
6.373e-01,-8,-12,-4,-6,3.57628e-09,-0.08,1.78814e-08,-0.4
6.375e-01,4.47035e-08,10,-4,-2,3.57628e-09,0.08,1.78814e-08,0.4
6.378e-01,8,4,-4,-6,3.57628e-09,-0.08,1.78814e-08,-0.4
6.380e-01,16,26,-4,4.47035e-08,3.57628e-09,0.08,1.78814e-08,0.4
6.383e-01,24,20,-4,-6,3.57628e-09,-0.08,1.78814e-08,-0.4
6.385e-01,32,42,-4,-2,3.57628e-09,0.08,1.78814e-08,0.4
6.388e-01,40,36,-4,-6,3.57628e-09,-0.08,1.78814e-08,-0.4
6.391e-01,50,58,-4,4.47035e-08,3.57628e-09,0.08,1.78814e-08,0.4
6.393e-01,58,52,-4,-6,3.57628e-09,-0.08,1.78814e-08,-0.4
6.396e-01,66,74,-4,4.47035e-08,3.57628e-09,0.08,-0.4,0.4
6.398e-01,72,68,-4,-6,0.08,-0.08,1.78814e-08,-0.4
6.401e-01,78,86,-4,4.47035e-08,3.57628e-09,0.08,1.78814e-08,0.4
6.403e-01,84,78,-4,-6,3.57628e-09,-0.08,1.78814e-08,-0.4
6.406e-01,88,96,-2,4.47035e-08,3.57628e-09,0.08,1.78814e-08,0.4
6.409e-01,94,90,-4,-6,3.57628e-09,-0.08,1.78814e-08,-0.4
6.411e-01,96,104,-4,4.47035e-08,3.57628e-09,0.08,1.78814e-08,0.4
6.414e-01,102,96,-2,-6,3.57628e-09,-0.08,1.78814e-08,-0.4
6.416e-01,104,110,-2,4.47035e-08,3.57628e-09,0.08,1.78814e-08,0.4
6.419e-01,106,104,-4,-6,3.57628e-09,-0.08,1.78814e-08,-0.4
6.421e-01,108,114,-4,4.47035e-08,3.57628e-09,0.08,1.78814e-08,0.4
6.424e-01,110,104,-4,-6,3.57628e-09,-0.08,1.78814e-08,-0.4
6.426e-01,110,114,-4,4.47035e-08,3.57628e-09,0.08,1.78814e-08,0.4
6.429e-01,106,98,-2,-6,3.57628e-09,-0.08,1.78814e-08,-0.8
6.432e-01,104,112,-4,4.47035e-08,3.57628e-09,0.08,1.78814e-08,0.4
6.434e-01,102,94,-4,-6,3.57628e-09,-0.08,1.78814e-08,-0.4
6.437e-01,100,106,-2,4.47035e-08,3.57628e-09,0.08,1.78814e-08,0.4
6.439e-01,96,86,-4,-6,3.57628e-09,-0.08,1.78814e-08,-0.4
6.442e-01,92,100,-4,4.47035e-08,3.57628e-09,0.08,-0.4,0.4
6.444e-01,88,76,-2,-6,3.57628e-09,-0.08,1.78814e-08,-0.4
6.447e-01,84,92,-2,4.47035e-08,3.57628e-09,0.08,1.78814e-08,0.4
6.450e-01,78,66,-4,-6,3.57628e-09,-0.08,1.78814e-08,-0.4
6.452e-01,74,84,-4,4.47035e-08,0.08,0.08,-0.4,0.4
6.455e-01,68,48,-2,-6,3.57628e-09,-0.08,1.78814e-08,-0.4
6.457e-01,60,72,-2,4.47035e-08,0.08,0.08,1.78814e-08,0.4
6.460e-01,52,30,-2,-6,3.57628e-09,-0.08,-0.4,-0.4
6.462e-01,40,56,-2,4.47035e-08,3.57628e-09,0.08,1.78814e-08,0.4
6.465e-01,32,14,-2,-6,3.57628e-09,-0.08,1.78814e-08,-0.4
6.467e-01,24,36,-4,4.47035e-08,3.57628e-09,0.08,1.78814e-08,0.4
6.470e-01,16,-4,-4,-6,3.57628e-09,-0.08,1.78814e-08,-0.4
6.473e-01,6,20,-2,4.47035e-08,3.57628e-09,0.08,1.78814e-08,0.4
6.475e-01,-2,-18,-2,-6,3.57628e-09,-0.08,-0.4,-0.4
6.478e-01,-10,2,-2,4.47035e-08,0.08,0.08,1.78814e-08,0.4
6.480e-01,-16,-36,-4,-6,3.57628e-09,-0.08,1.78814e-08,-0.4
6.483e-01,-24,-12,-4,4.47035e-08,3.57628e-09,0.08,1.78814e-08,0.4
6.485e-01,-32,-52,-2,-6,3.57628e-09,-0.08,1.78814e-08,-0.4
6.488e-01,-40,-28,-2,4.47035e-08,3.57628e-09,0.08,1.78814e-08,0.4
6.490e-01,-50,-68,-2,-6,3.57628e-09,-0.08,1.78814e-08,-0.4
6.493e-01,-58,-46,-4,4.47035e-08,3.57628e-09,0.08,1.78814e-08,0.4
6.496e-01,-66,-80,-2,-6,3.57628e-09,-0.08,1.78814e-08,-0.4
6.498e-01,-72,-60,-2,4.47035e-08,3.57628e-09,0.08,-0.4,0.4
6.501e-01,-78,-92,-2,-6,3.57628e-09,-0.08,1.78814e-08,-0.4
6.503e-01,-84,-74,-2,4.47035e-08,3.57628e-09,0.08,-0.4,0.4
6.506e-01,-90,-102,-2,-6,3.57628e-09,-0.08,1.78814e-08,-0.4
6.508e-01,-96,-84,-2,4.47035e-08,3.57628e-09,0.08,1.78814e-08,0.4
6.511e-01,-98,-108,-4,-6,3.57628e-09,-0.08,-0.4,-0.4
6.514e-01,-102,-94,-2,4.47035e-08,3.57628e-09,0.08,-0.4,0.4
6.516e-01,-106,-114,-4,-6,3.57628e-09,-0.08,1.78814e-08,-0.8
6.519e-01,-108,-102,-2,4.47035e-08,3.57628e-09,0.08,1.78814e-08,0.4
6.521e-01,-112,-114,-2,-6,0.08,-0.08,1.78814e-08,-0.4
6.524e-01,-112,-106,-4,4.47035e-08,3.57628e-09,0.08,1.78814e-08,0.4
6.526e-01,-110,-114,-4,-6,3.57628e-09,-0.08,1.78814e-08,-0.8
6.529e-01,-108,-102,-4,4.47035e-08,3.57628e-09,0.08,1.78814e-08,0.4
6.531e-01,-106,-110,-2,-6,3.57628e-09,-0.08,1.78814e-08,-0.4
6.534e-01,-106,-96,-2,4.47035e-08,3.57628e-09,0.08,1.78814e-08,0.4
6.537e-01,-100,-104,-2,-6,3.57628e-09,-0.08,1.78814e-08,-0.4
6.539e-01,-96,-90,-2,4.47035e-08,0.08,0.08,1.78814e-08,0.4
6.542e-01,-94,-98,-2,-6,3.57628e-09,-0.08,1.78814e-08,-0.4
6.544e-01,-92,-82,-4,4.47035e-08,3.57628e-09,0.08,1.78814e-08,0.4
6.547e-01,-84,-90,-2,-6,3.57628e-09,-0.08,1.78814e-08,-0.4
6.549e-01,-82,-72,-4,4.47035e-08,0.08,0.08,1.78814e-08,0.4
6.552e-01,-74,-78,-2,-6,3.57628e-09,-0.08,1.78814e-08,-0.4
6.554e-01,-70,-58,-4,4.47035e-08,3.57628e-09,0.08,-0.4,0.4
6.557e-01,-62,-66,-2,-6,3.57628e-09,-0.08,1.78814e-08,-0.4
6.560e-01,-52,-42,-2,4.47035e-08,3.57628e-09,0.08,1.78814e-08,0.4
6.562e-01,-44,-48,-2,-6,3.57628e-09,-0.08,1.78814e-08,-0.4
6.565e-01,-36,-24,-2,4.47035e-08,3.57628e-09,0.08,1.78814e-08,0.4
6.567e-01,-24,-30,-2,-6,3.57628e-09,-0.08,1.78814e-08,-0.4
6.570e-01,-18,-6,-4,4.47035e-08,3.57628e-09,0.08,-0.4,0.4
6.572e-01,-8,-14,-2,-6,3.57628e-09,-0.08,1.78814e-08,-0.4
6.575e-01,-2,8,-2,4.47035e-08,3.57628e-09,0.08,-0.4,0.4
6.578e-01,6,2,-2,-6,3.57628e-09,-0.08,-0.4,-0.8
6.580e-01,14,26,-4,4.47035e-08,3.57628e-09,0.08,-0.4,0.4
6.583e-01,22,18,-2,-6,3.57628e-09,-0.08,1.78814e-08,-0.8
6.585e-01,30,42,-2,4.47035e-08,3.57628e-09,0.08,-0.4,0.4
6.588e-01,40,36,-2,-6,3.57628e-09,-0.08,-0.4,-0.4
6.590e-01,50,58,-2,4.47035e-08,3.57628e-09,0.08,1.78814e-08,0.4
6.593e-01,58,52,-2,-6,3.57628e-09,-0.08,-0.4,-0.4
6.595e-01,64,72,-2,4.47035e-08,3.57628e-09,0.08,1.78814e-08,0.4
6.598e-01,72,66,-4,-6,3.57628e-09,-0.08,1.78814e-08,-0.4
6.601e-01,78,86,-2,4.47035e-08,3.57628e-09,0.08,1.78814e-08,0.4
6.603e-01,82,78,-2,-6,3.57628e-09,-0.08,1.78814e-08,-0.4
6.606e-01,88,96,-2,4.47035e-08,3.57628e-09,0.08,1.78814e-08,0.4
6.608e-01,94,88,-2,-6,3.57628e-09,-0.08,1.78814e-08,-0.4
6.611e-01,96,104,-2,4.47035e-08,3.57628e-09,0.08,-0.4,0.4
6.613e-01,100,96,-2,-6,3.57628e-09,-0.08,1.78814e-08,-0.8
6.616e-01,104,110,-2,4.47035e-08,3.57628e-09,0.08,1.78814e-08,0.4
6.618e-01,106,102,-4,-6,3.57628e-09,-0.08,-0.4,-0.8
6.621e-01,108,114,-2,4.47035e-08,3.57628e-09,0.08,1.78814e-08,0.4
6.624e-01,110,104,-4,-6,3.57628e-09,-0.08,1.78814e-08,-0.8
6.626e-01,108,114,-2,4.47035e-08,3.57628e-09,0.08,1.78814e-08,0.4
6.629e-01,108,100,-2,-4,3.57628e-09,-0.08,1.78814e-08,-0.4
6.631e-01,106,110,-2,4.47035e-08,3.57628e-09,0.08,1.78814e-08,0.4
6.634e-01,102,94,-2,-6,0.08,-0.08,1.78814e-08,-0.4
6.636e-01,102,106,-2,4.47035e-08,3.57628e-09,0.08,1.78814e-08,0.4
6.639e-01,96,86,-2,-4,3.57628e-09,-0.08,1.78814e-08,-0.4
6.642e-01,92,100,-4,4.47035e-08,3.57628e-09,0.08,1.78814e-08,0.4
6.644e-01,88,76,-2,-6,3.57628e-09,-0.08,1.78814e-08,-0.4
6.647e-01,84,92,-4,4.47035e-08,3.57628e-09,0.08,1.78814e-08,0.4
6.649e-01,82,66,-2,-6,3.57628e-09,-0.08,1.78814e-08,-0.4
6.652e-01,74,84,-2,4.47035e-08,3.57628e-09,0.08,-0.4,0.4
6.654e-01,70,50,-2,-6,3.57628e-09,-0.08,-0.4,-0.4
6.657e-01,62,72,-2,4.47035e-08,3.57628e-09,0.08,1.78814e-08,0.4
6.659e-01,50,32,-2,-4,3.57628e-09,-0.08,1.78814e-08,-0.4
6.662e-01,44,56,-2,4.47035e-08,3.57628e-09,0.08,1.78814e-08,0.4
6.665e-01,34,14,-2,-4,3.57628e-09,-0.08,-0.4,-0.4
6.667e-01,26,38,-2,4.47035e-08,3.57628e-09,0.08,1.78814e-08,0.4
6.670e-01,16,-2,-4,-6,3.57628e-09,-0.08,1.78814e-08,-0.4
6.672e-01,8,20,-2,4.47035e-08,3.57628e-09,0.08,1.78814e-08,0.4
6.675e-01,4.47035e-08,-18,-2,-4,3.57628e-09,-0.08,-0.4,-0.4
6.677e-01,-6,4,-2,4.47035e-08,3.57628e-09,0.08,1.78814e-08,0.4
6.680e-01,-16,-36,-2,-4,3.57628e-09,-0.08,1.78814e-08,-0.8
6.682e-01,-24,-12,-2,4.47035e-08,3.57628e-09,0.08,-0.4,0.4
6.685e-01,-32,-52,-2,-4,0.08,-0.08,1.78814e-08,-0.4
6.688e-01,-42,-28,-2,4.47035e-08,3.57628e-09,0.08,-0.4,0.4
6.690e-01,-48,-66,-2,-6,3.57628e-09,-0.08,1.78814e-08,-0.4
6.693e-01,-56,-46,-2,4.47035e-08,3.57628e-09,0.08,1.78814e-08,0.4
6.695e-01,-64,-80,-4,-4,3.57628e-09,-0.08,-0.4,-0.4
6.698e-01,-72,-60,-2,4.47035e-08,3.57628e-09,0.08,1.78814e-08,0.4
6.700e-01,-76,-92,-2,-4,3.57628e-09,-0.08,1.78814e-08,-0.8
6.703e-01,-84,-74,-2,4.47035e-08,3.57628e-09,0.08,1.78814e-08,0.4
6.706e-01,-88,-100,-4,-4,3.57628e-09,-0.08,1.78814e-08,-0.4
6.708e-01,-92,-84,-2,4.47035e-08,3.57628e-09,0.08,1.78814e-08,0.4
6.711e-01,-98,-108,-2,-4,3.57628e-09,-0.08,1.78814e-08,-0.8
6.713e-01,-102,-94,-2,4.47035e-08,3.57628e-09,0.08,-0.4,0.4
6.716e-01,-106,-114,-2,-6,3.57628e-09,-0.08,-0.4,-0.4
6.718e-01,-108,-100,-2,4.47035e-08,3.57628e-09,0.08,1.78814e-08,0.4
6.721e-01,-110,-114,-2,-4,3.57628e-09,-0.08,1.78814e-08,-0.4
6.723e-01,-110,-106,-2,4.47035e-08,3.57628e-09,0.08,-0.4,0.4
6.726e-01,-112,-114,-2,-4,3.57628e-09,-0.08,1.78814e-08,-0.4
6.729e-01,-110,-102,-2,4.47035e-08,3.57628e-09,0.08,1.78814e-08,0.4
6.731e-01,-106,-110,-2,-4,3.57628e-09,-0.08,1.78814e-08,-0.4
6.734e-01,-104,-98,-4,4.47035e-08,3.57628e-09,0.08,-0.4,0.4
6.736e-01,-102,-104,-2,-4,3.57628e-09,-0.08,1.78814e-08,-0.4
6.739e-01,-98,-90,-2,4.47035e-08,0.08,0.08,-0.4,0.4
6.741e-01,-94,-98,-2,-4,3.57628e-09,-0.08,1.78814e-08,-0.4
6.744e-01,-90,-84,-2,4.47035e-08,3.57628e-09,0.08,1.78814e-08,0.4
6.746e-01,-88,-90,-2,-4,3.57628e-09,-0.08,1.78814e-08,-0.4
6.749e-01,-82,-74,-2,4.47035e-08,3.57628e-09,0.08,1.78814e-08,0.4
6.752e-01,-76,-80,-2,-4,3.57628e-09,-0.08,1.78814e-08,-0.8
6.754e-01,-70,-60,-2,4.47035e-08,3.57628e-09,0.08,1.78814e-08,0.4
6.757e-01,-62,-66,-2,-4,3.57628e-09,-0.08,1.78814e-08,-0.4
6.759e-01,-54,-42,-2,4.47035e-08,3.57628e-09,0.08,1.78814e-08,0.4
6.762e-01,-46,-48,-2,-4,3.57628e-09,-0.08,1.78814e-08,-0.4
6.764e-01,-34,-24,-2,4.47035e-08,3.57628e-09,0.08,1.78814e-08,0.4
6.767e-01,-28,-32,4.47035e-08,-4,3.57628e-09,-0.08,1.78814e-08,-0.4
6.770e-01,-20,-8,-2,4.47035e-08,3.57628e-09,0.08,1.78814e-08,0.4
6.772e-01,-10,-14,-4,-4,3.57628e-09,-0.08,1.78814e-08,-0.8
6.775e-01,-2,8,-2,4.47035e-08,3.57628e-09,0.08,1.78814e-08,0.4
6.777e-01,4,2,-2,-4,3.57628e-09,-0.08,1.78814e-08,-0.4
6.780e-01,12,24,-2,4.47035e-08,3.57628e-09,0.08,1.78814e-08,0.4
6.782e-01,20,16,-2,-4,3.57628e-09,-0.08,-0.4,-0.4
6.785e-01,30,40,-2,4.47035e-08,3.57628e-09,0.08,1.78814e-08,0.4
6.787e-01,40,34,-2,-6,3.57628e-09,-0.08,1.78814e-08,-0.4
6.790e-01,48,58,-2,4.47035e-08,3.57628e-09,0.08,1.78814e-08,0.4
6.793e-01,54,50,-2,-4,3.57628e-09,-0.08,1.78814e-08,-0.4
6.795e-01,64,72,-2,4.47035e-08,3.57628e-09,0.08,1.78814e-08,0.4
6.798e-01,70,66,-2,-4,3.57628e-09,-0.08,1.78814e-08,-0.4
6.800e-01,76,86,-2,4.47035e-08,3.57628e-09,0.08,1.78814e-08,0.4
6.803e-01,82,78,-2,-6,3.57628e-09,-0.08,-0.4,-0.4
6.805e-01,90,94,-2,4.47035e-08,3.57628e-09,0.08,1.78814e-08,0.4
6.808e-01,92,88,-2,-4,3.57628e-09,-0.08,1.78814e-08,-0.4
6.810e-01,96,102,-2,4.47035e-08,3.57628e-09,0.08,1.78814e-08,0.4
6.813e-01,100,96,-2,-4,3.57628e-09,-0.08,1.78814e-08,-0.4
6.816e-01,106,110,-2,4.47035e-08,3.57628e-09,0.08,1.78814e-08,0.4
6.818e-01,106,102,-2,-4,3.57628e-09,-0.08,1.78814e-08,-0.4
6.821e-01,108,114,-2,4.47035e-08,3.57628e-09,0.08,1.78814e-08,0.4
6.823e-01,110,104,-2,-4,3.57628e-09,-0.08,1.78814e-08,-0.4
6.826e-01,110,114,-2,4.47035e-08,3.57628e-09,0.08,-0.4,0.4
6.828e-01,106,100,-2,-4,0.08,-0.08,1.78814e-08,-0.4
6.831e-01,106,110,-2,4.47035e-08,3.57628e-09,0.08,-0.4,0.4
6.834e-01,104,94,-2,-6,3.57628e-09,-0.08,-0.4,-0.4
6.836e-01,100,106,-2,4.47035e-08,3.57628e-09,0.08,1.78814e-08,0.4
6.839e-01,96,86,-2,-4,3.57628e-09,-0.08,1.78814e-08,-0.4
6.841e-01,94,100,-2,4.47035e-08,3.57628e-09,0.08,1.78814e-08,0.4
6.844e-01,88,78,-2,-4,3.57628e-09,-0.08,1.78814e-08,-0.4
6.846e-01,84,94,-2,4.47035e-08,3.57628e-09,0.08,1.78814e-08,0.4
6.849e-01,82,66,-2,-6,3.57628e-09,-0.08,1.78814e-08,-0.8
6.851e-01,76,84,-4,4.47035e-08,3.57628e-09,0.08,-0.4,0.4
6.854e-01,68,52,-2,-4,3.57628e-09,-0.08,1.78814e-08,-0.4
6.857e-01,60,74,-2,4.47035e-08,3.57628e-09,0.08,1.78814e-08,0.4
6.859e-01,54,34,-2,-4,3.57628e-09,-0.08,1.78814e-08,-0.4
6.862e-01,44,58,-2,4.47035e-08,0.08,0.08,-0.4,0.4
6.864e-01,34,16,-2,-4,3.57628e-09,-0.08,1.78814e-08,-0.4
6.867e-01,26,40,-2,4.47035e-08,3.57628e-09,0.08,1.78814e-08,0.4
6.869e-01,18,4.47035e-08,-2,-4,3.57628e-09,-0.08,1.78814e-08,-0.4
6.872e-01,10,22,-2,4.47035e-08,3.57628e-09,0.08,-0.4,0.4
6.874e-01,2,-16,-2,-4,3.57628e-09,-0.08,1.78814e-08,-0.4
6.877e-01,-6,6,-2,4.47035e-08,3.57628e-09,0.08,1.78814e-08,0.4
6.880e-01,-16,-34,-2,-4,3.57628e-09,-0.08,-0.4,-0.4
6.882e-01,-24,-10,-2,4.47035e-08,3.57628e-09,0.08,1.78814e-08,0.4
6.885e-01,-30,-50,-2,-6,3.57628e-09,-0.08,-0.4,-0.4
6.887e-01,-40,-26,-2,4.47035e-08,3.57628e-09,0.08,1.78814e-08,0.4
6.890e-01,-48,-66,-2,-4,3.57628e-09,-0.08,1.78814e-08,-0.4
6.892e-01,-56,-44,-2,4.47035e-08,3.57628e-09,0.08,1.78814e-08,0.4
6.895e-01,-64,-80,-2,-4,0.08,-0.08,1.78814e-08,-0.4
6.898e-01,-70,-58,-2,4.47035e-08,3.57628e-09,0.08,1.78814e-08,0.4
6.900e-01,-76,-90,-2,-4,3.57628e-09,-0.08,1.78814e-08,-0.4
6.903e-01,-82,-72,-2,4.47035e-08,0.08,0.08,-0.4,0.4
6.905e-01,-88,-100,-2,-4,3.57628e-09,-0.08,1.78814e-08,-0.4
6.908e-01,-94,-84,-2,4.47035e-08,3.57628e-09,0.08,-0.4,0.4
6.910e-01,-96,-108,-2,-4,3.57628e-09,-0.08,1.78814e-08,-0.4
6.913e-01,-104,-92,-2,4.47035e-08,3.57628e-09,0.08,1.78814e-08,0.4
6.915e-01,-106,-112,-2,-4,3.57628e-09,-0.08,1.78814e-08,-0.8
6.918e-01,-108,-100,-2,4.47035e-08,3.57628e-09,0.08,1.78814e-08,0.4
6.921e-01,-110,-116,-2,-4,3.57628e-09,-0.08,1.78814e-08,-0.4
6.923e-01,-112,-106,-2,4.47035e-08,3.57628e-09,0.08,1.78814e-08,0.4
6.926e-01,-110,-114,-2,-4,3.57628e-09,-0.08,-0.4,-0.4
6.928e-01,-108,-104,-2,2,3.57628e-09,0.08,1.78814e-08,0.4
6.931e-01,-106,-112,-2,-4,3.57628e-09,-0.08,1.78814e-08,-0.4
6.933e-01,-104,-98,-2,4.47035e-08,3.57628e-09,0.08,1.78814e-08,0.4
6.936e-01,-102,-106,-2,-4,3.57628e-09,-0.08,-0.4,-0.4
6.938e-01,-98,-92,-2,4.47035e-08,3.57628e-09,0.08,1.78814e-08,0.4
6.941e-01,-96,-98,-2,-4,3.57628e-09,-0.08,1.78814e-08,-0.4
6.944e-01,-90,-84,-2,4.47035e-08,3.57628e-09,0.08,-0.4,0.4
6.946e-01,-88,-90,-2,-4,3.57628e-09,-0.08,-0.4,-0.4
6.949e-01,-82,-74,-2,4.47035e-08,3.57628e-09,0.08,1.78814e-08,0.4
6.951e-01,-76,-80,-2,-4,3.57628e-09,-0.08,1.78814e-08,-0.4
6.954e-01,-72,-60,-2,4.47035e-08,3.57628e-09,0.08,-0.4,0.4
6.956e-01,-64,-68,-2,-4,3.57628e-09,-0.08,1.78814e-08,-0.4
6.959e-01,-56,-44,-2,4.47035e-08,3.57628e-09,0.08,-0.4,0.4
6.962e-01,-46,-50,-2,-4,3.57628e-09,-0.08,1.78814e-08,-0.4
6.964e-01,-38,-26,-2,4.47035e-08,3.57628e-09,0.08,1.78814e-08,0.4
6.967e-01,-28,-32,-2,-4,3.57628e-09,-0.08,1.78814e-08,-0.4
6.969e-01,-20,-10,-4,2,3.57628e-09,0.08,1.78814e-08,0.4
6.972e-01,-12,-16,-2,-4,3.57628e-09,-0.08,-0.4,-0.4
6.974e-01,-4,6,-2,4.47035e-08,3.57628e-09,0.08,1.78814e-08,0.4
6.977e-01,4,4.47035e-08,-2,-4,3.57628e-09,-0.08,-0.4,-0.4
6.979e-01,10,22,-2,4.47035e-08,3.57628e-09,0.08,-0.4,0.4
6.982e-01,20,16,-2,-4,3.57628e-09,-0.08,1.78814e-08,-0.4
6.985e-01,28,40,-2,4.47035e-08,3.57628e-09,0.08,1.78814e-08,0.4
6.987e-01,38,34,-2,-4,3.57628e-09,-0.08,1.78814e-08,-0.4
6.990e-01,46,56,-2,2,3.57628e-09,0.08,1.78814e-08,0.4
6.992e-01,54,50,-2,-4,3.57628e-09,-0.08,1.78814e-08,-0.4
6.995e-01,60,70,-2,4.47035e-08,3.57628e-09,0.08,1.78814e-08,0.4
6.997e-01,68,64,-2,-4,3.57628e-09,-0.08,1.78814e-08,-0.4
7.000e-01,74,84,-2,4.47035e-08,3.57628e-09,0.08,1.78814e-08,0.4
7.002e-01,80,76,-2,-4,3.57628e-09,-0.08,1.78814e-08,-0.4
7.005e-01,86,94,-2,4.47035e-08,3.57628e-09,0.08,1.78814e-08,0.4
7.008e-01,90,88,-2,-4,3.57628e-09,-0.08,-0.4,-0.4
7.010e-01,96,102,-2,4.47035e-08,3.57628e-09,0.08,1.78814e-08,0.4
7.013e-01,98,96,-2,-6,3.57628e-09,-0.08,1.78814e-08,-0.4
7.015e-01,104,108,-2,4.47035e-08,3.57628e-09,0.08,1.78814e-08,0.4
7.018e-01,104,102,-2,-4,3.57628e-09,-0.08,1.78814e-08,-0.4
7.020e-01,106,114,-2,4.47035e-08,3.57628e-09,0.08,-0.4,0.4
7.023e-01,112,104,-2,-6,3.57628e-09,-0.08,1.78814e-08,-0.4
7.026e-01,108,114,-2,4.47035e-08,3.57628e-09,0.08,1.78814e-08,0.4
7.028e-01,106,100,-2,-4,3.57628e-09,-0.08,1.78814e-08,-0.4
7.031e-01,106,112,-2,4.47035e-08,3.57628e-09,0.08,1.78814e-08,0.4
7.033e-01,106,94,-2,-4,3.57628e-09,-0.08,1.78814e-08,-0.4
7.036e-01,100,108,-4,4.47035e-08,3.57628e-09,0.08,1.78814e-08,0.4
7.038e-01,98,86,-2,-4,3.57628e-09,-0.08,1.78814e-08,-0.4
7.041e-01,96,102,-2,4.47035e-08,3.57628e-09,0.08,-0.4,0.4
7.043e-01,90,78,-2,-4,3.57628e-09,-0.08,1.78814e-08,-0.4
7.046e-01,86,94,-2,4.47035e-08,3.57628e-09,0.08,-0.4,0.4
7.049e-01,82,68,-2,-4,3.57628e-09,-0.16,-0.4,-0.4
7.051e-01,78,84,-2,4.47035e-08,3.57628e-09,0.08,1.78814e-08,0.4
7.054e-01,70,52,-2,-4,3.57628e-09,-0.08,1.78814e-08,-0.4
7.056e-01,62,74,-2,4.47035e-08,0.08,0.08,-0.4,0.4
7.059e-01,56,34,-2,-4,3.57628e-09,-0.08,1.78814e-08,-0.4
7.061e-01,46,58,-4,4.47035e-08,3.57628e-09,0.08,1.78814e-08,0.4
7.064e-01,36,16,-2,-4,3.57628e-09,-0.08,1.78814e-08,-0.4
7.067e-01,28,40,-2,4.47035e-08,3.57628e-09,0.08,1.78814e-08,0.4
7.069e-01,18,4.47035e-08,-2,-4,3.57628e-09,-0.08,1.78814e-08,-0.4
7.072e-01,10,24,-2,4.47035e-08,3.57628e-09,0.08,1.78814e-08,0.4
7.074e-01,2,-16,-2,-4,3.57628e-09,-0.08,1.78814e-08,-0.4
7.077e-01,-6,6,-2,4.47035e-08,3.57628e-09,0.08,1.78814e-08,0.4
7.079e-01,-12,-32,-2,-6,3.57628e-09,-0.08,1.78814e-08,-0.4
7.082e-01,-22,-8,-2,4.47035e-08,3.57628e-09,0.08,1.78814e-08,0.4
7.084e-01,-32,-50,-2,-4,3.57628e-09,-0.08,1.78814e-08,-0.4
7.087e-01,-40,-26,-2,4.47035e-08,3.57628e-09,0.08,1.78814e-08,0.4
7.090e-01,-44,-64,-4,-4,3.57628e-09,-0.08,1.78814e-08,-0.4
7.092e-01,-54,-42,-2,4.47035e-08,3.57628e-09,0.08,1.78814e-08,0.4
7.095e-01,-62,-78,-2,-4,3.57628e-09,-0.08,1.78814e-08,-0.4
7.097e-01,-70,-58,-2,4.47035e-08,3.57628e-09,0.08,1.78814e-08,0.4
7.100e-01,-78,-90,-2,-4,3.57628e-09,-0.08,1.78814e-08,-0.4
7.102e-01,-82,-72,-4,4.47035e-08,3.57628e-09,0.08,1.78814e-08,0.4
7.105e-01,-88,-100,-2,-4,3.57628e-09,-0.08,1.78814e-08,-0.4
7.107e-01,-94,-84,-2,4.47035e-08,3.57628e-09,0.08,1.78814e-08,0.4
7.110e-01,-98,-106,-2,-4,3.57628e-09,-0.08,-0.4,-0.4
7.113e-01,-100,-92,-2,4.47035e-08,3.57628e-09,0.08,1.78814e-08,0.4
7.115e-01,-102,-112,-4,-4,3.57628e-09,-0.08,1.78814e-08,-0.8
7.118e-01,-108,-100,4.47035e-08,4.47035e-08,3.57628e-09,0.08,1.78814e-08,0.4
7.120e-01,-110,-114,-2,-4,3.57628e-09,-0.08,1.78814e-08,-0.4
7.123e-01,-110,-106,-2,4.47035e-08,3.57628e-09,0.08,-0.4,0.4
7.125e-01,-110,-114,-2,-4,3.57628e-09,-0.08,1.78814e-08,-0.4
7.128e-01,-110,-104,-2,4.47035e-08,3.57628e-09,0.08,1.78814e-08,0.4
7.131e-01,-106,-110,-2,-4,3.57628e-09,-0.08,1.78814e-08,-0.4
7.133e-01,-104,-98,-4,4.47035e-08,3.57628e-09,0.08,1.78814e-08,0.4
7.136e-01,-104,-106,-4,-4,3.57628e-09,-0.08,1.78814e-08,-0.4
7.138e-01,-98,-92,-2,2,3.57628e-09,0.08,1.78814e-08,0.4
7.141e-01,-94,-98,-2,-4,0.08,-0.08,1.78814e-08,-0.4
7.143e-01,-92,-84,-2,4.47035e-08,3.57628e-09,0.08,1.78814e-08,0.4
7.146e-01,-88,-92,-2,-4,3.57628e-09,-0.08,1.78814e-08,-0.4
7.148e-01,-84,-76,-2,4.47035e-08,3.57628e-09,0.08,-0.4,0.4
7.151e-01,-78,-82,-2,-4,3.57628e-09,-0.08,1.78814e-08,-0.8
7.154e-01,-72,-62,-2,2,3.57628e-09,0.08,1.78814e-08,0.4
7.156e-01,-64,-68,-2,-4,3.57628e-09,-0.08,1.78814e-08,-0.4
7.159e-01,-56,-46,-2,4.47035e-08,3.57628e-09,0.08,1.78814e-08,0.4
7.161e-01,-48,-52,-2,-4,3.57628e-09,-0.08,1.78814e-08,-0.4
7.164e-01,-38,-28,-2,4.47035e-08,3.57628e-09,0.08,1.78814e-08,0.4
7.166e-01,-30,-34,-2,-4,3.57628e-09,-0.08,1.78814e-08,-0.4
7.169e-01,-20,-10,-2,4.47035e-08,3.57628e-09,0.08,1.78814e-08,0.4
7.171e-01,-14,-18,-2,-4,3.57628e-09,-0.08,1.78814e-08,-0.4
7.174e-01,-6,6,-2,4.47035e-08,3.57628e-09,0.08,1.78814e-08,0.4
7.177e-01,2,4.47035e-08,-2,-4,3.57628e-09,-0.08,1.78814e-08,-0.4
7.179e-01,10,22,-2,4.47035e-08,3.57628e-09,0.08,1.78814e-08,0.4
7.182e-01,18,16,-2,-4,3.57628e-09,-0.08,1.78814e-08,-0.4
7.184e-01,28,38,-2,4.47035e-08,3.57628e-09,0.08,1.78814e-08,0.4
7.187e-01,34,32,-2,-4,3.57628e-09,-0.08,1.78814e-08,-0.4
7.189e-01,46,54,-2,4.47035e-08,3.57628e-09,0.08,1.78814e-08,0.4
7.192e-01,52,48,-2,-4,3.57628e-09,-0.08,1.78814e-08,-0.4
7.195e-01,60,70,-2,4.47035e-08,3.57628e-09,0.08,-0.4,0.4
7.197e-01,66,64,-2,-4,3.57628e-09,-0.08,1.78814e-08,-0.4
7.200e-01,74,84,-2,4.47035e-08,3.57628e-09,0.08,1.78814e-08,0.4
7.202e-01,80,76,-2,-4,3.57628e-09,-0.08,1.78814e-08,-0.4
7.205e-01,86,94,-4,4.47035e-08,3.57628e-09,0.08,1.78814e-08,0.4
7.207e-01,90,86,-2,-4,3.57628e-09,-0.08,1.78814e-08,-0.4
7.210e-01,94,102,-4,4.47035e-08,3.57628e-09,0.08,1.78814e-08,0.4
7.212e-01,100,94,-2,-4,3.57628e-09,-0.08,1.78814e-08,-0.4
7.215e-01,102,108,-2,4.47035e-08,3.57628e-09,0.08,1.78814e-08,0.4
7.218e-01,106,102,-2,-4,3.57628e-09,-0.08,-0.4,-0.4
7.220e-01,108,114,-2,4.47035e-08,0.08,0.08,1.78814e-08,0.4
7.223e-01,110,104,-2,-4,3.57628e-09,-0.08,1.78814e-08,-0.4
7.225e-01,110,114,-4,4.47035e-08,3.57628e-09,0.08,1.78814e-08,0.4
7.228e-01,110,100,-2,-4,3.57628e-09,-0.08,1.78814e-08,-0.8
7.230e-01,106,112,-2,4.47035e-08,3.57628e-09,0.08,1.78814e-08,0.4
7.233e-01,104,94,-4,-4,3.57628e-09,-0.08,1.78814e-08,-0.4
7.235e-01,102,108,-2,4.47035e-08,3.57628e-09,0.08,1.78814e-08,0.4
7.238e-01,98,88,-2,-4,3.57628e-09,-0.08,1.78814e-08,-0.4
7.241e-01,94,102,-2,4.47035e-08,3.57628e-09,0.08,1.78814e-08,0.4
7.243e-01,90,80,-2,-4,3.57628e-09,-0.08,1.78814e-08,-0.4
7.246e-01,86,94,-2,4.47035e-08,3.57628e-09,0.08,-0.4,0.4
7.248e-01,80,68,-2,-4,3.57628e-09,-0.08,1.78814e-08,-0.4
7.251e-01,76,86,-2,4.47035e-08,3.57628e-09,0.08,1.78814e-08,0.4
7.253e-01,72,54,-2,-4,3.57628e-09,-0.08,1.78814e-08,-0.4
7.256e-01,64,76,-2,4.47035e-08,3.57628e-09,0.08,1.78814e-08,0.4
7.259e-01,58,36,-2,-4,3.57628e-09,-0.08,1.78814e-08,-0.4
7.261e-01,46,60,-2,4.47035e-08,3.57628e-09,0.08,1.78814e-08,0.4
7.264e-01,36,18,-2,-4,3.57628e-09,-0.08,-0.4,-0.4
7.266e-01,28,42,-2,4.47035e-08,3.57628e-09,0.08,1.78814e-08,0.4
7.269e-01,20,2,-2,-4,3.57628e-09,-0.08,1.78814e-08,-0.4
7.271e-01,12,24,-2,4.47035e-08,3.57628e-09,0.08,1.78814e-08,0.4
7.274e-01,4,-14,-2,-4,3.57628e-09,-0.08,-0.4,-0.4
7.276e-01,-4,8,-4,4.47035e-08,3.57628e-09,0.08,1.78814e-08,0.4
7.279e-01,-12,-30,-2,-4,3.57628e-09,-0.08,1.78814e-08,-0.4
7.282e-01,-20,-8,-2,4.47035e-08,3.57628e-09,0.08,1.78814e-08,0.4
7.284e-01,-28,-48,-2,-4,3.57628e-09,-0.08,1.78814e-08,-0.4
7.287e-01,-40,-24,-2,4.47035e-08,3.57628e-09,0.08,1.78814e-08,0.4
7.289e-01,-44,-64,-2,-4,0.08,-0.08,1.78814e-08,-0.4
7.292e-01,-52,-42,-2,2,3.57628e-09,0.08,1.78814e-08,0.4
7.294e-01,-62,-76,-2,-4,3.57628e-09,-0.08,1.78814e-08,-0.4
7.297e-01,-68,-56,-2,4.47035e-08,3.57628e-09,0.08,1.78814e-08,0.4
7.299e-01,-76,-90,-2,-4,3.57628e-09,-0.08,1.78814e-08,-0.4
7.302e-01,-82,-70,-2,4.47035e-08,3.57628e-09,0.08,-0.4,0.4
7.305e-01,-86,-98,-2,-4,3.57628e-09,-0.08,1.78814e-08,-0.4
7.307e-01,-90,-82,-2,4.47035e-08,3.57628e-09,0.08,-0.4,0.4
7.310e-01,-96,-106,-2,-4,3.57628e-09,-0.08,1.78814e-08,-0.4
7.312e-01,-102,-92,-2,4.47035e-08,3.57628e-09,0.08,1.78814e-08,0.4
7.315e-01,-104,-112,-2,-4,3.57628e-09,-0.08,1.78814e-08,-0.4
7.317e-01,-106,-100,-2,4.47035e-08,3.57628e-09,0.08,-0.4,0.4
7.320e-01,-110,-114,-2,-4,3.57628e-09,-0.08,-0.4,-0.4
7.323e-01,-110,-104,-2,4.47035e-08,3.57628e-09,0.08,1.78814e-08,0.4
7.325e-01,-110,-114,-2,-4,3.57628e-09,-0.08,1.78814e-08,-0.4
7.328e-01,-110,-104,-2,4.47035e-08,3.57628e-09,0.08,1.78814e-08,0.4
7.330e-01,-108,-112,4.47035e-08,-4,3.57628e-09,-0.08,1.78814e-08,-0.4
7.333e-01,-106,-98,-2,4.47035e-08,3.57628e-09,0.08,1.78814e-08,0.4
7.335e-01,-102,-106,4.47035e-08,-4,3.57628e-09,-0.08,-0.4,-0.4
7.338e-01,-98,-92,-2,4.47035e-08,3.57628e-09,0.08,1.78814e-08,0.4
7.340e-01,-96,-100,-2,-4,3.57628e-09,-0.08,1.78814e-08,-0.4
7.343e-01,-92,-84,-2,4.47035e-08,3.57628e-09,0.08,-0.4,0.4
7.346e-01,-88,-92,-2,-4,3.57628e-09,-0.08,1.78814e-08,-0.4
7.348e-01,-82,-76,-2,4.47035e-08,3.57628e-09,0.08,1.78814e-08,0.4
7.351e-01,-78,-82,-2,-4,3.57628e-09,-0.08,-0.4,-0.4
7.353e-01,-72,-64,-2,4.47035e-08,3.57628e-09,0.08,1.78814e-08,0.4
7.356e-01,-66,-70,-2,-4,3.57628e-09,-0.08,1.78814e-08,-0.4
7.358e-01,-58,-46,-2,4.47035e-08,3.57628e-09,0.08,1.78814e-08,0.4
7.361e-01,-48,-52,-2,-4,3.57628e-09,-0.08,-0.4,-0.4
7.363e-01,-40,-28,-2,4.47035e-08,3.57628e-09,0.08,-0.4,0.4
7.366e-01,-32,-36,-2,-4,3.57628e-09,-0.08,-0.4,-0.4
7.369e-01,-22,-12,-2,4.47035e-08,3.57628e-09,0.08,1.78814e-08,0.4
7.371e-01,-14,-18,4.47035e-08,-4,3.57628e-09,-0.08,1.78814e-08,-0.8
7.374e-01,-6,6,-4,4.47035e-08,3.57628e-09,0.08,-0.4,0.4
7.376e-01,2,-2,-2,-4,3.57628e-09,-0.08,1.78814e-08,-0.8
7.379e-01,10,20,-2,4.47035e-08,3.57628e-09,0.08,-0.4,0.4
7.381e-01,18,14,-2,-4,3.57628e-09,-0.08,1.78814e-08,-0.4
7.384e-01,26,38,-2,4.47035e-08,3.57628e-09,0.08,1.78814e-08,0.4
7.387e-01,34,30,-2,-4,3.57628e-09,-0.08,1.78814e-08,-0.4
7.389e-01,44,54,-2,4.47035e-08,3.57628e-09,0.08,1.78814e-08,0.4
7.392e-01,54,48,-2,-4,3.57628e-09,-0.08,1.78814e-08,-0.4
7.394e-01,58,68,-2,4.47035e-08,3.57628e-09,0.08,1.78814e-08,0.4
7.397e-01,66,62,-2,-4,3.57628e-09,-0.08,-0.4,-0.4
7.399e-01,74,82,-4,4.47035e-08,3.57628e-09,0.08,1.78814e-08,0.4
7.402e-01,80,76,-2,-4,3.57628e-09,-0.08,1.78814e-08,-0.4
7.404e-01,86,92,-2,4.47035e-08,3.57628e-09,0.08,1.78814e-08,0.4
7.407e-01,90,86,-2,-4,3.57628e-09,-0.08,1.78814e-08,-0.4
7.410e-01,94,100,-2,2,3.57628e-09,0.08,1.78814e-08,0.4
7.412e-01,98,94,-2,-4,3.57628e-09,-0.08,1.78814e-08,-0.4
7.415e-01,102,108,-2,4.47035e-08,3.57628e-09,0.08,1.78814e-08,0.4
7.417e-01,106,102,-2,-4,3.57628e-09,-0.08,1.78814e-08,-0.4
7.420e-01,108,112,-2,4.47035e-08,3.57628e-09,0.08,1.78814e-08,0.4
7.422e-01,108,104,-2,-4,3.57628e-09,-0.08,1.78814e-08,-0.4
7.425e-01,110,114,-2,4.47035e-08,3.57628e-09,0.08,1.78814e-08,0.4
7.427e-01,106,100,-2,-4,3.57628e-09,-0.08,1.78814e-08,-0.4
7.430e-01,108,112,-4,4.47035e-08,3.57628e-09,0.08,1.78814e-08,0.4
7.433e-01,104,96,-2,-4,3.57628e-09,-0.08,1.78814e-08,-0.4
7.435e-01,102,108,-2,4.47035e-08,3.57628e-09,0.08,1.78814e-08,0.4
7.438e-01,98,88,-4,-4,3.57628e-09,-0.08,-0.4,-0.4
7.440e-01,94,102,-2,4.47035e-08,3.57628e-09,0.08,1.78814e-08,0.4
7.443e-01,92,80,-2,-4,3.57628e-09,-0.08,1.78814e-08,-0.4
7.445e-01,86,96,-2,4.47035e-08,3.57628e-09,0.08,1.78814e-08,0.4
7.448e-01,82,68,-2,-6,3.57628e-09,-0.08,1.78814e-08,-0.8
7.451e-01,78,86,-2,4.47035e-08,3.57628e-09,0.08,1.78814e-08,0.4
7.453e-01,72,56,-2,-4,3.57628e-09,-0.08,1.78814e-08,-0.4
7.456e-01,64,76,-2,4.47035e-08,3.57628e-09,0.08,1.78814e-08,0.4
7.458e-01,58,36,-2,-4,3.57628e-09,-0.08,1.78814e-08,-0.4
7.461e-01,48,62,-2,4.47035e-08,3.57628e-09,0.08,1.78814e-08,0.4
7.463e-01,40,20,-2,-4,3.57628e-09,-0.08,1.78814e-08,-0.4
7.466e-01,30,44,-4,4.47035e-08,3.57628e-09,0.08,-0.4,0.4
7.468e-01,20,2,-2,-4,3.57628e-09,-0.08,-0.4,-0.4
7.471e-01,14,26,-2,4.47035e-08,3.57628e-09,0.08,1.78814e-08,0.4
7.474e-01,4,-14,-2,-4,3.57628e-09,-0.08,1.78814e-08,-0.4
7.476e-01,-4,10,-4,4.47035e-08,3.57628e-09,0.08,1.78814e-08,0.4
7.479e-01,-10,-30,-2,-4,3.57628e-09,-0.08,1.78814e-08,-0.4
7.481e-01,-20,-6,-2,4.47035e-08,3.57628e-09,0.08,1.78814e-08,0.4
7.484e-01,-28,-46,-2,-4,3.57628e-09,-0.08,1.78814e-08,-0.4
7.486e-01,-36,-22,-2,4.47035e-08,3.57628e-09,0.08,1.78814e-08,0.4
7.489e-01,-44,-62,-4,-4,0.08,-0.08,-0.4,-0.8
7.491e-01,-52,-40,-2,4.47035e-08,3.57628e-09,0.08,1.78814e-08,0.4
7.494e-01,-60,-76,-2,-4,0.08,-0.08,1.78814e-08,-0.4
7.497e-01,-66,-56,-2,4.47035e-08,3.57628e-09,0.08,-0.4,0.4
7.499e-01,-74,-88,-2,-4,3.57628e-09,-0.08,1.78814e-08,-0.4
7.502e-01,-80,-70,-4,4.47035e-08,3.57628e-09,0.08,1.78814e-08,0.4
7.504e-01,-86,-98,-2,-4,3.57628e-09,-0.08,1.78814e-08,-0.4
7.507e-01,-90,-82,-2,4.47035e-08,3.57628e-09,0.08,-0.4,0.4
7.509e-01,-96,-106,-2,-4,3.57628e-09,-0.08,1.78814e-08,-0.4
7.512e-01,-100,-92,-4,4.47035e-08,3.57628e-09,0.08,1.78814e-08,0.4
7.515e-01,-104,-112,-2,-4,3.57628e-09,-0.08,1.78814e-08,-0.4
7.517e-01,-108,-98,-4,4.47035e-08,3.57628e-09,0.08,1.78814e-08,0.4
7.520e-01,-110,-114,-2,-4,3.57628e-09,-0.08,1.78814e-08,-0.4
7.522e-01,-110,-104,-2,4.47035e-08,3.57628e-09,0.08,1.78814e-08,0.4
7.525e-01,-110,-114,-2,-4,3.57628e-09,-0.08,1.78814e-08,-0.4
7.527e-01,-110,-104,-2,4.47035e-08,0.08,0.08,1.78814e-08,0.4
7.530e-01,-108,-112,-2,-4,3.57628e-09,-0.08,1.78814e-08,-0.4
7.532e-01,-106,-98,-2,4.47035e-08,0.08,0.08,1.78814e-08,0.4
7.535e-01,-104,-106,-2,-4,3.57628e-09,-0.08,1.78814e-08,-0.4
7.538e-01,-100,-92,-2,4.47035e-08,3.57628e-09,0.08,1.78814e-08,0.4
7.540e-01,-96,-100,-2,-4,3.57628e-09,-0.08,-0.4,-0.4
7.543e-01,-92,-86,-2,2,3.57628e-09,0.08,1.78814e-08,0.4
7.545e-01,-90,-92,-2,-4,3.57628e-09,-0.08,1.78814e-08,-0.4
7.548e-01,-84,-76,-2,2,3.57628e-09,0.08,-0.4,0.4
7.550e-01,-78,-82,-2,-4,3.57628e-09,-0.08,1.78814e-08,-0.4
7.553e-01,-74,-64,-2,4.47035e-08,0.08,0.08,1.78814e-08,0.4
7.555e-01,-66,-72,-2,-4,3.57628e-09,-0.08,1.78814e-08,-0.4
7.558e-01,-60,-48,-2,4.47035e-08,3.57628e-09,0.08,1.78814e-08,0.4
7.561e-01,-50,-54,-2,-4,3.57628e-09,-0.08,-0.4,-0.4
7.563e-01,-42,-30,-2,4.47035e-08,3.57628e-09,0.08,1.78814e-08,0.4
7.566e-01,-32,-36,-2,-4,3.57628e-09,-0.08,1.78814e-08,-0.4
7.568e-01,-22,-12,-2,4.47035e-08,3.57628e-09,0.08,1.78814e-08,0.4
7.571e-01,-16,-20,-2,-4,3.57628e-09,-0.08,1.78814e-08,-0.4
7.573e-01,-8,4,-2,4.47035e-08,3.57628e-09,0.08,1.78814e-08,0.4
7.576e-01,2,-2,-2,-4,3.57628e-09,-0.08,1.78814e-08,-0.4
7.579e-01,10,18,-2,4.47035e-08,3.57628e-09,0.08,1.78814e-08,0.4
7.581e-01,16,12,-2,-4,3.57628e-09,-0.08,-0.4,-0.4
7.584e-01,26,36,-2,4.47035e-08,0.08,0.08,1.78814e-08,0.4
7.586e-01,34,30,-2,-4,3.57628e-09,-0.08,1.78814e-08,-0.4
7.589e-01,40,52,-2,4.47035e-08,3.57628e-09,0.08,1.78814e-08,0.4
7.591e-01,50,46,-2,-4,3.57628e-09,-0.08,1.78814e-08,-0.4
7.594e-01,58,68,-2,4.47035e-08,3.57628e-09,0.08,-0.4,0.4
7.596e-01,66,62,-2,-4,3.57628e-09,-0.08,1.78814e-08,-0.8
7.599e-01,72,82,-2,4.47035e-08,3.57628e-09,0.08,-0.4,0.4
7.602e-01,80,74,-2,-4,3.57628e-09,-0.08,1.78814e-08,-0.4
7.604e-01,84,92,-2,4.47035e-08,3.57628e-09,0.08,1.78814e-08,0.4
7.607e-01,92,86,-2,-4,3.57628e-09,-0.08,1.78814e-08,-0.4
7.609e-01,94,100,-2,4.47035e-08,3.57628e-09,0.08,-0.4,0.4
7.612e-01,98,94,-2,-4,3.57628e-09,-0.08,1.78814e-08,-0.4
7.614e-01,102,108,-2,4.47035e-08,3.57628e-09,0.08,1.78814e-08,0.4
7.617e-01,106,102,-2,-4,3.57628e-09,-0.08,1.78814e-08,-0.4
7.619e-01,108,112,-2,4.47035e-08,3.57628e-09,0.08,1.78814e-08,0.4
7.622e-01,108,104,-2,-4,3.57628e-09,-0.08,1.78814e-08,-0.4
7.625e-01,110,114,-2,4.47035e-08,3.57628e-09,0.08,-0.4,0.4
7.627e-01,108,102,-2,-4,3.57628e-09,-0.08,-0.4,-0.8
7.630e-01,108,112,-2,4.47035e-08,3.57628e-09,0.08,1.78814e-08,0.4
7.632e-01,104,96,-2,-4,3.57628e-09,-0.08,-0.4,-0.4
7.635e-01,102,108,-2,4.47035e-08,3.57628e-09,0.08,1.78814e-08,0.4
7.637e-01,98,88,-4,-4,3.57628e-09,-0.08,1.78814e-08,-0.4
7.640e-01,94,102,-2,4.47035e-08,3.57628e-09,0.08,-0.4,0.4
7.643e-01,92,80,-2,-4,3.57628e-09,-0.08,-0.4,-0.4
7.645e-01,88,96,-2,4.47035e-08,3.57628e-09,0.08,1.78814e-08,0.4
7.648e-01,84,70,-2,-4,3.57628e-09,-0.08,-0.4,-0.8
7.650e-01,78,88,-2,4.47035e-08,3.57628e-09,0.08,1.78814e-08,0.4
7.653e-01,74,56,-2,-4,3.57628e-09,-0.08,1.78814e-08,-0.4
7.655e-01,66,76,-2,4.47035e-08,0.08,0.08,1.78814e-08,0.4
7.658e-01,60,38,-2,-4,3.57628e-09,-0.08,1.78814e-08,-0.4
7.660e-01,50,62,-2,4.47035e-08,3.57628e-09,0.08,1.78814e-08,0.4
7.663e-01,40,20,-2,-4,3.57628e-09,-0.08,1.78814e-08,-0.4
7.666e-01,30,44,-2,4.47035e-08,3.57628e-09,0.08,1.78814e-08,0.4
7.668e-01,22,4,-2,-4,3.57628e-09,-0.08,1.78814e-08,-0.8
7.671e-01,14,28,-2,4.47035e-08,3.57628e-09,0.08,1.78814e-08,0.4
7.673e-01,6,-12,-2,-4,3.57628e-09,-0.08,1.78814e-08,-0.4
7.676e-01,-4,10,-2,2,3.57628e-09,0.08,1.78814e-08,0.4
7.678e-01,-10,-28,-2,-4,3.57628e-09,-0.08,1.78814e-08,-0.8
7.681e-01,-18,-6,-2,4.47035e-08,3.57628e-09,0.08,1.78814e-08,0.4
7.684e-01,-26,-44,-2,-6,3.57628e-09,-0.08,1.78814e-08,-0.8
7.686e-01,-36,-22,-4,4.47035e-08,3.57628e-09,0.08,1.78814e-08,0.4
7.689e-01,-46,-60,-2,-4,3.57628e-09,-0.08,1.78814e-08,-0.4
7.691e-01,-52,-38,-2,4.47035e-08,3.57628e-09,0.08,1.78814e-08,0.4
7.694e-01,-58,-76,-2,-4,3.57628e-09,-0.08,-0.4,-0.8
7.696e-01,-66,-54,-2,4.47035e-08,0.08,0.08,1.78814e-08,0.4
7.699e-01,-74,-88,-2,-4,3.57628e-09,-0.08,1.78814e-08,-0.4
7.701e-01,-80,-68,-2,4.47035e-08,3.57628e-09,0.08,1.78814e-08,0.4
7.704e-01,-84,-98,-2,-4,3.57628e-09,-0.08,-0.4,-0.4
7.707e-01,-92,-82,-2,4.47035e-08,3.57628e-09,0.08,1.78814e-08,0.4
7.709e-01,-94,-106,-2,-4,3.57628e-09,-0.08,1.78814e-08,-0.4
7.712e-01,-98,-90,-2,2,3.57628e-09,0.08,1.78814e-08,0.4
7.714e-01,-104,-112,-2,-4,3.57628e-09,-0.08,1.78814e-08,-0.4
7.717e-01,-106,-98,-2,4.47035e-08,3.57628e-09,0.08,1.78814e-08,0.4
7.719e-01,-110,-114,-2,-4,3.57628e-09,-0.08,-0.4,-0.4
7.722e-01,-110,-104,-2,4.47035e-08,3.57628e-09,0.08,1.78814e-08,0.4
7.724e-01,-112,-114,-2,-4,3.57628e-09,-0.08,1.78814e-08,-0.4
7.727e-01,-110,-104,-2,4.47035e-08,3.57628e-09,0.08,1.78814e-08,0.4
7.730e-01,-108,-112,-2,-4,3.57628e-09,-0.08,-0.4,-0.4
7.732e-01,-106,-100,-2,4.47035e-08,3.57628e-09,0.08,1.78814e-08,0.4
7.735e-01,-104,-108,-2,-4,3.57628e-09,-0.08,1.78814e-08,-0.4
7.737e-01,-100,-94,-2,4.47035e-08,3.57628e-09,0.08,1.78814e-08,0.4
7.740e-01,-96,-100,-2,-4,3.57628e-09,-0.08,1.78814e-08,-0.4
7.742e-01,-94,-86,-2,4.47035e-08,3.57628e-09,0.08,1.78814e-08,0.4
7.745e-01,-88,-94,-2,-4,3.57628e-09,-0.08,1.78814e-08,-0.4
7.748e-01,-84,-78,-2,4.47035e-08,3.57628e-09,0.08,-0.4,0.4
7.750e-01,-82,-84,-2,-4,3.57628e-09,-0.08,-0.4,-0.4
7.753e-01,-76,-64,-2,4.47035e-08,3.57628e-09,0.08,1.78814e-08,0.4
7.755e-01,-68,-72,-2,-4,3.57628e-09,-0.08,1.78814e-08,-0.8
7.758e-01,-60,-48,-2,4.47035e-08,3.57628e-09,0.08,1.78814e-08,0.4
7.760e-01,-52,-56,-2,-4,3.57628e-09,-0.08,1.78814e-08,-0.8
7.763e-01,-42,-32,-2,4.47035e-08,3.57628e-09,0.08,1.78814e-08,0.4
7.765e-01,-34,-38,-2,-4,0.08,-0.08,1.78814e-08,-0.8
7.768e-01,-26,-14,-2,4.47035e-08,3.57628e-09,0.08,1.78814e-08,0.4
7.771e-01,-18,-20,-2,-4,3.57628e-09,-0.08,1.78814e-08,-0.4
7.773e-01,-8,2,-2,4.47035e-08,3.57628e-09,0.08,1.78814e-08,0.4
7.776e-01,4.47035e-08,-4,-2,-4,3.57628e-09,-0.08,1.78814e-08,-0.8
7.778e-01,8,18,-2,4.47035e-08,3.57628e-09,0.08,1.78814e-08,0.4
7.781e-01,16,12,-2,-4,3.57628e-09,-0.08,1.78814e-08,-0.4
7.783e-01,22,34,-2,4.47035e-08,3.57628e-09,0.08,1.78814e-08,0.4
7.786e-01,30,28,-2,-4,3.57628e-09,-0.08,1.78814e-08,-0.4
7.788e-01,40,52,-4,4.47035e-08,3.57628e-09,0.08,1.78814e-08,0.4
7.791e-01,50,46,-4,-4,3.57628e-09,-0.08,1.78814e-08,-0.4
7.794e-01,56,66,-2,4.47035e-08,3.57628e-09,0.08,-0.4,0.4
7.796e-01,66,60,-2,-4,3.57628e-09,-0.08,1.78814e-08,-0.4
7.799e-01,72,80,-2,4.47035e-08,3.57628e-09,0.08,1.78814e-08,0.4
7.801e-01,80,74,-4,-4,3.57628e-09,-0.08,1.78814e-08,-0.4
7.804e-01,84,90,-2,4.47035e-08,3.57628e-09,0.08,-0.4,0.4
7.806e-01,88,84,-2,-4,3.57628e-09,-0.08,-0.4,-0.4
7.809e-01,92,100,-2,4.47035e-08,3.57628e-09,0.08,1.78814e-08,0.4
7.812e-01,96,94,-2,-4,3.57628e-09,-0.08,-0.4,-0.8
7.814e-01,100,108,-2,4.47035e-08,3.57628e-09,0.08,-0.4,0.4
7.817e-01,104,100,-2,-4,3.57628e-09,-0.08,1.78814e-08,-0.8
7.819e-01,108,112,-2,4.47035e-08,3.57628e-09,0.08,-0.4,0.4
7.822e-01,108,106,-2,-6,3.57628e-09,-0.08,1.78814e-08,-0.8
7.824e-01,110,114,-2,4.47035e-08,3.57628e-09,0.08,1.78814e-08,0.4
7.827e-01,108,102,-2,-4,3.57628e-09,-0.08,1.78814e-08,-0.8
7.829e-01,108,112,-2,4.47035e-08,3.57628e-09,0.08,1.78814e-08,0.4
7.832e-01,106,96,-2,-4,3.57628e-09,-0.08,1.78814e-08,-0.4
7.835e-01,102,108,-2,4.47035e-08,3.57628e-09,0.08,1.78814e-08,0.4
7.837e-01,102,90,-2,-4,3.57628e-09,-0.08,1.78814e-08,-0.4
7.840e-01,98,102,-2,4.47035e-08,3.57628e-09,0.08,1.78814e-08,0.4
7.842e-01,92,80,-2,-4,3.57628e-09,-0.08,1.78814e-08,-0.8
7.845e-01,88,96,-2,4.47035e-08,3.57628e-09,0.08,1.78814e-08,0.4
7.847e-01,84,72,-2,-4,3.57628e-09,-0.08,1.78814e-08,-0.8
7.850e-01,78,88,-2,4.47035e-08,3.57628e-09,0.08,-0.4,0.4
7.852e-01,76,58,-2,-4,3.57628e-09,-0.08,1.78814e-08,-0.4
7.855e-01,68,78,-2,4.47035e-08,3.57628e-09,0.08,-0.4,0.4
7.858e-01,60,40,-2,-4,3.57628e-09,-0.08,1.78814e-08,-0.4
7.860e-01,52,64,-2,4.47035e-08,3.57628e-09,0.08,1.78814e-08,0.4
7.863e-01,42,22,-2,-4,3.57628e-09,-0.08,1.78814e-08,-0.8
7.865e-01,32,46,-2,4.47035e-08,3.57628e-09,0.08,1.78814e-08,0.4
7.868e-01,24,4,-2,-4,3.57628e-09,-0.08,1.78814e-08,-0.4
7.870e-01,14,28,-2,4.47035e-08,3.57628e-09,0.08,-0.4,0.4
7.873e-01,6,-10,-2,-4,3.57628e-09,-0.08,1.78814e-08,-0.4
7.876e-01,4.47035e-08,12,-2,4.47035e-08,3.57628e-09,0.08,1.78814e-08,0.4
7.878e-01,-6,-26,-2,-4,3.57628e-09,-0.08,1.78814e-08,-0.4
7.881e-01,-16,-4,-2,4.47035e-08,3.57628e-09,0.08,1.78814e-08,0.4
7.883e-01,-24,-44,-2,-4,3.57628e-09,-0.08,1.78814e-08,-0.8
7.886e-01,-32,-20,-2,4.47035e-08,3.57628e-09,0.08,1.78814e-08,0.4
7.888e-01,-40,-60,-2,-4,3.57628e-09,-0.08,-0.4,-0.4
7.891e-01,-50,-38,-2,4.47035e-08,3.57628e-09,0.08,1.78814e-08,0.4
7.893e-01,-58,-74,-2,-4,3.57628e-09,-0.08,1.78814e-08,-0.4
7.896e-01,-66,-54,-2,4.47035e-08,3.57628e-09,0.08,1.78814e-08,0.4
7.899e-01,-72,-88,-2,-4,3.57628e-09,-0.08,1.78814e-08,-0.4
7.901e-01,-78,-68,-2,4.47035e-08,3.57628e-09,0.08,1.78814e-08,0.4
7.904e-01,-84,-96,-2,-4,3.57628e-09,-0.08,-0.4,-0.8
7.906e-01,-90,-80,-2,4.47035e-08,3.57628e-09,0.08,1.78814e-08,0.4
7.909e-01,-94,-104,-2,-4,3.57628e-09,-0.08,1.78814e-08,-0.4
7.911e-01,-98,-90,-2,4.47035e-08,3.57628e-09,0.08,1.78814e-08,0.4
7.914e-01,-100,-112,-2,-4,3.57628e-09,-0.08,1.78814e-08,-0.4
7.916e-01,-104,-98,-2,4.47035e-08,3.57628e-09,0.08,-0.4,0.4
7.919e-01,-108,-114,-2,-4,3.57628e-09,-0.08,-0.4,-0.4
7.922e-01,-110,-104,-2,2,3.57628e-09,0.08,1.78814e-08,0.4
7.924e-01,-112,-114,-2,-4,3.57628e-09,-0.08,1.78814e-08,-0.8
7.927e-01,-108,-104,-2,4.47035e-08,3.57628e-09,0.08,1.78814e-08,0.4
7.929e-01,-110,-112,-2,-4,3.57628e-09,-0.08,1.78814e-08,-0.8
7.932e-01,-106,-100,-2,4.47035e-08,3.57628e-09,0.08,-0.4,0.4
7.934e-01,-104,-108,-2,-4,3.57628e-09,-0.08,1.78814e-08,-0.8
7.937e-01,-100,-94,-2,4.47035e-08,3.57628e-09,0.08,1.78814e-08,0.4
7.940e-01,-98,-102,-2,-4,3.57628e-09,-0.08,1.78814e-08,-0.4
7.942e-01,-94,-86,-2,4.47035e-08,3.57628e-09,0.08,1.78814e-08,0.4
7.945e-01,-90,-94,-2,-4,3.57628e-09,-0.08,1.78814e-08,-0.4
7.947e-01,-86,-78,-2,4.47035e-08,3.57628e-09,0.08,1.78814e-08,0.4
7.950e-01,-80,-84,-2,-4,3.57628e-09,-0.08,1.78814e-08,-0.4
7.952e-01,-76,-66,-2,4.47035e-08,3.57628e-09,0.08,1.78814e-08,0.4
7.955e-01,-70,-72,-2,-4,3.57628e-09,-0.08,-0.4,-0.4
7.957e-01,-62,-50,-2,4.47035e-08,3.57628e-09,0.08,1.78814e-08,0.4

