Model,DPO2014B
Firmware Version,1.52

Point Format,Y,,,,,,,
Horizontal Units,S,,,,,,,
Horizontal Scale,0.1,,,,,,,
Sample Interval,0.000192012,,,,,,,
Filter Frequency,1e+08,,,,,,,
Record Length,5207,,,,,,,
Gating,0.0% to 100.0%,,0.0% to 100.0%,,0.0% to 100.0%,,0.0% to 100.0%,
Probe Attenuation,100,,50,,10,,10,
Vertical Units,V,,V,,A,,A,
Vertical Offset,0,,0,,0,,0,
Vertical Scale,50,,50,,2,,10,
Label,,,,,,,,
TIME,CH1,CH1 Peak Detect,CH2,CH2 Peak Detect,CH3,CH3 Peak Detect,CH4,CH4 Peak Detect
-2.040e-01,-2,-6,-6,-8,-2.24,-2.4,-1.6,-2
-2.038e-01,4,12,4.47035e-08,6,-2.16,-1.92,-1.6,-0.8
-2.036e-01,6,4,4,2,-2,-2.16,-1.2,-2
-2.034e-01,12,24,8,16,-1.84,-1.68,-1.2,-0.4
-2.032e-01,20,16,14,12,-1.68,-1.84,-1.2,-1.6
-2.030e-01,26,34,18,26,-1.6,-1.36,-1.2,-0.4
-2.028e-01,34,30,26,22,-1.36,-1.52,-0.8,-1.2
-2.027e-01,36,48,30,38,-1.28,-0.96,-0.8,1.78814e-08
-2.025e-01,44,42,36,34,-1.04,-1.12,-0.4,-1.2
-2.023e-01,50,58,42,48,-0.8,-0.64,-0.8,0.4
-2.021e-01,56,52,46,44,-0.64,-0.72,-0.4,-0.8
-2.019e-01,62,70,50,58,-0.48,-0.24,-0.4,0.4
-2.017e-01,66,64,56,54,-0.24,-0.32,-0.4,-0.4
-2.015e-01,72,80,60,68,-0.08,0.16,1.78814e-08,0.8
-2.013e-01,76,72,66,62,0.08,3.57628e-09,1.78814e-08,-0.4
-2.011e-01,80,86,70,74,0.32,0.56,0.4,0.8
-2.009e-01,84,80,74,72,0.48,0.4,0.4,1.78814e-08
-2.007e-01,88,94,76,82,0.64,0.88,0.4,1.2
-2.005e-01,88,86,80,78,0.8,0.72,0.4,1.78814e-08
-2.004e-01,92,98,82,86,0.96,1.28,0.8,1.2
-2.002e-01,96,92,84,82,1.2,1.04,0.8,0.4
-2.000e-01,100,104,88,90,1.36,1.6,0.8,1.6
-1.998e-01,100,96,88,86,1.52,1.36,1.2,0.4
-1.996e-01,102,108,92,94,1.76,1.92,1.2,2
-1.994e-01,106,100,92,90,1.92,1.68,1.2,0.8
-1.992e-01,106,110,94,98,2,2.24,1.6,2
-1.990e-01,106,100,94,92,2.24,2,1.6,0.8
-1.988e-01,106,110,94,98,2.32,2.48,1.6,2
-1.986e-01,104,98,94,88,2.48,2.24,1.6,1.2
-1.984e-01,104,108,94,96,2.56,2.72,1.6,2
-1.982e-01,100,94,90,84,2.64,2.48,1.6,1.2
-1.980e-01,98,104,88,94,2.64,2.8,1.6,2.4
-1.979e-01,96,88,86,80,2.72,2.64,1.6,1.2
-1.977e-01,94,100,84,90,2.8,2.96,2,2.4
-1.975e-01,92,82,82,76,2.88,2.72,1.6,1.2
-1.973e-01,88,94,80,84,2.96,3.12,2,2.4
-1.971e-01,86,76,78,70,3.04,2.88,2,1.6
-1.969e-01,82,90,76,80,3.04,3.2,2,2.4
-1.967e-01,80,70,72,64,3.12,2.96,2,1.6
-1.965e-01,76,84,68,74,3.12,3.2,2,2.4
-1.963e-01,72,60,66,56,3.12,2.96,1.6,1.2
-1.961e-01,68,76,62,68,3.12,3.28,2,2.4
-1.959e-01,64,50,58,48,3.12,2.96,1.6,1.2
-1.957e-01,58,66,54,60,3.2,3.2,1.6,2.4
-1.956e-01,52,36,48,34,3.12,2.8,1.6,1.2
-1.954e-01,46,56,44,50,3.04,3.2,1.6,2.4
-1.952e-01,38,22,38,22,2.96,2.64,1.6,1.2
-1.950e-01,30,42,30,38,2.88,3.04,1.6,2
-1.948e-01,24,10,24,12,2.8,2.4,1.6,0.8
-1.946e-01,18,30,18,28,2.72,2.88,1.6,2
-1.944e-01,12,-2,12,4.47035e-08,2.56,2.24,1.2,0.8
-1.942e-01,6,16,6,14,2.48,2.64,1.2,2
-1.940e-01,4.47035e-08,-12,2,-10,2.4,1.92,1.2,0.8
-1.938e-01,-4,4,-2,4,2.24,2.4,1.2,1.6
-1.936e-01,-12,-24,-8,-20,2.16,1.68,1.2,0.4
-1.934e-01,-14,-6,-12,-6,2,2.16,1.2,1.6
-1.932e-01,-22,-36,-18,-30,1.76,1.36,0.8,1.78814e-08
-1.931e-01,-26,-18,-22,-16,1.68,1.92,0.8,1.6
-1.929e-01,-32,-48,-28,-42,1.52,0.96,0.8,1.78814e-08
-1.927e-01,-38,-30,-34,-26,1.28,1.52,0.4,1.2
-1.925e-01,-46,-60,-40,-52,1.12,0.64,0.4,-0.4
-1.923e-01,-50,-42,-44,-38,0.96,1.2,0.4,0.8
-1.921e-01,-58,-70,-50,-62,0.72,0.24,1.78814e-08,-0.4
-1.919e-01,-62,-54,-56,-48,0.56,0.8,1.78814e-08,0.4
-1.917e-01,-68,-80,-60,-72,0.32,-0.08,1.78814e-08,-0.8
-1.915e-01,-72,-62,-66,-58,0.16,0.4,-0.4,0.4
-1.913e-01,-76,-88,-70,-80,-0.08,-0.48,-0.4,-1.2
-1.911e-01,-82,-74,-74,-66,-0.24,3.57628e-09,-0.4,1.78814e-08
-1.909e-01,-86,-94,-76,-86,-0.48,-0.88,-0.4,-1.2
-1.908e-01,-88,-80,-80,-76,-0.64,-0.4,-0.8,1.78814e-08
-1.906e-01,-92,-100,-84,-90,-0.8,-1.2,-0.8,-1.6
-1.904e-01,-94,-88,-86,-80,-0.96,-0.72,-0.8,-0.4
-1.902e-01,-98,-106,-88,-94,-1.12,-1.52,-1.2,-1.6
-1.900e-01,-98,-94,-90,-86,-1.28,-1.04,-1.2,-0.4
-1.898e-01,-100,-110,-94,-98,-1.44,-1.84,-1.2,-2
-1.896e-01,-104,-98,-96,-90,-1.6,-1.36,-1.6,-0.8
-1.894e-01,-106,-110,-96,-102,-1.76,-2.16,-1.6,-2
-1.892e-01,-108,-102,-98,-94,-1.92,-1.68,-1.6,-0.8
-1.890e-01,-106,-110,-100,-102,-2.08,-2.48,-1.6,-2
-1.888e-01,-106,-102,-100,-96,-2.16,-2,-1.6,-1.2
-1.886e-01,-106,-108,-100,-102,-2.32,-2.64,-1.6,-2.4
-1.884e-01,-104,-98,-98,-94,-2.4,-2.24,-1.6,-1.2
-1.883e-01,-102,-106,-96,-98,-2.56,-2.8,-1.6,-2.4
-1.881e-01,-104,-94,-94,-90,-2.56,-2.48,-2,-1.2
-1.879e-01,-98,-102,-92,-94,-2.64,-2.96,-2,-2.4
-1.877e-01,-96,-90,-88,-86,-2.8,-2.64,-2,-1.6
-1.875e-01,-94,-96,-88,-90,-2.8,-3.04,-2,-2.4
-1.873e-01,-90,-84,-84,-80,-2.88,-2.8,-2.4,-1.6
-1.871e-01,-88,-92,-82,-84,-2.96,-3.12,-2,-2.8
-1.869e-01,-84,-78,-80,-76,-2.96,-2.88,-2,-1.6
-1.867e-01,-82,-86,-78,-80,-3.04,-3.2,-2,-2.4
-1.865e-01,-78,-70,-74,-70,-3.04,-2.96,-2,-1.6
-1.863e-01,-74,-78,-70,-74,-3.04,-3.2,-2,-2.4
-1.861e-01,-70,-62,-68,-62,-3.12,-2.96,-2,-1.6
-1.860e-01,-64,-68,-64,-66,-3.04,-3.2,-2,-2.4
-1.858e-01,-60,-50,-58,-52,-3.04,-2.96,-2,-1.6
-1.856e-01,-52,-58,-54,-56,-3.04,-3.12,-2,-2.4
-1.854e-01,-48,-38,-48,-40,-2.96,-2.88,-2,-1.6
-1.852e-01,-40,-44,-42,-44,-2.96,-3.04,-2,-2.4
-1.850e-01,-36,-24,-36,-28,-2.88,-2.64,-2,-1.2
-1.848e-01,-28,-30,-30,-32,-2.64,-2.8,-2,-2.4
-1.846e-01,-22,-12,-22,-16,-2.64,-2.48,-1.6,-1.2
-1.844e-01,-16,-18,-18,-20,-2.48,-2.64,-1.6,-2
-1.842e-01,-10,4.47035e-08,-12,-6,-2.4,-2.24,-1.6,-1.2
-1.840e-01,-4,-8,-8,-10,-2.32,-2.4,-1.6,-2
-1.838e-01,2,10,-2,4,-2.16,-2,-1.6,-0.8
-1.836e-01,6,4,2,4.47035e-08,-2,-2.16,-1.6,-2
-1.835e-01,14,22,8,14,-1.84,-1.68,-1.2,-0.8
-1.833e-01,18,16,14,10,-1.76,-1.84,-1.2,-1.6
-1.831e-01,26,34,18,24,-1.6,-1.36,-1.2,-0.4
-1.829e-01,30,26,24,20,-1.44,-1.52,-1.2,-1.2
-1.827e-01,36,46,28,36,-1.28,-1.04,-0.8,1.78814e-08
-1.825e-01,42,40,34,32,-1.12,-1.2,-0.4,-1.2
-1.823e-01,50,58,40,46,-0.88,-0.64,-0.4,1.78814e-08
-1.821e-01,54,50,44,42,-0.72,-0.8,-0.4,-0.8
-1.819e-01,60,68,50,56,-0.48,-0.32,-0.4,0.4
-1.817e-01,66,62,54,52,-0.32,-0.4,-0.4,-0.4
-1.815e-01,70,78,58,66,-0.16,0.16,1.78814e-08,0.8
-1.813e-01,74,72,64,62,0.08,3.57628e-09,1.78814e-08,-0.4
-1.812e-01,78,86,68,74,0.32,0.48,1.78814e-08,0.8
-1.810e-01,82,80,72,70,0.48,0.32,0.4,1.78814e-08
-1.808e-01,88,94,76,80,0.64,0.88,0.4,1.2
-1.806e-01,88,86,80,76,0.8,0.72,0.4,1.78814e-08
-1.804e-01,92,98,82,86,0.96,1.2,0.8,1.2
-1.802e-01,96,92,84,82,1.12,1.04,0.8,0.4
-1.800e-01,98,104,86,90,1.36,1.52,0.8,1.6
-1.798e-01,102,96,88,86,1.52,1.36,0.8,0.8
-1.796e-01,102,108,90,94,1.68,1.92,1.2,1.6
-1.794e-01,106,100,92,90,1.84,1.68,1.2,0.8
-1.792e-01,104,110,94,98,2,2.24,1.6,2
-1.790e-01,104,100,96,92,2.16,2,1.2,0.8
-1.788e-01,108,110,96,98,2.32,2.48,1.6,2
-1.787e-01,104,96,94,90,2.4,2.24,1.6,1.2
-1.785e-01,102,108,92,98,2.48,2.64,1.6,2.4
-1.783e-01,102,92,92,84,2.56,2.4,1.6,1.2
-1.781e-01,98,104,90,94,2.72,2.8,1.6,2.4
-1.779e-01,96,88,88,80,2.8,2.56,1.6,1.2
-1.777e-01,94,100,86,90,2.88,2.96,1.6,2.4
-1.775e-01,90,84,82,76,2.88,2.72,1.6,1.2
-1.773e-01,88,96,80,86,2.96,3.12,2,2.4
-1.771e-01,88,78,78,70,3.04,2.8,2,1.2
-1.769e-01,84,90,76,80,3.04,3.2,2,2.4
-1.767e-01,80,70,74,64,3.12,2.96,1.6,1.2
-1.765e-01,76,84,70,74,3.12,3.2,2,2.4
-1.764e-01,76,62,66,58,3.2,2.96,2,1.2
-1.762e-01,70,76,64,68,3.12,3.2,2,2.4
-1.760e-01,64,50,60,48,3.2,2.96,2,1.2
-1.758e-01,60,68,56,62,3.12,3.28,2,2.4
-1.756e-01,52,38,50,36,3.12,2.8,1.6,1.2
-1.754e-01,46,56,44,52,3.12,3.2,1.6,2.4
-1.752e-01,38,24,38,24,2.96,2.64,1.6,1.2
-1.750e-01,34,44,32,40,2.96,3.04,1.2,2.4
-1.748e-01,28,12,26,12,2.8,2.48,1.6,0.8
-1.746e-01,18,30,18,28,2.72,2.88,1.6,2
-1.744e-01,14,4.47035e-08,14,2,2.64,2.24,1.6,0.8
-1.742e-01,8,18,8,16,2.56,2.72,1.2,2
-1.740e-01,2,-12,4,-8,2.4,2,1.2,0.8
-1.739e-01,-4,6,-2,6,2.24,2.48,1.2,2
-1.737e-01,-8,-22,-6,-18,2.16,1.68,1.2,0.4
-1.735e-01,-14,-6,-10,-4,2.08,2.24,1.2,1.6
-1.733e-01,-18,-34,-16,-28,1.84,1.36,1.2,0.4
-1.731e-01,-26,-16,-22,-14,1.68,1.92,0.8,1.6
-1.729e-01,-32,-48,-28,-40,1.52,1.04,0.8,1.78814e-08
-1.727e-01,-38,-28,-32,-24,1.36,1.6,0.4,1.2
-1.725e-01,-44,-58,-38,-50,1.2,0.72,0.4,-0.4
-1.723e-01,-52,-40,-44,-36,0.96,1.2,0.4,0.8
-1.721e-01,-56,-68,-50,-60,0.8,0.32,1.78814e-08,-0.4
-1.719e-01,-62,-52,-54,-46,0.56,0.88,1.78814e-08,0.8
-1.717e-01,-68,-78,-58,-70,0.4,-0.08,1.78814e-08,-0.8
-1.715e-01,-70,-62,-64,-56,0.24,0.48,1.78814e-08,0.4
-1.714e-01,-76,-88,-68,-78,3.57628e-09,-0.48,-0.4,-1.2
-1.712e-01,-80,-72,-72,-66,-0.16,0.08,-0.4,1.78814e-08
-1.710e-01,-84,-94,-76,-84,-0.4,-0.8,-0.8,-1.2
-1.708e-01,-88,-80,-80,-74,-0.56,-0.32,-0.8,1.78814e-08
-1.706e-01,-92,-100,-82,-90,-0.72,-1.12,-0.8,-1.6
-1.704e-01,-96,-86,-84,-80,-0.88,-0.64,-0.8,-0.4
-1.702e-01,-96,-104,-88,-94,-1.12,-1.52,-0.8,-1.6
-1.700e-01,-100,-92,-90,-86,-1.28,-1.04,-1.2,-0.4
-1.698e-01,-102,-110,-92,-98,-1.44,-1.84,-1.2,-2
-1.696e-01,-104,-98,-94,-90,-1.52,-1.36,-1.6,-0.8
-1.694e-01,-104,-110,-96,-102,-1.68,-2.16,-1.6,-2
-1.692e-01,-108,-102,-98,-94,-1.92,-1.68,-1.6,-1.2
-1.691e-01,-108,-110,-100,-102,-2,-2.4,-2,-2
-1.689e-01,-106,-102,-100,-96,-2.16,-2,-1.6,-1.2
-1.687e-01,-106,-110,-98,-102,-2.32,-2.64,-2,-2.4
-1.685e-01,-106,-98,-98,-94,-2.48,-2.24,-2,-1.2
-1.683e-01,-104,-106,-96,-98,-2.56,-2.8,-2,-2.4
-1.681e-01,-100,-96,-94,-90,-2.56,-2.48,-2,-1.2
-1.679e-01,-100,-102,-92,-94,-2.64,-2.96,-2,-2.4
-1.677e-01,-96,-90,-90,-86,-2.72,-2.56,-2,-1.2
-1.675e-01,-94,-98,-88,-90,-2.8,-3.04,-2,-2.4
-1.673e-01,-92,-84,-86,-82,-2.88,-2.72,-2.4,-1.6
-1.671e-01,-88,-92,-82,-84,-2.96,-3.12,-2,-2.8
-1.669e-01,-86,-78,-80,-76,-2.96,-2.88,-2,-1.6
-1.667e-01,-82,-86,-78,-80,-3.04,-3.2,-2,-2.8
-1.666e-01,-78,-72,-76,-70,-3.12,-2.96,-2,-1.6
-1.664e-01,-76,-78,-72,-74,-3.04,-3.2,-2,-2.4
-1.662e-01,-72,-64,-68,-62,-3.04,-2.96,-2.4,-1.6
-1.660e-01,-68,-70,-64,-66,-3.04,-3.2,-2,-2.4
-1.658e-01,-62,-52,-60,-54,-3.12,-2.96,-2,-1.6
-1.656e-01,-54,-60,-56,-58,-3.04,-3.12,-2,-2.4
-1.654e-01,-48,-40,-50,-42,-3.04,-2.88,-2,-1.6
-1.652e-01,-44,-46,-44,-46,-2.88,-3.04,-2,-2.4
-1.650e-01,-38,-26,-36,-28,-2.8,-2.64,-2,-1.2
-1.648e-01,-30,-32,-30,-34,-2.72,-2.88,-2,-2.4
-1.646e-01,-22,-14,-24,-16,-2.64,-2.48,-1.6,-1.2
-1.644e-01,-18,-20,-18,-20,-2.56,-2.64,-1.6,-2
-1.643e-01,-12,-2,-14,-6,-2.4,-2.24,-2,-1.2
-1.641e-01,-4,-8,-8,-10,-2.32,-2.4,-1.6,-2
-1.639e-01,2,10,-4,4,-2.24,-2,-1.6,-0.8
-1.637e-01,6,2,2,4.47035e-08,-2.08,-2.24,-1.2,-2
-1.635e-01,12,20,8,12,-1.92,-1.76,-1.2,-0.4
-1.633e-01,16,14,12,10,-1.76,-1.92,-1.2,-1.6
-1.631e-01,22,32,16,24,-1.6,-1.36,-1.2,-0.4
-1.629e-01,30,26,22,20,-1.44,-1.6,-1.2,-1.2
-1.627e-01,36,44,28,34,-1.28,-1.04,-0.8,-0.4
-1.625e-01,42,38,32,30,-1.12,-1.2,-0.8,-1.2
-1.623e-01,46,56,38,46,-0.96,-0.72,-0.4,1.78814e-08
-1.621e-01,54,50,44,42,-0.72,-0.8,-0.4,-0.8
-1.619e-01,58,66,48,56,-0.56,-0.32,-0.4,0.4
-1.618e-01,64,60,54,52,-0.4,-0.48,-0.4,-0.4
-1.616e-01,70,78,60,64,-0.16,0.08,1.78814e-08,0.8
-1.614e-01,74,70,62,60,3.57628e-09,-0.08,1.78814e-08,-0.4
-1.612e-01,78,86,68,74,0.24,0.48,1.78814e-08,0.8
-1.610e-01,84,78,70,70,0.4,0.32,0.4,1.78814e-08
-1.608e-01,86,92,74,80,0.64,0.8,0.4,1.2
-1.606e-01,90,86,78,76,0.8,0.64,0.4,1.78814e-08
-1.604e-01,92,98,80,86,0.96,1.12,0.8,1.2
-1.602e-01,94,90,82,80,1.04,0.96,0.8,0.4
-1.600e-01,96,102,86,90,1.28,1.52,0.8,1.6
-1.598e-01,100,96,86,86,1.44,1.28,0.8,0.4
-1.596e-01,102,108,90,94,1.6,1.84,1.2,1.6
-1.595e-01,106,100,92,90,1.76,1.6,1.2,0.8
-1.593e-01,104,110,94,98,1.92,2.16,1.6,2
-1.591e-01,104,100,94,92,2.16,2,1.6,0.8
-1.589e-01,106,110,96,98,2.24,2.48,1.2,2
-1.587e-01,106,98,94,90,2.4,2.24,1.6,0.8
-1.585e-01,102,108,94,98,2.48,2.64,1.6,2.4
-1.583e-01,102,94,92,86,2.56,2.4,1.6,1.2
-1.581e-01,100,104,90,94,2.64,2.8,1.6,2.4
-1.579e-01,98,90,86,82,2.8,2.56,1.6,1.2
-1.577e-01,96,100,84,90,2.8,2.96,2,2.4
-1.575e-01,92,84,84,76,2.88,2.72,1.6,1.2
-1.573e-01,92,96,82,86,2.96,3.04,2,2.4
-1.571e-01,86,78,78,72,2.96,2.8,2,1.6
-1.570e-01,86,90,76,82,3.04,3.12,2,2.4
-1.568e-01,82,72,72,66,3.12,2.88,2,1.6
-1.566e-01,78,84,70,76,3.12,3.2,2,2.4
-1.564e-01,76,62,68,58,3.12,2.96,2,1.6
-1.562e-01,70,78,64,70,3.12,3.28,2,2.4
-1.560e-01,66,52,60,50,3.2,2.96,2,1.2
-1.558e-01,60,70,56,62,3.2,3.28,2,2.4
-1.556e-01,54,40,52,38,3.12,2.88,1.6,1.2
-1.554e-01,48,58,46,54,3.12,3.2,1.6,2.4
-1.552e-01,40,26,40,26,2.96,2.64,1.6,1.2
-1.550e-01,36,46,34,42,2.96,3.12,1.6,2.4
-1.548e-01,28,12,28,14,2.88,2.48,1.6,0.8
-1.547e-01,22,32,20,30,2.72,2.88,1.6,2
-1.545e-01,14,2,14,2,2.64,2.24,1.2,0.8
-1.543e-01,10,20,10,16,2.56,2.72,1.2,2
-1.541e-01,4,-10,4,-6,2.4,2,1.2,0.8
-1.539e-01,-2,8,4.47035e-08,8,2.32,2.48,1.2,2
-1.537e-01,-8,-22,-4,-18,2.16,1.76,1.2,0.4
-1.535e-01,-14,-4,-10,-4,2,2.24,1.2,1.6
-1.533e-01,-20,-34,-16,-28,1.84,1.44,0.8,0.4
-1.531e-01,-26,-14,-20,-14,1.76,1.92,0.8,1.6
-1.529e-01,-32,-46,-24,-38,1.6,1.12,0.8,1.78814e-08
-1.527e-01,-36,-26,-30,-22,1.36,1.6,0.4,1.2
-1.525e-01,-42,-56,-38,-50,1.2,0.72,0.4,-0.4
-1.523e-01,-50,-38,-42,-34,1.04,1.28,0.4,0.8
-1.522e-01,-52,-68,-48,-60,0.8,0.32,1.78814e-08,-0.4
-1.520e-01,-58,-50,-52,-46,0.64,0.88,1.78814e-08,0.8
-1.518e-01,-64,-78,-58,-70,0.4,3.57628e-09,1.78814e-08,-0.8
-1.516e-01,-70,-60,-62,-56,0.24,0.48,-0.4,0.4
-1.514e-01,-76,-86,-68,-78,3.57628e-09,-0.4,-0.4,-1.2
-1.512e-01,-80,-72,-72,-64,-0.16,0.08,-0.4,0.4
-1.510e-01,-84,-94,-74,-84,-0.32,-0.8,-0.4,-1.2
-1.508e-01,-88,-80,-80,-74,-0.56,-0.24,-0.4,1.78814e-08
-1.506e-01,-90,-100,-82,-90,-0.72,-1.12,-0.8,-1.6
-1.504e-01,-94,-86,-86,-80,-0.88,-0.64,-0.8,-0.4
-1.502e-01,-96,-104,-88,-94,-1.04,-1.44,-1.2,-1.6
-1.500e-01,-100,-92,-88,-86,-1.2,-0.96,-1.2,-0.4
-1.499e-01,-98,-108,-92,-98,-1.36,-1.76,-0.8,-2
-1.497e-01,-104,-96,-94,-90,-1.52,-1.28,-1.6,-0.8
-1.495e-01,-104,-110,-96,-102,-1.68,-2.08,-1.6,-2
-1.493e-01,-108,-100,-96,-94,-1.84,-1.6,-1.6,-0.8
-1.491e-01,-106,-110,-98,-102,-2,-2.4,-1.6,-2
-1.489e-01,-108,-102,-100,-96,-2.16,-1.92,-1.6,-1.2
-1.487e-01,-106,-110,-100,-102,-2.24,-2.64,-2,-2.4
-1.485e-01,-106,-100,-98,-94,-2.4,-2.24,-2,-1.2
-1.483e-01,-104,-106,-96,-100,-2.48,-2.8,-1.6,-2.4
-1.481e-01,-102,-96,-94,-90,-2.56,-2.4,-2,-1.2
-1.479e-01,-100,-102,-92,-94,-2.64,-2.88,-2,-2.4
-1.477e-01,-98,-92,-90,-86,-2.64,-2.56,-2,-1.6
-1.475e-01,-96,-98,-88,-90,-2.8,-3.04,-2,-2.4
-1.474e-01,-92,-86,-86,-82,-2.88,-2.72,-2,-1.6
-1.472e-01,-90,-92,-84,-86,-2.88,-3.12,-2.4,-2.8
-1.470e-01,-86,-80,-82,-76,-2.96,-2.8,-2,-1.6
-1.468e-01,-84,-86,-80,-80,-3.04,-3.2,-2.4,-2.8
-1.466e-01,-80,-72,-76,-70,-3.04,-2.96,-2.4,-1.6
-1.464e-01,-76,-80,-74,-74,-3.04,-3.2,-2.4,-2.8
-1.462e-01,-72,-64,-70,-64,-3.04,-2.96,-2,-1.6
-1.460e-01,-68,-72,-66,-68,-3.04,-3.2,-2.4,-2.8
-1.458e-01,-64,-54,-62,-54,-3.04,-2.96,-2,-1.6
-1.456e-01,-56,-60,-56,-58,-3.04,-3.12,-2,-2.4
-1.454e-01,-50,-42,-52,-44,-3.04,-2.88,-2,-1.6
-1.452e-01,-44,-48,-44,-48,-2.96,-3.04,-2,-2.4
-1.451e-01,-38,-28,-40,-30,-2.88,-2.72,-2,-1.2
-1.449e-01,-32,-34,-32,-34,-2.8,-2.88,-2,-2.4
-1.447e-01,-26,-16,-26,-18,-2.64,-2.48,-1.6,-1.2
-1.445e-01,-18,-22,-20,-22,-2.56,-2.64,-1.6,-2
-1.443e-01,-12,-4,-14,-8,-2.4,-2.24,-1.6,-1.2
-1.441e-01,-8,-10,-10,-12,-2.32,-2.48,-1.6,-2
-1.439e-01,-2,8,-6,2,-2.24,-2,-1.6,-0.8
-1.437e-01,6,4.47035e-08,4.47035e-08,-2,-2.08,-2.24,-1.6,-2
-1.435e-01,8,18,4,12,-1.92,-1.76,-1.6,-0.8
-1.433e-01,16,12,10,8,-1.84,-1.92,-1.2,-1.6
-1.431e-01,22,30,14,22,-1.68,-1.44,-1.2,-0.4
-1.429e-01,26,24,20,18,-1.52,-1.6,-0.8,-1.6
-1.427e-01,34,44,26,34,-1.36,-1.12,-0.8,-0.4
-1.426e-01,40,36,32,30,-1.12,-1.28,-0.8,-1.2
-1.424e-01,46,54,36,44,-0.96,-0.72,-0.8,1.78814e-08
-1.422e-01,52,48,42,40,-0.8,-0.88,-0.4,-0.8
-1.420e-01,56,66,48,54,-0.64,-0.4,1.78814e-08,0.4
-1.418e-01,64,60,52,50,-0.4,-0.48,1.78814e-08,-0.8
-1.416e-01,68,76,58,64,-0.24,3.57628e-09,1.78814e-08,0.4
-1.414e-01,74,70,62,60,-0.08,-0.16,1.78814e-08,-0.4
-1.412e-01,78,84,66,72,0.16,0.4,0.4,0.8
-1.410e-01,82,78,70,68,0.32,0.24,0.4,1.78814e-08
-1.408e-01,86,92,74,80,0.56,0.8,0.4,1.2
-1.406e-01,88,84,76,76,0.8,0.64,0.8,1.78814e-08
-1.404e-01,92,96,80,84,0.88,1.12,0.8,1.2
-1.403e-01,94,90,82,80,1.12,0.96,0.8,0.4
-1.401e-01,96,102,84,88,1.28,1.44,0.8,1.6
-1.399e-01,100,96,88,84,1.44,1.28,1.2,0.4
-1.397e-01,100,106,90,94,1.6,1.84,1.2,1.6
-1.395e-01,104,100,90,88,1.76,1.6,1.2,0.8
-1.393e-01,106,110,92,96,1.92,2.16,1.2,2
-1.391e-01,106,100,94,90,2.08,1.92,1.2,0.8
-1.389e-01,106,110,96,98,2.24,2.4,1.6,2
-1.387e-01,104,98,94,90,2.4,2.16,1.6,1.2
-1.385e-01,104,108,94,98,2.48,2.64,1.6,2
-1.383e-01,102,94,94,86,2.56,2.4,1.6,1.2
-1.381e-01,102,106,90,94,2.64,2.8,1.6,2.4
-1.379e-01,98,90,88,82,2.72,2.56,1.6,1.2
-1.378e-01,94,102,86,90,2.8,2.88,2,2.4
-1.376e-01,94,84,84,76,2.88,2.72,1.6,1.2
-1.374e-01,92,96,82,86,2.96,3.04,2,2.4
-1.372e-01,88,78,80,72,2.96,2.8,1.6,1.2
-1.370e-01,86,92,76,82,2.96,3.12,1.6,2.4
-1.368e-01,82,72,74,66,3.12,2.88,2,1.6
-1.366e-01,80,86,74,76,3.12,3.2,2,2.4
-1.364e-01,76,64,68,60,3.12,2.96,2,1.6
-1.362e-01,72,78,64,70,3.2,3.28,2,2.4
-1.360e-01,68,54,62,50,3.2,2.96,2,1.2
-1.358e-01,62,70,56,64,3.12,3.28,2,2.4
-1.356e-01,54,40,54,40,3.12,2.88,1.6,1.2
-1.355e-01,50,60,48,54,3.12,3.2,1.6,2.4
-1.353e-01,42,26,42,26,3.04,2.72,1.6,1.2
-1.351e-01,36,46,36,44,2.96,3.12,1.6,2.4
-1.349e-01,28,14,28,16,2.88,2.48,1.2,1.2
-1.347e-01,24,34,22,30,2.72,2.96,1.6,2
-1.345e-01,18,2,16,4,2.64,2.24,1.6,0.8
-1.343e-01,10,20,12,18,2.56,2.72,1.2,2
-1.341e-01,6,-10,6,-6,2.4,2.08,1.2,0.8
-1.339e-01,-2,10,4.47035e-08,8,2.32,2.48,1.2,2
-1.337e-01,-6,-20,-4,-16,2.24,1.76,1.2,0.4
-1.335e-01,-12,-2,-8,-2,2.08,2.24,0.8,1.6
-1.333e-01,-18,-32,-14,-26,1.92,1.44,0.8,0.4
-1.331e-01,-24,-14,-20,-12,1.76,2,0.8,1.6
-1.330e-01,-30,-44,-24,-38,1.6,1.12,0.8,1.78814e-08
-1.328e-01,-34,-26,-30,-22,1.44,1.68,0.4,1.2
-1.326e-01,-40,-56,-36,-48,1.28,0.8,0.4,-0.4
-1.324e-01,-48,-36,-40,-32,1.04,1.28,0.4,0.8
-1.322e-01,-52,-66,-46,-58,0.88,0.4,1.78814e-08,-0.4
-1.320e-01,-58,-50,-52,-44,0.64,0.96,0.4,0.8
-1.318e-01,-64,-76,-58,-68,0.48,3.57628e-09,1.78814e-08,-0.8
-1.316e-01,-68,-60,-62,-54,0.32,0.56,1.78814e-08,0.4
-1.314e-01,-74,-86,-66,-76,0.08,-0.4,-0.4,-0.8
-1.312e-01,-78,-70,-70,-64,-0.08,0.16,-0.8,1.78814e-08
-1.310e-01,-82,-92,-74,-84,-0.32,-0.72,-0.4,-1.2
-1.308e-01,-86,-78,-78,-72,-0.48,-0.24,-0.4,1.78814e-08
-1.307e-01,-90,-98,-82,-88,-0.64,-1.04,-0.8,-1.6
-1.305e-01,-92,-86,-84,-80,-0.8,-0.56,-0.8,-0.4
-1.303e-01,-94,-104,-86,-94,-0.96,-1.44,-0.8,-1.6
-1.301e-01,-96,-90,-88,-84,-1.12,-0.88,-1.2,-0.4
-1.299e-01,-102,-108,-92,-98,-1.36,-1.76,-1.2,-2
-1.297e-01,-104,-96,-94,-90,-1.44,-1.28,-1.2,-0.8
-1.295e-01,-104,-110,-96,-100,-1.68,-2.08,-1.2,-2
-1.293e-01,-106,-100,-98,-92,-1.84,-1.6,-1.6,-0.8
-1.291e-01,-106,-112,-98,-102,-1.92,-2.32,-1.6,-2
-1.289e-01,-108,-102,-100,-96,-2.16,-1.92,-1.6,-1.2
-1.287e-01,-106,-110,-98,-102,-2.24,-2.56,-1.6,-2.4
-1.285e-01,-104,-100,-98,-94,-2.32,-2.16,-2,-1.2
-1.283e-01,-102,-108,-98,-100,-2.48,-2.8,-2,-2.4
-1.282e-01,-104,-96,-96,-92,-2.56,-2.4,-2,-1.2
-1.280e-01,-100,-104,-94,-96,-2.64,-2.88,-2,-2.4
-1.278e-01,-96,-92,-92,-88,-2.72,-2.56,-2,-1.2
-1.276e-01,-96,-98,-90,-90,-2.8,-3.04,-2,-2.4
-1.274e-01,-92,-86,-86,-82,-2.88,-2.72,-2,-1.6
-1.272e-01,-88,-92,-84,-86,-2.88,-3.12,-2,-2.4
-1.270e-01,-88,-80,-80,-78,-2.96,-2.8,-2.4,-1.6
-1.268e-01,-84,-88,-80,-82,-3.04,-3.2,-2,-2.8
-1.266e-01,-80,-74,-76,-72,-3.04,-2.88,-2,-1.6
-1.264e-01,-76,-80,-72,-76,-3.04,-3.2,-2,-2.8
-1.262e-01,-74,-66,-70,-64,-3.04,-2.96,-2,-1.6
-1.260e-01,-68,-72,-66,-68,-3.12,-3.2,-2,-2.8
-1.259e-01,-64,-56,-62,-56,-3.12,-2.96,-2,-1.6
-1.257e-01,-58,-62,-58,-60,-3.04,-3.2,-2,-2.4
-1.255e-01,-52,-42,-52,-44,-3.04,-2.88,-2,-1.6
-1.253e-01,-46,-50,-46,-48,-2.96,-3.04,-2,-2.4
-1.251e-01,-38,-30,-40,-32,-2.88,-2.72,-2,-1.2
-1.249e-01,-34,-36,-34,-36,-2.72,-2.88,-1.6,-2.4
-1.247e-01,-26,-16,-28,-20,-2.64,-2.48,-2,-1.2
-1.245e-01,-18,-24,-22,-24,-2.56,-2.72,-1.6,-2
-1.243e-01,-14,-6,-16,-8,-2.48,-2.32,-1.6,-1.2
-1.241e-01,-8,-12,-10,-14,-2.32,-2.48,-1.6,-2
-1.239e-01,-2,6,-6,2,-2.24,-2.08,-1.6,-0.8
-1.237e-01,4,4.47035e-08,4.47035e-08,-2,-2.16,-2.24,-1.6,-2
-1.235e-01,8,18,4,10,-2,-1.76,-1.6,-0.8
-1.234e-01,14,10,8,8,-1.84,-1.92,-1.2,-1.6
-1.232e-01,20,30,14,20,-1.68,-1.52,-1.2,-0.4
-1.230e-01,26,22,18,16,-1.52,-1.68,-1.2,-1.6
-1.228e-01,34,42,24,32,-1.36,-1.12,-0.8,1.78814e-08
-1.226e-01,40,36,30,28,-1.2,-1.28,-0.8,-1.2
-1.224e-01,44,54,36,42,-1.04,-0.8,-0.8,1.78814e-08
-1.222e-01,52,48,42,38,-0.8,-0.96,-0.4,-0.8
-1.220e-01,56,64,46,54,-0.64,-0.4,-0.4,0.4
-1.218e-01,62,58,50,50,-0.4,-0.56,1.78814e-08,-0.8
-1.216e-01,66,74,56,62,-0.24,3.57628e-09,1.78814e-08,0.4
-1.214e-01,72,68,60,58,3.57628e-09,-0.16,1.78814e-08,-0.4
-1.212e-01,76,84,64,72,0.16,0.4,1.78814e-08,0.8
-1.211e-01,82,78,70,68,0.32,0.24,0.4,-0.4
-1.209e-01,84,90,72,78,0.48,0.72,0.4,0.8
-1.207e-01,86,84,76,74,0.72,0.56,0.4,1.78814e-08
-1.205e-01,90,96,80,84,0.88,1.12,0.8,1.2
-1.203e-01,94,90,82,80,1.04,0.88,0.8,0.4
-1.201e-01,96,102,84,88,1.2,1.44,0.8,1.6
-1.199e-01,100,96,86,84,1.36,1.28,1.2,0.4
-1.197e-01,102,106,88,92,1.52,1.76,1.2,1.6
-1.195e-01,104,100,92,88,1.68,1.52,1.2,0.8
-1.193e-01,106,108,92,96,1.92,2.08,1.2,2
-1.191e-01,106,100,94,92,2,1.92,1.2,0.8
-1.189e-01,106,110,94,98,2.16,2.4,1.2,2
-1.187e-01,104,98,94,90,2.32,2.16,1.2,0.8
-1.186e-01,104,108,94,98,2.48,2.64,1.6,2
-1.184e-01,102,94,92,86,2.56,2.4,1.6,1.2
-1.182e-01,100,106,90,94,2.64,2.8,1.6,2
-1.180e-01,98,90,88,82,2.72,2.56,1.6,1.2
-1.178e-01,94,102,88,92,2.8,2.88,1.6,2.4
-1.176e-01,92,86,84,78,2.88,2.72,2,1.2
-1.174e-01,92,96,82,86,2.96,3.04,1.6,2.4
-1.172e-01,88,80,80,72,2.96,2.8,2,1.2
-1.170e-01,84,92,76,82,3.04,3.12,2,2.4
-1.168e-01,84,72,74,68,3.04,2.88,2,1.6
-1.166e-01,80,86,72,78,3.12,3.2,2,2.4
-1.164e-01,76,66,70,60,3.2,2.96,2,1.2
-1.163e-01,72,80,66,72,3.12,3.2,1.6,2.4
-1.161e-01,68,54,62,52,3.2,2.96,2,1.2
-1.159e-01,62,72,58,64,3.12,3.28,1.6,2.4
-1.157e-01,56,42,54,40,3.12,2.88,2,1.2
-1.155e-01,52,60,48,56,3.12,3.2,1.6,2.4
-1.153e-01,44,28,42,28,3.04,2.72,1.6,1.2
-1.151e-01,40,48,36,44,2.96,3.12,1.6,2.4
-1.149e-01,30,16,30,16,2.88,2.48,1.6,1.2
-1.147e-01,24,34,24,32,2.8,2.96,1.6,2
-1.145e-01,18,4,18,6,2.72,2.32,1.2,0.8
-1.143e-01,14,22,12,20,2.56,2.72,1.2,2
-1.141e-01,8,-8,6,-4,2.48,2.08,1.2,0.8
-1.139e-01,2,10,2,10,2.4,2.56,1.2,2
-1.138e-01,-4,-18,-2,-14,2.24,1.84,1.2,0.4
-1.136e-01,-10,-2,-8,4.47035e-08,2.08,2.32,1.2,1.6
-1.134e-01,-16,-30,-14,-24,1.92,1.44,0.8,0.4
-1.132e-01,-22,-12,-16,-10,1.84,2,0.8,1.6
-1.130e-01,-28,-42,-22,-36,1.68,1.2,0.8,1.78814e-08
-1.128e-01,-34,-24,-28,-20,1.44,1.76,0.8,1.2
-1.126e-01,-40,-54,-34,-46,1.28,0.8,0.4,1.78814e-08
-1.124e-01,-46,-36,-40,-32,1.12,1.36,0.4,0.8
-1.122e-01,-52,-64,-44,-58,0.88,0.48,0.4,-0.4
-1.120e-01,-58,-48,-50,-42,0.72,0.96,1.78814e-08,0.8
-1.118e-01,-62,-74,-56,-66,0.56,0.08,1.78814e-08,-0.8
-1.116e-01,-68,-58,-60,-54,0.32,0.56,1.78814e-08,0.4
-1.115e-01,-72,-84,-66,-76,0.16,-0.32,1.78814e-08,-1.2
-1.113e-01,-78,-68,-70,-62,-0.08,0.24,-0.4,1.78814e-08
-1.111e-01,-82,-92,-74,-82,-0.24,-0.72,-0.8,-1.2
-1.109e-01,-86,-78,-78,-72,-0.4,-0.16,-0.4,1.78814e-08
-1.107e-01,-88,-98,-80,-88,-0.64,-1.04,-0.8,-1.6
-1.105e-01,-92,-84,-84,-78,-0.72,-0.56,-1.2,-0.4
-1.103e-01,-94,-102,-86,-92,-0.96,-1.36,-1.2,-1.6
-1.101e-01,-98,-90,-88,-84,-1.12,-0.88,-1.2,-0.4
-1.099e-01,-98,-108,-90,-98,-1.28,-1.76,-0.8,-2
-1.097e-01,-102,-96,-92,-88,-1.44,-1.2,-1.2,-0.8
-1.095e-01,-106,-110,-96,-100,-1.6,-2.08,-1.6,-2
-1.093e-01,-106,-100,-96,-92,-1.76,-1.52,-1.6,-0.8
-1.091e-01,-108,-110,-98,-102,-1.92,-2.32,-1.6,-2
-1.090e-01,-108,-102,-98,-96,-2.08,-1.84,-1.6,-1.2
-1.088e-01,-108,-110,-100,-102,-2.24,-2.56,-1.6,-2.4
-1.086e-01,-104,-100,-100,-94,-2.32,-2.16,-2,-1.2
-1.084e-01,-104,-108,-98,-100,-2.48,-2.72,-1.6,-2.4
-1.082e-01,-102,-96,-96,-90,-2.48,-2.4,-2,-1.2
-1.080e-01,-100,-104,-94,-96,-2.64,-2.88,-2,-2.4
-1.078e-01,-100,-92,-92,-88,-2.64,-2.56,-2,-1.6
-1.076e-01,-96,-100,-90,-92,-2.8,-3.04,-2,-2.4
-1.074e-01,-92,-86,-88,-82,-2.8,-2.72,-2,-1.6
-1.072e-01,-90,-94,-86,-86,-2.96,-3.12,-2,-2.4
-1.070e-01,-90,-80,-82,-78,-2.96,-2.8,-2,-1.6
-1.068e-01,-86,-88,-80,-82,-2.96,-3.2,-2,-2.8
-1.066e-01,-82,-74,-78,-72,-3.04,-2.96,-2,-1.6
-1.065e-01,-78,-82,-74,-76,-3.04,-3.2,-2.4,-2.8
-1.063e-01,-74,-64,-72,-66,-3.04,-2.96,-2,-1.6
-1.061e-01,-70,-74,-68,-70,-3.04,-3.2,-2.4,-2.8
-1.059e-01,-66,-56,-64,-58,-3.04,-2.96,-2,-1.6
-1.057e-01,-60,-64,-60,-62,-3.04,-3.2,-2,-2.4
-1.055e-01,-54,-44,-54,-46,-3.04,-2.88,-2,-1.6
-1.053e-01,-48,-50,-48,-50,-2.96,-3.04,-2,-2.4
-1.051e-01,-40,-30,-42,-34,-2.88,-2.72,-2,-1.2
-1.049e-01,-34,-38,-36,-38,-2.8,-2.96,-1.6,-2.4
-1.047e-01,-28,-18,-28,-22,-2.72,-2.56,-2,-1.2
-1.045e-01,-20,-24,-22,-26,-2.56,-2.72,-1.6,-2
-1.043e-01,-16,-6,-18,-10,-2.48,-2.32,-2,-1.2
-1.042e-01,-10,-12,-12,-14,-2.4,-2.48,-1.6,-2
-1.040e-01,-4,6,-8,4.47035e-08,-2.24,-2.08,-1.6,-0.8
-1.038e-01,2,-2,-2,-4,-2.16,-2.24,-1.6,-2
-1.036e-01,6,16,2,10,-2.08,-1.84,-1.6,-0.8
-1.034e-01,12,10,8,6,-1.84,-2,-1.2,-1.6
-1.032e-01,18,28,12,20,-1.76,-1.52,-1.2,-0.4
-1.030e-01,26,22,18,16,-1.52,-1.68,-1.2,-1.6
-1.028e-01,32,40,24,30,-1.44,-1.2,-0.8,-0.4
-1.026e-01,36,34,28,26,-1.2,-1.36,-0.8,-1.2
-1.024e-01,44,52,36,42,-1.04,-0.8,-0.4,1.78814e-08
-1.022e-01,46,46,40,38,-0.88,-0.96,-0.4,-0.8
-1.020e-01,56,64,44,52,-0.64,-0.48,-0.4,0.4
-1.018e-01,60,56,50,48,-0.48,-0.56,1.78814e-08,-0.8
-1.017e-01,64,74,56,62,-0.32,-0.08,1.78814e-08,0.4
-1.015e-01,70,68,60,58,-0.08,-0.16,1.78814e-08,-0.4
-1.013e-01,76,82,64,70,0.08,0.32,1.78814e-08,0.8
-1.011e-01,80,76,68,66,0.24,0.16,0.4,-0.4
-1.009e-01,84,90,72,78,0.4,0.72,0.4,0.8
-1.007e-01,86,84,76,74,0.64,0.56,0.4,1.78814e-08
-1.005e-01,90,96,78,84,0.8,1.04,0.8,1.2
-1.003e-01,92,90,82,80,0.96,0.88,0.8,0.4
-1.001e-01,96,102,84,88,1.2,1.36,0.8,1.6
-9.993e-02,96,94,84,84,1.36,1.2,1.2,0.4
-9.974e-02,100,106,90,92,1.52,1.76,1.2,1.6
-9.955e-02,102,98,90,88,1.68,1.52,1.2,0.8
-9.935e-02,104,108,92,96,1.84,2.08,1.2,2
-9.916e-02,104,100,94,92,2,1.84,1.6,0.8
-9.897e-02,104,110,96,98,2.16,2.32,1.2,2
-9.878e-02,106,100,96,90,2.32,2.16,1.6,0.8
-9.859e-02,106,108,94,98,2.4,2.56,1.6,2
-9.839e-02,102,96,94,88,2.48,2.32,1.6,1.2
-9.820e-02,102,106,92,96,2.56,2.72,1.6,2
-9.801e-02,98,92,90,84,2.72,2.56,1.6,1.2
-9.782e-02,96,102,86,92,2.8,2.88,1.6,2.4
-9.763e-02,94,86,84,78,2.8,2.72,2,1.2
-9.743e-02,92,98,84,88,2.88,3.04,1.6,2.4
-9.724e-02,90,80,80,74,2.96,2.8,2,1.2
-9.705e-02,86,92,78,82,3.04,3.12,2,2.4
-9.686e-02,84,74,76,68,3.04,2.88,1.6,1.6
-9.667e-02,82,86,74,78,3.12,3.2,2,2.4
-9.647e-02,78,66,72,62,3.12,2.96,2,1.6
-9.628e-02,74,80,66,72,3.12,3.28,2,2.4
-9.609e-02,70,56,62,52,3.12,2.96,2,1.2
-9.590e-02,64,72,60,66,3.2,3.28,1.6,2.4
-9.571e-02,60,44,54,42,3.2,2.88,2,1.2
-9.551e-02,52,62,50,56,3.12,3.2,1.6,2.4
-9.532e-02,48,30,44,30,3.12,2.72,1.6,1.2
-9.513e-02,40,50,40,46,3.04,3.12,1.6,2.4
-9.494e-02,32,18,32,18,2.88,2.56,1.6,1.2
-9.475e-02,24,36,26,34,2.8,2.96,1.6,2
-9.455e-02,22,6,20,6,2.72,2.32,1.6,0.8
-9.436e-02,14,24,14,22,2.56,2.8,1.2,2
-9.417e-02,8,-6,8,-4,2.48,2.08,1.2,0.8
-9.398e-02,4,12,2,10,2.4,2.56,1.2,2
-9.378e-02,-4,-18,-2,-14,2.32,1.84,1.2,0.4
-9.359e-02,-10,4.47035e-08,-8,4.47035e-08,2.16,2.32,1.2,1.6
-9.340e-02,-14,-28,-12,-24,2,1.52,0.8,0.4
-9.321e-02,-20,-10,-16,-10,1.84,2.08,0.8,1.6
-9.302e-02,-26,-42,-22,-34,1.68,1.2,0.8,1.78814e-08
-9.282e-02,-34,-22,-26,-20,1.52,1.76,0.8,1.2
-9.263e-02,-38,-54,-32,-46,1.28,0.88,0.4,1.78814e-08
-9.244e-02,-44,-34,-38,-30,1.12,1.44,0.4,0.8
-9.225e-02,-50,-64,-44,-56,0.88,0.48,0.4,-0.4
-9.206e-02,-56,-46,-48,-42,0.8,1.04,0.4,0.8
-9.186e-02,-62,-74,-54,-66,0.56,0.08,1.78814e-08,-0.8
-9.167e-02,-66,-58,-60,-52,0.32,0.64,1.78814e-08,0.4
-9.148e-02,-70,-84,-64,-74,0.16,-0.24,1.78814e-08,-0.8
-9.129e-02,-74,-68,-68,-62,3.57628e-09,0.24,-0.4,0.4
-9.110e-02,-82,-90,-72,-82,-0.16,-0.64,-0.4,-1.2
-9.090e-02,-84,-76,-76,-70,-0.4,-0.16,-0.4,1.78814e-08
-9.071e-02,-88,-96,-80,-88,-0.56,-1.04,-0.8,-1.2
-9.052e-02,-92,-84,-84,-78,-0.72,-0.48,-0.8,-0.4
-9.033e-02,-94,-102,-86,-92,-0.96,-1.36,-0.8,-1.6
-9.014e-02,-96,-90,-88,-84,-1.12,-0.88,-1.2,-0.4
-8.994e-02,-98,-106,-90,-96,-1.28,-1.68,-1.2,-2
-8.975e-02,-102,-96,-92,-88,-1.36,-1.2,-1.2,-0.8
-8.956e-02,-104,-110,-94,-100,-1.52,-2,-1.2,-2
-8.937e-02,-106,-100,-98,-92,-1.76,-1.52,-1.6,-0.8
-8.918e-02,-106,-110,-98,-102,-1.84,-2.32,-1.6,-2
-8.898e-02,-108,-102,-98,-96,-2.08,-1.84,-1.6,-1.2
-8.879e-02,-106,-110,-98,-102,-2.16,-2.56,-1.6,-2.4
-8.860e-02,-106,-100,-98,-96,-2.24,-2.16,-2,-1.2
-8.841e-02,-104,-108,-98,-100,-2.4,-2.72,-2,-2.4
-8.822e-02,-102,-96,-96,-92,-2.56,-2.32,-1.6,-1.2
-8.802e-02,-102,-104,-94,-96,-2.56,-2.88,-2,-2.4
-8.783e-02,-98,-92,-90,-88,-2.64,-2.48,-2,-1.2
-8.764e-02,-96,-100,-90,-92,-2.72,-2.96,-2,-2.4
-8.745e-02,-94,-86,-88,-84,-2.8,-2.64,-2,-1.6
-8.726e-02,-92,-94,-86,-88,-2.88,-3.12,-2,-2.4
-8.706e-02,-88,-82,-82,-78,-2.96,-2.8,-2.4,-1.6
-8.687e-02,-84,-88,-80,-82,-2.96,-3.12,-2,-2.4
-8.668e-02,-82,-76,-78,-74,-3.04,-2.88,-2.4,-1.6
-8.649e-02,-78,-82,-76,-76,-3.04,-3.2,-2,-2.8
-8.630e-02,-76,-68,-72,-66,-3.04,-2.96,-2,-1.6
-8.610e-02,-70,-74,-68,-70,-3.12,-3.2,-2,-2.4
-8.591e-02,-66,-58,-64,-58,-3.04,-3.04,-2,-1.6
-8.572e-02,-62,-64,-60,-62,-3.04,-3.2,-2,-2.4
-8.553e-02,-56,-46,-54,-48,-3.04,-2.96,-2,-1.6
-8.534e-02,-50,-52,-50,-52,-3.04,-3.12,-2,-2.4
-8.514e-02,-42,-32,-42,-34,-2.88,-2.8,-2,-1.2
-8.495e-02,-36,-40,-36,-38,-2.88,-2.96,-2,-2.4
-8.476e-02,-28,-20,-30,-22,-2.72,-2.56,-1.6,-1.2
-8.457e-02,-24,-26,-24,-26,-2.56,-2.72,-2,-2
-8.438e-02,-16,-8,-18,-12,-2.56,-2.32,-1.6,-1.2
-8.418e-02,-10,-14,-12,-16,-2.4,-2.56,-1.6,-2
-8.399e-02,-6,4,-8,-2,-2.32,-2.16,-1.6,-0.8
-8.380e-02,4.47035e-08,-2,-4,-6,-2.16,-2.32,-1.6,-2
-8.361e-02,4,14,2,8,-2.08,-1.84,-1.6,-0.8
-8.342e-02,12,8,8,4,-1.92,-2,-1.2,-1.6
-8.322e-02,16,26,12,18,-1.76,-1.6,-1.2,-0.4
-8.303e-02,24,20,16,14,-1.68,-1.76,-1.2,-1.6
-8.284e-02,30,38,24,30,-1.44,-1.28,-0.8,-0.4
-8.265e-02,36,32,28,26,-1.28,-1.36,-0.8,-1.2
-8.246e-02,44,50,32,40,-1.12,-0.88,-0.8,1.78814e-08
-8.226e-02,48,44,40,36,-0.88,-1.04,-0.8,-0.8
-8.207e-02,52,62,44,50,-0.72,-0.48,-0.4,0.4
-8.188e-02,58,56,50,46,-0.56,-0.64,-0.4,-0.8
-8.169e-02,64,72,54,60,-0.32,-0.08,-0.4,0.4
-8.150e-02,70,66,58,56,-0.16,-0.24,1.78814e-08,-0.4
-8.130e-02,74,82,62,70,3.57628e-09,0.24,1.78814e-08,0.8
-8.111e-02,78,74,66,66,0.24,0.16,0.4,-0.4
-8.092e-02,84,90,72,78,0.4,0.64,0.4,0.8
-8.073e-02,86,82,76,72,0.64,0.48,0.4,1.78814e-08
-8.054e-02,90,96,78,82,0.8,1.04,0.8,1.2
-8.034e-02,92,90,80,78,0.96,0.8,0.8,0.4
-8.015e-02,98,100,82,88,1.12,1.36,0.8,1.6
-7.996e-02,98,94,84,84,1.28,1.12,0.8,0.4
-7.977e-02,100,106,86,92,1.44,1.68,0.8,1.6
-7.958e-02,102,98,90,88,1.68,1.44,1.2,0.8
-7.938e-02,104,108,92,96,1.84,2.08,1.2,2
-7.919e-02,106,102,94,90,2,1.84,1.2,0.8
-7.900e-02,106,110,96,98,2.16,2.32,1.6,2
-7.881e-02,106,100,94,92,2.32,2.08,1.2,0.8
-7.862e-02,104,110,94,98,2.4,2.56,1.6,2
-7.842e-02,104,96,94,88,2.48,2.32,1.6,1.2
-7.823e-02,102,106,92,96,2.56,2.72,1.6,2
-7.804e-02,100,92,90,84,2.64,2.48,1.6,1.2
-7.785e-02,98,102,88,92,2.72,2.88,1.6,2.4
-7.766e-02,96,86,86,80,2.8,2.64,1.6,1.2
-7.746e-02,92,98,84,88,2.88,3.04,1.6,2.4
-7.727e-02,90,82,82,74,2.96,2.8,1.6,1.2
-7.708e-02,86,94,78,84,2.96,3.12,1.6,2.4
-7.689e-02,84,74,76,68,3.04,2.88,2,1.2
-7.670e-02,82,88,74,78,3.12,3.2,2,2.4
-7.650e-02,78,68,72,62,3.12,2.96,2,1.6
-7.631e-02,74,80,68,72,3.12,3.2,2,2.4
-7.612e-02,72,58,64,54,3.12,2.96,2,1.2
-7.593e-02,66,72,60,66,3.12,3.2,2,2.4
-7.574e-02,60,46,56,44,3.12,2.88,1.6,1.2
-7.554e-02,54,64,52,58,3.12,3.2,2,2.4
-7.535e-02,48,32,46,32,3.04,2.8,1.6,1.2
-7.516e-02,42,52,40,48,3.04,3.2,1.6,2.4
-7.497e-02,34,18,34,18,2.96,2.56,1.6,1.2
-7.478e-02,28,38,28,36,2.8,3.04,1.2,2
-7.458e-02,20,6,22,8,2.72,2.32,1.2,0.8
-7.439e-02,14,26,14,22,2.64,2.8,1.6,2
-7.420e-02,10,-6,10,-2,2.56,2.16,1.2,0.8
-7.401e-02,4,14,4,12,2.4,2.56,1.2,2
-7.382e-02,-2,-16,-2,-12,2.24,1.84,1.2,0.4
-7.362e-02,-8,2,-6,2,2.16,2.4,1.2,2
-7.343e-02,-12,-28,-10,-22,2,1.6,1.2,0.4
-7.324e-02,-18,-10,-16,-8,1.92,2.08,0.8,1.6
-7.305e-02,-24,-40,-20,-32,1.76,1.28,0.8,1.78814e-08
-7.286e-02,-30,-22,-26,-18,1.6,1.76,0.8,1.2
-7.266e-02,-36,-52,-32,-44,1.44,0.88,0.4,1.78814e-08
-7.247e-02,-42,-34,-38,-30,1.2,1.44,0.4,1.2
-7.228e-02,-50,-62,-42,-56,1.04,0.48,0.4,-0.4
-7.209e-02,-56,-46,-48,-40,0.8,1.12,1.78814e-08,0.8
-7.190e-02,-60,-72,-54,-64,0.56,0.16,1.78814e-08,-0.8
-7.170e-02,-66,-56,-58,-50,0.4,0.72,1.78814e-08,0.4
-7.151e-02,-70,-82,-64,-74,0.16,-0.24,-0.4,-0.8
-7.132e-02,-76,-66,-68,-60,0.08,0.32,-0.4,0.4
-7.113e-02,-80,-90,-72,-80,-0.16,-0.64,-0.4,-1.2
-7.094e-02,-84,-76,-76,-70,-0.32,-0.08,-0.8,1.78814e-08
-7.074e-02,-86,-96,-78,-86,-0.56,-0.96,-0.8,-1.2
-7.055e-02,-90,-84,-82,-78,-0.72,-0.48,-0.8,1.78814e-08
-7.036e-02,-94,-102,-84,-92,-0.88,-1.28,-0.8,-1.6
-7.017e-02,-96,-90,-88,-82,-1.04,-0.8,-1.2,-0.4
-6.998e-02,-100,-106,-90,-96,-1.2,-1.6,-1.2,-1.6
-6.978e-02,-100,-94,-92,-88,-1.36,-1.2,-1.2,-0.8
-6.959e-02,-104,-110,-94,-100,-1.52,-1.92,-1.2,-2
-6.940e-02,-106,-98,-96,-92,-1.68,-1.44,-1.6,-0.8
-6.921e-02,-108,-110,-98,-102,-1.84,-2.24,-1.6,-2
-6.902e-02,-106,-102,-98,-96,-2,-1.84,-1.6,-1.2
-6.882e-02,-106,-110,-100,-102,-2.16,-2.56,-1.6,-2
-6.863e-02,-106,-100,-98,-96,-2.32,-2.08,-1.6,-1.2
-6.844e-02,-106,-108,-98,-100,-2.4,-2.72,-1.6,-2.4
-6.825e-02,-104,-98,-96,-92,-2.48,-2.32,-2,-1.2
-6.806e-02,-102,-104,-94,-96,-2.56,-2.88,-2,-2.4
-6.786e-02,-98,-92,-94,-88,-2.64,-2.48,-2,-1.2
-6.767e-02,-96,-100,-90,-92,-2.72,-2.96,-2,-2.4
-6.748e-02,-94,-88,-88,-84,-2.8,-2.64,-2,-1.6
-6.729e-02,-92,-94,-86,-88,-2.88,-3.12,-2.4,-2.4
-6.710e-02,-90,-82,-82,-80,-2.88,-2.8,-2,-1.6
-6.690e-02,-88,-90,-80,-84,-2.96,-3.12,-2,-2.8
-6.671e-02,-84,-76,-78,-74,-2.96,-2.88,-2,-1.6
-6.652e-02,-80,-84,-76,-78,-3.04,-3.2,-2,-2.8
-6.633e-02,-76,-68,-72,-66,-3.04,-2.96,-2,-1.6
-6.614e-02,-70,-76,-68,-72,-3.04,-3.2,-2.4,-2.8
-6.594e-02,-68,-58,-66,-58,-3.12,-2.96,-2,-1.6
-6.575e-02,-62,-66,-62,-64,-3.12,-3.2,-2,-2.4
-6.556e-02,-58,-48,-56,-50,-3.04,-2.96,-2,-1.6
-6.537e-02,-50,-54,-50,-52,-2.96,-3.12,-2,-2.4
-6.518e-02,-44,-34,-44,-36,-2.96,-2.8,-2,-1.2
-6.498e-02,-36,-42,-38,-40,-2.88,-2.96,-2,-2.4
-6.479e-02,-30,-20,-32,-24,-2.72,-2.56,-1.6,-1.2
-6.460e-02,-24,-28,-26,-28,-2.64,-2.8,-1.6,-2
-6.441e-02,-20,-8,-20,-12,-2.56,-2.4,-1.6,-1.2
-6.422e-02,-12,-16,-14,-16,-2.48,-2.56,-1.6,-2
-6.402e-02,-8,2,-8,-2,-2.32,-2.16,-1.6,-0.8
-6.383e-02,4.47035e-08,-4,-4,-6,-2.24,-2.32,-1.6,-2
-6.364e-02,4,14,4.47035e-08,8,-2.16,-1.92,-1.2,-0.8
-6.345e-02,10,8,6,4,-2,-2.08,-1.2,-1.6
-6.325e-02,18,26,12,18,-1.84,-1.6,-1.2,-0.4
-6.306e-02,20,18,16,14,-1.68,-1.76,-1.2,-1.6
-6.287e-02,28,38,20,28,-1.52,-1.28,-0.8,-0.4
-6.268e-02,34,32,26,24,-1.36,-1.44,-0.8,-1.2
-6.249e-02,40,50,32,38,-1.12,-0.88,-0.8,1.78814e-08
-6.229e-02,46,44,36,34,-0.96,-1.04,-0.8,-1.2
-6.210e-02,52,62,44,50,-0.8,-0.56,-0.4,1.78814e-08
-6.191e-02,58,54,48,46,-0.56,-0.72,-0.4,-0.8
-6.172e-02,62,72,54,60,-0.4,-0.16,-0.4,0.4
-6.153e-02,68,64,58,56,-0.24,-0.32,1.78814e-08,-0.4
-6.133e-02,74,82,62,68,-0.08,0.24,1.78814e-08,0.8
-6.114e-02,78,74,66,64,0.16,0.08,1.78814e-08,-0.4
-6.095e-02,82,88,72,76,0.4,0.64,1.78814e-08,0.8
-6.076e-02,84,82,74,72,0.56,0.48,0.4,1.78814e-08
-6.057e-02,88,94,78,82,0.72,0.96,0.4,1.2
-6.037e-02,92,88,80,78,0.96,0.8,0.8,1.78814e-08
-6.018e-02,94,100,82,86,1.12,1.28,0.8,1.2
-5.999e-02,98,94,84,82,1.28,1.12,0.8,0.4
-5.980e-02,100,104,86,90,1.44,1.68,1.2,1.6
-5.961e-02,100,98,88,86,1.6,1.44,1.2,0.8
-5.941e-02,104,108,92,96,1.84,2,1.2,2
-5.922e-02,104,102,92,90,1.92,1.76,1.2,0.8
-5.903e-02,106,110,94,98,2.08,2.32,1.2,2
-5.884e-02,106,100,96,92,2.24,2.08,1.2,0.8
-5.865e-02,106,110,94,98,2.4,2.56,1.6,2
-5.845e-02,104,96,94,88,2.48,2.32,1.6,1.2
-5.826e-02,102,108,92,96,2.56,2.72,1.6,2
-5.807e-02,100,92,90,84,2.64,2.48,1.6,1.2
-5.788e-02,98,104,88,92,2.72,2.88,1.6,2.4
-5.769e-02,96,88,86,80,2.8,2.64,1.6,1.2
-5.749e-02,94,98,84,88,2.88,3.04,2,2.4
-5.730e-02,90,82,82,74,2.96,2.8,2,1.2
-5.711e-02,88,94,80,84,2.96,3.12,1.6,2.4
-5.692e-02,86,74,76,70,3.04,2.88,2,1.6
-5.673e-02,82,88,74,78,3.12,3.2,1.6,2.4
-5.653e-02,78,68,72,64,3.12,2.96,2,1.2
-5.634e-02,74,82,68,74,3.2,3.2,2,2.4
-5.615e-02,72,58,66,54,3.2,2.96,2,1.2
-5.596e-02,66,74,60,66,3.12,3.28,2,2.4
-5.577e-02,62,46,58,44,3.12,2.96,1.6,1.2
-5.557e-02,56,66,52,58,3.12,3.2,1.6,2.4
-5.538e-02,50,34,46,34,3.12,2.8,2,1.2
-5.519e-02,42,52,40,48,3.04,3.2,1.6,2.4
-5.500e-02,36,20,34,20,2.96,2.56,1.6,1.2
-5.481e-02,30,40,28,36,2.88,3.04,1.6,2.4
-5.461e-02,22,8,22,8,2.72,2.4,1.6,0.8
-5.442e-02,14,28,16,24,2.64,2.8,1.6,2
-5.423e-02,10,-4,10,-2,2.56,2.16,1.6,0.8
-5.404e-02,4,14,4,12,2.4,2.64,1.2,2
-5.385e-02,4.47035e-08,-16,4.47035e-08,-12,2.32,1.92,1.2,0.8
-5.365e-02,-8,4,-4,2,2.16,2.4,1.2,1.6
-5.346e-02,-12,-26,-10,-20,2.08,1.6,1.2,0.4
-5.327e-02,-16,-8,-14,-8,1.84,2.16,0.8,1.6
-5.308e-02,-24,-40,-20,-32,1.76,1.28,0.8,1.78814e-08
-5.289e-02,-30,-20,-24,-18,1.6,1.84,0.8,1.2
-5.269e-02,-36,-50,-30,-42,1.44,0.96,0.4,-0.4
-5.250e-02,-42,-32,-34,-28,1.28,1.44,0.4,1.2
-5.231e-02,-48,-62,-42,-54,1.04,0.56,1.78814e-08,-0.4
-5.212e-02,-52,-44,-48,-40,0.88,1.12,1.78814e-08,0.8
-5.193e-02,-60,-72,-52,-64,0.64,0.16,1.78814e-08,-0.4
-5.173e-02,-64,-54,-56,-50,0.48,0.72,1.78814e-08,0.4
-5.154e-02,-68,-82,-62,-72,0.24,-0.16,-0.4,-0.8
-5.135e-02,-74,-64,-66,-58,0.08,0.32,-0.4,0.4
-5.116e-02,-78,-88,-70,-80,-0.16,-0.56,-0.4,-1.2
-5.097e-02,-82,-74,-74,-68,-0.32,-0.08,-0.4,1.78814e-08
-5.077e-02,-86,-96,-78,-86,-0.48,-0.88,-0.4,-1.2
-5.058e-02,-90,-82,-82,-76,-0.64,-0.4,-0.8,1.78814e-08
-5.039e-02,-92,-100,-84,-92,-0.8,-1.28,-0.8,-1.6
-5.020e-02,-94,-88,-86,-82,-1.04,-0.72,-1.2,-0.4
-5.001e-02,-98,-106,-88,-96,-1.2,-1.6,-1.2,-1.6
-4.981e-02,-102,-94,-92,-88,-1.36,-1.12,-1.2,-0.4
-4.962e-02,-102,-110,-94,-100,-1.52,-1.92,-1.2,-2
-4.943e-02,-104,-98,-96,-90,-1.68,-1.44,-1.2,-0.8
-4.924e-02,-106,-110,-98,-102,-1.84,-2.24,-1.6,-2
-4.905e-02,-108,-102,-98,-96,-2,-1.76,-1.6,-1.2
-4.885e-02,-108,-110,-100,-102,-2.16,-2.48,-1.6,-2.4
-4.866e-02,-106,-100,-100,-96,-2.24,-2.08,-1.6,-1.2
-4.847e-02,-106,-108,-98,-100,-2.4,-2.64,-2,-2.4
-4.828e-02,-104,-98,-96,-94,-2.48,-2.24,-2,-1.2
-4.809e-02,-102,-104,-96,-96,-2.56,-2.8,-2,-2.4
-4.789e-02,-100,-92,-92,-88,-2.64,-2.48,-2,-1.2
-4.770e-02,-98,-100,-90,-94,-2.72,-2.96,-2,-2.4
-4.751e-02,-94,-88,-88,-84,-2.8,-2.64,-2,-1.6
-4.732e-02,-92,-96,-86,-88,-2.88,-3.04,-2,-2.4
-4.713e-02,-90,-84,-84,-80,-2.88,-2.8,-2,-1.6
-4.693e-02,-88,-90,-82,-84,-2.96,-3.12,-2,-2.8
-4.674e-02,-82,-76,-80,-74,-3.04,-2.88,-2,-1.6
-4.655e-02,-82,-84,-76,-78,-3.04,-3.2,-2.4,-2.8
-4.636e-02,-78,-70,-74,-68,-3.04,-2.96,-2.4,-1.6
-4.617e-02,-70,-76,-70,-72,-3.04,-3.2,-2,-2.4
-4.597e-02,-68,-60,-66,-60,-3.04,-2.96,-2,-1.6
-4.578e-02,-66,-68,-62,-64,-3.04,-3.2,-2,-2.4
-4.559e-02,-60,-48,-58,-50,-3.12,-2.96,-2,-1.6
-4.540e-02,-52,-56,-52,-54,-2.96,-3.12,-2,-2.4
-4.521e-02,-44,-36,-48,-38,-2.88,-2.8,-2,-1.2
-4.501e-02,-38,-42,-40,-42,-2.88,-2.96,-2,-2.4
-4.482e-02,-32,-22,-34,-26,-2.8,-2.64,-1.6,-1.2
-4.463e-02,-24,-30,-28,-30,-2.72,-2.8,-2,-2
-4.444e-02,-20,-10,-22,-14,-2.56,-2.4,-1.6,-1.2
-4.425e-02,-14,-18,-16,-18,-2.48,-2.56,-1.6,-2
-4.405e-02,-6,2,-10,-4,-2.4,-2.16,-1.6,-0.8
-4.386e-02,-2,-6,-6,-8,-2.24,-2.4,-1.6,-2
-4.367e-02,2,12,4.47035e-08,6,-2.08,-1.92,-1.6,-0.8
-4.348e-02,8,6,4,2,-1.92,-2.08,-1.2,-1.6
-4.329e-02,16,24,10,16,-1.84,-1.68,-1.2,-0.4
-4.309e-02,20,16,14,12,-1.68,-1.84,-1.2,-1.6
-4.290e-02,26,36,18,26,-1.52,-1.36,-1.2,-0.4
-4.271e-02,30,30,24,22,-1.36,-1.52,-0.8,-1.2
-4.252e-02,40,48,32,38,-1.2,-0.96,-0.8,1.78814e-08
-4.233e-02,44,42,36,34,-1.04,-1.12,-0.8,-1.2
-4.213e-02,50,60,40,48,-0.88,-0.56,-0.4,1.78814e-08
-4.194e-02,58,52,48,44,-0.64,-0.72,-0.4,-0.8
-4.175e-02,60,70,50,58,-0.4,-0.24,-0.4,0.4
-4.156e-02,68,64,56,54,-0.24,-0.32,-0.4,-0.4
-4.137e-02,74,80,60,68,-0.08,0.16,1.78814e-08,0.8
-4.117e-02,76,72,66,64,0.08,3.57628e-09,1.78814e-08,-0.4
-4.098e-02,80,88,68,76,0.32,0.56,0.4,0.8
-4.079e-02,84,82,74,72,0.56,0.4,0.4,1.78814e-08
-4.060e-02,88,94,76,82,0.72,0.96,0.4,1.2
-4.041e-02,90,88,80,78,0.88,0.8,0.4,1.78814e-08
-4.021e-02,94,98,82,86,1.04,1.28,0.8,1.2
-4.002e-02,96,92,84,82,1.2,1.12,1.2,0.4
-3.983e-02,98,104,86,90,1.36,1.6,0.8,1.6
-3.964e-02,100,98,88,86,1.52,1.36,1.2,0.4
-3.945e-02,104,108,92,94,1.68,1.92,1.2,1.6
-3.925e-02,106,100,92,90,1.92,1.76,1.2,0.8
-3.906e-02,104,110,94,98,2.08,2.24,1.6,2
-3.887e-02,104,100,94,92,2.24,2,1.6,0.8
-3.868e-02,104,110,94,98,2.32,2.48,1.2,2
-3.849e-02,102,98,94,88,2.48,2.24,1.2,0.8
-3.829e-02,102,108,92,96,2.56,2.72,1.6,2
-3.810e-02,100,92,90,84,2.64,2.48,1.6,1.2
-3.791e-02,98,104,88,92,2.72,2.88,1.6,2.4
-3.772e-02,96,88,86,80,2.8,2.64,1.6,1.2
-3.753e-02,94,100,84,90,2.88,2.96,1.6,2.4
-3.733e-02,92,82,82,74,2.88,2.72,2,1.2
-3.714e-02,88,94,80,84,2.96,3.12,1.6,2.4
-3.695e-02,86,76,78,70,3.04,2.88,2,1.6
-3.676e-02,82,90,74,80,3.04,3.2,2,2.4
-3.657e-02,80,70,74,64,3.12,2.96,2,1.6
-3.637e-02,76,84,70,74,3.12,3.2,1.6,2.4
-3.618e-02,72,60,66,56,3.12,2.96,2,1.6
-3.599e-02,68,76,62,68,3.2,3.28,2,2.4
-3.580e-02,62,48,58,46,3.12,2.96,1.6,1.2
-3.561e-02,58,66,54,60,3.12,3.2,1.6,2.4
-3.541e-02,50,36,48,34,3.04,2.8,1.6,1.2
-3.522e-02,44,56,42,50,3.04,3.2,1.6,2.4
-3.503e-02,38,22,36,22,2.96,2.64,1.6,1.2
-3.484e-02,32,42,30,38,2.88,3.04,1.6,2
-3.465e-02,24,10,24,10,2.8,2.4,1.2,0.8
-3.445e-02,18,28,16,26,2.64,2.88,1.6,2
-3.426e-02,12,-2,12,4.47035e-08,2.56,2.16,1.2,0.8
-3.407e-02,8,16,6,14,2.48,2.64,1.2,2
-3.388e-02,4.47035e-08,-14,2,-10,2.32,1.92,1.2,0.8
-3.369e-02,-6,4,-2,4,2.24,2.4,1.2,2
-3.349e-02,-10,-24,-8,-20,2.08,1.6,1.2,0.4
-3.330e-02,-16,-8,-12,-6,1.92,2.16,0.8,1.6
-3.311e-02,-22,-36,-18,-30,1.84,1.36,0.8,0.4
-3.292e-02,-28,-18,-22,-16,1.68,1.84,0.8,1.2
-3.273e-02,-34,-50,-28,-42,1.52,0.96,0.8,1.78814e-08
-3.253e-02,-40,-30,-34,-26,1.28,1.52,0.4,1.2
-3.234e-02,-46,-60,-42,-52,1.12,0.64,0.4,-0.4
-3.215e-02,-52,-42,-46,-38,0.88,1.2,1.78814e-08,0.8
-3.196e-02,-58,-70,-50,-62,0.72,0.24,1.78814e-08,-0.8
-3.176e-02,-62,-54,-56,-48,0.48,0.8,1.78814e-08,0.8
-3.157e-02,-68,-80,-60,-72,0.32,-0.16,1.78814e-08,-0.8
-3.138e-02,-72,-64,-66,-58,0.08,0.4,-0.4,0.4
-3.119e-02,-76,-88,-70,-80,3.57628e-09,-0.48,-0.4,-1.2
-3.100e-02,-80,-74,-74,-68,-0.24,3.57628e-09,-0.4,1.78814e-08
-3.080e-02,-86,-96,-78,-86,-0.48,-0.88,-0.8,-1.2
-3.061e-02,-90,-82,-82,-76,-0.64,-0.4,-0.8,1.78814e-08
-3.042e-02,-92,-100,-84,-90,-0.8,-1.2,-1.2,-1.6
-3.023e-02,-96,-88,-86,-82,-0.96,-0.72,-1.2,-0.4
-3.004e-02,-96,-106,-88,-94,-1.12,-1.6,-1.2,-1.6
-2.984e-02,-100,-94,-92,-86,-1.28,-1.04,-1.2,-0.4
-2.965e-02,-102,-110,-92,-98,-1.44,-1.92,-1.2,-2
-2.946e-02,-104,-98,-96,-90,-1.6,-1.36,-1.6,-0.8
-2.927e-02,-106,-110,-96,-102,-1.76,-2.24,-1.6,-2
-2.908e-02,-106,-102,-100,-94,-1.92,-1.76,-1.6,-1.2
-2.888e-02,-106,-110,-100,-102,-2.08,-2.48,-1.6,-2.4
-2.869e-02,-106,-102,-100,-96,-2.24,-2,-1.6,-1.2
-2.850e-02,-106,-110,-98,-102,-2.32,-2.64,-1.6,-2.4
-2.831e-02,-104,-98,-98,-94,-2.4,-2.24,-2,-1.2
-2.812e-02,-102,-106,-96,-98,-2.56,-2.8,-2,-2.4
-2.792e-02,-100,-94,-94,-90,-2.64,-2.48,-2,-1.2
-2.773e-02,-98,-102,-90,-94,-2.64,-2.96,-2,-2.4
-2.754e-02,-96,-90,-90,-86,-2.8,-2.64,-2,-1.6
-2.735e-02,-92,-96,-88,-90,-2.8,-3.04,-2,-2.4
-2.716e-02,-90,-84,-84,-80,-2.88,-2.8,-2,-1.6
-2.696e-02,-88,-92,-82,-84,-2.96,-3.12,-2,-2.4
-2.677e-02,-86,-78,-80,-76,-3.04,-2.88,-2,-1.6
-2.658e-02,-80,-84,-76,-80,-3.04,-3.2,-2,-2.4
-2.639e-02,-80,-70,-74,-68,-3.12,-2.96,-2,-1.6
-2.620e-02,-74,-76,-72,-74,-3.04,-3.2,-2,-2.4
-2.600e-02,-70,-62,-68,-62,-3.04,-2.96,-2,-1.6
-2.581e-02,-64,-68,-64,-66,-3.04,-3.2,-2,-2.4
-2.562e-02,-60,-50,-60,-52,-3.04,-2.96,-2,-1.6
-2.543e-02,-54,-56,-52,-56,-3.04,-3.12,-2,-2.4
-2.524e-02,-48,-36,-48,-40,-2.96,-2.8,-2,-1.2
-2.504e-02,-42,-44,-42,-44,-2.88,-3.04,-2,-2.4
-2.485e-02,-34,-24,-34,-26,-2.8,-2.64,-1.6,-1.2
-2.466e-02,-26,-30,-30,-30,-2.72,-2.8,-1.6,-2.4
-2.447e-02,-20,-12,-22,-16,-2.56,-2.48,-1.6,-1.2
-2.428e-02,-16,-18,-18,-20,-2.48,-2.64,-1.6,-2
-2.408e-02,-10,4.47035e-08,-12,-4,-2.32,-2.24,-1.6,-1.2
-2.389e-02,-2,-6,-8,-8,-2.24,-2.4,-1.6,-2
-2.370e-02,2,10,-2,6,-2.16,-2,-1.6,-0.8
-2.351e-02,6,4,4,2,-2,-2.16,-1.6,-1.6
-2.332e-02,14,22,8,14,-1.92,-1.68,-1.2,-0.8
-2.312e-02,18,16,12,10,-1.76,-1.84,-1.2,-1.6
-2.293e-02,26,34,18,26,-1.6,-1.36,-0.8,-0.4
-2.274e-02,34,28,24,22,-1.36,-1.52,-0.8,-1.6
-2.255e-02,38,46,30,36,-1.28,-1.04,-0.8,1.78814e-08
-2.236e-02,44,40,34,32,-1.04,-1.2,-0.4,-1.2
-2.216e-02,50,58,40,48,-0.88,-0.64,-0.4,1.78814e-08
-2.197e-02,54,52,46,44,-0.64,-0.8,1.78814e-08,-0.8
-2.178e-02,62,68,50,58,-0.48,-0.24,1.78814e-08,0.4
-2.159e-02,66,62,56,52,-0.32,-0.4,1.78814e-08,-0.4
-2.140e-02,70,78,60,66,-0.08,0.16,1.78814e-08,0.4
-2.120e-02,76,72,64,62,0.08,3.57628e-09,0.4,-0.4
-2.101e-02,80,86,68,74,0.24,0.56,0.4,0.8
-2.082e-02,82,80,72,70,0.48,0.4,0.4,1.78814e-08
-2.063e-02,88,94,76,80,0.64,0.88,0.4,1.2
-2.044e-02,90,86,78,76,0.8,0.72,0.8,1.78814e-08
-2.024e-02,94,98,82,86,0.96,1.2,0.4,1.2
-2.005e-02,96,92,84,82,1.2,1.04,0.8,0.4
-1.986e-02,98,104,86,90,1.36,1.6,0.8,1.6
-1.967e-02,102,96,88,86,1.52,1.36,1.2,0.8
-1.948e-02,102,108,90,94,1.68,1.92,1.2,2
-1.928e-02,104,100,92,90,1.84,1.68,1.2,0.8
-1.909e-02,106,110,94,98,2,2.24,1.2,2
-1.890e-02,106,100,94,92,2.16,2,1.2,0.8
-1.871e-02,106,110,96,98,2.32,2.48,1.2,2
-1.852e-02,106,98,96,90,2.4,2.24,1.6,1.2
-1.832e-02,102,108,94,98,2.48,2.72,1.6,2
-1.813e-02,100,94,92,86,2.64,2.48,1.6,1.2
-1.794e-02,100,104,90,94,2.64,2.8,1.6,2.4
-1.775e-02,96,88,86,80,2.8,2.64,1.6,1.2
-1.756e-02,96,100,86,90,2.88,2.96,2,2.4
-1.736e-02,92,84,84,76,2.88,2.72,2,1.2
-1.717e-02,90,96,80,84,2.96,3.12,2,2.4
-1.698e-02,86,78,78,70,2.96,2.8,1.6,1.2
-1.679e-02,84,90,74,80,3.12,3.2,2,2.4
-1.660e-02,80,70,72,64,3.12,2.88,2,1.2
-1.640e-02,78,84,68,74,3.12,3.2,2,2.4
-1.621e-02,72,62,66,56,3.2,2.96,2,1.2
-1.602e-02,68,76,64,68,3.2,3.28,1.6,2.4
-1.583e-02,64,50,58,48,3.2,2.96,2,1.2
-1.564e-02,60,68,54,62,3.12,3.28,2,2.4
-1.544e-02,52,36,50,36,3.12,2.8,1.6,1.2
-1.525e-02,48,56,42,52,3.04,3.2,1.6,2.4
-1.506e-02,40,24,38,24,2.96,2.64,1.6,1.2
-1.487e-02,32,42,32,40,2.88,3.04,1.6,2.4
-1.468e-02,26,10,26,12,2.8,2.4,1.6,0.8
-1.448e-02,20,30,20,28,2.72,2.88,1.2,2
-1.429e-02,14,-2,12,4.47035e-08,2.56,2.24,1.2,0.8
-1.410e-02,8,18,8,16,2.48,2.64,1.2,2
-1.391e-02,2,-12,2,-10,2.4,2,1.2,0.8
-1.372e-02,-4,6,-2,4,2.24,2.48,1.2,1.6
-1.352e-02,-8,-24,-8,-18,2.16,1.68,1.2,0.4
-1.333e-02,-14,-6,-12,-4,2,2.16,1.2,1.6
-1.314e-02,-20,-36,-16,-28,1.84,1.36,0.8,1.78814e-08
-1.295e-02,-26,-16,-22,-14,1.68,1.92,0.8,1.6
-1.276e-02,-34,-48,-28,-40,1.52,1.04,0.8,1.78814e-08
-1.256e-02,-38,-28,-34,-24,1.28,1.6,0.4,1.2
-1.237e-02,-46,-58,-38,-52,1.12,0.64,0.4,-0.4
-1.218e-02,-50,-40,-44,-36,0.96,1.2,1.78814e-08,0.8
-1.199e-02,-56,-68,-50,-60,0.8,0.32,1.78814e-08,-0.4
-1.180e-02,-60,-52,-54,-48,0.56,0.8,1.78814e-08,0.8
-1.160e-02,-66,-80,-60,-82,0.32,3.57628e-09,-0.4,-1.6
-1.141e-02,-68,-36,-64,-24,0.16,1.04,1.78814e-08,0.4
-1.122e-02,-38,-80,-22,-32,1.04,0.72,-1.6,-3.6
-1.103e-02,-50,-30,-4,2,1.44,1.52,-3.2,-0.8
-1.084e-02,-76,-78,-30,-36,0.8,0.64,-3.2,-6.8
-1.064e-02,-44,-32,-20,2,0.88,1.44,-4.4,-2.8
-1.045e-02,-44,-76,4.47035e-08,-20,1.36,0.88,-6.4,-8.4
-1.026e-02,-70,-40,-10,2,1.12,1.44,-7.2,-6
-1.007e-02,-58,-82,-18,-34,0.96,0.64,-8,-10.8
-9.876e-03,-60,-48,-22,4.47035e-08,0.8,1.04,-9.6,-7.6
-9.684e-03,-78,-82,-26,-28,0.72,0.64,-10.4,-14
-9.492e-03,-48,-38,-4,6,1.2,1.44,-11.6,-10
-9.300e-03,-52,-78,2,-12,1.36,0.96,-13.6,-16
-9.108e-03,-76,-48,-8,4,1.12,1.44,-14.4,-13.2
-8.916e-03,-56,-72,-6,-8,1.12,0.96,-15.6,-18.8
-8.724e-03,-52,-44,4.47035e-08,2,1.2,1.28,-17.2,-15.2
-8.531e-03,-70,-74,-2,-10,1.2,0.96,-18.4,-21.2
-8.339e-03,-60,-46,-8,4.47035e-08,1.12,1.2,-19.6,-18
-8.147e-03,-50,-68,-6,-8,1.12,0.96,-20.8,-22.8
-7.955e-03,-64,-46,-4,4.47035e-08,1.12,1.2,-22,-20.4
-7.763e-03,-58,-62,-4,-8,1.12,0.96,-22.4,-24.8
-7.571e-03,-48,-46,-4,-2,1.12,1.2,-23.6,-22
-7.379e-03,-56,-62,-4,-8,1.04,0.96,-24.4,-26.4
-7.187e-03,-52,-42,-8,-2,1.04,1.2,-25.2,-24
-6.995e-03,-46,-56,-6,-8,1.04,0.88,-26,-27.6
-6.803e-03,-52,-42,-6,-2,1.04,1.12,-26.4,-25.2
-6.611e-03,-52,-54,-4,-8,1.04,0.88,-27.2,-28.4
-6.419e-03,-42,-38,-6,-2,1.04,1.12,-27.6,-26.4
-6.227e-03,-44,-48,-6,-8,1.04,0.88,-28.4,-28.8
-6.035e-03,-42,-32,-6,-2,1.04,1.12,-28,-27.6
-5.843e-03,-38,-38,-6,-8,1.04,0.88,-28.8,-29.2
-5.651e-03,-36,-30,-4,-2,1.04,1.12,-28.4,-28
-5.459e-03,-32,-36,-6,-8,1.04,0.88,-28.4,-28.8
-5.267e-03,-26,-18,-6,-2,1.04,1.04,-28.4,-27.6
-5.075e-03,-22,-26,-6,-8,0.96,0.88,-28,-28.4
-4.883e-03,-22,-12,-6,-2,0.96,1.04,-27.6,-26.4
-4.691e-03,-16,-20,-4,-10,0.96,0.8,-26.8,-27.6
-4.499e-03,-12,-4,-4,2,0.96,1.04,-26.4,-25.2
-4.307e-03,-12,-16,-6,-8,0.96,0.8,-26,-26
-4.115e-03,-6,4,-6,-2,0.96,1.04,-24.8,-23.2
-3.923e-03,4.47035e-08,-6,-4,-8,0.96,0.8,-24,-24.4
-3.731e-03,2,10,-4,-2,0.88,1.04,-23.2,-21.6
-3.539e-03,2,-2,-4,-8,0.96,0.8,-22,-22.4
-3.347e-03,10,16,-4,-2,0.96,1.04,-20.8,-19.2
-3.155e-03,8,4,-6,-8,0.88,0.8,-19.2,-20
-2.963e-03,12,24,-6,-2,0.96,1.04,-18.4,-16.8
-2.771e-03,16,14,-4,-6,0.88,0.8,-17.2,-17.6
-2.579e-03,20,28,-4,-2,0.88,1.04,-15.6,-14
-2.387e-03,24,22,-4,-8,0.88,0.8,-14.4,-14.8
-2.195e-03,28,34,-4,4.47035e-08,0.88,0.96,-12.8,-11.2
-2.003e-03,30,26,-4,-8,0.88,0.8,-11.6,-12
-1.811e-03,34,40,-4,2,0.88,0.96,-10,-8
-1.619e-03,36,30,-4,-6,0.88,0.72,-8.4,-8.8
-1.427e-03,40,44,-2,4.47035e-08,0.88,0.96,-6.8,-5.2
-1.235e-03,42,38,-4,-6,0.88,0.8,-5.6,-6
-1.043e-03,42,50,-4,4.47035e-08,0.88,0.96,-4,-2
-8.510e-04,46,42,-4,-6,0.88,0.8,-2.4,-2.8
-6.590e-04,46,52,-2,4.47035e-08,0.88,0.96,-0.8,1.2
-4.670e-04,50,46,-4,-6,0.88,0.8,0.8,0.4
-2.750e-04,50,56,-4,4.47035e-08,0.88,0.96,2,4
-8.295e-05,52,50,-2,-6,0.88,0.72,3.6,3.2
1.091e-04,52,60,-2,4.47035e-08,0.88,0.96,5.2,6.8
3.011e-04,56,52,-2,-4,0.88,0.8,6.8,6
4.931e-04,56,62,-2,2,0.88,0.96,8,10
6.851e-04,58,54,-2,-6,0.88,0.8,9.6,9.2
8.771e-04,60,64,-2,2,0.88,0.96,10.8,12.4
1.069e-03,58,54,-2,-6,0.96,0.8,12.4,11.6
1.261e-03,60,64,4.47035e-08,2,0.88,0.96,13.6,15.2
1.453e-03,60,54,-2,-6,0.88,0.8,14.8,14.4
1.645e-03,58,64,4.47035e-08,4,0.96,0.96,16,17.6
1.837e-03,56,50,-2,-4,0.88,0.8,17.2,16.8
2.029e-03,58,64,-2,2,0.88,0.96,18,19.2
2.221e-03,56,48,4.47035e-08,-4,0.88,0.8,18.8,18.4
2.413e-03,54,62,-2,2,0.88,0.96,19.6,21.2
2.605e-03,54,44,4.47035e-08,-6,0.96,0.8,20.8,20.4
2.797e-03,50,58,-2,4,0.88,0.96,21.6,22.4
2.989e-03,48,42,4.47035e-08,-4,0.88,0.8,22.4,21.6
3.181e-03,48,56,-2,2,0.88,0.96,22.8,24
3.373e-03,46,38,-2,-4,0.88,0.8,23.6,23.2
3.565e-03,44,50,4.47035e-08,2,0.88,0.96,24,24.8
3.757e-03,42,34,4.47035e-08,-4,0.96,0.8,24.4,24
3.949e-03,40,46,4.47035e-08,2,0.88,0.96,24.8,25.6
4.141e-03,38,26,-2,-4,0.88,0.8,24.8,24.8
4.333e-03,34,40,4.47035e-08,4,0.88,0.96,24.8,26
4.525e-03,32,18,4.47035e-08,-4,0.88,0.8,25.2,24.4
4.717e-03,26,36,-2,4,0.88,0.96,25.2,26
4.909e-03,20,10,4.47035e-08,-6,0.88,0.8,25.2,24
5.101e-03,18,26,4.47035e-08,4,0.96,0.96,24.8,25.6
5.293e-03,14,4,4.47035e-08,-4,0.88,0.8,24.4,22.8
5.485e-03,10,18,4.47035e-08,2,0.88,0.96,23.6,24.8
5.677e-03,6,-2,4.47035e-08,-4,0.96,0.8,23.2,21.2
5.869e-03,4,12,4.47035e-08,2,0.88,0.96,22.4,23.6
6.061e-03,2,-10,4.47035e-08,-4,0.88,0.8,21.6,19.2
6.253e-03,-4,4,-2,2,0.88,0.96,20.8,22
6.445e-03,-8,-16,4.47035e-08,-4,0.88,0.8,20,17.6
6.637e-03,-10,-2,-2,2,0.88,0.96,18.8,20.4
6.829e-03,-10,-24,-4,-6,0.88,0.72,18,15.2
7.022e-03,-18,-8,-2,2,0.88,0.96,16.8,18.4
7.214e-03,-20,-30,-2,-4,0.88,0.72,15.6,12.8
7.406e-03,-22,-16,-2,2,0.8,0.96,14.4,16
7.598e-03,-26,-38,-2,-6,0.88,0.72,12.8,10
7.790e-03,-32,-22,-2,2,0.88,0.96,11.6,13.6
7.982e-03,-32,-42,-2,-6,0.88,0.72,10,7.2
8.174e-03,-36,-26,-2,2,0.88,0.96,8.8,10.8
8.366e-03,-40,-46,-2,-6,0.8,0.72,7.6,4
8.558e-03,-40,-34,-2,2,0.8,0.96,5.6,8
8.750e-03,-42,-54,-2,-6,0.88,0.72,4,1.2
8.942e-03,-44,-38,4.47035e-08,4.47035e-08,0.8,0.88,2.8,4.8
9.134e-03,-48,-60,-2,-6,0.8,0.72,1.2,-2
9.326e-03,-52,-40,-2,4.47035e-08,0.8,0.88,-0.4,2
9.518e-03,-52,-58,-2,-6,0.8,0.72,-1.6,-4.8
9.710e-03,-54,-44,-2,4.47035e-08,0.8,0.88,-2.8,-1.2
9.902e-03,-54,-60,-2,-6,0.8,0.64,-4.4,-7.6
1.009e-02,-54,-50,-2,4.47035e-08,0.8,0.88,-5.6,-4
1.029e-02,-58,-68,-4,-8,0.8,0.64,-7.2,-10.4
1.048e-02,-58,-48,-2,4.47035e-08,0.8,0.88,-8.8,-6.8
1.067e-02,-60,-74,-4,-6,0.8,0.64,-10,-13.2
1.086e-02,-60,-50,-4,4.47035e-08,0.72,0.88,-11.2,-9.6
1.105e-02,-62,-70,-4,-6,0.72,0.64,-12.8,-15.6
1.125e-02,-62,-48,-4,4.47035e-08,0.72,0.8,-14,-12.4
1.144e-02,-60,-74,-4,-6,0.8,0.64,-15.2,-18
1.163e-02,-58,-46,-4,4.47035e-08,0.72,0.8,-16.4,-14.8
1.182e-02,-56,-70,-4,-6,0.72,0.56,-17.6,-20
1.201e-02,-60,-46,-4,-2,0.72,0.8,-18.8,-17.2
1.221e-02,-58,-66,-4,-8,0.72,0.56,-20,-22
1.240e-02,-56,-44,-4,-2,0.64,0.8,-20.8,-19.2
1.259e-02,-56,-66,-4,-8,0.72,0.56,-21.6,-23.2
1.278e-02,-54,-42,-6,-2,0.72,0.8,-22.4,-21.2
1.297e-02,-50,-62,-4,-8,0.72,0.56,-22.8,-24.4
1.317e-02,-48,-42,-6,-2,0.72,0.8,-23.6,-22.4
1.336e-02,-52,-60,-4,-8,0.72,0.56,-24,-25.6
1.355e-02,-46,-34,-6,-2,0.72,0.72,-24.8,-23.6
1.374e-02,-40,-58,-4,-8,0.72,0.56,-24.8,-26
1.393e-02,-36,-30,-4,-2,0.72,0.72,-25.2,-24.4
1.413e-02,-38,-44,-6,-8,0.64,0.48,-25.6,-26
1.432e-02,-36,-24,-4,-2,0.64,0.72,-26,-25.2
1.451e-02,-32,-38,-6,-8,0.64,0.48,-25.6,-26
1.470e-02,-28,-20,-6,-2,0.64,0.72,-25.6,-24.8
1.489e-02,-24,-32,-6,-8,0.64,0.48,-25.2,-26
1.509e-02,-22,-10,-6,-2,0.64,0.72,-24.8,-24
1.528e-02,-18,-20,-4,-8,0.64,0.48,-24.4,-25.2
1.547e-02,-14,-6,-4,-2,0.64,0.72,-24.4,-23.2
1.566e-02,-10,-14,-4,-8,0.56,0.48,-23.6,-24
1.585e-02,-8,4.47035e-08,-4,-2,0.56,0.72,-22.8,-21.6
1.605e-02,-2,-6,-4,-6,0.64,0.48,-22,-22.4
1.624e-02,2,6,-4,-2,0.56,0.72,-21.2,-19.6
1.643e-02,6,-2,-4,-6,0.56,0.48,-20.4,-20.8
1.662e-02,6,16,-4,-2,0.56,0.64,-19.2,-18
1.681e-02,12,6,-4,-6,0.56,0.48,-18,-18.8
1.701e-02,14,20,-4,-2,0.56,0.64,-16.8,-15.6
1.720e-02,18,14,-4,-6,0.56,0.48,-16,-16.4
1.739e-02,20,28,-4,-2,0.56,0.64,-14.8,-13.2
1.758e-02,24,20,-4,-6,0.56,0.48,-13.2,-13.6
1.777e-02,28,34,-4,-2,0.56,0.64,-12,-10.4
1.797e-02,30,26,-4,-6,0.56,0.48,-10.8,-11.2
1.816e-02,32,40,-4,4.47035e-08,0.64,0.64,-9.6,-7.6
1.835e-02,36,32,-4,-6,0.56,0.48,-7.6,-8
1.854e-02,38,46,-4,4.47035e-08,0.56,0.64,-6.4,-4.4
1.873e-02,40,38,-2,-6,0.56,0.48,-4.8,-5.2
1.893e-02,42,48,-2,4.47035e-08,0.56,0.64,-3.2,-1.6
1.912e-02,44,42,-4,-6,0.56,0.48,-2,-2.4
1.931e-02,46,52,-2,4.47035e-08,0.56,0.64,-0.4,1.2
1.950e-02,50,44,-2,-6,0.56,0.48,1.2,0.8
1.969e-02,52,56,-2,4.47035e-08,0.56,0.64,2.4,4.4
1.989e-02,52,48,-2,-4,0.56,0.48,4,3.6
2.008e-02,54,60,-2,4.47035e-08,0.56,0.64,5.6,7.2
2.027e-02,56,52,-2,-4,0.56,0.48,7.2,6.4
2.046e-02,56,62,-2,4.47035e-08,0.64,0.64,8.4,10.4
2.065e-02,58,54,-2,-4,0.56,0.48,9.6,9.2
2.085e-02,58,62,-2,4.47035e-08,0.56,0.72,11.2,12.8
2.104e-02,60,54,-2,-4,0.64,0.48,12.4,12
2.123e-02,58,62,-2,2,0.56,0.64,13.6,15.6
2.142e-02,58,54,-2,-4,0.56,0.48,15.2,14.8
2.161e-02,58,62,-2,2,0.56,0.64,16.4,18
2.181e-02,56,52,-2,-4,0.56,0.48,17.6,17.2
2.200e-02,56,60,4.47035e-08,2,0.56,0.72,18.4,20
2.219e-02,56,50,-2,-4,0.56,0.48,19.6,19.2
2.238e-02,54,58,4.47035e-08,2,0.64,0.64,20.4,21.6
2.257e-02,52,46,4.47035e-08,-4,0.64,0.48,21.2,20.8
2.277e-02,52,56,4.47035e-08,2,0.56,0.72,22,23.2
2.296e-02,52,42,4.47035e-08,-4,0.56,0.48,22.8,22.4
2.315e-02,48,54,-2,2,0.64,0.72,23.6,24.4
2.334e-02,46,40,-2,-4,0.56,0.48,24,23.6
2.353e-02,42,50,-2,2,0.56,0.72,24.8,25.2
2.373e-02,42,34,-2,-2,0.56,0.48,24.8,24.4
2.392e-02,42,46,4.47035e-08,2,0.64,0.72,25.2,26
2.411e-02,38,28,4.47035e-08,-2,0.56,0.48,25.6,25.2
2.430e-02,34,42,4.47035e-08,2,0.64,0.72,26,26.4
2.449e-02,30,20,4.47035e-08,-2,0.64,0.48,26,24.8
2.469e-02,26,36,4.47035e-08,2,0.64,0.72,25.6,26.4
2.488e-02,24,12,4.47035e-08,-2,0.64,0.48,25.2,24.4
2.507e-02,18,28,4.47035e-08,2,0.64,0.72,25.2,26
2.526e-02,16,6,4.47035e-08,-2,0.64,0.48,24.4,23.2
2.545e-02,12,20,4.47035e-08,2,0.64,0.72,24,25.2
2.565e-02,8,-2,-2,-4,0.56,0.48,23.6,21.6
2.584e-02,4,14,4.47035e-08,2,0.64,0.72,22.4,23.6
2.603e-02,2,-8,-2,-2,0.64,0.48,22,20
2.622e-02,-4,6,-2,2,0.64,0.72,21.2,22.4
2.641e-02,-6,-14,4.47035e-08,-4,0.64,0.48,20,18
2.661e-02,-8,-2,4.47035e-08,2,0.64,0.72,19.2,20.8
2.680e-02,-14,-22,4.47035e-08,-4,0.56,0.48,18,15.6
2.699e-02,-16,-8,-2,2,0.64,0.72,17.2,18.4
2.718e-02,-20,-28,-2,-4,0.56,0.48,16,13.2
2.737e-02,-22,-16,-2,2,0.64,0.72,14.8,16.4
2.757e-02,-28,-34,-2,-4,0.56,0.48,13.6,10.4
2.776e-02,-28,-22,-2,2,0.64,0.72,12,14
2.795e-02,-32,-40,-2,-4,0.56,0.48,10.8,7.2
2.814e-02,-34,-28,-2,4.47035e-08,0.56,0.64,9.2,11.2
2.833e-02,-36,-46,-2,-4,0.56,0.48,8,4.4
2.853e-02,-40,-34,-2,4.47035e-08,0.56,0.64,6.4,8.4
2.872e-02,-42,-50,-2,-4,0.56,0.48,4.8,1.6
2.891e-02,-46,-38,-2,4.47035e-08,0.56,0.64,3.2,5.2
2.910e-02,-46,-54,-2,-6,0.56,0.4,1.6,-1.6
2.929e-02,-48,-44,-2,4.47035e-08,0.56,0.64,1.78814e-08,2.4
2.949e-02,-50,-58,-2,-6,0.56,0.4,-1.2,-4.4
2.968e-02,-54,-46,-2,4.47035e-08,0.56,0.64,-2.8,-0.8
2.987e-02,-54,-60,-2,-6,0.56,0.4,-4,-7.2
3.006e-02,-56,-50,-2,4.47035e-08,0.56,0.64,-5.2,-3.6
3.025e-02,-58,-62,-4,-6,0.56,0.4,-6.8,-10
3.045e-02,-58,-54,-4,4.47035e-08,0.56,0.64,-8.4,-6.4
3.064e-02,-60,-64,-4,-6,0.48,0.4,-9.6,-12.8
3.083e-02,-60,-54,-4,4.47035e-08,0.56,0.56,-11.2,-9.2
3.102e-02,-62,-64,-4,-6,0.48,0.4,-12.8,-15.6
3.122e-02,-60,-56,-2,4.47035e-08,0.48,0.56,-14,-12
3.141e-02,-60,-64,-4,-6,0.56,0.4,-15.2,-17.6
3.160e-02,-60,-54,-4,-2,0.48,0.56,-16.4,-14.4
3.179e-02,-58,-62,-4,-6,0.48,0.4,-17.6,-20
3.198e-02,-58,-54,-4,-2,0.48,0.56,-18.4,-17.2
3.218e-02,-56,-60,-4,-6,0.48,0.32,-19.6,-21.6
3.237e-02,-54,-50,-4,-2,0.48,0.56,-20.4,-19.2
3.256e-02,-56,-58,-4,-6,0.48,0.32,-21.2,-23.2
3.275e-02,-54,-48,-4,-2,0.48,0.56,-22.4,-20.8
3.294e-02,-50,-56,-4,-6,0.4,0.32,-22.8,-24.4
3.314e-02,-50,-46,-4,-2,0.4,0.56,-23.2,-22.4
3.333e-02,-50,-52,-4,-6,0.48,0.32,-24.4,-25.6
3.352e-02,-46,-42,-4,-2,0.4,0.48,-24.4,-23.6
3.371e-02,-46,-48,-4,-8,0.4,0.32,-24.8,-26
3.390e-02,-42,-36,-6,-2,0.48,0.48,-25.2,-24.4
3.410e-02,-40,-44,-4,-6,0.4,0.32,-25.6,-26.4
3.429e-02,-36,-30,-4,-2,0.4,0.48,-25.6,-25.2
3.448e-02,-32,-38,-4,-8,0.4,0.32,-25.6,-26.4
3.467e-02,-30,-22,-4,-2,0.4,0.48,-25.6,-25.2
3.486e-02,-26,-30,-4,-6,0.4,0.32,-25.6,-26
3.506e-02,-22,-16,-6,-2,0.4,0.48,-25.2,-24.4
3.525e-02,-20,-22,-4,-6,0.4,0.24,-24.8,-25.2
3.544e-02,-16,-8,-4,-2,0.4,0.48,-24,-23.2
3.563e-02,-10,-14,-4,-8,0.32,0.24,-23.6,-24
3.582e-02,-8,4.47035e-08,-4,-2,0.4,0.48,-22.8,-21.6
3.602e-02,-4,-8,-4,-6,0.4,0.24,-22,-22.8
3.621e-02,-2,6,-4,-2,0.4,0.48,-21.6,-20
3.640e-02,2,4.47035e-08,-4,-6,0.32,0.24,-20.4,-20.8
3.659e-02,6,12,-4,-2,0.4,0.48,-19.6,-18
3.678e-02,10,6,-4,-6,0.32,0.24,-18.4,-18.8
3.698e-02,12,20,-4,-2,0.4,0.48,-17.2,-15.6
3.717e-02,16,12,-4,-6,0.4,0.24,-16,-16.4
3.736e-02,18,26,-4,-2,0.32,0.48,-14.8,-13.2
3.755e-02,22,20,-4,-6,0.4,0.24,-13.6,-14
3.774e-02,26,34,-4,4.47035e-08,0.4,0.48,-12.4,-10.8
3.794e-02,30,26,-4,-6,0.32,0.24,-11.2,-11.6
3.813e-02,32,38,-4,4.47035e-08,0.32,0.48,-9.6,-7.6
3.832e-02,36,32,-2,-6,0.4,0.24,-8,-8.4
3.851e-02,38,44,-2,4.47035e-08,0.32,0.4,-6.4,-4.8
3.870e-02,40,36,-2,-6,0.32,0.24,-5.2,-5.6
3.890e-02,42,48,-4,4.47035e-08,0.32,0.4,-3.6,-2
3.909e-02,44,40,-4,-4,0.4,0.24,-2,-2.8
3.928e-02,48,52,-2,4.47035e-08,0.4,0.48,-0.8,1.2
3.947e-02,48,44,-2,-4,0.32,0.24,0.8,0.4
3.966e-02,50,56,-2,4.47035e-08,0.32,0.48,2,4
3.986e-02,52,48,-2,-4,0.4,0.24,3.6,3.2
4.005e-02,54,58,-2,4.47035e-08,0.32,0.48,5.2,6.8
4.024e-02,56,52,-2,-4,0.4,0.24,6.4,6.4
4.043e-02,56,62,-2,2,0.4,0.48,8,10
4.062e-02,56,54,-2,-4,0.32,0.24,9.6,9.2
4.082e-02,60,64,-2,2,0.32,0.48,10.8,12.8
4.101e-02,58,54,-2,-4,0.4,0.24,12.4,12
4.120e-02,60,62,-2,2,0.4,0.48,13.2,15.2
4.139e-02,58,54,4.47035e-08,-4,0.4,0.24,14.8,14.4
4.158e-02,58,62,-2,2,0.4,0.48,16,17.6
4.178e-02,56,52,-2,-4,0.4,0.24,17.2,16.8
4.197e-02,56,62,4.47035e-08,2,0.4,0.48,18.4,19.6
4.216e-02,56,50,-2,-4,0.4,0.32,19.2,18.8
4.235e-02,54,58,4.47035e-08,2,0.4,0.48,20.4,21.6
4.254e-02,54,46,4.47035e-08,-2,0.4,0.32,21.2,20.8
4.274e-02,50,56,4.47035e-08,2,0.4,0.48,22,23.2
4.293e-02,50,44,4.47035e-08,-2,0.4,0.32,22.8,22.4
4.312e-02,50,54,4.47035e-08,2,0.4,0.48,23.2,24.4
4.331e-02,46,40,4.47035e-08,-2,0.4,0.32,24,23.6
4.350e-02,46,50,4.47035e-08,2,0.4,0.48,24.4,25.2
4.370e-02,44,36,4.47035e-08,-2,0.4,0.32,24.8,24.4
4.389e-02,42,48,4.47035e-08,2,0.48,0.48,25.2,26
4.408e-02,38,30,4.47035e-08,-2,0.4,0.32,25.6,25.2
4.427e-02,36,42,4.47035e-08,2,0.48,0.48,25.6,26.4
4.446e-02,32,22,4.47035e-08,-2,0.4,0.32,25.6,24.8
4.466e-02,28,36,4.47035e-08,2,0.4,0.48,25.6,26.4
4.485e-02,24,14,4.47035e-08,-2,0.4,0.32,25.6,24.4
4.504e-02,20,28,4.47035e-08,2,0.4,0.56,25.2,26
4.523e-02,16,6,4.47035e-08,-2,0.48,0.32,24.8,23.2
4.542e-02,14,20,4.47035e-08,2,0.4,0.56,24,25.2
4.562e-02,10,4.47035e-08,4.47035e-08,-2,0.4,0.32,23.6,21.6
4.581e-02,6,14,-2,2,0.48,0.56,22.8,24
4.600e-02,2,-8,4.47035e-08,-2,0.48,0.32,22,20
4.619e-02,-2,6,4.47035e-08,2,0.48,0.56,21.2,22.8
4.638e-02,-4,-14,4.47035e-08,-2,0.4,0.32,20.4,18
4.658e-02,-8,4.47035e-08,4.47035e-08,2,0.48,0.48,19.6,20.8
4.677e-02,-12,-22,4.47035e-08,-4,0.4,0.32,18.8,16
4.696e-02,-16,-8,4.47035e-08,2,0.4,0.48,17.6,18.8
4.715e-02,-20,-28,-2,-4,0.4,0.32,16.4,13.2
4.734e-02,-22,-14,4.47035e-08,2,0.48,0.48,14.8,16.8
4.754e-02,-26,-34,-2,-4,0.4,0.32,14,10.8
4.773e-02,-28,-20,-2,2,0.4,0.56,12.4,14
4.792e-02,-32,-40,-2,-4,0.4,0.32,10.8,8
4.811e-02,-34,-26,-2,2,0.4,0.48,9.6,11.6
4.830e-02,-36,-46,-2,-4,0.4,0.32,8,4.8
4.850e-02,-40,-32,-2,4.47035e-08,0.4,0.48,6.8,8.8
4.869e-02,-42,-50,-2,-4,0.4,0.32,5.2,2
4.888e-02,-46,-38,-2,4.47035e-08,0.4,0.48,3.6,5.6
4.907e-02,-46,-52,-2,-4,0.4,0.32,2.4,-1.2
4.926e-02,-48,-42,-2,4.47035e-08,0.4,0.48,0.8,2.4
4.946e-02,-50,-56,-2,-4,0.4,0.32,-1.2,-4
4.965e-02,-52,-46,-2,4.47035e-08,0.4,0.48,-2,-0.4
4.984e-02,-52,-60,-2,-6,0.32,0.24,-4,-6.8
5.003e-02,-54,-48,-2,4.47035e-08,0.4,0.48,-5.2,-3.2
5.022e-02,-58,-62,-4,-6,0.4,0.24,-6.8,-10
5.042e-02,-56,-52,-2,4.47035e-08,0.4,0.48,-8,-6
5.061e-02,-60,-64,-4,-6,0.4,0.24,-9.6,-12.4
5.080e-02,-60,-54,-4,4.47035e-08,0.32,0.4,-10.8,-9.2
5.099e-02,-60,-64,-2,-6,0.32,0.24,-12,-15.2
5.118e-02,-62,-56,-4,4.47035e-08,0.4,0.4,-13.6,-11.6
5.138e-02,-60,-64,-4,-6,0.32,0.24,-14.8,-17.6
5.157e-02,-60,-54,-4,-2,0.32,0.4,-16,-14.4
5.176e-02,-58,-62,-4,-6,0.32,0.24,-17.2,-19.6
5.195e-02,-58,-54,-4,-2,0.32,0.4,-18.4,-16.8
5.214e-02,-58,-60,-4,-6,0.32,0.24,-19.2,-21.6
5.234e-02,-56,-50,-4,-2,0.32,0.4,-20.4,-18.8
5.253e-02,-56,-58,-4,-6,0.24,0.16,-21.2,-23.2
5.272e-02,-54,-48,-4,-2,0.24,0.4,-22,-20.8
5.291e-02,-52,-56,-4,-6,0.32,0.16,-22.8,-24.4
5.310e-02,-52,-46,-4,-2,0.32,0.4,-23.2,-22.4
5.330e-02,-50,-52,-4,-6,0.32,0.16,-23.6,-25.2
5.349e-02,-48,-42,-4,-2,0.24,0.32,-24.4,-23.6
5.368e-02,-46,-48,-4,-8,0.24,0.16,-24.8,-26
5.387e-02,-44,-36,-4,-2,0.24,0.32,-25.2,-24.4
5.406e-02,-40,-44,-4,-6,0.24,0.16,-25.2,-26.4
5.426e-02,-38,-30,-4,-2,0.24,0.32,-25.6,-25.2
5.445e-02,-34,-38,-4,-6,0.24,0.16,-25.6,-26.4
5.464e-02,-30,-24,-4,-2,0.24,0.32,-25.6,-25.2
5.483e-02,-28,-30,-4,-6,0.16,0.16,-25.2,-26
5.502e-02,-22,-16,-6,-2,0.24,0.32,-25.2,-24.4
5.522e-02,-20,-22,-4,-8,0.24,0.08,-24.8,-25.2
5.541e-02,-16,-8,-4,-2,0.16,0.32,-24.4,-23.2
5.560e-02,-12,-16,-4,-6,0.24,0.16,-23.6,-24
5.579e-02,-8,-2,-4,-2,0.24,0.32,-22.8,-22
5.598e-02,-6,-8,-4,-6,0.24,0.16,-22.4,-22.8
5.618e-02,-2,6,-6,-2,0.24,0.32,-21.6,-20.4
5.637e-02,2,4.47035e-08,-4,-6,0.24,0.08,-20.8,-21.2
5.656e-02,4,12,-4,-2,0.24,0.32,-19.6,-18
5.675e-02,8,4,-4,-6,0.16,0.08,-18.8,-19.2
5.694e-02,12,20,-4,-2,0.24,0.32,-17.6,-16
5.714e-02,16,12,-4,-6,0.24,0.08,-16.4,-16.8
5.733e-02,18,26,-4,-2,0.24,0.32,-15.2,-13.6
5.752e-02,22,18,-4,-6,0.24,0.08,-14,-14.4
5.771e-02,24,32,-2,4.47035e-08,0.24,0.32,-12.8,-10.8
5.790e-02,28,26,-4,-6,0.24,0.08,-11.2,-11.6
5.810e-02,30,38,-2,4.47035e-08,0.24,0.32,-10,-8
5.829e-02,34,30,-2,-6,0.24,0.08,-8.4,-8.8
5.848e-02,38,44,-2,4.47035e-08,0.16,0.32,-6.8,-5.2
5.867e-02,40,36,-2,-6,0.24,0.08,-5.6,-6
5.886e-02,42,48,-2,4.47035e-08,0.24,0.32,-4,-2.4
5.906e-02,44,40,-2,-6,0.24,0.16,-2.4,-2.8
5.925e-02,48,52,-2,4.47035e-08,0.24,0.32,-0.8,0.8
5.944e-02,48,44,-2,-4,0.24,0.08,0.4,1.78814e-08
5.963e-02,50,54,-2,4.47035e-08,0.24,0.32,2,3.6
5.982e-02,50,48,-2,-4,0.24,0.16,3.2,2.8
6.002e-02,52,58,-2,4.47035e-08,0.24,0.32,4.8,6.8
6.021e-02,54,52,-2,-4,0.24,0.16,6.4,6
6.040e-02,56,60,-2,2,0.24,0.32,7.6,9.6
6.059e-02,58,54,-2,-4,0.24,0.16,9.2,8.8
6.078e-02,60,62,-2,2,0.24,0.32,10.4,12.4
6.098e-02,60,54,-2,-4,0.24,0.16,12,11.6
6.117e-02,58,64,-2,2,0.24,0.32,13.2,15.2
6.136e-02,58,54,-2,-4,0.24,0.16,14.4,14
6.155e-02,56,62,4.47035e-08,2,0.32,0.32,16,17.6
6.175e-02,56,52,-2,-4,0.24,0.16,17.2,16.4
6.194e-02,56,62,-2,2,0.32,0.32,18.4,19.6
6.213e-02,54,50,4.47035e-08,-2,0.24,0.16,19.2,18.8
6.232e-02,56,60,4.47035e-08,2,0.24,0.32,20,21.2
6.251e-02,52,48,-2,-2,0.24,0.16,20.8,20.4
6.271e-02,52,58,4.47035e-08,2,0.24,0.4,22,22.8
6.290e-02,50,44,4.47035e-08,-2,0.24,0.16,22.8,22
6.309e-02,50,54,4.47035e-08,2,0.32,0.4,23.2,24
6.328e-02,48,40,4.47035e-08,-2,0.32,0.16,23.6,23.2
6.347e-02,46,52,4.47035e-08,2,0.32,0.4,24.4,25.2
6.367e-02,46,36,4.47035e-08,-2,0.32,0.16,24.8,24.4
6.386e-02,42,48,4.47035e-08,2,0.24,0.4,25.2,26
6.405e-02,38,30,4.47035e-08,-2,0.32,0.16,25.6,24.8
6.424e-02,36,44,4.47035e-08,2,0.32,0.4,25.6,26.4
6.443e-02,32,22,4.47035e-08,-2,0.24,0.24,25.6,25.2
6.463e-02,30,36,4.47035e-08,2,0.32,0.4,25.6,26.4
6.482e-02,26,16,4.47035e-08,-2,0.32,0.24,25.6,24.4
6.501e-02,20,30,4.47035e-08,2,0.32,0.4,25.2,26
6.520e-02,18,8,4.47035e-08,-2,0.32,0.24,24.8,23.2
6.539e-02,14,22,4.47035e-08,2,0.32,0.4,24.4,25.2
6.559e-02,10,4.47035e-08,4.47035e-08,-2,0.32,0.24,23.6,22
6.578e-02,6,14,-2,2,0.24,0.4,23.2,24
6.597e-02,2,-8,4.47035e-08,-2,0.32,0.24,22.4,20.4
6.616e-02,4.47035e-08,6,4.47035e-08,2,0.32,0.4,21.6,22.8
6.635e-02,-4,-14,4.47035e-08,-2,0.24,0.24,20.4,18.4
6.655e-02,-6,4.47035e-08,4.47035e-08,2,0.32,0.4,19.6,21.2
6.674e-02,-10,-20,4.47035e-08,-4,0.32,0.24,18.4,16
6.693e-02,-14,-6,-2,2,0.32,0.4,17.6,19.2
6.712e-02,-16,-26,-2,-4,0.32,0.24,16.4,13.6
6.731e-02,-20,-14,4.47035e-08,2,0.32,0.4,15.2,16.8
6.751e-02,-22,-34,-2,-4,0.32,0.16,14,10.8
6.770e-02,-28,-20,4.47035e-08,2,0.32,0.4,12.8,14.4
6.789e-02,-30,-40,-2,-4,0.24,0.16,11.2,8
6.808e-02,-34,-26,4.47035e-08,2,0.24,0.4,10,12
6.827e-02,-36,-44,-2,-4,0.24,0.24,8.4,5.2
6.847e-02,-40,-32,-2,2,0.24,0.4,6.8,9.2
6.866e-02,-40,-50,-2,-4,0.24,0.16,5.6,2
6.885e-02,-44,-36,-2,4.47035e-08,0.32,0.4,4,6
6.904e-02,-46,-52,-2,-4,0.32,0.16,2.4,-0.8
6.923e-02,-48,-42,-2,4.47035e-08,0.24,0.4,1.2,2.8
6.943e-02,-50,-56,-2,-4,0.24,0.16,-0.4,-3.6
6.962e-02,-52,-46,-2,4.47035e-08,0.32,0.32,-2,1.78814e-08
6.981e-02,-54,-60,-2,-6,0.24,0.16,-3.6,-6.8
7.000e-02,-54,-50,-2,4.47035e-08,0.32,0.32,-4.8,-2.8
7.019e-02,-56,-62,-2,-6,0.24,0.16,-6.4,-9.6
7.039e-02,-56,-52,-4,4.47035e-08,0.24,0.32,-7.6,-6
7.058e-02,-60,-64,-2,-6,0.24,0.16,-9.2,-12.4
7.077e-02,-60,-54,-2,4.47035e-08,0.24,0.32,-10.8,-8.4
7.096e-02,-62,-64,-4,-6,0.24,0.16,-11.6,-14.8
7.115e-02,-62,-56,-4,4.47035e-08,0.24,0.32,-13.2,-11.2
7.135e-02,-60,-64,-4,-6,0.24,0.08,-14.4,-17.2
7.154e-02,-58,-54,-4,4.47035e-08,0.24,0.32,-15.6,-14
7.173e-02,-58,-62,-4,-6,0.16,0.08,-16.8,-19.2
7.192e-02,-58,-54,-4,-2,0.24,0.32,-18,-16.4
7.211e-02,-58,-60,-2,-6,0.24,0.08,-18.8,-21.2
7.231e-02,-58,-50,-4,-2,0.24,0.32,-20.4,-18.8
7.250e-02,-56,-58,-4,-6,0.24,0.08,-21.2,-22.8
7.269e-02,-54,-48,-4,-2,0.16,0.24,-21.6,-20.4
7.288e-02,-54,-56,-4,-6,0.16,0.08,-22.8,-24.4
7.307e-02,-52,-46,-4,-2,0.16,0.24,-23.2,-22
7.327e-02,-52,-54,-4,-6,0.16,0.08,-24,-25.2
7.346e-02,-48,-42,-4,-2,0.16,0.24,-24.4,-23.2
7.365e-02,-48,-48,-4,-6,0.16,0.08,-24.8,-26
7.384e-02,-44,-38,-4,-2,0.16,0.24,-25.2,-24.4
7.403e-02,-40,-46,-4,-6,0.16,3.57628e-09,-25.6,-26.4
7.423e-02,-40,-32,-4,-2,0.16,0.24,-25.6,-24.8
7.442e-02,-36,-40,-4,-6,0.16,0.08,-25.6,-26.4
7.461e-02,-34,-24,-4,-2,0.16,0.24,-25.6,-25.2
7.480e-02,-28,-32,-4,-6,0.08,3.57628e-09,-25.6,-26
7.499e-02,-24,-16,-4,-2,0.08,0.24,-25.2,-24.4
7.519e-02,-22,-24,-4,-6,0.08,3.57628e-09,-24.8,-25.2
7.538e-02,-18,-10,-4,-2,0.16,0.24,-24.4,-23.6
7.557e-02,-14,-16,-6,-8,0.16,3.57628e-09,-24,-24.4
7.576e-02,-10,-2,-4,-2,0.08,0.24,-23.2,-22
7.595e-02,-8,-8,-4,-6,0.08,3.57628e-09,-22.4,-23.2
7.615e-02,-2,4,-4,-2,0.08,0.24,-22,-20.4
7.634e-02,2,-2,-4,-6,0.16,3.57628e-09,-20.8,-21.2
7.653e-02,4,12,-4,-2,0.16,0.24,-20,-18.4
7.672e-02,8,4,-4,-6,0.08,3.57628e-09,-19.2,-19.2
7.691e-02,12,18,-4,4.47035e-08,0.08,0.16,-18,-16.4
7.711e-02,14,12,-4,-6,0.08,3.57628e-09,-16.8,-17.2
7.730e-02,16,26,-4,-2,0.16,0.24,-15.6,-14
7.749e-02,22,18,-4,-6,0.08,3.57628e-09,-14.4,-14.8
7.768e-02,24,32,-4,4.47035e-08,0.16,0.24,-13.2,-11.2
7.787e-02,28,24,-4,-6,0.16,3.57628e-09,-12,-12
7.807e-02,30,38,-4,4.47035e-08,0.08,0.24,-10,-8.4
7.826e-02,34,30,-4,-6,0.08,3.57628e-09,-8.8,-9.2
7.845e-02,38,42,-4,4.47035e-08,0.08,0.16,-7.2,-5.6
7.864e-02,40,36,-2,-6,0.16,3.57628e-09,-6,-6.4
7.883e-02,42,48,-4,4.47035e-08,0.16,0.24,-4.8,-2.4
7.903e-02,44,40,-2,-4,0.16,3.57628e-09,-2.8,-3.2
7.922e-02,48,50,-2,4.47035e-08,0.16,0.24,-1.6,0.4
7.941e-02,48,44,-2,-4,0.16,3.57628e-09,1.78814e-08,-0.4
7.960e-02,50,54,-2,4.47035e-08,0.08,0.24,1.6,3.2
7.979e-02,50,48,-2,-4,0.16,3.57628e-09,2.8,2.4
7.999e-02,54,58,-2,2,0.08,0.24,4.4,6.4
8.018e-02,56,52,-2,-4,0.16,0.08,6,5.6
8.037e-02,56,60,-2,4.47035e-08,0.16,0.24,7.6,9.2
8.056e-02,56,54,-2,-4,0.16,0.08,8.8,8.4
8.075e-02,60,62,-2,2,0.16,0.24,10,12
8.095e-02,60,54,4.47035e-08,-4,0.16,0.08,11.6,11.2
8.114e-02,60,62,-2,2,0.16,0.24,12.8,14.8
8.133e-02,60,54,-2,-4,0.16,0.08,14.4,14
8.152e-02,58,62,-2,2,0.16,0.24,15.6,17.2
8.171e-02,58,52,-2,-4,0.16,0.08,16.8,16.4
8.191e-02,56,60,-2,2,0.16,0.24,17.6,19.2
8.210e-02,56,50,4.47035e-08,-4,0.16,0.08,19.2,18.4
8.229e-02,56,60,4.47035e-08,2,0.16,0.24,20,21.2
8.248e-02,54,48,4.47035e-08,-4,0.16,0.08,20.8,20.4
8.267e-02,52,58,4.47035e-08,2,0.24,0.24,21.6,22.8
8.287e-02,50,44,4.47035e-08,-2,0.16,0.08,22.4,22
8.306e-02,50,54,4.47035e-08,2,0.24,0.32,22.8,24
8.325e-02,50,42,4.47035e-08,-2,0.16,0.08,23.6,23.2
8.344e-02,48,52,4.47035e-08,2,0.24,0.32,24,25.2
8.363e-02,44,36,4.47035e-08,-2,0.16,0.08,24.8,24.4
8.383e-02,42,48,4.47035e-08,2,0.24,0.32,25.2,26
8.402e-02,40,30,-2,-2,0.24,0.08,25.6,24.8
8.421e-02,38,44,4.47035e-08,2,0.24,0.32,25.6,26.4
8.440e-02,34,24,4.47035e-08,-2,0.24,0.08,26,25.2
8.459e-02,30,38,-2,2,0.16,0.32,25.6,26.4
8.479e-02,26,16,4.47035e-08,-2,0.24,0.16,25.6,24.4
8.498e-02,22,30,4.47035e-08,2,0.24,0.32,25.2,26
8.517e-02,18,8,4.47035e-08,-2,0.24,0.16,24.8,23.6
8.536e-02,16,22,4.47035e-08,2,0.24,0.32,24.4,25.6
8.555e-02,10,4.47035e-08,4.47035e-08,-2,0.24,0.16,24,22
8.575e-02,6,16,4.47035e-08,2,0.24,0.32,23.2,24.4
8.594e-02,4,-6,-2,-2,0.24,0.16,22.4,20.4
8.613e-02,4.47035e-08,8,4.47035e-08,2,0.24,0.32,21.6,22.8
8.632e-02,-4,-14,4.47035e-08,-2,0.24,0.16,20.8,18.8
8.651e-02,-8,4.47035e-08,4.47035e-08,2,0.24,0.32,20,21.2
8.671e-02,-10,-20,4.47035e-08,-4,0.24,0.16,19.2,16.4
8.690e-02,-14,-6,4.47035e-08,2,0.24,0.32,18,19.2
8.709e-02,-18,-26,4.47035e-08,-4,0.24,0.16,16.8,14
8.728e-02,-20,-12,4.47035e-08,2,0.24,0.32,15.2,17.2
8.747e-02,-24,-32,-2,-4,0.24,0.16,14,11.2
8.767e-02,-26,-20,-2,2,0.24,0.32,12.8,14.8
8.786e-02,-30,-38,-2,-4,0.24,0.08,11.2,8.4
8.805e-02,-32,-26,-2,2,0.24,0.32,10,12
8.824e-02,-36,-44,4.47035e-08,-4,0.24,0.08,8.8,5.6
8.843e-02,-38,-32,-2,2,0.24,0.32,7.2,9.6
8.863e-02,-40,-48,-2,-4,0.24,0.08,5.6,2.4
8.882e-02,-44,-36,-2,2,0.24,0.32,4.4,6.4
8.901e-02,-46,-52,-2,-4,0.24,0.08,2.8,-0.4
8.920e-02,-46,-42,-2,4.47035e-08,0.24,0.32,1.2,3.2
8.939e-02,-48,-56,-2,-4,0.24,0.08,-0.4,-3.2
8.959e-02,-52,-46,-4,4.47035e-08,0.16,0.24,-1.6,0.4
8.978e-02,-52,-58,-2,-4,0.16,0.08,-2.8,-6.4
8.997e-02,-54,-48,-2,4.47035e-08,0.16,0.24,-4.8,-2.8
9.016e-02,-56,-62,-2,-6,0.16,0.08,-6,-9.2
9.035e-02,-58,-52,-2,4.47035e-08,0.24,0.24,-7.6,-5.6
9.055e-02,-58,-64,-4,-6,0.24,0.08,-8.8,-12
9.074e-02,-60,-54,-4,4.47035e-08,0.16,0.24,-10.4,-8.4
9.093e-02,-60,-64,-4,-6,0.16,0.08,-11.6,-14.4
9.112e-02,-60,-56,-4,4.47035e-08,0.16,0.24,-13.2,-11.2
9.131e-02,-60,-64,-4,-6,0.16,0.08,-14.4,-16.8
9.151e-02,-60,-54,-2,4.47035e-08,0.16,0.24,-15.6,-13.6
9.170e-02,-60,-62,-4,-6,0.16,0.08,-16.8,-19.2
9.189e-02,-58,-54,-4,-2,0.16,0.24,-17.6,-16.4
9.208e-02,-58,-62,-4,-6,0.16,3.57628e-09,-18.8,-21.2
9.227e-02,-56,-50,-4,4.47035e-08,0.08,0.24,-20,-18.4
9.247e-02,-54,-58,-4,-6,0.16,3.57628e-09,-20.8,-22.8
9.266e-02,-54,-48,-4,-2,0.16,0.24,-21.6,-20.4
9.285e-02,-54,-56,-4,-6,0.16,3.57628e-09,-22.8,-24
9.304e-02,-52,-46,-4,-2,0.08,0.16,-23.2,-22
9.324e-02,-50,-54,-4,-6,0.08,3.57628e-09,-23.6,-25.2
9.343e-02,-50,-42,-4,-2,0.08,0.16,-24.4,-23.2
9.362e-02,-46,-50,-4,-6,0.16,3.57628e-09,-24.8,-26
9.381e-02,-44,-38,-4,-2,0.08,0.16,-25.2,-24
9.400e-02,-42,-46,-4,-6,0.08,3.57628e-09,-25.6,-26.4
9.420e-02,-40,-32,-4,-2,0.08,0.16,-25.6,-24.8
9.439e-02,-36,-40,-4,-6,0.08,3.57628e-09,-25.6,-26.4
9.458e-02,-32,-26,-4,-2,0.08,0.16,-25.6,-25.2
9.477e-02,-32,-32,-4,-6,0.08,3.57628e-09,-25.6,-26
9.496e-02,-24,-18,-4,-2,0.08,0.16,-25.6,-24.4
9.516e-02,-24,-24,-4,-6,0.08,3.57628e-09,-24.8,-25.2
9.535e-02,-18,-10,-4,-2,0.08,0.16,-24.4,-23.6
9.554e-02,-14,-18,-4,-6,0.08,-0.08,-24,-24.4
9.573e-02,-10,-2,-4,-2,0.08,0.16,-23.2,-22.4
9.592e-02,-6,-10,-4,-6,0.08,3.57628e-09,-22.8,-23.2
9.612e-02,-2,4,-4,-2,0.08,0.16,-22,-20.8
9.631e-02,2,-2,-4,-6,0.08,-0.08,-21.2,-21.6
9.650e-02,2,10,-4,-2,3.57628e-09,0.16,-20.4,-18.8
9.669e-02,6,4,-6,-6,3.57628e-09,-0.08,-19.2,-19.6
9.688e-02,10,18,-4,4.47035e-08,0.08,0.16,-18,-16.4
9.708e-02,14,10,-4,-6,0.08,-0.08,-16.8,-17.2
9.727e-02,16,24,-4,-2,0.08,0.16,-16,-14
9.746e-02,20,18,-4,-6,0.08,-0.08,-14.4,-14.8
9.765e-02,24,30,-2,4.47035e-08,0.08,0.16,-13.2,-11.6
9.784e-02,28,24,-4,-6,0.08,-0.08,-12,-12.4
9.804e-02,30,36,-4,4.47035e-08,0.08,0.16,-10.4,-8.8
9.823e-02,32,30,-4,-6,3.57628e-09,3.57628e-09,-9.2,-9.6
9.842e-02,36,42,-2,4.47035e-08,0.16,0.16,-7.6,-6
9.861e-02,40,34,-2,-6,0.08,3.57628e-09,-6,-6.8
9.880e-02,40,46,-2,4.47035e-08,0.08,0.16,-4.8,-2.8
9.900e-02,44,40,-2,-4,0.08,3.57628e-09,-3.2,-3.6
9.919e-02,46,50,-2,4.47035e-08,0.08,0.16,-2,1.78814e-08
9.938e-02,48,44,-2,-4,0.08,3.57628e-09,-0.4,-0.8
9.957e-02,48,54,-2,4.47035e-08,3.57628e-09,0.16,1.2,2.8
9.976e-02,50,48,-2,-4,0.08,3.57628e-09,2.4,2
9.996e-02,52,56,-2,4.47035e-08,0.08,0.16,4,6
1.001e-01,54,50,-2,-4,0.08,3.57628e-09,5.6,5.2
1.003e-01,56,60,-2,4.47035e-08,0.16,0.16,7.2,9.2
1.005e-01,58,54,-2,-4,0.08,3.57628e-09,8.4,8
1.007e-01,58,62,-2,4.47035e-08,0.08,0.16,10,11.6
1.009e-01,58,54,-2,-4,0.08,3.57628e-09,11.2,10.8
1.011e-01,58,64,4.47035e-08,2,0.08,0.16,12.8,14.4
1.013e-01,56,54,4.47035e-08,-4,0.08,3.57628e-09,14,13.6
1.015e-01,58,62,-2,2,0.16,0.16,15.2,16.8
1.017e-01,58,52,-2,-4,0.08,3.57628e-09,16.8,16
1.019e-01,58,62,4.47035e-08,2,0.16,0.16,17.6,19.2
1.021e-01,56,50,4.47035e-08,-4,0.08,3.57628e-09,18.8,18.4
1.023e-01,56,60,4.47035e-08,2,0.16,0.24,19.6,20.8
1.025e-01,54,48,4.47035e-08,-2,0.08,3.57628e-09,20.4,20
1.026e-01,52,58,4.47035e-08,2,0.16,0.24,21.6,22.4
1.028e-01,52,46,4.47035e-08,-2,0.16,3.57628e-09,22,21.6
1.030e-01,50,56,4.47035e-08,2,0.16,0.24,22.8,24
1.032e-01,48,42,4.47035e-08,-2,0.16,0.08,23.6,23.2
1.034e-01,48,52,4.47035e-08,2,0.16,0.24,24,25.2
1.036e-01,48,38,4.47035e-08,-2,0.16,0.08,24.4,24
1.038e-01,42,48,4.47035e-08,2,0.16,0.24,24.8,26
1.040e-01,40,32,4.47035e-08,-2,0.16,0.08,25.2,24.8
1.042e-01,38,44,4.47035e-08,2,0.16,0.24,25.6,26.4
1.044e-01,34,24,4.47035e-08,-2,0.16,0.08,25.6,25.2
1.046e-01,32,38,4.47035e-08,2,0.16,0.24,26,26.4
1.048e-01,26,16,4.47035e-08,-2,0.16,0.08,25.6,24.4
1.049e-01,24,32,4.47035e-08,2,0.16,0.24,25.6,26
1.051e-01,20,8,4.47035e-08,-2,0.16,0.08,25.2,23.6
1.053e-01,14,24,4.47035e-08,2,0.16,0.24,24.8,25.6
1.055e-01,10,2,4.47035e-08,-2,0.16,0.08,24,22.4
1.057e-01,8,16,4.47035e-08,2,0.24,0.24,23.2,24.4
1.059e-01,4,-6,4.47035e-08,-2,0.16,0.08,22.8,20.8
1.061e-01,4.47035e-08,8,4.47035e-08,2,0.16,0.24,22,23.2
1.063e-01,-4,-12,4.47035e-08,-2,0.16,0.08,21.2,18.8
1.065e-01,-6,2,4.47035e-08,2,0.16,0.24,20.4,21.6
1.067e-01,-10,-18,4.47035e-08,-4,0.16,0.08,19.2,16.8
1.069e-01,-12,-4,-2,2,0.16,0.24,18,19.6
1.071e-01,-16,-26,4.47035e-08,-4,0.16,0.08,16.8,14.4
1.073e-01,-18,-12,4.47035e-08,2,0.16,0.24,16,17.6
1.074e-01,-22,-32,-2,-4,0.16,0.08,14.4,11.6
1.076e-01,-26,-18,-2,2,0.16,0.24,13.2,15.2
1.078e-01,-28,-38,-2,-4,0.16,0.08,12,8.8
1.080e-01,-30,-26,-2,2,0.16,0.24,10.4,12.4
1.082e-01,-36,-44,-2,-4,0.16,0.08,9.2,6
1.084e-01,-38,-30,-2,2,0.16,0.24,7.6,9.6
1.086e-01,-40,-48,-2,-4,0.16,0.08,6.4,2.8
1.088e-01,-42,-36,-2,2,0.16,0.24,4.8,6.8
1.090e-01,-44,-52,-2,-4,0.16,0.08,3.6,1.78814e-08
1.092e-01,-46,-40,-2,2,0.16,0.24,1.6,3.6
1.094e-01,-50,-56,-2,-4,0.16,0.08,0.4,-3.2
1.096e-01,-50,-44,-2,4.47035e-08,0.16,0.24,-1.6,0.8
1.097e-01,-52,-58,-2,-4,0.16,3.57628e-09,-2.8,-6
1.099e-01,-54,-48,-2,4.47035e-08,0.08,0.24,-4.4,-2.4
1.101e-01,-56,-62,-2,-6,0.16,3.57628e-09,-6,-8.8
1.103e-01,-58,-52,-2,4.47035e-08,0.16,0.24,-7.2,-5.2
1.105e-01,-60,-64,-4,-6,0.16,3.57628e-09,-8.4,-11.6
1.107e-01,-58,-54,-2,4.47035e-08,0.08,0.24,-10,-8
1.109e-01,-60,-64,-2,-6,0.08,3.57628e-09,-11.2,-14.4
1.111e-01,-60,-56,-4,4.47035e-08,0.16,0.16,-12.8,-10.8
1.113e-01,-60,-64,-2,-6,0.08,3.57628e-09,-14,-16.8
1.115e-01,-60,-54,-4,4.47035e-08,0.16,0.24,-15.2,-13.6
1.117e-01,-58,-62,-4,-6,0.08,3.57628e-09,-16.4,-18.8
1.119e-01,-58,-54,-4,-2,0.08,0.16,-17.6,-16
1.121e-01,-60,-60,-4,-6,0.08,3.57628e-09,-18.4,-20.8
1.122e-01,-56,-52,-4,-2,0.08,0.16,-19.6,-18
1.124e-01,-56,-58,-4,-6,0.08,3.57628e-09,-20.4,-22.4
1.126e-01,-54,-50,-4,-2,0.08,0.16,-21.6,-20
1.128e-01,-54,-56,-4,-6,0.08,3.57628e-09,-22,-24
1.130e-01,-52,-46,-4,-2,0.08,0.16,-22.8,-21.6
1.132e-01,-50,-54,-4,-6,0.08,-0.08,-23.6,-24.8
1.134e-01,-50,-44,-4,-2,3.57628e-09,0.16,-24.4,-23.2
1.136e-01,-48,-50,-4,-6,0.08,-0.08,-24.8,-25.6
1.138e-01,-44,-38,-6,-2,0.08,0.16,-25.2,-24
1.140e-01,-42,-46,-6,-6,0.08,-0.08,-25.2,-26
1.142e-01,-40,-32,-4,-2,0.08,0.16,-25.6,-24.8
1.144e-01,-36,-40,-4,-6,0.08,-0.08,-25.6,-26.4
1.145e-01,-34,-26,-4,-2,3.57628e-09,0.08,-25.6,-25.2
1.147e-01,-30,-32,-4,-8,3.57628e-09,-0.08,-25.6,-26
1.149e-01,-26,-18,-4,-2,3.57628e-09,0.08,-25.6,-24.8
1.151e-01,-22,-26,-4,-6,3.57628e-09,-0.08,-25.2,-25.6
1.153e-01,-18,-10,-4,-2,3.57628e-09,0.08,-24.8,-23.6
1.155e-01,-16,-18,-4,-6,0.08,-0.08,-24,-24.4
1.157e-01,-10,-4,-4,-2,0.08,0.08,-23.6,-22.4
1.159e-01,-6,-10,-4,-6,3.57628e-09,-0.08,-22.8,-23.2
1.161e-01,-4,4,-4,-2,3.57628e-09,0.08,-22,-20.8
1.163e-01,2,-4,-4,-6,3.57628e-09,-0.08,-21.2,-21.6
1.165e-01,4,10,-4,4.47035e-08,3.57628e-09,0.08,-20.4,-19.2
1.167e-01,6,2,-4,-6,3.57628e-09,-0.08,-19.6,-19.6
1.169e-01,8,16,-4,4.47035e-08,3.57628e-09,0.08,-18.4,-16.8
1.170e-01,14,10,-4,-6,0.08,-0.08,-17.2,-17.6
1.172e-01,16,24,-4,4.47035e-08,3.57628e-09,0.08,-16,-14.4
1.174e-01,20,16,-4,-6,3.57628e-09,-0.08,-14.8,-15.2
1.176e-01,24,30,-4,4.47035e-08,3.57628e-09,0.08,-13.6,-12
1.178e-01,26,24,-2,-6,3.57628e-09,-0.08,-12.4,-12.8
1.180e-01,30,36,-4,4.47035e-08,3.57628e-09,0.08,-10.8,-9.2
1.182e-01,32,28,-2,-6,3.57628e-09,-0.08,-9.2,-10
1.184e-01,36,42,-2,4.47035e-08,3.57628e-09,0.08,-8,-6.4
1.186e-01,36,34,-2,-4,3.57628e-09,-0.08,-6.8,-6.8
1.188e-01,40,46,-2,4.47035e-08,3.57628e-09,0.08,-5.2,-3.2
1.190e-01,42,40,-4,-6,0.08,-0.08,-3.6,-4
1.192e-01,46,50,-2,4.47035e-08,0.08,0.08,-2,-0.4
1.193e-01,46,44,-4,-6,3.57628e-09,-0.08,-0.8,-1.2
1.195e-01,50,54,-2,4.47035e-08,0.08,0.08,0.8,2.8
1.197e-01,50,46,-2,-4,0.08,-0.08,2,1.6
1.199e-01,52,56,-2,4.47035e-08,0.08,0.16,3.6,5.6
1.201e-01,54,50,-2,-4,0.08,-0.08,5.6,4.8
1.203e-01,56,60,-2,4.47035e-08,3.57628e-09,0.16,6.8,8.4
1.205e-01,58,54,-2,-4,0.08,3.57628e-09,8.4,7.6
1.207e-01,58,62,-2,2,0.08,0.16,9.6,11.2
1.209e-01,58,54,-2,-4,0.08,3.57628e-09,10.8,10.4
1.211e-01,60,64,-2,2,0.08,0.16,12.4,14
1.213e-01,58,54,-2,-4,0.08,3.57628e-09,13.6,13.2
1.215e-01,56,64,-2,2,0.08,0.16,14.8,16.4
1.217e-01,58,52,-2,-4,0.08,3.57628e-09,16,15.6
1.218e-01,58,62,-2,2,0.08,0.16,17.2,18.8
1.220e-01,56,50,-2,-4,0.08,3.57628e-09,18.4,18
1.222e-01,54,60,-2,2,0.08,0.16,19.6,20.8
1.224e-01,56,48,4.47035e-08,-2,0.08,3.57628e-09,20,20
1.226e-01,54,58,4.47035e-08,2,0.08,0.16,21.2,22.4
1.228e-01,52,46,4.47035e-08,-2,0.08,3.57628e-09,22,21.6
1.230e-01,50,56,4.47035e-08,2,0.08,0.16,22.8,23.6
1.232e-01,50,42,4.47035e-08,-2,0.08,3.57628e-09,23.2,22.8
1.234e-01,46,54,4.47035e-08,2,0.08,0.24,24,24.8
1.236e-01,46,38,4.47035e-08,-2,0.16,3.57628e-09,24.4,24
1.238e-01,42,50,4.47035e-08,2,0.08,0.24,24.8,25.6
1.240e-01,40,32,4.47035e-08,-2,0.16,3.57628e-09,25.6,24.8
1.241e-01,38,44,4.47035e-08,2,0.08,0.24,25.6,26.4
1.243e-01,34,26,4.47035e-08,-2,0.16,3.57628e-09,25.6,25.2
1.245e-01,34,40,4.47035e-08,4,0.16,0.24,25.6,26.4
1.247e-01,28,18,4.47035e-08,-2,0.16,3.57628e-09,25.6,24.8
1.249e-01,24,32,4.47035e-08,2,0.08,0.24,25.6,26
1.251e-01,20,10,4.47035e-08,-2,0.16,3.57628e-09,24.8,23.6
1.253e-01,18,24,4.47035e-08,2,0.08,0.24,24.4,25.6
1.255e-01,12,2,4.47035e-08,-2,0.16,0.08,24,22.4
1.257e-01,8,16,4.47035e-08,2,0.16,0.24,23.6,24.4
1.259e-01,6,-6,4.47035e-08,-2,0.16,0.08,22.8,20.8
1.261e-01,4,10,4.47035e-08,2,0.16,0.24,22,23.2
1.263e-01,-4,-10,4.47035e-08,-2,0.16,3.57628e-09,21.2,19.2
1.265e-01,-4,2,-2,2,0.16,0.24,20,21.6
1.266e-01,-10,-18,4.47035e-08,-4,0.16,0.08,19.6,16.8
1.268e-01,-12,-4,4.47035e-08,2,0.16,0.24,18.4,19.6
1.270e-01,-16,-24,-2,-4,0.16,0.08,17.6,14.4
1.272e-01,-18,-12,-2,2,0.16,0.24,16.4,17.6
1.274e-01,-22,-32,-2,-4,0.16,0.08,14.8,12
1.276e-01,-26,-18,4.47035e-08,2,0.16,0.24,14,15.2
1.278e-01,-28,-38,4.47035e-08,-4,0.16,0.08,12,9.2
1.280e-01,-32,-24,-2,2,0.16,0.24,10.8,12.8
1.282e-01,-34,-42,4.47035e-08,-4,0.16,3.57628e-09,9.6,6.4
1.284e-01,-36,-30,4.47035e-08,2,0.08,0.24,8,10
1.286e-01,-42,-48,-2,-4,0.16,3.57628e-09,6.4,3.2
1.288e-01,-42,-36,-2,2,0.16,0.24,4.8,7.2
1.289e-01,-44,-52,-2,-4,0.16,3.57628e-09,3.6,0.4
1.291e-01,-48,-40,-2,2,0.08,0.24,2,4
1.293e-01,-48,-56,-2,-4,0.08,3.57628e-09,0.4,-2.8
1.295e-01,-52,-44,-2,4.47035e-08,0.08,0.24,-0.8,0.8
1.297e-01,-52,-58,-2,-4,0.16,3.57628e-09,-2.4,-5.6
1.299e-01,-54,-48,-2,4.47035e-08,0.16,0.24,-4,-2
1.301e-01,-56,-62,-4,-6,0.16,3.57628e-09,-5.2,-8.4
1.303e-01,-56,-50,-2,4.47035e-08,0.08,0.16,-6.8,-4.8
1.305e-01,-58,-64,-4,-6,0.08,3.57628e-09,-8,-11.2
1.307e-01,-58,-54,-4,4.47035e-08,0.08,0.16,-9.6,-7.6
1.309e-01,-60,-64,-2,-6,0.08,3.57628e-09,-10.8,-14
1.311e-01,-60,-56,-4,4.47035e-08,0.08,0.16,-12.4,-10.4
1.313e-01,-60,-64,-2,-6,0.08,3.57628e-09,-13.6,-16.4
1.314e-01,-60,-54,-4,4.47035e-08,0.08,0.16,-14.8,-13.2
1.316e-01,-58,-62,-2,-6,0.08,3.57628e-09,-16,-18.8
1.318e-01,-58,-54,-2,4.47035e-08,0.08,0.16,-17.2,-15.6
1.320e-01,-58,-62,-4,-6,0.08,-0.08,-18.4,-20.8
1.322e-01,-58,-52,-4,-2,0.08,0.16,-19.6,-18
1.324e-01,-56,-60,-4,-6,0.08,-0.08,-20.4,-22.4
1.326e-01,-54,-50,-4,-2,0.08,0.16,-21.2,-19.6
1.328e-01,-54,-56,-4,-6,0.08,-0.08,-22,-24
1.330e-01,-52,-48,-4,-2,0.08,0.16,-22.8,-21.6
1.332e-01,-50,-54,-4,-6,3.57628e-09,-0.08,-23.6,-24.8
1.334e-01,-50,-44,-4,-2,0.08,0.16,-24.4,-22.8
1.336e-01,-48,-50,-4,-6,3.57628e-09,-0.08,-24.8,-25.6
1.337e-01,-46,-38,-4,-2,3.57628e-09,0.08,-24.8,-24
1.339e-01,-42,-46,-4,-6,3.57628e-09,-0.08,-25.2,-26
1.341e-01,-42,-34,-4,-2,3.57628e-09,0.08,-25.6,-24.8
1.343e-01,-38,-42,-4,-6,3.57628e-09,-0.08,-25.6,-26.4
1.345e-01,-36,-26,-4,-2,3.57628e-09,0.08,-25.6,-25.2
1.347e-01,-30,-34,-4,-8,0.08,-0.08,-26,-26
1.349e-01,-28,-20,-6,-2,3.57628e-09,0.08,-25.6,-24.8
1.351e-01,-22,-26,-4,-8,3.57628e-09,-0.08,-25.2,-25.6
1.353e-01,-18,-12,-4,-2,3.57628e-09,0.08,-24.8,-24
1.355e-01,-14,-18,-4,-6,3.57628e-09,-0.08,-24.4,-24.8
1.357e-01,-12,-4,-4,-2,3.57628e-09,0.08,-23.6,-22.4
1.359e-01,-8,-12,-4,-6,3.57628e-09,-0.08,-22.8,-23.6
1.361e-01,-6,2,-4,-2,-0.08,0.08,-22.4,-21.2
1.362e-01,-2,-4,-4,-6,3.57628e-09,-0.08,-21.6,-22
1.364e-01,2,8,-4,-2,3.57628e-09,0.08,-20.4,-19.2
1.366e-01,4,2,-4,-6,3.57628e-09,-0.08,-19.6,-20
1.368e-01,10,16,-4,-2,3.57628e-09,0.08,-18.4,-17.2
1.370e-01,14,8,-2,-6,3.57628e-09,-0.08,-17.6,-18
1.372e-01,18,24,-4,-2,3.57628e-09,0.08,-16.4,-14.8
1.374e-01,20,16,-4,-6,3.57628e-09,-0.08,-15.2,-15.6
1.376e-01,22,30,-4,4.47035e-08,3.57628e-09,0.08,-14,-12
1.378e-01,26,22,-4,-6,-0.08,-0.08,-12.4,-12.8
1.380e-01,28,36,-4,4.47035e-08,3.57628e-09,0.08,-11.2,-9.2
1.382e-01,32,28,-4,-6,3.57628e-09,-0.08,-9.6,-10
1.384e-01,34,40,-4,4.47035e-08,3.57628e-09,0.08,-8.4,-6.4
1.385e-01,36,34,-2,-6,3.57628e-09,-0.08,-6.8,-7.2
1.387e-01,38,46,-4,4.47035e-08,3.57628e-09,0.08,-5.2,-3.6
1.389e-01,42,38,-2,-4,3.57628e-09,-0.08,-4,-4.4
1.391e-01,46,50,-2,4.47035e-08,3.57628e-09,0.08,-2.4,-0.4
1.393e-01,46,42,-2,-4,3.57628e-09,-0.08,-0.8,-1.6
1.395e-01,48,54,-2,4.47035e-08,3.57628e-09,0.08,0.4,2.4
1.397e-01,52,46,-2,-4,3.57628e-09,-0.08,1.6,1.6
1.399e-01,52,56,-2,4.47035e-08,3.57628e-09,0.08,3.6,5.2
1.401e-01,52,50,-2,-4,3.57628e-09,-0.08,4.8,4.4
1.403e-01,54,60,-2,4.47035e-08,3.57628e-09,0.08,6.4,8
1.405e-01,54,52,-4,-4,3.57628e-09,-0.08,8,7.6
1.407e-01,58,62,-2,2,3.57628e-09,0.16,9.2,11.2
1.409e-01,60,54,-2,-4,0.08,-0.08,10.8,10.4
1.410e-01,58,64,-2,2,3.57628e-09,0.16,12,13.6
1.412e-01,60,54,-2,-4,0.08,-0.08,13.2,12.8
1.414e-01,58,62,-2,2,0.08,0.16,14.8,16.4
1.416e-01,56,52,-2,-4,0.08,-0.08,16,15.6
1.418e-01,56,62,-2,2,0.08,0.16,17.2,18.4
1.420e-01,56,52,-2,-4,0.08,-0.08,18,17.6
1.422e-01,56,60,4.47035e-08,2,0.08,0.16,19.2,20.4
1.424e-01,56,48,4.47035e-08,-2,0.08,3.57628e-09,20,19.6
1.426e-01,54,58,4.47035e-08,2,0.08,0.16,20.8,22.4
1.428e-01,52,46,4.47035e-08,-2,0.08,3.57628e-09,22,21.6
1.430e-01,50,56,4.47035e-08,2,0.08,0.16,22.8,23.6
1.432e-01,50,42,4.47035e-08,-2,0.08,3.57628e-09,23.2,22.8
1.434e-01,48,52,4.47035e-08,2,0.08,0.16,23.6,24.8
1.435e-01,46,38,4.47035e-08,-2,0.08,3.57628e-09,24.4,24
1.437e-01,44,50,4.47035e-08,2,0.08,0.16,24.8,25.6
1.439e-01,42,34,-2,-2,0.08,3.57628e-09,25.2,24.8
1.441e-01,38,46,4.47035e-08,2,0.08,0.16,25.6,26
1.443e-01,36,26,4.47035e-08,-2,0.08,3.57628e-09,26,25.2
1.445e-01,32,40,4.47035e-08,2,0.08,0.16,25.6,26.4
1.447e-01,28,18,4.47035e-08,-2,0.08,3.57628e-09,25.6,24.8
1.449e-01,24,32,4.47035e-08,2,0.16,0.16,25.6,26
1.451e-01,22,10,4.47035e-08,-2,0.08,3.57628e-09,25.2,24
1.453e-01,16,26,4.47035e-08,2,0.16,0.24,24.8,25.6
1.455e-01,12,4,4.47035e-08,-2,0.08,3.57628e-09,24.4,22.4
1.457e-01,8,18,4.47035e-08,2,0.08,0.24,23.6,24.8
1.458e-01,8,-4,-2,-2,0.16,3.57628e-09,23.2,21.2
1.460e-01,4,10,4.47035e-08,2,0.08,0.24,22.8,23.6
1.462e-01,4.47035e-08,-10,4.47035e-08,-2,0.16,3.57628e-09,21.6,19.2
1.464e-01,-4,2,4.47035e-08,2,0.08,0.24,20.8,22
1.466e-01,-6,-18,4.47035e-08,-4,0.16,3.57628e-09,19.6,17.2
1.468e-01,-12,-2,4.47035e-08,2,0.16,0.24,18.8,20
1.470e-01,-14,-24,-2,-2,0.16,3.57628e-09,17.6,14.8
1.472e-01,-18,-10,4.47035e-08,2,0.16,0.24,16.4,18
1.474e-01,-20,-30,-2,-4,0.16,3.57628e-09,15.2,12
1.476e-01,-24,-16,-2,2,0.16,0.24,14,15.6
1.478e-01,-28,-36,-2,-4,0.16,3.57628e-09,12.8,9.6
1.480e-01,-30,-24,4.47035e-08,2,0.16,0.24,11.2,13.2
1.482e-01,-34,-42,4.47035e-08,-4,0.08,3.57628e-09,9.6,6.4
1.483e-01,-34,-30,4.47035e-08,2,0.16,0.24,8.4,10.4
1.485e-01,-40,-48,-2,-4,0.08,3.57628e-09,6.8,3.6
1.487e-01,-42,-36,-2,2,0.16,0.16,5.6,7.2
1.489e-01,-42,-50,-2,-4,0.08,3.57628e-09,4,0.4
1.491e-01,-44,-40,-2,4.47035e-08,0.08,0.16,2.4,4.4
1.493e-01,-46,-54,-2,-4,0.08,3.57628e-09,0.8,-2.4
1.495e-01,-50,-44,-2,4.47035e-08,0.08,0.16,-0.8,1.6
1.497e-01,-52,-58,-2,-4,0.08,3.57628e-09,-2,-5.2
1.499e-01,-54,-48,-2,4.47035e-08,0.08,0.16,-3.6,-1.6
1.501e-01,-56,-60,-2,-6,0.08,3.57628e-09,-4.8,-8
1.503e-01,-56,-50,-4,4.47035e-08,0.08,0.16,-6,-4.4
1.505e-01,-58,-64,-2,-6,0.08,3.57628e-09,-8,-10.8
1.506e-01,-58,-54,-4,4.47035e-08,0.08,0.16,-9.2,-7.2
1.508e-01,-60,-64,-4,-6,0.08,3.57628e-09,-10.8,-13.6
1.510e-01,-60,-56,-2,4.47035e-08,0.08,0.16,-12,-10
1.512e-01,-60,-64,-4,-6,0.08,-0.08,-13.2,-16
1.514e-01,-60,-56,-4,4.47035e-08,0.08,0.16,-14.4,-12.8
1.516e-01,-60,-64,-4,-6,0.08,-0.08,-16,-18.4
1.518e-01,-60,-54,-2,4.47035e-08,3.57628e-09,0.16,-17.2,-15.6
1.520e-01,-60,-62,-4,-6,3.57628e-09,-0.08,-18,-20.4
1.522e-01,-56,-52,-4,-2,0.08,0.16,-19.2,-17.6
1.524e-01,-58,-60,-4,-6,3.57628e-09,-0.08,-20,-22.4
1.526e-01,-54,-50,-4,-2,3.57628e-09,0.08,-21.2,-19.6
1.528e-01,-54,-58,-4,-6,0.08,-0.08,-22,-23.6
1.530e-01,-52,-48,-4,-2,3.57628e-09,0.08,-22.4,-21.6
1.531e-01,-52,-54,-4,-6,3.57628e-09,-0.08,-23.2,-24.8
1.533e-01,-50,-44,-4,-2,0.08,0.08,-24,-22.8
1.535e-01,-48,-52,-4,-6,3.57628e-09,-0.08,-24.4,-25.6
1.537e-01,-46,-40,-4,-2,3.57628e-09,0.08,-24.8,-24
1.539e-01,-46,-48,-6,-6,3.57628e-09,-0.08,-24.8,-26
1.541e-01,-40,-36,-6,-2,3.57628e-09,0.08,-25.6,-24.8
1.543e-01,-38,-42,-4,-6,3.57628e-09,-0.08,-26,-26.4
1.545e-01,-36,-28,-6,-2,3.57628e-09,0.08,-26,-25.2
1.547e-01,-32,-36,-4,-6,3.57628e-09,-0.08,-25.6,-26.4
1.549e-01,-28,-20,-6,-2,3.57628e-09,0.08,-25.6,-24.8
1.551e-01,-24,-28,-4,-6,3.57628e-09,-0.16,-25.2,-25.6
1.553e-01,-20,-14,-4,-2,3.57628e-09,0.08,-24.8,-24
1.554e-01,-16,-20,-4,-6,3.57628e-09,-0.16,-24.4,-24.8
1.556e-01,-14,-6,-4,-2,3.57628e-09,0.08,-24,-22.8
1.558e-01,-8,-12,-4,-6,3.57628e-09,-0.16,-23.2,-23.6
1.560e-01,-6,2,-4,-2,3.57628e-09,0.08,-22.4,-21.2
1.562e-01,-2,-6,-4,-6,3.57628e-09,-0.16,-21.6,-22
1.564e-01,2,8,-4,-2,-0.08,0.08,-20.8,-19.6
1.566e-01,6,2,-4,-6,-0.08,-0.16,-19.6,-20.4
1.568e-01,8,16,-4,-2,3.57628e-09,0.08,-18.8,-17.6
1.570e-01,12,8,-2,-6,-0.08,-0.16,-17.6,-18
1.572e-01,16,22,-4,4.47035e-08,-0.08,0.08,-16.4,-15.2
1.574e-01,18,16,-4,-6,3.57628e-09,-0.16,-15.2,-16
1.576e-01,20,28,-4,4.47035e-08,-0.08,0.08,-14.4,-12.4
1.578e-01,24,22,-2,-6,3.57628e-09,-0.16,-12.8,-13.2
1.579e-01,28,34,-4,4.47035e-08,3.57628e-09,0.08,-11.6,-9.6
1.581e-01,32,28,-2,-6,3.57628e-09,-0.16,-10,-10.4
1.583e-01,34,40,-2,4.47035e-08,3.57628e-09,0.08,-8.8,-6.8
1.585e-01,36,32,-2,-6,3.57628e-09,-0.16,-7.2,-7.6
1.587e-01,40,46,-4,4.47035e-08,3.57628e-09,0.08,-5.6,-4
1.589e-01,40,38,-2,-6,3.57628e-09,-0.08,-4.4,-4.8
1.591e-01,42,48,-2,4.47035e-08,3.57628e-09,0.08,-2.8,-1.2
1.593e-01,46,42,-2,-4,3.57628e-09,-0.08,-1.6,-1.6
1.595e-01,48,52,-2,4.47035e-08,3.57628e-09,0.08,1.78814e-08,2
1.597e-01,50,46,-2,-4,3.57628e-09,-0.08,1.6,1.2
1.599e-01,50,56,-2,2,3.57628e-09,0.08,3.2,4.8
1.601e-01,52,50,-2,-4,3.57628e-09,-0.08,4.8,4
1.602e-01,56,58,-2,2,3.57628e-09,0.08,6,8
1.604e-01,56,52,-2,-4,3.57628e-09,-0.08,7.2,7.2
1.606e-01,58,62,-2,2,0.08,0.08,8.8,10.8
1.608e-01,56,54,-2,-4,0.08,-0.08,10,10
1.610e-01,58,64,-2,2,3.57628e-09,0.08,11.6,13.6
1.612e-01,58,54,4.47035e-08,-4,3.57628e-09,-0.08,13.2,12.8
1.614e-01,56,62,4.47035e-08,2,3.57628e-09,0.08,14.4,16
1.616e-01,58,54,4.47035e-08,-4,3.57628e-09,-0.08,15.6,15.2
1.618e-01,56,62,-2,2,3.57628e-09,0.16,16.8,18.4
1.620e-01,56,52,4.47035e-08,-4,3.57628e-09,-0.08,18,17.6
1.622e-01,56,60,4.47035e-08,2,0.08,0.16,19.2,20.4
1.624e-01,54,50,4.47035e-08,-2,0.08,-0.08,19.6,19.6
1.626e-01,52,58,4.47035e-08,2,0.08,0.16,20.8,22
1.627e-01,50,46,4.47035e-08,-2,0.08,3.57628e-09,21.6,21.2
1.629e-01,52,56,4.47035e-08,2,0.08,0.16,22.4,23.6
1.631e-01,50,44,4.47035e-08,-2,3.57628e-09,3.57628e-09,23.2,22.8
1.633e-01,48,54,4.47035e-08,2,0.08,0.16,24,24.8
1.635e-01,46,40,4.47035e-08,-2,0.08,3.57628e-09,24.4,24
1.637e-01,42,50,4.47035e-08,2,0.08,0.16,24.8,25.6
1.639e-01,42,34,4.47035e-08,-2,0.08,3.57628e-09,25.2,24.8
1.641e-01,40,46,4.47035e-08,2,0.08,0.16,25.6,26
1.643e-01,38,26,4.47035e-08,-2,0.08,3.57628e-09,25.6,25.2
1.645e-01,34,40,4.47035e-08,2,0.08,0.16,26,26.4
1.647e-01,32,20,4.47035e-08,-2,0.08,3.57628e-09,25.6,24.8
1.649e-01,26,34,4.47035e-08,2,0.08,0.16,25.6,26
1.650e-01,22,12,4.47035e-08,-2,0.08,3.57628e-09,25.6,24
1.652e-01,18,26,4.47035e-08,2,0.08,0.16,25.2,25.6
1.654e-01,14,4,4.47035e-08,-2,0.08,3.57628e-09,24.4,22.8
1.656e-01,10,20,4.47035e-08,4,0.08,0.16,24,24.8
1.658e-01,8,-4,4.47035e-08,-2,0.08,3.57628e-09,23.6,21.2
1.660e-01,2,10,4.47035e-08,2,0.16,0.16,22.8,23.6
1.662e-01,4.47035e-08,-10,4.47035e-08,-2,0.08,3.57628e-09,21.6,19.6
1.664e-01,-4,4,4.47035e-08,2,0.16,0.16,20.8,22
1.666e-01,-6,-16,4.47035e-08,-4,0.08,3.57628e-09,20,17.6
1.668e-01,-10,-2,4.47035e-08,2,0.08,0.24,18.8,20.4
1.670e-01,-12,-22,4.47035e-08,-4,0.08,3.57628e-09,17.6,15.2
1.672e-01,-18,-10,4.47035e-08,2,0.08,0.24,16.8,18.4
1.674e-01,-20,-30,4.47035e-08,-4,0.08,3.57628e-09,15.2,12.4
1.675e-01,-22,-16,4.47035e-08,2,0.08,0.16,14.4,16
1.677e-01,-26,-36,4.47035e-08,-4,0.16,3.57628e-09,12.8,9.6
1.679e-01,-30,-24,4.47035e-08,2,0.08,0.16,11.6,13.2
1.681e-01,-32,-40,4.47035e-08,-4,0.08,3.57628e-09,10,6.8
1.683e-01,-36,-30,-2,2,0.08,0.16,8.4,10.8
1.685e-01,-38,-46,-2,-4,0.08,3.57628e-09,7.6,4
1.687e-01,-42,-34,-2,2,0.08,0.16,6,7.6
1.689e-01,-44,-52,-2,-4,0.08,3.57628e-09,4,0.8
1.691e-01,-46,-40,-2,4.47035e-08,0.08,0.16,2.8,4.8
1.693e-01,-46,-54,-2,-4,0.08,3.57628e-09,1.2,-2
1.695e-01,-52,-44,-2,4.47035e-08,0.08,0.16,-0.4,1.6
1.697e-01,-52,-58,-2,-6,0.08,3.57628e-09,-1.6,-4.8
1.698e-01,-54,-48,-2,4.47035e-08,0.08,0.16,-3.2,-1.2
1.700e-01,-54,-60,-2,-6,0.08,3.57628e-09,-4.4,-7.6
1.702e-01,-56,-50,-4,4.47035e-08,0.08,0.16,-6.4,-4
1.704e-01,-58,-64,-4,-6,0.08,3.57628e-09,-7.2,-10.8
1.706e-01,-58,-54,-4,4.47035e-08,0.08,0.16,-9.2,-7.2
1.708e-01,-60,-64,-2,-6,3.57628e-09,-0.08,-10.4,-13.2
1.710e-01,-60,-56,-4,4.47035e-08,0.08,0.16,-11.6,-10
1.712e-01,-58,-64,-4,-6,0.08,-0.08,-12.8,-16
1.714e-01,-62,-56,-4,4.47035e-08,3.57628e-09,0.16,-14.4,-12.8
1.716e-01,-58,-62,-2,-6,0.08,-0.08,-15.6,-18
1.718e-01,-60,-54,-4,4.47035e-08,3.57628e-09,0.16,-16.8,-15.2
1.720e-01,-58,-62,-4,-6,0.08,-0.08,-17.6,-20.4
1.722e-01,-58,-52,-6,-2,0.08,0.08,-18.8,-17.6
1.723e-01,-56,-60,-2,-6,3.57628e-09,-0.08,-20,-22
1.725e-01,-56,-50,-4,-2,3.57628e-09,0.08,-20.8,-19.6
1.727e-01,-54,-58,-4,-6,3.57628e-09,-0.08,-21.6,-23.6
1.729e-01,-54,-48,-4,-2,3.57628e-09,0.08,-22.4,-21.2
1.731e-01,-52,-54,-4,-6,3.57628e-09,-0.08,-23.2,-24.8
1.733e-01,-50,-46,-4,-2,3.57628e-09,0.08,-23.6,-22.8
1.735e-01,-48,-52,-4,-6,3.57628e-09,-0.08,-24.4,-25.6
1.737e-01,-44,-40,-4,-2,3.57628e-09,0.08,-24.4,-23.6
1.739e-01,-44,-48,-4,-6,3.57628e-09,-0.08,-25.2,-26
1.741e-01,-42,-36,-4,-2,3.57628e-09,0.08,-25.2,-24.8
1.743e-01,-40,-42,-6,-6,3.57628e-09,-0.16,-26,-26.4
1.745e-01,-36,-30,-6,-2,3.57628e-09,0.08,-25.6,-25.2
1.746e-01,-34,-36,-4,-6,3.57628e-09,-0.16,-26,-26.4
1.748e-01,-28,-22,-4,-2,3.57628e-09,0.08,-25.6,-24.8
1.750e-01,-24,-28,-4,-6,3.57628e-09,-0.16,-25.6,-26
1.752e-01,-22,-14,-4,-2,-0.08,0.08,-24.8,-24
1.754e-01,-18,-20,-2,-6,3.57628e-09,-0.16,-24.4,-24.8
1.756e-01,-14,-6,-4,-2,-0.08,0.08,-24,-22.8
1.758e-01,-10,-14,-4,-6,-0.08,-0.16,-23.2,-24
1.760e-01,-6,2,-4,-2,3.57628e-09,0.08,-22.8,-21.6
1.762e-01,-4,-6,-4,-6,-0.08,-0.16,-22,-22.4
1.764e-01,4.47035e-08,8,-4,-2,3.57628e-09,3.57628e-09,-21.2,-19.6
1.766e-01,6,4.47035e-08,-4,-6,3.57628e-09,-0.16,-20,-20.4
1.768e-01,8,14,-4,-2,-0.08,0.08,-19.2,-17.6
1.770e-01,12,8,-4,-6,-0.08,-0.16,-18,-18.4
1.771e-01,16,20,-4,-2,3.57628e-09,0.08,-16.8,-15.2
1.773e-01,16,14,-4,-6,-0.08,-0.16,-15.6,-16.4
1.775e-01,20,28,-4,4.47035e-08,3.57628e-09,0.08,-14.4,-12.8
1.777e-01,24,20,-2,-6,-0.08,-0.16,-13.2,-13.6
1.779e-01,26,34,-4,4.47035e-08,-0.08,0.08,-11.6,-10
1.781e-01,30,28,-4,-6,3.57628e-09,-0.16,-10.4,-10.8
1.783e-01,32,40,-4,4.47035e-08,3.57628e-09,0.08,-9.2,-7.2
1.785e-01,36,32,-4,-6,-0.08,-0.16,-7.6,-8
1.787e-01,38,44,-2,4.47035e-08,-0.08,0.08,-6,-4.4
1.789e-01,40,38,-4,-4,-0.08,-0.16,-4.4,-5.2
1.791e-01,42,48,-2,4.47035e-08,3.57628e-09,0.08,-3.2,-1.2
1.793e-01,44,42,-2,-4,3.57628e-09,-0.16,-1.6,-2
1.794e-01,48,52,-2,4.47035e-08,3.57628e-09,0.08,-0.4,1.6
1.796e-01,48,46,-2,-4,3.57628e-09,-0.16,1.2,0.8
1.798e-01,50,56,-2,4.47035e-08,3.57628e-09,0.08,2.4,4.4
1.800e-01,52,50,-2,-4,3.57628e-09,-0.08,4.4,3.6
1.802e-01,54,58,-2,2,3.57628e-09,0.08,5.6,7.6
1.804e-01,56,52,-2,-4,3.57628e-09,-0.08,7.2,6.8
1.806e-01,58,62,-2,2,3.57628e-09,0.08,8.8,10.4
1.808e-01,58,54,4.47035e-08,-4,3.57628e-09,-0.08,10,9.6
1.810e-01,58,62,-2,2,3.57628e-09,0.08,11.6,13.2
1.812e-01,58,54,4.47035e-08,-4,3.57628e-09,-0.08,12.8,12.4
1.814e-01,58,62,-2,2,3.57628e-09,0.08,14,15.6
1.816e-01,58,54,-2,-4,0.08,-0.08,15.2,14.8
1.818e-01,56,62,4.47035e-08,2,0.08,0.08,16.4,18
1.819e-01,56,52,4.47035e-08,-4,3.57628e-09,-0.08,17.6,17.2
1.821e-01,54,60,-2,2,3.57628e-09,0.16,18.8,20
1.823e-01,54,50,2,-2,3.57628e-09,-0.08,19.6,19.2
1.825e-01,54,58,4.47035e-08,2,0.08,0.16,20.8,22
1.827e-01,54,46,4.47035e-08,-2,0.08,-0.08,21.6,21.2
1.829e-01,52,56,4.47035e-08,2,0.08,0.16,22,23.2
1.831e-01,50,44,4.47035e-08,-2,3.57628e-09,-0.08,22.8,22.4
1.833e-01,48,54,4.47035e-08,2,0.08,0.16,23.6,24.4
1.835e-01,48,40,4.47035e-08,-2,0.08,3.57628e-09,24.4,23.6
1.837e-01,44,50,4.47035e-08,2,0.08,0.16,24.4,25.6
1.839e-01,42,34,4.47035e-08,-2,0.08,-0.08,25.2,24.8
1.841e-01,40,46,4.47035e-08,2,0.08,0.16,25.2,26
1.842e-01,36,28,4.47035e-08,-2,0.08,3.57628e-09,25.6,25.2
1.844e-01,34,42,4.47035e-08,2,0.08,0.16,25.6,26.4
1.846e-01,32,20,4.47035e-08,-2,0.08,3.57628e-09,26,24.8
1.848e-01,28,34,4.47035e-08,2,0.16,0.16,25.6,26.4
1.850e-01,24,12,4.47035e-08,-2,0.08,3.57628e-09,25.2,24
1.852e-01,20,28,4.47035e-08,2,0.16,0.16,25.2,26
1.854e-01,16,4,4.47035e-08,-2,0.08,3.57628e-09,24.8,22.8
1.856e-01,10,20,4.47035e-08,2,0.08,0.16,24,25.2
1.858e-01,8,-2,4.47035e-08,-2,0.08,3.57628e-09,23.6,21.6
1.860e-01,4,12,4.47035e-08,2,0.16,0.16,22.8,23.6
1.862e-01,2,-10,4.47035e-08,-4,0.08,3.57628e-09,22,19.6
1.864e-01,-4,4,4.47035e-08,2,0.08,0.16,20.8,22.4
1.866e-01,-6,-16,4.47035e-08,-4,0.16,3.57628e-09,20.4,17.6
1.867e-01,-10,-2,4.47035e-08,2,0.08,0.16,19.2,20.8
1.869e-01,-14,-22,4.47035e-08,-4,0.16,3.57628e-09,18,15.6
1.871e-01,-16,-8,4.47035e-08,2,0.08,0.16,17.2,18.4
1.873e-01,-20,-30,4.47035e-08,-4,0.08,3.57628e-09,15.6,12.8
1.875e-01,-22,-16,4.47035e-08,2,0.08,0.16,14.4,16.4
1.877e-01,-28,-34,-2,-4,0.08,3.57628e-09,13.2,10
1.879e-01,-28,-22,-2,2,0.08,0.16,11.6,13.6
1.881e-01,-32,-40,-2,-4,0.08,3.57628e-09,10.4,7.2
1.883e-01,-34,-28,-2,2,0.08,0.16,8.8,10.8
1.885e-01,-40,-46,-2,-4,0.08,3.57628e-09,7.6,4.4
1.887e-01,-40,-34,-2,2,0.08,0.16,6,8
1.889e-01,-44,-50,-2,-4,0.08,3.57628e-09,4.4,1.2
1.890e-01,-46,-38,-2,4.47035e-08,0.08,0.16,3.2,5.2
1.892e-01,-46,-54,-2,-4,0.08,3.57628e-09,1.2,-1.6
1.894e-01,-48,-44,-2,4.47035e-08,0.08,0.16,1.78814e-08,2
1.896e-01,-52,-58,-2,-4,0.08,3.57628e-09,-1.6,-4.4
1.898e-01,-50,-46,-2,4.47035e-08,0.08,0.16,-2.8,-0.8
1.900e-01,-54,-60,-2,-6,0.08,-0.08,-4.4,-7.6
1.902e-01,-56,-50,-2,4.47035e-08,0.08,0.16,-5.6,-3.6
1.904e-01,-58,-62,-2,-6,0.08,3.57628e-09,-7.2,-10.4
1.906e-01,-60,-54,-2,4.47035e-08,0.08,0.16,-8.8,-6.8
1.908e-01,-60,-64,-4,-6,0.08,-0.08,-9.6,-13.2
1.910e-01,-60,-56,-4,4.47035e-08,0.08,0.16,-11.6,-9.6
1.912e-01,-60,-64,-2,-6,0.08,-0.08,-12.8,-15.6
1.914e-01,-60,-56,-4,4.47035e-08,0.08,0.16,-14,-12.4
1.915e-01,-60,-64,-4,-6,3.57628e-09,-0.08,-15.2,-18
1.917e-01,-58,-54,-4,4.47035e-08,3.57628e-09,0.08,-16.4,-14.8
1.919e-01,-60,-62,-4,-6,0.08,-0.08,-17.6,-20
1.921e-01,-58,-52,-4,-2,3.57628e-09,0.08,-18.8,-17.2
1.923e-01,-56,-60,-4,-6,3.57628e-09,-0.08,-19.6,-22
1.925e-01,-54,-50,-4,-2,3.57628e-09,0.08,-20.8,-19.2
1.927e-01,-54,-58,-4,-6,3.57628e-09,-0.08,-21.6,-23.2
1.929e-01,-52,-48,-4,-2,3.57628e-09,0.08,-22.4,-21.2
1.931e-01,-52,-56,-4,-6,3.57628e-09,-0.08,-22.8,-24.4
1.933e-01,-50,-46,-4,-2,3.57628e-09,0.08,-23.6,-22.4
1.935e-01,-48,-52,-4,-6,3.57628e-09,-0.08,-24,-25.6
1.937e-01,-46,-40,-4,-2,3.57628e-09,0.08,-24.8,-23.6
1.938e-01,-44,-48,-4,-6,3.57628e-09,-0.08,-25.2,-26
1.940e-01,-42,-36,-4,-2,3.57628e-09,0.08,-25.2,-24.4
1.942e-01,-40,-42,-6,-6,3.57628e-09,-0.16,-25.6,-26.4
1.944e-01,-36,-30,-4,-2,-0.08,0.08,-25.6,-25.2
1.946e-01,-34,-36,-4,-6,-0.08,-0.16,-26,-26
1.948e-01,-30,-22,-4,-2,-0.08,0.08,-25.6,-24.8
1.950e-01,-24,-30,-4,-6,-0.08,-0.16,-25.6,-26
1.952e-01,-22,-14,-4,-2,3.57628e-09,0.08,-25.2,-24.4
1.954e-01,-16,-22,-4,-6,-0.08,-0.16,-24.8,-25.2
1.956e-01,-14,-6,-4,-2,-0.08,3.57628e-09,-24,-23.2
1.958e-01,-12,-14,-4,-6,-0.08,-0.16,-23.6,-24
1.960e-01,-6,4.47035e-08,-4,-2,-0.08,3.57628e-09,-22.8,-21.6
1.962e-01,-4,-6,-4,-6,-0.08,-0.16,-22.4,-22.4
1.963e-01,4.47035e-08,6,-4,-2,-0.08,3.57628e-09,-21.6,-20
1.965e-01,4,4.47035e-08,-4,-6,-0.08,-0.16,-20.4,-20.8
1.967e-01,6,14,-4,-2,3.57628e-09,3.57628e-09,-19.2,-18
1.969e-01,10,6,-4,-6,-0.08,-0.16,-18.4,-18.8
1.971e-01,12,20,-2,-2,-0.08,3.57628e-09,-16.8,-15.6
1.973e-01,18,14,-4,-6,3.57628e-09,-0.16,-16,-16.4
1.975e-01,20,28,-4,4.47035e-08,-0.08,3.57628e-09,-14.8,-13.2
1.977e-01,24,20,-4,-6,-0.08,-0.16,-13.6,-14
1.979e-01,26,34,-4,4.47035e-08,-0.08,0.08,-12,-10.4
1.981e-01,30,26,-4,-6,-0.08,-0.16,-10.8,-11.2
1.983e-01,32,38,-4,4.47035e-08,3.57628e-09,0.08,-9.2,-7.6
1.985e-01,34,32,-4,-6,3.57628e-09,-0.16,-8,-8.4
1.986e-01,38,44,-2,4.47035e-08,-0.08,0.08,-6.4,-4.8
1.988e-01,40,38,-2,-6,3.57628e-09,-0.16,-5.2,-5.6
1.990e-01,44,48,-4,4.47035e-08,-0.08,0.08,-3.6,-1.6
1.992e-01,46,42,-2,-4,3.57628e-09,-0.16,-2,-2.4
1.994e-01,48,52,-2,4.47035e-08,3.57628e-09,0.08,-0.8,1.2
1.996e-01,48,44,-2,-4,3.57628e-09,-0.16,0.8,0.4
1.998e-01,50,56,-2,4.47035e-08,3.57628e-09,0.08,2.4,4.4
2.000e-01,54,48,-2,-4,-0.08,-0.16,4,3.6
2.002e-01,52,58,-2,2,3.57628e-09,0.08,5.6,7.2
2.004e-01,56,52,-2,-4,3.57628e-09,-0.08,6.8,6.4
2.006e-01,58,62,-2,2,3.57628e-09,0.08,8.4,10
2.008e-01,58,54,-2,-4,3.57628e-09,-0.08,9.6,9.2
2.010e-01,58,62,-2,2,3.57628e-09,0.08,11.2,12.8
2.011e-01,58,54,4.47035e-08,-4,3.57628e-09,-0.08,12.4,12
2.013e-01,60,62,4.47035e-08,2,3.57628e-09,0.08,14,15.6
2.015e-01,60,54,4.47035e-08,-4,3.57628e-09,-0.08,14.8,14.8
2.017e-01,56,62,-2,2,3.57628e-09,0.08,16.4,18
2.019e-01,56,52,4.47035e-08,-4,3.57628e-09,-0.08,17.2,16.8
2.021e-01,56,60,4.47035e-08,2,3.57628e-09,0.08,18.4,19.6
2.023e-01,56,50,-2,-2,3.57628e-09,-0.08,19.6,19.2
2.025e-01,54,60,4.47035e-08,2,3.57628e-09,0.08,20.4,21.6
2.027e-01,54,48,4.47035e-08,-2,3.57628e-09,-0.08,21.2,20.8
2.029e-01,50,56,4.47035e-08,2,0.08,0.16,22.4,23.2
2.031e-01,50,44,4.47035e-08,-2,0.08,-0.08,22.8,22.4
2.033e-01,50,54,4.47035e-08,2,0.08,0.16,23.6,24.4
2.035e-01,46,40,4.47035e-08,-2,0.08,-0.08,24,23.6
2.036e-01,46,50,4.47035e-08,2,0.08,0.16,24.8,25.6
2.038e-01,42,36,4.47035e-08,-2,0.08,3.57628e-09,24.8,24.4
2.040e-01,40,46,4.47035e-08,2,0.08,0.16,25.2,26
2.042e-01,38,28,4.47035e-08,-2,0.08,3.57628e-09,25.6,25.2
2.044e-01,36,42,4.47035e-08,2,0.08,0.16,26,26.4
2.046e-01,32,22,4.47035e-08,-2,0.08,3.57628e-09,25.6,24.8
2.048e-01,28,36,4.47035e-08,2,0.08,0.16,25.6,26.4
2.050e-01,22,14,4.47035e-08,-2,0.08,3.57628e-09,25.6,24.4
2.052e-01,20,28,4.47035e-08,2,0.08,0.16,25.2,26
2.054e-01,16,6,4.47035e-08,-2,0.08,3.57628e-09,24.4,23.2
2.056e-01,14,20,4.47035e-08,2,0.08,0.16,24.4,25.2
2.058e-01,8,-2,4.47035e-08,-2,0.08,3.57628e-09,23.6,21.6
2.059e-01,4,12,4.47035e-08,2,0.16,0.16,23.2,24
2.061e-01,2,-8,4.47035e-08,-2,0.08,3.57628e-09,22,20
2.063e-01,-2,6,4.47035e-08,2,0.08,0.16,21.6,22.4
2.065e-01,-6,-14,-2,-2,0.08,3.57628e-09,20.4,18
2.067e-01,-8,-2,4.47035e-08,2,0.08,0.16,19.2,20.8
2.069e-01,-10,-22,4.47035e-08,-4,0.08,3.57628e-09,18.4,15.6
2.071e-01,-14,-8,4.47035e-08,2,0.08,0.16,17.6,18.8
2.073e-01,-20,-28,4.47035e-08,-4,0.16,3.57628e-09,16,13.2
2.075e-01,-22,-16,-2,2,0.08,0.16,14.8,16.4
2.077e-01,-24,-34,-2,-4,0.08,3.57628e-09,13.2,10.4
2.079e-01,-28,-22,-2,2,0.08,0.16,12,14
2.081e-01,-32,-40,-2,-4,0.08,3.57628e-09,10.8,7.6
2.083e-01,-34,-28,4.47035e-08,2,0.08,0.16,9.6,11.2
2.084e-01,-38,-46,4.47035e-08,-4,0.08,3.57628e-09,8,4.8
2.086e-01,-40,-32,4.47035e-08,2,0.08,0.16,6.4,8.4
2.088e-01,-42,-50,-2,-4,0.08,3.57628e-09,5.2,1.6
2.090e-01,-44,-38,-2,4.47035e-08,0.08,0.16,3.6,5.6
2.092e-01,-48,-54,-2,-4,0.08,3.57628e-09,2,-1.2
2.094e-01,-48,-42,-2,4.47035e-08,0.08,0.16,0.4,2.4
2.096e-01,-50,-56,-2,-4,0.08,3.57628e-09,-0.8,-4.4
2.098e-01,-52,-46,-2,4.47035e-08,0.08,0.16,-2.4,-0.4
2.100e-01,-54,-60,-2,-4,0.08,3.57628e-09,-4,-7.2
2.102e-01,-56,-50,-2,4.47035e-08,0.08,0.16,-5.2,-3.6
2.104e-01,-56,-62,-2,-6,0.08,-0.08,-6.8,-10
2.106e-01,-58,-52,-2,4.47035e-08,0.08,0.16,-8.4,-6.4
2.107e-01,-58,-64,-2,-6,0.08,-0.08,-9.6,-12.8
2.109e-01,-60,-54,-2,4.47035e-08,0.08,0.16,-10.8,-9.2
2.111e-01,-60,-64,-2,-6,0.08,-0.08,-12.4,-15.2
2.113e-01,-60,-56,-4,4.47035e-08,0.08,0.16,-13.6,-12
2.115e-01,-58,-64,-4,-6,3.57628e-09,-0.08,-14.8,-17.6
2.117e-01,-60,-54,-4,4.47035e-08,3.57628e-09,0.08,-16,-14.4
2.119e-01,-58,-62,-4,-6,3.57628e-09,-0.08,-17.2,-19.6
2.121e-01,-56,-52,-4,4.47035e-08,3.57628e-09,0.08,-18.4,-16.8
2.123e-01,-56,-60,-4,-6,3.57628e-09,-0.08,-19.2,-21.6
2.125e-01,-56,-50,-2,-2,3.57628e-09,0.08,-20.4,-18.8
2.127e-01,-54,-58,-4,-6,3.57628e-09,-0.08,-21.2,-23.2
2.129e-01,-52,-48,-4,-2,3.57628e-09,0.08,-22,-20.8
2.131e-01,-52,-56,-4,-6,3.57628e-09,-0.08,-22.8,-24.4
2.132e-01,-50,-46,-4,-2,3.57628e-09,0.08,-23.6,-22.4
2.134e-01,-48,-52,-6,-6,3.57628e-09,-0.08,-23.6,-25.2
2.136e-01,-48,-42,-4,-2,3.57628e-09,0.08,-24.4,-23.6
2.138e-01,-46,-48,-4,-6,3.57628e-09,-0.16,-24.8,-26
2.140e-01,-42,-38,-4,-2,3.57628e-09,0.08,-25.2,-24.4
2.142e-01,-42,-44,-4,-6,3.57628e-09,-0.16,-25.6,-26
2.144e-01,-38,-30,-4,-2,3.57628e-09,0.08,-26,-25.2
2.146e-01,-34,-38,-4,-6,3.57628e-09,-0.16,-25.6,-26.4
2.148e-01,-30,-22,-4,-2,-0.08,0.08,-26,-25.2
2.150e-01,-26,-30,-4,-6,3.57628e-09,-0.16,-25.2,-26
2.152e-01,-24,-16,-4,4.47035e-08,-0.08,3.57628e-09,-25.2,-24.4
2.154e-01,-18,-24,-4,-6,3.57628e-09,-0.16,-24.4,-25.2
2.155e-01,-16,-8,-4,-2,-0.08,3.57628e-09,-24.4,-23.2
2.157e-01,-12,-16,-4,-6,-0.08,-0.16,-23.6,-24
2.159e-01,-8,4.47035e-08,-4,-2,-0.08,3.57628e-09,-23.2,-22
2.161e-01,-6,-8,-4,-6,3.57628e-09,-0.16,-22.4,-22.8
2.163e-01,-2,6,-4,-2,-0.08,3.57628e-09,-21.6,-20
2.165e-01,2,4.47035e-08,-6,-6,-0.08,-0.16,-20.4,-20.8
2.167e-01,4,14,-4,-2,-0.08,3.57628e-09,-19.6,-18
2.169e-01,8,6,-4,-6,-0.08,-0.16,-18.4,-18.8
2.171e-01,14,20,-4,-2,-0.08,3.57628e-09,-17.2,-16
2.173e-01,16,12,-4,-6,-0.08,-0.16,-16.4,-16.8
2.175e-01,18,26,-4,4.47035e-08,-0.08,3.57628e-09,-14.8,-13.2
2.177e-01,22,18,-4,-6,3.57628e-09,-0.16,-14,-14.4
2.179e-01,26,32,-4,4.47035e-08,-0.08,3.57628e-09,-12.4,-10.8
2.180e-01,32,26,-4,-6,-0.08,-0.16,-11.2,-11.6
2.182e-01,32,38,-2,4.47035e-08,3.57628e-09,0.08,-9.6,-8
2.184e-01,34,32,-2,-6,-0.08,-0.16,-8,-8.8
2.186e-01,38,44,-2,4.47035e-08,3.57628e-09,3.57628e-09,-6.8,-5.2
2.188e-01,40,36,-4,-4,-0.08,-0.16,-5.6,-5.6
2.190e-01,42,48,-2,4.47035e-08,3.57628e-09,0.08,-4,-2
2.192e-01,44,40,-2,-4,3.57628e-09,-0.16,-2.4,-2.8
2.194e-01,46,52,-2,4.47035e-08,-0.08,0.08,-1.2,0.8
2.196e-01,48,44,-2,-6,3.57628e-09,-0.08,0.8,1.78814e-08
2.198e-01,50,54,-2,4.47035e-08,3.57628e-09,0.08,2,4
2.200e-01,50,48,-2,-4,3.57628e-09,-0.16,3.6,3.2
2.202e-01,54,58,-2,4.47035e-08,3.57628e-09,0.08,4.8,6.8
2.203e-01,54,52,-2,-4,3.57628e-09,-0.16,6.4,6
2.205e-01,56,62,-2,2,3.57628e-09,0.08,8,9.6
2.207e-01,56,54,-2,-4,3.57628e-09,-0.08,9.2,8.8
2.209e-01,58,62,-2,2,3.57628e-09,0.08,10.8,12.4
2.211e-01,58,54,-2,-4,3.57628e-09,-0.08,12.4,11.6
2.213e-01,60,64,-2,2,3.57628e-09,0.08,13.6,15.2
2.215e-01,58,54,4.47035e-08,-4,3.57628e-09,-0.08,14.8,14.4
2.217e-01,60,62,4.47035e-08,2,3.57628e-09,0.08,16.4,17.6
2.219e-01,58,52,-2,-4,3.57628e-09,-0.08,17.2,16.8
2.221e-01,56,62,4.47035e-08,2,3.57628e-09,0.08,18.4,19.6
2.223e-01,54,50,4.47035e-08,-2,3.57628e-09,-0.08,19.2,18.8
2.225e-01,54,60,4.47035e-08,2,3.57628e-09,0.08,20.4,21.6
2.227e-01,52,48,4.47035e-08,-2,3.57628e-09,-0.08,21.2,20.8
2.228e-01,52,56,4.47035e-08,2,3.57628e-09,0.16,22,23.2
2.230e-01,50,44,4.47035e-08,-2,3.57628e-09,-0.08,22.4,22.4
2.232e-01,50,54,4.47035e-08,2,0.08,0.16,23.2,24.4
2.234e-01,48,40,4.47035e-08,-2,3.57628e-09,-0.08,23.6,23.6
2.236e-01,48,52,4.47035e-08,2,0.08,0.16,24.4,25.6
2.238e-01,44,36,4.47035e-08,-2,0.08,3.57628e-09,24.8,24.4
2.240e-01,42,48,4.47035e-08,2,0.08,0.16,25.2,26
2.242e-01,40,30,4.47035e-08,-2,0.08,3.57628e-09,25.6,25.2
2.244e-01,36,44,4.47035e-08,2,3.57628e-09,0.16,25.6,26.4
2.246e-01,32,22,4.47035e-08,-2,0.08,3.57628e-09,26,25.2
2.248e-01,30,36,4.47035e-08,2,0.08,0.16,25.6,26.4
2.250e-01,26,14,4.47035e-08,-2,0.08,3.57628e-09,25.6,24.4
2.251e-01,20,30,4.47035e-08,2,0.08,0.16,25.2,26
2.253e-01,16,6,4.47035e-08,-2,0.08,3.57628e-09,24.8,23.2
2.255e-01,14,20,4.47035e-08,2,0.08,0.16,24.4,25.2
2.257e-01,10,4.47035e-08,4.47035e-08,-2,0.08,3.57628e-09,23.6,22
2.259e-01,6,14,-2,2,0.08,0.16,22.8,24
2.261e-01,2,-8,4.47035e-08,-2,0.08,3.57628e-09,22.4,20.4
2.263e-01,-4,6,4.47035e-08,2,0.08,0.16,21.2,22.8
2.265e-01,-4,-14,4.47035e-08,-4,0.08,3.57628e-09,20.4,18.4
2.267e-01,-8,4.47035e-08,-2,2,0.08,0.16,19.6,20.8
2.269e-01,-12,-20,4.47035e-08,-4,0.08,3.57628e-09,18.8,16
2.271e-01,-14,-8,4.47035e-08,2,0.08,0.16,17.6,19.2
2.273e-01,-18,-28,-2,-4,0.08,3.57628e-09,16.4,13.6
2.275e-01,-20,-14,4.47035e-08,2,0.08,0.16,14.8,16.8
2.276e-01,-24,-34,4.47035e-08,-4,0.08,3.57628e-09,14,10.8
2.278e-01,-28,-20,4.47035e-08,2,0.08,0.16,12.4,14.4
2.280e-01,-32,-40,-2,-4,0.08,3.57628e-09,11.2,8
2.282e-01,-34,-26,4.47035e-08,2,0.08,0.16,9.6,11.6
2.284e-01,-36,-46,-2,-4,0.08,3.57628e-09,8.4,4.8
2.286e-01,-38,-32,-2,2,0.08,0.16,6.8,8.8
2.288e-01,-42,-48,-2,-4,0.08,3.57628e-09,5.2,2
2.290e-01,-44,-38,-2,2,0.08,0.16,4,6
2.292e-01,-46,-54,-2,-4,0.08,3.57628e-09,2.4,-0.8
2.294e-01,-48,-42,4.47035e-08,4.47035e-08,0.08,0.16,0.8,2.8
2.296e-01,-50,-56,-2,-4,0.08,-0.08,-0.8,-4
2.298e-01,-52,-46,-2,4.47035e-08,3.57628e-09,0.16,-2.4,1.78814e-08
2.299e-01,-52,-60,-2,-4,0.08,3.57628e-09,-3.6,-6.8
2.301e-01,-54,-50,-2,4.47035e-08,0.08,0.16,-4.8,-3.2
2.303e-01,-56,-62,-2,-6,0.08,-0.08,-6.4,-9.6
2.305e-01,-58,-52,-2,4.47035e-08,0.08,0.16,-8,-6
2.307e-01,-58,-64,-2,-6,0.08,-0.08,-9.2,-12.4
2.309e-01,-60,-54,-2,4.47035e-08,3.57628e-09,0.16,-10.8,-8.8
2.311e-01,-60,-64,-4,-6,0.08,-0.08,-12,-14.8
2.313e-01,-60,-56,-2,4.47035e-08,3.57628e-09,0.08,-13.6,-11.6
2.315e-01,-60,-64,-2,-6,3.57628e-09,-0.08,-14.4,-17.6
2.317e-01,-60,-54,-4,4.47035e-08,3.57628e-09,0.08,-16,-14.4
2.319e-01,-60,-62,-4,-6,3.57628e-09,-0.08,-17.2,-19.6
2.321e-01,-56,-52,-2,4.47035e-08,3.57628e-09,0.08,-18,-16.8
2.323e-01,-56,-60,-2,-6,3.57628e-09,-0.08,-19.2,-21.6
2.324e-01,-56,-52,-4,4.47035e-08,3.57628e-09,0.08,-20,-18.8
2.326e-01,-56,-58,-4,-6,3.57628e-09,-0.08,-21.2,-22.8
2.328e-01,-54,-48,-4,-2,3.57628e-09,0.08,-22,-20.8
2.330e-01,-52,-56,-4,-6,3.57628e-09,-0.08,-22.8,-24.4
2.332e-01,-50,-46,-4,-2,3.57628e-09,0.08,-23.2,-22
2.334e-01,-48,-52,-4,-6,3.57628e-09,-0.08,-23.6,-25.2
2.336e-01,-48,-42,-4,-2,3.57628e-09,0.08,-24.4,-23.2
2.338e-01,-46,-50,-4,-6,3.57628e-09,-0.16,-24.8,-26
2.340e-01,-44,-38,-4,-2,3.57628e-09,0.08,-25.2,-24.4
2.342e-01,-40,-44,-4,-6,3.57628e-09,-0.16,-25.2,-26.4
2.344e-01,-38,-32,-4,-2,3.57628e-09,0.08,-25.6,-24.8
2.346e-01,-34,-38,-4,-6,3.57628e-09,-0.16,-25.6,-26
2.347e-01,-30,-24,-4,-2,-0.08,0.08,-25.6,-25.2
2.349e-01,-28,-30,-4,-6,-0.08,-0.16,-25.6,-26
2.351e-01,-24,-16,-4,-2,-0.08,0.08,-25.2,-24.4
2.353e-01,-20,-24,-4,-6,-0.08,-0.16,-24.8,-25.2
2.355e-01,-16,-10,-4,-2,3.57628e-09,3.57628e-09,-24.4,-23.2
2.357e-01,-12,-16,-4,-6,-0.08,-0.16,-24,-24.4
2.359e-01,-10,-2,-4,-2,-0.08,3.57628e-09,-23.2,-22
2.361e-01,-4,-8,-6,-6,-0.08,-0.16,-22.4,-22.8
2.363e-01,4.47035e-08,6,-4,-2,-0.08,3.57628e-09,-21.6,-20.4
2.365e-01,4.47035e-08,-2,-4,-6,-0.08,-0.16,-20.8,-21.2
2.367e-01,4,12,-4,-2,3.57628e-09,3.57628e-09,-19.6,-18.4
2.369e-01,8,4,-4,-6,-0.08,-0.16,-18.8,-19.2
2.371e-01,12,20,-4,-2,-0.08,3.57628e-09,-17.6,-16
2.372e-01,14,12,-4,-6,-0.08,-0.16,-16.4,-17.2
2.374e-01,18,26,-4,4.47035e-08,-0.08,3.57628e-09,-15.2,-13.6
2.376e-01,22,18,-4,-6,-0.08,-0.16,-14,-14.4
2.378e-01,24,32,-4,4.47035e-08,-0.08,3.57628e-09,-12.4,-11.2
2.380e-01,28,24,-4,-6,3.57628e-09,-0.16,-11.2,-11.6
2.382e-01,32,38,-4,4.47035e-08,-0.08,3.57628e-09,-10,-8
2.384e-01,34,30,-4,-6,-0.08,-0.16,-8.4,-9.2
2.386e-01,36,42,-2,4.47035e-08,3.57628e-09,3.57628e-09,-7.2,-5.2
2.388e-01,36,34,-4,-6,3.57628e-09,-0.16,-5.6,-6
2.390e-01,40,46,-2,4.47035e-08,3.57628e-09,3.57628e-09,-4,-2.4
2.392e-01,42,-16,-2,-14,3.57628e-09,-0.16,-2.8,-3.2
2.394e-01,44,132,-2,8,3.57628e-09,0.08,-1.2,0.4
2.395e-01,28,-40,-2,-6,3.57628e-09,-0.16,1.78814e-08,-0.4
2.397e-01,-14,34,-2,2,3.57628e-09,0.08,1.78814e-08,0.4
2.399e-01,-36,-48,-4,-6,3.57628e-09,-0.16,-0.4,-0.4
2.401e-01,-4,36,-2,2,3.57628e-09,0.08,1.78814e-08,0.4
2.403e-01,26,-24,-4,-24,3.57628e-09,-0.16,1.78814e-08,-0.4
2.405e-01,20,52,-2,8,3.57628e-09,0.08,1.78814e-08,0.4
2.407e-01,-10,-18,-2,-4,3.57628e-09,-0.16,1.78814e-08,-0.4
2.409e-01,-12,2,-2,4.47035e-08,3.57628e-09,0.08,1.78814e-08,0.4
2.411e-01,4.47035e-08,-4,-2,-6,3.57628e-09,-0.16,1.78814e-08,-0.8
2.413e-01,2,6,-2,4.47035e-08,3.57628e-09,0.08,1.78814e-08,0.4
2.415e-01,2,-2,-2,-6,-0.08,-0.16,1.78814e-08,-0.8
2.417e-01,6,12,-2,4.47035e-08,3.57628e-09,0.08,1.78814e-08,0.4
2.419e-01,4.47035e-08,-18,-2,-4,3.57628e-09,-0.16,1.78814e-08,-0.4
2.420e-01,-14,4,4.47035e-08,2,3.57628e-09,0.08,-0.4,0.4
2.422e-01,-6,-10,-2,-8,3.57628e-09,-0.16,-0.4,-0.4
2.424e-01,8,28,-4,2,-0.08,0.08,1.78814e-08,0.4
2.426e-01,8,-14,-2,-6,-0.08,-0.16,1.78814e-08,-0.4
2.428e-01,-6,14,4.47035e-08,2,3.57628e-09,0.08,1.78814e-08,0.4
2.430e-01,-10,-14,4.47035e-08,-4,3.57628e-09,-0.16,-0.4,-0.8
2.432e-01,-2,8,-2,4.47035e-08,-0.08,0.08,1.78814e-08,0.4
2.434e-01,2,-6,-2,-6,3.57628e-09,-0.16,-0.4,-0.4
2.436e-01,4.47035e-08,8,-2,4.47035e-08,-0.08,0.08,1.78814e-08,0.4
2.438e-01,4.47035e-08,-6,-2,-4,3.57628e-09,-0.16,1.78814e-08,-0.8
2.440e-01,-2,2,-2,2,-0.08,0.08,1.78814e-08,0.4
2.442e-01,-4,-6,4.47035e-08,-6,3.57628e-09,-0.16,1.78814e-08,-0.8
2.443e-01,-2,6,-2,2,-0.08,0.08,1.78814e-08,0.4
2.445e-01,4.47035e-08,-6,-2,-6,3.57628e-09,-0.16,1.78814e-08,-0.4
2.447e-01,2,6,-2,2,-0.08,0.08,1.78814e-08,0.4
2.449e-01,-2,-8,-2,-4,3.57628e-09,-0.16,-0.4,-0.4
2.451e-01,-6,2,-2,2,-0.08,0.08,-0.4,0.4
2.453e-01,-2,-4,-2,-6,-0.08,-0.16,-0.4,-0.4
2.455e-01,2,6,-2,4.47035e-08,3.57628e-09,0.08,1.78814e-08,0.4
2.457e-01,4.47035e-08,-6,-2,-6,3.57628e-09,-0.08,1.78814e-08,-0.4
2.459e-01,-2,6,-2,4.47035e-08,3.57628e-09,0.08,1.78814e-08,0.4
2.461e-01,-2,-6,-2,-4,-0.08,-0.16,-0.4,-0.4
2.463e-01,-2,4,-2,4.47035e-08,3.57628e-09,0.08,1.78814e-08,0.4
2.465e-01,4.47035e-08,-6,-2,-6,3.57628e-09,-0.16,1.78814e-08,-0.4
2.467e-01,4.47035e-08,4,-2,4.47035e-08,3.57628e-09,0.08,1.78814e-08,0.4
2.468e-01,-2,-6,-2,-4,3.57628e-09,-0.16,-0.4,-0.4
2.470e-01,-2,2,-2,4.47035e-08,3.57628e-09,0.08,-0.4,0.4
2.472e-01,-2,-6,-2,-4,3.57628e-09,-0.16,-0.4,-0.4
2.474e-01,4.47035e-08,4,-2,4.47035e-08,3.57628e-09,0.08,1.78814e-08,0.4
2.476e-01,4.47035e-08,-4,-2,-6,-0.08,-0.16,1.78814e-08,-0.4
2.478e-01,4.47035e-08,4,-4,4.47035e-08,3.57628e-09,0.08,1.78814e-08,0.4
2.480e-01,-2,-6,-2,-4,-0.08,-0.16,1.78814e-08,-0.4
2.482e-01,-4,2,4.47035e-08,4.47035e-08,3.57628e-09,0.08,1.78814e-08,0.4
2.484e-01,-2,-4,-2,-4,3.57628e-09,-0.16,1.78814e-08,-0.8
2.486e-01,4.47035e-08,4,-2,4.47035e-08,3.57628e-09,0.08,1.78814e-08,0.4
2.488e-01,4.47035e-08,-6,-2,-6,3.57628e-09,-0.16,1.78814e-08,-0.4
2.490e-01,-2,4,-2,4.47035e-08,3.57628e-09,0.08,1.78814e-08,0.4
2.491e-01,-2,-6,-2,-4,-0.08,-0.16,-0.4,-0.4
2.493e-01,-2,4,-2,2,3.57628e-09,0.08,-0.4,0.4
2.495e-01,4.47035e-08,-6,-2,-4,3.57628e-09,-0.16,1.78814e-08,-0.8
2.497e-01,-2,4,-2,4.47035e-08,3.57628e-09,0.08,1.78814e-08,0.4
2.499e-01,4.47035e-08,-6,-2,-4,3.57628e-09,-0.16,1.78814e-08,-0.4
2.501e-01,4.47035e-08,4,-2,4.47035e-08,3.57628e-09,0.08,1.78814e-08,0.4
2.503e-01,-2,-4,-2,-4,3.57628e-09,-0.16,1.78814e-08,-0.8
2.505e-01,-2,4,-2,2,3.57628e-09,0.08,1.78814e-08,0.4
2.507e-01,4.47035e-08,-4,-2,-4,-0.08,-0.16,1.78814e-08,-0.4
2.509e-01,4.47035e-08,4,-2,4.47035e-08,3.57628e-09,0.08,1.78814e-08,0.4
2.511e-01,-2,-6,-2,-4,-0.08,-0.16,-0.4,-0.4
2.513e-01,-2,4,-2,4.47035e-08,-0.08,0.08,-0.4,0.4
2.515e-01,4.47035e-08,-4,-2,-6,3.57628e-09,-0.16,1.78814e-08,-0.8
2.516e-01,-2,4,-2,4.47035e-08,3.57628e-09,0.08,1.78814e-08,0.4
2.518e-01,4.47035e-08,-6,-2,-4,3.57628e-09,-0.08,1.78814e-08,-0.8
2.520e-01,-2,4,-2,4.47035e-08,3.57628e-09,0.08,1.78814e-08,0.4
2.522e-01,4.47035e-08,-6,-2,-4,3.57628e-09,-0.16,1.78814e-08,-0.4
2.524e-01,-2,4,-2,2,3.57628e-09,0.08,1.78814e-08,0.4
2.526e-01,-2,-4,-2,-4,3.57628e-09,-0.16,-0.4,-0.4
2.528e-01,-2,4,-2,4.47035e-08,3.57628e-09,0.08,1.78814e-08,0.4
2.530e-01,4.47035e-08,-6,-2,-4,-0.08,-0.16,1.78814e-08,-0.4
2.532e-01,4.47035e-08,4,-2,4.47035e-08,3.57628e-09,0.08,1.78814e-08,0.4
2.534e-01,-2,-6,-2,-4,3.57628e-09,-0.16,1.78814e-08,-0.8
2.536e-01,4.47035e-08,4,-2,4.47035e-08,3.57628e-09,0.08,1.78814e-08,0.4
2.538e-01,4.47035e-08,-6,-2,-4,3.57628e-09,-0.16,-0.4,-0.4
2.539e-01,4.47035e-08,4,-2,4.47035e-08,3.57628e-09,0.08,1.78814e-08,0.4
2.541e-01,4.47035e-08,-4,-2,-4,3.57628e-09,-0.16,-0.4,-0.8
2.543e-01,-2,4,-2,4.47035e-08,3.57628e-09,0.08,-0.4,0.4
2.545e-01,4.47035e-08,-6,-2,-4,3.57628e-09,-0.16,-0.4,-0.8
2.547e-01,-2,4,-2,4.47035e-08,-0.08,0.08,1.78814e-08,0.4
2.549e-01,-2,-6,-2,-4,3.57628e-09,-0.16,1.78814e-08,-0.8
2.551e-01,-2,4,-2,4.47035e-08,3.57628e-09,0.08,1.78814e-08,0.4
2.553e-01,4.47035e-08,-6,-2,-4,3.57628e-09,-0.08,1.78814e-08,-0.4
2.555e-01,-2,4,-2,4.47035e-08,3.57628e-09,0.08,1.78814e-08,0.4
2.557e-01,4.47035e-08,-4,-2,-4,3.57628e-09,-0.16,-0.4,-0.4
2.559e-01,4.47035e-08,4,-4,4.47035e-08,3.57628e-09,0.08,1.78814e-08,0.4
2.561e-01,-2,-6,-2,-4,3.57628e-09,-0.16,1.78814e-08,-0.8
2.563e-01,-2,4,-2,4.47035e-08,3.57628e-09,0.08,1.78814e-08,0.4
2.564e-01,-2,-4,-2,-4,3.57628e-09,-0.16,1.78814e-08,-0.8
2.566e-01,4.47035e-08,4,-2,4.47035e-08,3.57628e-09,0.08,1.78814e-08,0.4
2.568e-01,-2,-6,-2,-4,3.57628e-09,-0.16,1.78814e-08,-0.8
2.570e-01,-2,4,-4,4.47035e-08,-0.08,0.08,1.78814e-08,0.4
2.572e-01,4.47035e-08,-4,-2,-4,3.57628e-09,-0.08,1.78814e-08,-0.4
2.574e-01,-2,4,-2,4.47035e-08,3.57628e-09,0.08,1.78814e-08,0.4
2.576e-01,-2,-6,-2,-4,3.57628e-09,-0.08,1.78814e-08,-0.4
2.578e-01,4.47035e-08,4,-2,4.47035e-08,3.57628e-09,0.08,1.78814e-08,0.4
2.580e-01,4.47035e-08,-6,-2,-4,-0.08,-0.08,1.78814e-08,-0.8
2.582e-01,-2,4,-2,4.47035e-08,3.57628e-09,0.08,1.78814e-08,0.4
2.584e-01,-2,-6,-2,-4,3.57628e-09,-0.16,1.78814e-08,-0.8
2.586e-01,4.47035e-08,4,-2,4.47035e-08,3.57628e-09,0.08,1.78814e-08,0.4
2.587e-01,4.47035e-08,-6,-2,-4,3.57628e-09,-0.16,1.78814e-08,-0.8
2.589e-01,-2,4,-2,4.47035e-08,3.57628e-09,0.08,1.78814e-08,0.4
2.591e-01,-2,-6,-2,-4,3.57628e-09,-0.08,1.78814e-08,-0.4
2.593e-01,4.47035e-08,4,-2,4.47035e-08,3.57628e-09,0.08,-0.4,0.4
2.595e-01,4.47035e-08,-4,-2,-4,3.57628e-09,-0.16,1.78814e-08,-0.8
2.597e-01,-2,4,-2,4.47035e-08,3.57628e-09,0.08,1.78814e-08,0.4
2.599e-01,4.47035e-08,-6,-2,-4,3.57628e-09,-0.16,1.78814e-08,-0.8
2.601e-01,4.47035e-08,4,-2,4.47035e-08,3.57628e-09,0.08,1.78814e-08,0.4
2.603e-01,-2,-4,-2,-4,3.57628e-09,-0.08,1.78814e-08,-0.4
2.605e-01,-2,4,-2,4.47035e-08,3.57628e-09,0.08,-0.4,0.4
2.607e-01,4.47035e-08,-4,-2,-4,3.57628e-09,-0.08,1.78814e-08,-0.4
2.609e-01,-2,4,-2,4.47035e-08,3.57628e-09,0.08,-0.4,0.4
2.611e-01,4.47035e-08,-6,-2,-4,3.57628e-09,-0.08,-0.4,-0.8
2.612e-01,4.47035e-08,4,-2,4.47035e-08,3.57628e-09,0.08,1.78814e-08,0.4
2.614e-01,-2,-6,-2,-4,3.57628e-09,-0.08,1.78814e-08,-0.8
2.616e-01,-2,4,-2,4.47035e-08,3.57628e-09,0.08,1.78814e-08,0.4
2.618e-01,-2,-6,-4,-4,3.57628e-09,-0.16,1.78814e-08,-0.8
2.620e-01,-2,4,-2,4.47035e-08,3.57628e-09,0.08,-0.4,0.4
2.622e-01,4.47035e-08,-6,-2,-4,3.57628e-09,-0.08,1.78814e-08,-0.4
2.624e-01,4.47035e-08,4,-2,4.47035e-08,3.57628e-09,0.08,1.78814e-08,0.4
2.626e-01,4.47035e-08,-4,-2,-4,3.57628e-09,-0.16,-0.4,-0.4
2.628e-01,-2,4,-2,4.47035e-08,3.57628e-09,0.08,1.78814e-08,0.4
2.630e-01,-2,-4,-2,-4,-0.08,-0.16,1.78814e-08,-0.4
2.632e-01,4.47035e-08,4,-2,4.47035e-08,3.57628e-09,0.08,1.78814e-08,0.4
2.634e-01,4.47035e-08,-6,-2,-4,3.57628e-09,-0.16,1.78814e-08,-0.4
2.635e-01,-2,4,-2,4.47035e-08,-0.08,0.08,1.78814e-08,0.4
2.637e-01,-2,-6,-2,-4,3.57628e-09,-0.08,1.78814e-08,-0.4
2.639e-01,-4,4,-2,4.47035e-08,3.57628e-09,0.08,-0.4,0.4
2.641e-01,-2,-6,-2,-4,3.57628e-09,-0.08,-0.4,-0.8
2.643e-01,-2,4,-2,4.47035e-08,3.57628e-09,0.08,-0.4,0.4
2.645e-01,-2,-4,-2,-4,3.57628e-09,-0.16,1.78814e-08,-0.4
2.647e-01,4.47035e-08,4,-2,4.47035e-08,3.57628e-09,0.08,1.78814e-08,0.4
2.649e-01,-2,-4,-2,-4,3.57628e-09,-0.16,-0.4,-0.4
2.651e-01,4.47035e-08,4,-4,4.47035e-08,3.57628e-09,0.08,1.78814e-08,0.4
2.653e-01,4.47035e-08,-6,-2,-4,3.57628e-09,-0.08,1.78814e-08,-0.8
2.655e-01,-2,4,-2,4.47035e-08,3.57628e-09,0.08,1.78814e-08,0.4
2.657e-01,4.47035e-08,-6,-2,-4,3.57628e-09,-0.08,1.78814e-08,-0.4
2.659e-01,-2,4,-4,4.47035e-08,3.57628e-09,0.08,-0.4,0.4
2.660e-01,-2,-6,-2,-4,3.57628e-09,-0.08,1.78814e-08,-0.4
2.662e-01,4.47035e-08,4,-4,4.47035e-08,3.57628e-09,0.08,1.78814e-08,0.4
2.664e-01,-2,-6,-2,-4,3.57628e-09,-0.08,1.78814e-08,-0.4
2.666e-01,-2,4,-2,4.47035e-08,3.57628e-09,0.08,-0.4,0.4
2.668e-01,-2,-4,-2,-4,3.57628e-09,-0.16,1.78814e-08,-0.8
2.670e-01,-2,4,-2,4.47035e-08,3.57628e-09,0.08,-0.4,0.4
2.672e-01,-2,-6,-2,-4,3.57628e-09,-0.08,-0.4,-0.8
2.674e-01,4.47035e-08,4,-2,4.47035e-08,3.57628e-09,0.08,1.78814e-08,0.4
2.676e-01,-2,-6,-2,-4,3.57628e-09,-0.08,1.78814e-08,-0.8
2.678e-01,-2,4,-2,4.47035e-08,3.57628e-09,0.08,-0.4,0.4
2.680e-01,-2,-6,-2,-4,3.57628e-09,-0.16,1.78814e-08,-0.4
2.682e-01,-2,2,-2,4.47035e-08,3.57628e-09,0.08,1.78814e-08,0.4
2.684e-01,-2,-6,-2,-4,3.57628e-09,-0.08,1.78814e-08,-0.4
2.685e-01,4.47035e-08,4,-2,4.47035e-08,3.57628e-09,0.08,1.78814e-08,0.4
2.687e-01,4.47035e-08,-6,-2,-4,3.57628e-09,-0.08,1.78814e-08,-0.8
2.689e-01,4.47035e-08,4,-2,4.47035e-08,3.57628e-09,0.08,-0.4,0.4
2.691e-01,4.47035e-08,-6,-2,-4,3.57628e-09,-0.08,1.78814e-08,-0.8
2.693e-01,-2,4,-4,4.47035e-08,3.57628e-09,0.08,1.78814e-08,0.4
2.695e-01,4.47035e-08,-6,-2,-4,3.57628e-09,-0.16,-0.4,-0.8
2.697e-01,-2,4,-2,4.47035e-08,3.57628e-09,0.08,1.78814e-08,0.4
2.699e-01,4.47035e-08,-4,-2,-4,3.57628e-09,-0.08,1.78814e-08,-0.4
2.701e-01,4.47035e-08,4,-2,4.47035e-08,3.57628e-09,0.08,1.78814e-08,0.4
2.703e-01,4.47035e-08,-4,-2,-4,3.57628e-09,-0.08,1.78814e-08,-0.8
2.705e-01,4.47035e-08,4,-2,4.47035e-08,3.57628e-09,0.08,1.78814e-08,0.4
2.707e-01,-2,-6,-2,-4,3.57628e-09,-0.08,1.78814e-08,-0.4
2.708e-01,-2,4,-2,4.47035e-08,3.57628e-09,0.08,1.78814e-08,0.4
2.710e-01,-2,-6,-2,-4,3.57628e-09,-0.08,-0.4,-0.4
2.712e-01,-2,4,4.47035e-08,4.47035e-08,-0.08,0.08,1.78814e-08,0.4
2.714e-01,-2,-4,-2,-4,-0.08,-0.16,-0.4,-0.4
2.716e-01,-2,4,-2,4.47035e-08,3.57628e-09,0.08,1.78814e-08,0.4
2.718e-01,-2,-6,-2,-4,3.57628e-09,-0.08,1.78814e-08,-0.4
2.720e-01,-2,4,-2,4.47035e-08,3.57628e-09,0.08,1.78814e-08,0.4
2.722e-01,-2,-4,-2,-4,3.57628e-09,-0.08,1.78814e-08,-0.4
2.724e-01,4.47035e-08,4,-2,4.47035e-08,3.57628e-09,0.08,1.78814e-08,0.4
2.726e-01,4.47035e-08,-6,-2,-4,3.57628e-09,-0.08,1.78814e-08,-0.4
2.728e-01,4.47035e-08,4,-2,4.47035e-08,3.57628e-09,0.08,1.78814e-08,0.4
2.730e-01,4.47035e-08,-6,-2,-4,3.57628e-09,-0.08,1.78814e-08,-0.4
2.732e-01,-2,4,-2,4.47035e-08,3.57628e-09,0.08,-0.4,0.4
2.733e-01,4.47035e-08,-4,-2,-4,3.57628e-09,-0.08,-0.4,-0.8
2.735e-01,-2,4,-2,4.47035e-08,3.57628e-09,0.08,-0.4,0.4
2.737e-01,-2,-6,-2,-4,3.57628e-09,-0.08,1.78814e-08,-0.8
2.739e-01,-2,4,-2,2,3.57628e-09,0.08,1.78814e-08,0.4
2.741e-01,4.47035e-08,-4,-2,-4,3.57628e-09,-0.08,1.78814e-08,-0.8
2.743e-01,4.47035e-08,4,-2,4.47035e-08,-0.08,0.08,-0.4,0.4
2.745e-01,-2,-6,-2,-4,3.57628e-09,-0.08,1.78814e-08,-0.8
2.747e-01,4.47035e-08,4,-2,4.47035e-08,3.57628e-09,0.08,1.78814e-08,0.4
2.749e-01,-2,-4,-2,-4,3.57628e-09,-0.08,1.78814e-08,-0.8
2.751e-01,-2,4,-2,4.47035e-08,3.57628e-09,0.08,-0.4,0.4
2.753e-01,4.47035e-08,-6,-2,-4,3.57628e-09,-0.08,-0.4,-0.4
2.755e-01,-2,4,-2,4.47035e-08,-0.08,0.08,-0.4,0.4
2.756e-01,-2,-6,-2,-4,3.57628e-09,-0.08,1.78814e-08,-0.4
2.758e-01,-2,4,-2,4.47035e-08,3.57628e-09,0.08,1.78814e-08,0.4
2.760e-01,-2,-6,-2,-4,3.57628e-09,-0.08,1.78814e-08,-0.8
2.762e-01,-2,4,-2,4.47035e-08,3.57628e-09,0.08,1.78814e-08,0.4
2.764e-01,-4,-6,-2,-4,3.57628e-09,-0.08,1.78814e-08,-0.4
2.766e-01,4.47035e-08,4,-2,4.47035e-08,3.57628e-09,0.08,-0.4,0.4
2.768e-01,-2,-6,-4,-4,3.57628e-09,-0.08,1.78814e-08,-0.4
2.770e-01,-2,4,-2,4.47035e-08,3.57628e-09,0.08,1.78814e-08,0.4
2.772e-01,-2,-6,-2,-4,3.57628e-09,-0.08,1.78814e-08,-0.4
2.774e-01,-2,4,-2,4.47035e-08,3.57628e-09,0.08,-0.4,0.4
2.776e-01,-2,-4,-2,-4,3.57628e-09,-0.08,1.78814e-08,-0.8
2.778e-01,-2,4,-2,4.47035e-08,3.57628e-09,0.08,1.78814e-08,0.4
2.780e-01,-2,-6,-2,-4,3.57628e-09,-0.08,1.78814e-08,-0.8
2.781e-01,4.47035e-08,4,-2,4.47035e-08,3.57628e-09,0.08,1.78814e-08,0.4
2.783e-01,-2,-6,-2,-4,3.57628e-09,-0.08,1.78814e-08,-0.8
2.785e-01,-2,4,-4,4.47035e-08,3.57628e-09,0.08,1.78814e-08,0.4
2.787e-01,-2,-4,-2,-4,3.57628e-09,-0.08,-0.4,-0.8
2.789e-01,4.47035e-08,2,-2,4.47035e-08,3.57628e-09,0.08,1.78814e-08,0.4
2.791e-01,-2,-4,-2,-4,3.57628e-09,-0.08,1.78814e-08,-0.4
2.793e-01,-2,4,-2,4.47035e-08,3.57628e-09,0.08,1.78814e-08,0.4
2.795e-01,-2,-6,-2,-4,-0.08,-0.08,1.78814e-08,-0.4
2.797e-01,4.47035e-08,4,-2,4.47035e-08,3.57628e-09,0.08,-0.4,0.4
2.799e-01,4.47035e-08,-6,-2,-4,3.57628e-09,-0.16,-0.4,-0.8
2.801e-01,4.47035e-08,4,-2,4.47035e-08,3.57628e-09,0.08,1.78814e-08,0.4
2.803e-01,-2,-6,-2,-4,3.57628e-09,-0.08,1.78814e-08,-0.4
2.804e-01,-2,2,-2,4.47035e-08,3.57628e-09,0.08,1.78814e-08,0.4
2.806e-01,-2,-6,-2,-4,3.57628e-09,-0.16,1.78814e-08,-0.4
2.808e-01,4.47035e-08,4,-2,4.47035e-08,3.57628e-09,0.08,1.78814e-08,0.4
2.810e-01,4.47035e-08,-6,-2,-4,3.57628e-09,-0.08,-0.4,-0.8
2.812e-01,4.47035e-08,4,-2,4.47035e-08,3.57628e-09,0.08,1.78814e-08,0.4
2.814e-01,-2,-6,-2,-4,3.57628e-09,-0.08,1.78814e-08,-0.4
2.816e-01,-2,4,-2,4.47035e-08,3.57628e-09,0.08,1.78814e-08,0.4
2.818e-01,4.47035e-08,-6,-2,-4,3.57628e-09,-0.08,1.78814e-08,-0.4
2.820e-01,-2,4,-2,4.47035e-08,3.57628e-09,0.08,1.78814e-08,0.4
2.822e-01,-2,-4,-2,-4,3.57628e-09,-0.08,1.78814e-08,-0.4
2.824e-01,4.47035e-08,4,-2,4.47035e-08,3.57628e-09,0.08,-0.4,0.4
2.826e-01,-4,-6,-2,-4,3.57628e-09,-0.08,1.78814e-08,-0.4
2.828e-01,2,4,-2,4.47035e-08,3.57628e-09,0.08,1.78814e-08,0.4
2.829e-01,-2,-4,-2,-4,3.57628e-09,-0.08,1.78814e-08,-0.4
2.831e-01,4.47035e-08,4,-2,4.47035e-08,3.57628e-09,0.08,1.78814e-08,0.4
2.833e-01,-2,-4,-2,-4,3.57628e-09,-0.08,1.78814e-08,-0.4
2.835e-01,-2,4,-2,4.47035e-08,3.57628e-09,0.08,1.78814e-08,0.4
2.837e-01,-2,-4,-2,-4,3.57628e-09,-0.16,1.78814e-08,-0.4
2.839e-01,4.47035e-08,4,-2,2,3.57628e-09,0.08,1.78814e-08,0.4
2.841e-01,-2,-6,-2,-4,3.57628e-09,-0.08,1.78814e-08,-0.4
2.843e-01,-2,4,-2,4.47035e-08,3.57628e-09,0.08,1.78814e-08,0.4
2.845e-01,-2,-6,-2,-4,3.57628e-09,-0.08,1.78814e-08,-0.4
2.847e-01,-2,4,-2,4.47035e-08,3.57628e-09,0.08,1.78814e-08,0.4
2.849e-01,-2,-4,-2,-4,3.57628e-09,-0.08,-0.4,-0.4
2.851e-01,4.47035e-08,4,-2,4.47035e-08,3.57628e-09,0.08,1.78814e-08,0.4
2.852e-01,-2,-4,-2,-4,-0.08,-0.08,1.78814e-08,-0.4
2.854e-01,-2,4,-4,4.47035e-08,3.57628e-09,0.08,1.78814e-08,0.4
2.856e-01,-2,-4,-2,-4,3.57628e-09,-0.08,1.78814e-08,-0.8
2.858e-01,4.47035e-08,4,-2,4.47035e-08,3.57628e-09,0.08,1.78814e-08,0.4
2.860e-01,-2,-4,-2,-4,3.57628e-09,-0.08,-0.4,-0.4
2.862e-01,4.47035e-08,4,-2,4.47035e-08,3.57628e-09,0.08,1.78814e-08,0.4
2.864e-01,-2,-6,-2,-4,-0.08,-0.08,1.78814e-08,-0.4
2.866e-01,-2,4,-2,4.47035e-08,3.57628e-09,0.08,1.78814e-08,0.4
2.868e-01,-2,-4,-2,-4,3.57628e-09,-0.08,1.78814e-08,-0.4
2.870e-01,-2,4,-2,4.47035e-08,3.57628e-09,0.08,-0.4,0.4
2.872e-01,-4,-4,-2,-4,3.57628e-09,-0.08,1.78814e-08,-0.4
2.874e-01,-2,4,-2,4.47035e-08,3.57628e-09,0.08,1.78814e-08,0.4
2.876e-01,4.47035e-08,-4,-2,-4,3.57628e-09,-0.08,1.78814e-08,-0.4
2.877e-01,-2,4,-2,4.47035e-08,3.57628e-09,0.08,-0.4,0.4
2.879e-01,4.47035e-08,-4,-2,-4,3.57628e-09,-0.08,-0.4,-0.8
2.881e-01,4.47035e-08,4,-2,4.47035e-08,3.57628e-09,0.08,1.78814e-08,0.4
2.883e-01,4.47035e-08,-4,-2,-4,3.57628e-09,-0.08,1.78814e-08,-0.4
2.885e-01,-2,4,-2,2,3.57628e-09,0.08,-0.4,0.4
2.887e-01,-2,-4,-2,-4,3.57628e-09,-0.08,1.78814e-08,-0.8
2.889e-01,4.47035e-08,4,-2,4.47035e-08,3.57628e-09,0.08,-0.4,0.4
2.891e-01,4.47035e-08,-6,-2,-4,3.57628e-09,-0.08,1.78814e-08,-0.8
2.893e-01,-2,4,-2,4.47035e-08,3.57628e-09,0.08,-0.4,0.4
2.895e-01,4.47035e-08,-4,-2,-6,3.57628e-09,-0.08,-0.4,-0.4
2.897e-01,4.47035e-08,4,-4,4.47035e-08,3.57628e-09,0.08,-0.4,0.4
2.899e-01,4.47035e-08,-4,-2,-4,3.57628e-09,-0.08,1.78814e-08,-0.8
2.900e-01,4.47035e-08,4,-2,4.47035e-08,3.57628e-09,0.08,1.78814e-08,0.4
2.902e-01,4.47035e-08,-6,-2,-4,3.57628e-09,-0.08,1.78814e-08,-0.4
2.904e-01,4.47035e-08,4,-2,4.47035e-08,3.57628e-09,0.08,1.78814e-08,0.4
2.906e-01,4.47035e-08,-4,-2,-4,3.57628e-09,-0.08,1.78814e-08,-0.4
2.908e-01,4.47035e-08,4,-2,4.47035e-08,3.57628e-09,0.08,-0.4,0.4
2.910e-01,-2,-6,-2,-4,3.57628e-09,-0.08,1.78814e-08,-0.4
2.912e-01,4.47035e-08,4,-4,4.47035e-08,3.57628e-09,0.08,1.78814e-08,0.4
2.914e-01,4.47035e-08,-6,-2,-4,3.57628e-09,-0.08,1.78814e-08,-0.4
2.916e-01,-2,4,-2,4.47035e-08,3.57628e-09,0.08,1.78814e-08,0.4
2.918e-01,4.47035e-08,-6,-2,-4,3.57628e-09,-0.08,1.78814e-08,-0.8
2.920e-01,4.47035e-08,4,-2,4.47035e-08,3.57628e-09,0.08,1.78814e-08,0.4
2.922e-01,-2,-4,-2,-4,3.57628e-09,-0.08,-0.4,-0.8
2.924e-01,4.47035e-08,4,-2,2,3.57628e-09,0.08,1.78814e-08,0.4
2.925e-01,-2,-4,-2,-4,3.57628e-09,-0.08,1.78814e-08,-0.4
2.927e-01,-2,4,-2,4.47035e-08,3.57628e-09,0.08,1.78814e-08,0.4
2.929e-01,-2,-6,-2,-4,3.57628e-09,-0.08,-0.4,-0.8
2.931e-01,4.47035e-08,4,-2,4.47035e-08,3.57628e-09,0.08,-0.4,0.4
2.933e-01,-2,-6,-2,-4,3.57628e-09,-0.08,-0.4,-0.8
2.935e-01,-2,4,-2,4.47035e-08,3.57628e-09,0.08,1.78814e-08,0.4
2.937e-01,-2,-4,-2,-4,3.57628e-09,-0.08,-0.4,-0.8
2.939e-01,4.47035e-08,4,-2,4.47035e-08,3.57628e-09,0.08,1.78814e-08,0.4
2.941e-01,4.47035e-08,-6,-2,-4,3.57628e-09,-0.08,-0.4,-0.4
2.943e-01,-2,4,-2,4.47035e-08,3.57628e-09,0.08,1.78814e-08,0.4
2.945e-01,4.47035e-08,-6,4.47035e-08,-4,3.57628e-09,-0.08,-0.4,-0.4
2.947e-01,4.47035e-08,4,-2,4.47035e-08,3.57628e-09,0.08,1.78814e-08,0.4
2.948e-01,-2,-6,-2,-4,3.57628e-09,-0.08,1.78814e-08,-0.4
2.950e-01,-2,4,-2,4.47035e-08,3.57628e-09,0.08,1.78814e-08,0.4
2.952e-01,-2,-4,-2,-4,3.57628e-09,-0.08,1.78814e-08,-0.4
2.954e-01,-2,4,-2,4.47035e-08,3.57628e-09,0.08,-0.4,0.4
2.956e-01,-2,-4,-2,-4,3.57628e-09,-0.08,1.78814e-08,-0.8
2.958e-01,-2,2,-2,4.47035e-08,3.57628e-09,0.08,-0.4,0.4
2.960e-01,4.47035e-08,-4,-2,-4,3.57628e-09,-0.08,1.78814e-08,-0.8
2.962e-01,-2,4,-2,4.47035e-08,3.57628e-09,0.08,1.78814e-08,0.4
2.964e-01,-2,-6,-2,-4,3.57628e-09,-0.08,1.78814e-08,-0.4
2.966e-01,-2,4,-2,4.47035e-08,3.57628e-09,0.08,-0.4,0.4
2.968e-01,-2,-6,-2,-4,3.57628e-09,-0.08,-0.4,-0.8
2.970e-01,4.47035e-08,4,-2,4.47035e-08,3.57628e-09,0.08,1.78814e-08,0.4
2.972e-01,-2,-6,-2,-6,3.57628e-09,-0.08,1.78814e-08,-0.4
2.973e-01,-4,4,-2,4.47035e-08,3.57628e-09,0.08,1.78814e-08,0.4
2.975e-01,4.47035e-08,-4,-2,-4,3.57628e-09,-0.16,1.78814e-08,-0.8
2.977e-01,-2,4,-2,4.47035e-08,3.57628e-09,0.08,-0.4,0.4
2.979e-01,-4,-4,-2,-4,-0.08,-0.08,-0.4,-0.4
2.981e-01,-2,4,-2,4.47035e-08,3.57628e-09,0.08,1.78814e-08,0.4
2.983e-01,-2,-6,-2,-4,3.57628e-09,-0.08,1.78814e-08,-0.8
2.985e-01,-2,4,-2,4.47035e-08,3.57628e-09,0.08,-0.4,0.4
2.987e-01,-2,-6,-4,-4,3.57628e-09,-0.08,1.78814e-08,-0.4
2.989e-01,4.47035e-08,4,-2,4.47035e-08,3.57628e-09,0.08,1.78814e-08,0.4
2.991e-01,4.47035e-08,-4,4.47035e-08,-4,3.57628e-09,-0.08,1.78814e-08,-0.8
2.993e-01,4.47035e-08,4,-2,4.47035e-08,3.57628e-09,0.08,1.78814e-08,0.4
2.995e-01,-2,-4,-2,-4,3.57628e-09,-0.08,-0.4,-0.8
2.996e-01,4.47035e-08,4,-4,4.47035e-08,3.57628e-09,0.08,1.78814e-08,0.4
2.998e-01,-2,-6,-2,-4,3.57628e-09,-0.08,1.78814e-08,-0.4
3.000e-01,-2,4,-2,4.47035e-08,3.57628e-09,0.08,1.78814e-08,0.4
3.002e-01,4.47035e-08,-4,-2,-4,3.57628e-09,-0.08,1.78814e-08,-0.4
3.004e-01,4.47035e-08,4,-2,4.47035e-08,3.57628e-09,0.08,1.78814e-08,0.4
3.006e-01,4.47035e-08,-6,-2,-4,-0.08,-0.08,1.78814e-08,-0.8
3.008e-01,-2,2,-2,4.47035e-08,3.57628e-09,0.08,-0.4,0.4
3.010e-01,4.47035e-08,-6,-2,-4,3.57628e-09,-0.08,1.78814e-08,-0.4
3.012e-01,4.47035e-08,4,-2,4.47035e-08,3.57628e-09,0.08,1.78814e-08,0.4
3.014e-01,4.47035e-08,-6,-2,-4,-0.08,-0.08,1.78814e-08,-0.4
3.016e-01,-2,4,-2,4.47035e-08,3.57628e-09,0.08,1.78814e-08,0.4
3.018e-01,-2,-6,-2,-4,3.57628e-09,-0.08,1.78814e-08,-0.8
3.020e-01,-2,4,-2,4.47035e-08,3.57628e-09,0.08,1.78814e-08,0.4
3.021e-01,-2,-4,-2,-4,3.57628e-09,-0.08,1.78814e-08,-0.4
3.023e-01,-2,4,-2,4.47035e-08,3.57628e-09,0.08,1.78814e-08,0.4
3.025e-01,4.47035e-08,-4,-2,-4,3.57628e-09,-0.08,-0.4,-0.8
3.027e-01,-2,4,-4,4.47035e-08,3.57628e-09,0.08,1.78814e-08,0.4
3.029e-01,4.47035e-08,-4,-2,-4,3.57628e-09,-0.08,-0.4,-0.4
3.031e-01,-2,4,-2,4.47035e-08,3.57628e-09,0.08,1.78814e-08,0.4
3.033e-01,4.47035e-08,-6,-4,-4,3.57628e-09,-0.08,1.78814e-08,-0.8
3.035e-01,4.47035e-08,4,-2,2,3.57628e-09,0.08,-0.4,0.4
3.037e-01,4.47035e-08,-6,-2,-4,3.57628e-09,-0.08,-0.4,-0.8
3.039e-01,-2,4,-2,4.47035e-08,3.57628e-09,0.08,-0.4,0.4
3.041e-01,-2,-6,-2,-4,3.57628e-09,-0.08,1.78814e-08,-0.8
3.043e-01,-2,4,-2,4.47035e-08,0.08,0.08,1.78814e-08,0.4
3.044e-01,4.47035e-08,-6,-2,-6,3.57628e-09,-0.08,1.78814e-08,-0.8
3.046e-01,4.47035e-08,4,-2,4.47035e-08,3.57628e-09,0.08,1.78814e-08,0.4
3.048e-01,4.47035e-08,-6,-2,-4,3.57628e-09,-0.08,-0.4,-0.4
3.050e-01,4.47035e-08,4,-2,4.47035e-08,3.57628e-09,0.08,1.78814e-08,0.4
3.052e-01,-2,-6,-2,-4,3.57628e-09,-0.08,-0.4,-0.4
3.054e-01,-2,4,-2,4.47035e-08,3.57628e-09,0.08,1.78814e-08,0.4
3.056e-01,-2,-6,-2,-4,3.57628e-09,-0.08,1.78814e-08,-0.4
3.058e-01,-2,4,-2,4.47035e-08,3.57628e-09,0.08,1.78814e-08,0.4
3.060e-01,-2,-6,-2,-4,3.57628e-09,-0.08,1.78814e-08,-0.8
3.062e-01,-2,4,-2,4.47035e-08,3.57628e-09,0.08,-0.4,0.4
3.064e-01,4.47035e-08,-6,-2,-4,3.57628e-09,-0.08,1.78814e-08,-0.4
3.066e-01,-2,4,-2,4.47035e-08,3.57628e-09,0.08,1.78814e-08,0.4
3.068e-01,-2,-6,-2,-4,3.57628e-09,-0.08,1.78814e-08,-0.4
3.069e-01,-2,2,-2,4.47035e-08,3.57628e-09,0.08,-0.4,0.4
3.071e-01,-2,-4,-4,-4,3.57628e-09,-0.08,1.78814e-08,-0.4
3.073e-01,-2,4,-2,4.47035e-08,3.57628e-09,0.08,1.78814e-08,0.4
3.075e-01,-2,-4,-2,-4,3.57628e-09,-0.08,1.78814e-08,-0.8
3.077e-01,-2,4,-2,4.47035e-08,3.57628e-09,0.08,1.78814e-08,0.4
3.079e-01,-2,-4,-2,-4,3.57628e-09,-0.08,1.78814e-08,-0.8
3.081e-01,4.47035e-08,4,-2,4.47035e-08,3.57628e-09,0.08,1.78814e-08,0.4
3.083e-01,-2,-4,-2,-4,3.57628e-09,-0.08,1.78814e-08,-0.4
3.085e-01,-2,4,-2,4.47035e-08,3.57628e-09,0.08,1.78814e-08,0.4
3.087e-01,4.47035e-08,-6,-2,-4,3.57628e-09,-0.08,-0.4,-0.8
3.089e-01,-2,2,-2,4.47035e-08,3.57628e-09,0.08,-0.4,0.4
3.091e-01,-2,-6,-4,-4,3.57628e-09,-0.08,1.78814e-08,-0.4
3.092e-01,4.47035e-08,4,-2,4.47035e-08,3.57628e-09,0.08,1.78814e-08,0.4
3.094e-01,-2,-6,-2,-4,3.57628e-09,-0.08,1.78814e-08,-0.8
3.096e-01,-2,4,-2,4.47035e-08,3.57628e-09,0.08,1.78814e-08,0.4
3.098e-01,-2,-6,-2,-4,3.57628e-09,-0.08,1.78814e-08,-0.4
3.100e-01,-2,4,-2,4.47035e-08,3.57628e-09,0.08,-0.4,0.4
3.102e-01,-2,-4,-4,-4,3.57628e-09,-0.08,1.78814e-08,-0.4
3.104e-01,4.47035e-08,4,-2,4.47035e-08,3.57628e-09,0.08,1.78814e-08,0.4
3.106e-01,2,-6,-2,-4,3.57628e-09,-0.08,1.78814e-08,-0.4
3.108e-01,4.47035e-08,4,-2,4.47035e-08,3.57628e-09,0.08,1.78814e-08,0.4
3.110e-01,-2,-6,-2,-4,3.57628e-09,-0.08,1.78814e-08,-0.8
3.112e-01,4.47035e-08,4,-2,4.47035e-08,3.57628e-09,0.08,1.78814e-08,0.4
3.114e-01,4.47035e-08,-6,-2,-4,3.57628e-09,-0.08,-0.4,-0.4
3.116e-01,-2,4,-2,4.47035e-08,3.57628e-09,0.08,1.78814e-08,0.4
3.117e-01,4.47035e-08,-4,-2,-4,3.57628e-09,-0.08,-0.4,-0.4
3.119e-01,-2,4,-2,4.47035e-08,3.57628e-09,0.08,1.78814e-08,0.4
3.121e-01,-2,-4,-2,-4,-0.08,-0.08,-0.4,-0.4
3.123e-01,4.47035e-08,4,-2,4.47035e-08,3.57628e-09,0.08,-0.4,0.4
3.125e-01,-4,-4,-2,-4,3.57628e-09,-0.08,1.78814e-08,-0.8
3.127e-01,-2,4,-2,4.47035e-08,3.57628e-09,0.08,-0.4,0.4
3.129e-01,-4,-6,-2,-4,3.57628e-09,-0.08,1.78814e-08,-0.8
3.131e-01,-2,4,-2,4.47035e-08,-0.08,0.08,1.78814e-08,0.4
3.133e-01,-2,-6,-2,-4,3.57628e-09,-0.08,1.78814e-08,-0.4
3.135e-01,4.47035e-08,4,-2,4.47035e-08,3.57628e-09,0.08,1.78814e-08,0.4
3.137e-01,4.47035e-08,-6,-2,-4,3.57628e-09,-0.08,1.78814e-08,-0.8
3.139e-01,-2,4,-2,4.47035e-08,3.57628e-09,0.08,1.78814e-08,0.4
3.140e-01,-2,-6,-2,-4,3.57628e-09,-0.16,1.78814e-08,-0.4
3.142e-01,4.47035e-08,4,-2,4.47035e-08,3.57628e-09,0.08,-0.4,0.4
3.144e-01,4.47035e-08,-4,-2,-4,3.57628e-09,-0.08,1.78814e-08,-0.8
3.146e-01,-2,4,-2,4.47035e-08,3.57628e-09,0.08,-0.4,0.4
3.148e-01,4.47035e-08,-6,-2,-4,3.57628e-09,-0.08,1.78814e-08,-0.4
3.150e-01,-2,4,-4,4.47035e-08,3.57628e-09,0.08,1.78814e-08,0.4
3.152e-01,-2,-6,-2,-4,3.57628e-09,-0.08,1.78814e-08,-0.4
3.154e-01,4.47035e-08,4,-2,4.47035e-08,3.57628e-09,0.08,1.78814e-08,0.4
3.156e-01,-2,-4,-2,-4,3.57628e-09,-0.08,1.78814e-08,-0.4
3.158e-01,-2,4,-2,4.47035e-08,3.57628e-09,0.08,1.78814e-08,0.4
3.160e-01,4.47035e-08,-4,-2,-4,3.57628e-09,-0.08,1.78814e-08,-0.4
3.162e-01,4.47035e-08,4,-2,2,3.57628e-09,0.08,-0.4,0.4
3.164e-01,4.47035e-08,-6,-4,-4,3.57628e-09,-0.08,1.78814e-08,-0.4
3.165e-01,4.47035e-08,4,-2,4.47035e-08,3.57628e-09,0.08,1.78814e-08,0.4
3.167e-01,-2,-4,-2,-4,3.57628e-09,-0.08,-0.4,-0.4
3.169e-01,4.47035e-08,4,-2,4.47035e-08,3.57628e-09,0.08,1.78814e-08,0.4
3.171e-01,4.47035e-08,-4,-2,-4,3.57628e-09,-0.08,-0.4,-0.4
3.173e-01,-2,4,-2,4.47035e-08,3.57628e-09,0.08,1.78814e-08,0.4
3.175e-01,-2,-4,-2,-4,3.57628e-09,-0.08,1.78814e-08,-0.4
3.177e-01,-2,4,-2,4.47035e-08,3.57628e-09,0.08,1.78814e-08,0.4
3.179e-01,4.47035e-08,-6,-2,-4,3.57628e-09,-0.08,1.78814e-08,-0.4
3.181e-01,-2,4,-2,4.47035e-08,3.57628e-09,0.08,1.78814e-08,0.4
3.183e-01,4.47035e-08,-6,-2,-4,3.57628e-09,-0.08,1.78814e-08,-0.4
3.185e-01,4.47035e-08,4,-4,4.47035e-08,3.57628e-09,0.08,1.78814e-08,0.4
3.187e-01,-2,-6,-2,-4,3.57628e-09,-0.08,1.78814e-08,-0.4
3.188e-01,4.47035e-08,4,-2,4.47035e-08,3.57628e-09,0.08,1.78814e-08,0.4
3.190e-01,4.47035e-08,-6,-2,-4,3.57628e-09,-0.08,1.78814e-08,-0.8
3.192e-01,-2,4,-2,2,3.57628e-09,0.08,1.78814e-08,0.4
3.194e-01,4.47035e-08,-4,-2,-4,3.57628e-09,-0.08,1.78814e-08,-0.8
3.196e-01,-2,4,-2,4.47035e-08,3.57628e-09,0.08,-0.4,0.4
3.198e-01,-2,-4,-2,-4,3.57628e-09,-0.08,-0.4,-0.8
3.200e-01,-2,4,-2,4.47035e-08,3.57628e-09,0.08,1.78814e-08,0.4
3.202e-01,-2,-6,-2,-4,3.57628e-09,-0.08,1.78814e-08,-0.4
3.204e-01,4.47035e-08,4,-2,4.47035e-08,3.57628e-09,0.08,1.78814e-08,0.4
3.206e-01,-2,-6,-2,-4,3.57628e-09,-0.08,-0.4,-0.4
3.208e-01,4.47035e-08,4,-2,4.47035e-08,3.57628e-09,0.08,1.78814e-08,0.4
3.210e-01,-2,-4,-2,-4,3.57628e-09,-0.08,1.78814e-08,-0.4
3.212e-01,4.47035e-08,4,-2,4.47035e-08,3.57628e-09,0.08,1.78814e-08,0.4
3.213e-01,-2,-6,-2,-4,3.57628e-09,-0.08,1.78814e-08,-0.4
3.215e-01,-2,4,-2,4.47035e-08,3.57628e-09,0.08,1.78814e-08,0.4
3.217e-01,4.47035e-08,-6,-2,-4,3.57628e-09,-0.08,1.78814e-08,-0.4
3.219e-01,-2,4,-2,4.47035e-08,3.57628e-09,0.08,1.78814e-08,0.4
3.221e-01,-2,-6,-2,-4,3.57628e-09,-0.08,-0.4,-0.8
3.223e-01,4.47035e-08,4,4.47035e-08,4.47035e-08,3.57628e-09,0.08,1.78814e-08,0.4
3.225e-01,-2,-6,-2,-4,3.57628e-09,-0.08,1.78814e-08,-0.4
3.227e-01,-2,4,-2,4.47035e-08,3.57628e-09,0.08,1.78814e-08,0.4
3.229e-01,4.47035e-08,-6,-2,-4,3.57628e-09,-0.08,1.78814e-08,-0.4
3.231e-01,-2,4,-2,4.47035e-08,3.57628e-09,0.08,1.78814e-08,0.4
3.233e-01,-2,-4,-2,-4,3.57628e-09,-0.08,1.78814e-08,-0.4
3.235e-01,-2,4,-2,4.47035e-08,3.57628e-09,0.08,1.78814e-08,0.4
3.236e-01,4.47035e-08,-4,-2,-4,3.57628e-09,-0.08,1.78814e-08,-0.4
3.238e-01,-2,4,-2,4.47035e-08,3.57628e-09,0.08,1.78814e-08,0.4
3.240e-01,-2,-6,-2,-4,3.57628e-09,-0.08,1.78814e-08,-0.4
3.242e-01,-2,4,-2,4.47035e-08,3.57628e-09,0.08,-0.4,0.4
3.244e-01,4.47035e-08,-4,-2,-4,0.08,-0.08,1.78814e-08,-0.4
3.246e-01,4.47035e-08,4,-2,4.47035e-08,3.57628e-09,0.08,1.78814e-08,0.4
3.248e-01,-2,-4,-2,-6,3.57628e-09,-0.08,1.78814e-08,-0.4
3.250e-01,-2,4,-2,4.47035e-08,3.57628e-09,0.08,1.78814e-08,0.4
3.252e-01,-2,-4,-2,-4,3.57628e-09,-0.08,1.78814e-08,-0.4
3.254e-01,-2,4,-2,4.47035e-08,3.57628e-09,0.08,1.78814e-08,0.4
3.256e-01,4.47035e-08,-4,-4,-4,3.57628e-09,-0.08,1.78814e-08,-0.4
3.258e-01,4.47035e-08,4,-2,4.47035e-08,3.57628e-09,0.08,1.78814e-08,0.4
3.260e-01,4.47035e-08,-6,-2,-4,3.57628e-09,-0.08,1.78814e-08,-0.4
3.261e-01,-2,4,-2,4.47035e-08,3.57628e-09,0.08,1.78814e-08,0.4
3.263e-01,-2,-6,-2,-4,3.57628e-09,-0.08,1.78814e-08,-0.4
3.265e-01,-2,4,-2,4.47035e-08,3.57628e-09,0.08,1.78814e-08,0.4
3.267e-01,4.47035e-08,-4,-2,-4,3.57628e-09,-0.08,1.78814e-08,-0.4
3.269e-01,-2,4,-2,4.47035e-08,3.57628e-09,0.08,1.78814e-08,0.4
3.271e-01,-2,-6,-2,-4,3.57628e-09,-0.08,-0.4,-0.8
3.273e-01,-2,4,-2,4.47035e-08,3.57628e-09,0.08,1.78814e-08,0.4
3.275e-01,4.47035e-08,-4,-2,-4,3.57628e-09,-0.08,1.78814e-08,-0.4
3.277e-01,-2,4,-2,4.47035e-08,3.57628e-09,0.08,1.78814e-08,0.4
3.279e-01,4.47035e-08,-4,-2,-4,3.57628e-09,-0.08,1.78814e-08,-0.8
3.281e-01,4.47035e-08,4,-2,4.47035e-08,0.08,0.08,-0.4,0.4
3.283e-01,-2,-6,-2,-4,3.57628e-09,-0.08,1.78814e-08,-0.4
3.285e-01,4.47035e-08,4,-2,4.47035e-08,3.57628e-09,0.08,1.78814e-08,0.4
3.286e-01,4.47035e-08,-6,-2,-6,3.57628e-09,-0.08,1.78814e-08,-0.4
3.288e-01,-2,4,-2,4.47035e-08,3.57628e-09,0.08,-0.4,0.4
3.290e-01,-2,-4,-2,-4,3.57628e-09,-0.08,1.78814e-08,-0.4
3.292e-01,-2,4,-2,4.47035e-08,3.57628e-09,0.08,1.78814e-08,0.4
3.294e-01,-4,-4,-2,-6,3.57628e-09,-0.08,1.78814e-08,-0.8
3.296e-01,-2,4,-2,4.47035e-08,3.57628e-09,0.08,1.78814e-08,0.4
3.298e-01,4.47035e-08,-6,-2,-4,3.57628e-09,-0.08,1.78814e-08,-0.4
3.300e-01,-2,4,-2,4.47035e-08,3.57628e-09,0.08,1.78814e-08,0.4
3.302e-01,-2,-4,-2,-4,3.57628e-09,-0.08,1.78814e-08,-0.8
3.304e-01,4.47035e-08,4,-2,4.47035e-08,3.57628e-09,0.08,-0.4,0.4
3.306e-01,4.47035e-08,-4,-2,-6,3.57628e-09,-0.08,1.78814e-08,-0.4
3.308e-01,4.47035e-08,4,-2,4.47035e-08,3.57628e-09,0.08,-0.4,0.4
3.309e-01,-2,-6,-2,-4,3.57628e-09,-0.08,-0.4,-0.4
3.311e-01,4.47035e-08,4,-2,4.47035e-08,3.57628e-09,0.08,1.78814e-08,0.4
3.313e-01,-2,-6,-2,-4,3.57628e-09,-0.08,1.78814e-08,-0.4
3.315e-01,4.47035e-08,4,-2,4.47035e-08,3.57628e-09,0.08,-0.4,0.4
3.317e-01,-2,-6,-2,-4,3.57628e-09,-0.08,1.78814e-08,-0.4
3.319e-01,4.47035e-08,4,-2,4.47035e-08,3.57628e-09,0.08,1.78814e-08,0.4
3.321e-01,-2,-6,-2,-4,0.08,-0.08,1.78814e-08,-0.8
3.323e-01,-2,4,-2,4.47035e-08,3.57628e-09,0.08,1.78814e-08,0.4
3.325e-01,4.47035e-08,-6,-2,-4,3.57628e-09,-0.08,1.78814e-08,-0.8
3.327e-01,-2,4,-2,4.47035e-08,3.57628e-09,0.08,1.78814e-08,0.4
3.329e-01,4.47035e-08,-6,-2,-4,3.57628e-09,-0.08,1.78814e-08,-0.8
3.331e-01,-2,4,4.47035e-08,4.47035e-08,3.57628e-09,0.08,1.78814e-08,0.4
3.333e-01,-2,-4,-2,-4,3.57628e-09,-0.08,-0.4,-0.4
3.334e-01,4.47035e-08,4,-2,4.47035e-08,3.57628e-09,0.08,1.78814e-08,0.4
3.336e-01,-2,-4,-2,-4,3.57628e-09,-0.08,-0.4,-0.4
3.338e-01,4.47035e-08,4,-2,4.47035e-08,3.57628e-09,0.08,1.78814e-08,0.4
3.340e-01,4.47035e-08,-4,-2,-4,3.57628e-09,-0.08,-0.4,-0.4
3.342e-01,-2,4,-2,4.47035e-08,3.57628e-09,0.08,1.78814e-08,0.4
3.344e-01,-2,-4,-2,-4,3.57628e-09,-0.08,1.78814e-08,-0.4
3.346e-01,-2,4,-2,4.47035e-08,3.57628e-09,0.08,1.78814e-08,0.4
3.348e-01,-2,-4,-2,-4,3.57628e-09,-0.08,1.78814e-08,-0.8
3.350e-01,4.47035e-08,4,-2,4.47035e-08,3.57628e-09,0.08,1.78814e-08,0.4
3.352e-01,-2,-6,-2,-4,3.57628e-09,-0.08,1.78814e-08,-0.4
3.354e-01,-2,4,-2,4.47035e-08,3.57628e-09,0.08,1.78814e-08,0.4
3.356e-01,4.47035e-08,-4,-2,-4,3.57628e-09,-0.08,1.78814e-08,-0.8
3.357e-01,4.47035e-08,4,-4,4.47035e-08,3.57628e-09,0.08,-0.4,0.4
3.359e-01,4.47035e-08,-4,-4,-6,3.57628e-09,-0.08,1.78814e-08,-0.4
3.361e-01,-2,4,-2,4.47035e-08,3.57628e-09,0.08,1.78814e-08,0.4
3.363e-01,-2,-4,-4,-4,3.57628e-09,-0.08,1.78814e-08,-0.4
3.365e-01,-2,4,-2,4.47035e-08,3.57628e-09,0.08,1.78814e-08,0.4
3.367e-01,-2,-6,-2,-4,3.57628e-09,-0.08,1.78814e-08,-0.4
3.369e-01,-2,4,-2,4.47035e-08,3.57628e-09,0.08,1.78814e-08,0.4
3.371e-01,-2,-4,-2,-4,3.57628e-09,-0.08,-0.4,-0.4
3.373e-01,-2,4,-2,4.47035e-08,3.57628e-09,0.08,1.78814e-08,0.4
3.375e-01,-2,-6,-2,-4,3.57628e-09,-0.08,1.78814e-08,-0.4
3.377e-01,-2,4,-2,4.47035e-08,3.57628e-09,0.08,1.78814e-08,0.4
3.379e-01,4.47035e-08,-6,-2,-4,3.57628e-09,-0.08,-0.4,-0.8
3.381e-01,-2,4,-4,4.47035e-08,3.57628e-09,0.08,1.78814e-08,0.4
3.382e-01,4.47035e-08,-6,-2,-4,3.57628e-09,-0.08,1.78814e-08,-0.4
3.384e-01,-2,4,-2,4.47035e-08,3.57628e-09,0.08,1.78814e-08,0.4
3.386e-01,4.47035e-08,-6,-2,-4,3.57628e-09,-0.08,1.78814e-08,-0.4
3.388e-01,-2,4,-2,4.47035e-08,3.57628e-09,0.08,1.78814e-08,0.4
3.390e-01,4.47035e-08,-6,-2,-4,3.57628e-09,-0.08,1.78814e-08,-0.4
3.392e-01,-2,4,-2,4.47035e-08,3.57628e-09,0.08,1.78814e-08,0.4
3.394e-01,4.47035e-08,-6,-2,-4,3.57628e-09,-0.08,1.78814e-08,-0.4
3.396e-01,-2,4,-2,4.47035e-08,3.57628e-09,0.08,-0.4,0.4
3.398e-01,4.47035e-08,-6,-2,-4,3.57628e-09,-0.08,1.78814e-08,-0.4
3.400e-01,-2,4,-2,4.47035e-08,3.57628e-09,0.08,-0.4,0.4
3.402e-01,4.47035e-08,-6,-2,-4,3.57628e-09,-0.08,1.78814e-08,-0.4
3.404e-01,4.47035e-08,4,-2,4.47035e-08,3.57628e-09,0.08,1.78814e-08,0.4
3.405e-01,4.47035e-08,-4,-2,-4,0.08,-0.08,1.78814e-08,-0.4
3.407e-01,4.47035e-08,4,-2,4.47035e-08,3.57628e-09,0.08,1.78814e-08,0.4
3.409e-01,-2,-4,-2,-4,3.57628e-09,-0.08,1.78814e-08,-0.8
3.411e-01,4.47035e-08,4,-2,4.47035e-08,3.57628e-09,0.08,1.78814e-08,0.4
3.413e-01,4.47035e-08,-6,-2,-4,3.57628e-09,-0.08,1.78814e-08,-0.8
3.415e-01,-2,4,-2,4.47035e-08,3.57628e-09,0.08,-0.4,0.4
3.417e-01,4.47035e-08,-6,-2,-4,3.57628e-09,-0.08,1.78814e-08,-0.4
3.419e-01,-2,4,-2,4.47035e-08,3.57628e-09,0.08,1.78814e-08,0.4
3.421e-01,-2,-4,-2,-4,3.57628e-09,-0.08,-0.4,-0.8
3.423e-01,-2,4,-2,4.47035e-08,3.57628e-09,0.08,-0.4,0.4
3.425e-01,4.47035e-08,-4,-2,-4,3.57628e-09,-0.08,1.78814e-08,-0.8
3.427e-01,4.47035e-08,4,-2,4.47035e-08,3.57628e-09,0.08,1.78814e-08,0.4
3.429e-01,-2,-4,-2,-4,3.57628e-09,-0.08,1.78814e-08,-0.4
3.430e-01,4.47035e-08,4,-2,4.47035e-08,3.57628e-09,0.08,1.78814e-08,0.4
3.432e-01,-2,-6,-2,-4,3.57628e-09,-0.08,1.78814e-08,-0.4
3.434e-01,4.47035e-08,4,-2,4.47035e-08,3.57628e-09,0.08,1.78814e-08,0.4
3.436e-01,-2,-6,-2,-4,3.57628e-09,-0.08,1.78814e-08,-0.4
3.438e-01,-2,4,-2,4.47035e-08,3.57628e-09,0.08,1.78814e-08,0.4
3.440e-01,4.47035e-08,-4,-2,-4,3.57628e-09,-0.08,1.78814e-08,-0.4
3.442e-01,-2,4,-2,4.47035e-08,3.57628e-09,0.08,1.78814e-08,0.4
3.444e-01,4.47035e-08,-4,-2,-4,3.57628e-09,-0.08,-0.4,-0.4
3.446e-01,-2,4,-2,4.47035e-08,3.57628e-09,0.08,1.78814e-08,0.4
3.448e-01,-2,-6,-2,-4,3.57628e-09,-0.08,1.78814e-08,-0.4
3.450e-01,-2,4,-2,4.47035e-08,3.57628e-09,0.08,1.78814e-08,0.4
3.452e-01,-2,-6,-2,-4,3.57628e-09,-0.08,1.78814e-08,-0.4
3.453e-01,4.47035e-08,4,-2,4.47035e-08,3.57628e-09,0.08,1.78814e-08,0.4
3.455e-01,-2,-6,-2,-4,3.57628e-09,-0.08,1.78814e-08,-0.4
3.457e-01,-2,4,-2,4.47035e-08,3.57628e-09,0.08,1.78814e-08,0.4
3.459e-01,-2,-6,-2,-4,3.57628e-09,-0.08,1.78814e-08,-0.4
3.461e-01,-4,4,-2,4.47035e-08,3.57628e-09,0.08,1.78814e-08,0.4
3.463e-01,4.47035e-08,-4,-2,-4,3.57628e-09,-0.08,1.78814e-08,-0.8
3.465e-01,4.47035e-08,4,-2,4.47035e-08,3.57628e-09,0.08,1.78814e-08,0.4
3.467e-01,-2,-6,-2,-4,3.57628e-09,-0.08,1.78814e-08,-0.4
3.469e-01,4.47035e-08,4,-2,4.47035e-08,3.57628e-09,0.08,1.78814e-08,0.4
3.471e-01,4.47035e-08,-4,-2,-4,3.57628e-09,-0.08,1.78814e-08,-0.4
3.473e-01,-2,4,-2,4.47035e-08,3.57628e-09,0.08,1.78814e-08,0.4
3.475e-01,4.47035e-08,-6,-2,-4,3.57628e-09,-0.08,1.78814e-08,-0.8
3.477e-01,-2,4,-2,4.47035e-08,3.57628e-09,0.08,1.78814e-08,0.4
3.478e-01,4.47035e-08,-6,-2,-4,3.57628e-09,-0.08,1.78814e-08,-0.8
3.480e-01,-2,4,-2,4.47035e-08,3.57628e-09,0.08,1.78814e-08,0.4
3.482e-01,-2,-6,-2,-4,3.57628e-09,-0.08,1.78814e-08,-0.4
3.484e-01,4.47035e-08,4,-2,4.47035e-08,3.57628e-09,0.08,1.78814e-08,0.4
3.486e-01,4.47035e-08,-4,-2,-4,3.57628e-09,-0.08,-0.4,-0.4
3.488e-01,-2,4,-2,4.47035e-08,3.57628e-09,0.08,1.78814e-08,0.4
3.490e-01,4.47035e-08,-6,-2,-4,3.57628e-09,-0.08,1.78814e-08,-0.4
3.492e-01,-2,4,-2,4.47035e-08,3.57628e-09,0.08,1.78814e-08,0.4
3.494e-01,4.47035e-08,-4,-2,-4,0.08,-0.08,1.78814e-08,-0.4
3.496e-01,-2,4,-2,4.47035e-08,3.57628e-09,0.08,1.78814e-08,0.4
3.498e-01,4.47035e-08,-6,-2,-4,3.57628e-09,-0.08,1.78814e-08,-0.4
3.500e-01,4.47035e-08,4,-2,4.47035e-08,3.57628e-09,0.08,1.78814e-08,0.4
3.501e-01,-2,-6,-2,-4,3.57628e-09,-0.08,1.78814e-08,-0.8
3.503e-01,4.47035e-08,4,-2,4.47035e-08,3.57628e-09,0.08,1.78814e-08,0.4
3.505e-01,4.47035e-08,-6,-2,-6,3.57628e-09,-0.08,1.78814e-08,-0.8
3.507e-01,4.47035e-08,4,-2,4.47035e-08,3.57628e-09,0.08,1.78814e-08,0.4
3.509e-01,4.47035e-08,-6,-2,-4,3.57628e-09,-0.08,1.78814e-08,-0.4
3.511e-01,4.47035e-08,2,-2,4.47035e-08,3.57628e-09,0.08,1.78814e-08,0.4
3.513e-01,-2,-6,-2,-4,3.57628e-09,-0.08,-0.4,-0.4
3.515e-01,4.47035e-08,4,-2,4.47035e-08,3.57628e-09,0.08,1.78814e-08,0.4
3.517e-01,-2,-4,-2,-4,3.57628e-09,-0.08,1.78814e-08,-0.4
3.519e-01,-2,4,-2,4.47035e-08,3.57628e-09,0.08,1.78814e-08,0.4
3.521e-01,-2,-6,-2,-4,3.57628e-09,-0.08,-0.4,-0.8
3.523e-01,4.47035e-08,4,-2,4.47035e-08,3.57628e-09,0.08,1.78814e-08,0.4
3.525e-01,4.47035e-08,-4,-2,-4,3.57628e-09,-0.08,1.78814e-08,-0.8
3.526e-01,-2,4,-2,4.47035e-08,3.57628e-09,0.08,1.78814e-08,0.4
3.528e-01,-2,-6,-2,-4,3.57628e-09,-0.08,1.78814e-08,-0.8
3.530e-01,-2,4,-2,4.47035e-08,0.08,0.08,1.78814e-08,0.4
3.532e-01,-2,-6,-2,-4,3.57628e-09,-0.08,-0.4,-0.8
3.534e-01,-2,4,-2,4.47035e-08,3.57628e-09,0.08,1.78814e-08,0.4
3.536e-01,4.47035e-08,-6,-2,-6,3.57628e-09,-0.08,1.78814e-08,-0.8
3.538e-01,-2,4,-2,4.47035e-08,3.57628e-09,0.08,1.78814e-08,0.4
3.540e-01,4.47035e-08,-4,-2,-4,3.57628e-09,-0.08,-0.4,-0.4
3.542e-01,4.47035e-08,4,-2,4.47035e-08,3.57628e-09,0.08,1.78814e-08,0.4
3.544e-01,4.47035e-08,-6,-2,-4,3.57628e-09,-0.08,-0.4,-0.4
3.546e-01,-2,4,-2,4.47035e-08,3.57628e-09,0.08,1.78814e-08,0.4
3.548e-01,-2,-6,-2,-4,3.57628e-09,-0.08,1.78814e-08,-0.4
3.549e-01,-2,4,-2,4.47035e-08,3.57628e-09,0.08,1.78814e-08,0.4
3.551e-01,-2,-6,-2,-4,3.57628e-09,-0.08,1.78814e-08,-0.4
3.553e-01,4.47035e-08,4,-4,4.47035e-08,3.57628e-09,0.08,-0.4,0.4
3.555e-01,-2,-4,-2,-4,3.57628e-09,-0.08,1.78814e-08,-0.8
3.557e-01,4.47035e-08,4,-2,4.47035e-08,3.57628e-09,0.08,1.78814e-08,0.4
3.559e-01,-2,-6,-2,-4,3.57628e-09,-0.08,-0.4,-0.4
3.561e-01,-2,4,-2,4.47035e-08,3.57628e-09,0.08,1.78814e-08,0.4
3.563e-01,4.47035e-08,-4,-2,-4,3.57628e-09,-0.08,1.78814e-08,-0.4
3.565e-01,-2,4,-2,4.47035e-08,3.57628e-09,0.08,1.78814e-08,0.4
3.567e-01,4.47035e-08,-6,-2,-4,3.57628e-09,-0.08,1.78814e-08,-0.4
3.569e-01,-2,4,-2,4.47035e-08,3.57628e-09,0.08,1.78814e-08,0.4
3.571e-01,4.47035e-08,-4,-2,-4,3.57628e-09,-0.08,-0.4,-0.8
3.573e-01,4.47035e-08,4,-2,4.47035e-08,3.57628e-09,0.08,1.78814e-08,0.4
3.574e-01,4.47035e-08,-6,-2,-4,0.08,-0.08,1.78814e-08,-0.8
3.576e-01,-2,4,-2,4.47035e-08,3.57628e-09,0.08,1.78814e-08,0.4
3.578e-01,-2,-6,-2,-4,3.57628e-09,-0.08,1.78814e-08,-0.8
3.580e-01,-2,4,-2,4.47035e-08,3.57628e-09,0.08,1.78814e-08,0.4
3.582e-01,-2,-4,-2,-6,3.57628e-09,-0.08,1.78814e-08,-0.8
3.584e-01,-2,4,-2,4.47035e-08,3.57628e-09,0.08,1.78814e-08,0.4
3.586e-01,-2,-4,-2,-4,3.57628e-09,-0.08,1.78814e-08,-0.8
3.588e-01,-2,4,-2,4.47035e-08,3.57628e-09,0.08,-0.4,0.4
3.590e-01,-2,-4,-2,-4,3.57628e-09,-0.08,1.78814e-08,-0.8
3.592e-01,4.47035e-08,4,-2,4.47035e-08,3.57628e-09,0.08,1.78814e-08,0.4
3.594e-01,4.47035e-08,-6,-2,-4,3.57628e-09,-0.08,-0.4,-0.8
3.596e-01,4.47035e-08,4,-2,4.47035e-08,3.57628e-09,0.08,-0.4,0.4
3.597e-01,-2,-6,-2,-4,3.57628e-09,-0.08,1.78814e-08,-0.4
3.599e-01,-2,4,-2,4.47035e-08,3.57628e-09,0.08,1.78814e-08,0.4
3.601e-01,4.47035e-08,-4,-2,-4,3.57628e-09,-0.08,-0.4,-0.4
3.603e-01,-2,4,-2,4.47035e-08,3.57628e-09,0.08,1.78814e-08,0.4
3.605e-01,-2,-6,-2,-4,3.57628e-09,-0.08,-0.4,-0.8
3.607e-01,4.47035e-08,4,-4,4.47035e-08,3.57628e-09,0.08,1.78814e-08,0.4
3.609e-01,4.47035e-08,-6,-2,-4,3.57628e-09,-0.08,1.78814e-08,-0.4
3.611e-01,4.47035e-08,4,-2,4.47035e-08,3.57628e-09,0.08,1.78814e-08,0.4
3.613e-01,4.47035e-08,-4,-2,-4,3.57628e-09,-0.08,1.78814e-08,-0.8
3.615e-01,4.47035e-08,4,-2,4.47035e-08,3.57628e-09,0.08,1.78814e-08,0.4
3.617e-01,4.47035e-08,-4,-2,-4,3.57628e-09,-0.08,-0.4,-0.8
3.619e-01,-2,4,-2,4.47035e-08,3.57628e-09,0.08,1.78814e-08,0.4
3.621e-01,-2,-4,-2,-4,3.57628e-09,-0.08,1.78814e-08,-0.4
3.622e-01,4.47035e-08,4,-2,4.47035e-08,3.57628e-09,0.08,1.78814e-08,0.4
3.624e-01,4.47035e-08,-6,-2,-4,3.57628e-09,-0.08,1.78814e-08,-0.4
3.626e-01,-2,4,-2,4.47035e-08,3.57628e-09,0.08,1.78814e-08,0.4
3.628e-01,4.47035e-08,-4,-2,-4,3.57628e-09,-0.08,1.78814e-08,-0.4
3.630e-01,-2,4,-2,4.47035e-08,3.57628e-09,0.08,1.78814e-08,0.4
3.632e-01,2,-6,-2,-4,3.57628e-09,-0.08,-0.4,-0.4
3.634e-01,4.47035e-08,4,-2,4.47035e-08,3.57628e-09,0.08,1.78814e-08,0.4
3.636e-01,-2,-4,-2,-4,3.57628e-09,-0.08,1.78814e-08,-0.8
3.638e-01,4.47035e-08,4,-2,4.47035e-08,3.57628e-09,0.08,-0.4,0.4
3.640e-01,4.47035e-08,-6,-2,-4,3.57628e-09,-0.08,1.78814e-08,-0.4
3.642e-01,2,4,-4,4.47035e-08,3.57628e-09,0.08,1.78814e-08,0.4
3.644e-01,-2,-4,-2,-4,3.57628e-09,-0.08,1.78814e-08,-0.4
3.645e-01,-2,4,-2,4.47035e-08,3.57628e-09,0.08,1.78814e-08,0.4
3.647e-01,4.47035e-08,-6,-2,-4,3.57628e-09,-0.08,1.78814e-08,-0.4
3.649e-01,4.47035e-08,4,-4,4.47035e-08,3.57628e-09,0.08,1.78814e-08,0.4
3.651e-01,4.47035e-08,-6,-4,-4,3.57628e-09,-0.08,1.78814e-08,-0.8
3.653e-01,4.47035e-08,4,-2,4.47035e-08,3.57628e-09,0.08,-0.4,0.4
3.655e-01,-2,-4,-2,-4,3.57628e-09,-0.08,-0.4,-0.4
3.657e-01,4.47035e-08,4,-2,4.47035e-08,3.57628e-09,0.08,1.78814e-08,0.4
3.659e-01,-2,-4,-2,-4,3.57628e-09,-0.08,-0.4,-0.4
3.661e-01,-2,4,-2,4.47035e-08,3.57628e-09,0.08,-0.4,0.4
3.663e-01,-2,-6,-4,-4,3.57628e-09,-0.08,-0.4,-0.8
3.665e-01,-2,4,-2,4.47035e-08,3.57628e-09,0.08,1.78814e-08,0.4
3.667e-01,4.47035e-08,-4,-2,-4,3.57628e-09,-0.08,1.78814e-08,-0.4
3.669e-01,-2,4,-2,4.47035e-08,0.08,0.08,1.78814e-08,0.4
3.670e-01,2,-6,-2,-4,3.57628e-09,-0.08,1.78814e-08,-0.8
3.672e-01,4.47035e-08,4,-2,4.47035e-08,3.57628e-09,0.08,1.78814e-08,0.4
3.674e-01,-2,-4,-2,-4,0.08,-0.08,1.78814e-08,-0.4
3.676e-01,-2,4,-2,4.47035e-08,3.57628e-09,0.08,1.78814e-08,0.4
3.678e-01,-2,-6,-2,-4,3.57628e-09,-0.08,1.78814e-08,-0.4
3.680e-01,4.47035e-08,4,-2,4.47035e-08,3.57628e-09,0.08,-0.4,0.4
3.682e-01,-2,-6,-2,-4,3.57628e-09,-0.08,-0.4,-0.8
3.684e-01,4.47035e-08,4,-2,4.47035e-08,0.08,0.08,1.78814e-08,0.4
3.686e-01,-2,-6,-2,-4,3.57628e-09,-0.08,1.78814e-08,-0.4
3.688e-01,-2,4,-2,4.47035e-08,3.57628e-09,0.08,-0.4,0.4
3.690e-01,4.47035e-08,-4,-2,-4,3.57628e-09,-0.08,1.78814e-08,-0.4
3.692e-01,4.47035e-08,4,-2,4.47035e-08,3.57628e-09,0.08,1.78814e-08,0.4
3.693e-01,4.47035e-08,-4,-2,-4,3.57628e-09,-0.08,1.78814e-08,-0.8
3.695e-01,-2,4,-2,4.47035e-08,3.57628e-09,0.08,1.78814e-08,0.4
3.697e-01,-2,-4,-2,-4,3.57628e-09,-0.08,-0.4,-0.8
3.699e-01,-2,4,-2,4.47035e-08,3.57628e-09,0.08,1.78814e-08,0.4
3.701e-01,-2,-6,-2,-4,0.08,-0.08,1.78814e-08,-0.8
3.703e-01,-2,4,-2,4.47035e-08,3.57628e-09,0.08,1.78814e-08,0.4
3.705e-01,4.47035e-08,-6,-2,-4,3.57628e-09,-0.08,1.78814e-08,-0.8
3.707e-01,-2,4,-2,4.47035e-08,3.57628e-09,0.08,-0.4,0.4
3.709e-01,-2,-6,-2,-4,3.57628e-09,-0.08,1.78814e-08,-0.8
3.711e-01,-2,4,-2,4.47035e-08,3.57628e-09,0.08,-0.4,0.4
3.713e-01,-2,-6,-2,-4,3.57628e-09,-0.08,1.78814e-08,-0.8
3.715e-01,4.47035e-08,4,-2,4.47035e-08,3.57628e-09,0.08,-0.4,0.4
3.717e-01,4.47035e-08,-4,-2,-4,3.57628e-09,-0.08,-0.4,-0.4
3.718e-01,4.47035e-08,4,-2,4.47035e-08,3.57628e-09,0.08,-0.4,0.4
3.720e-01,-2,-4,-2,-4,3.57628e-09,-0.08,1.78814e-08,-0.8
3.722e-01,-2,4,-2,4.47035e-08,3.57628e-09,0.08,-0.4,0.4
3.724e-01,-2,-4,-2,-4,3.57628e-09,-0.08,1.78814e-08,-0.8
3.726e-01,-2,4,-2,4.47035e-08,3.57628e-09,0.08,1.78814e-08,0.4
3.728e-01,4.47035e-08,-6,-2,-4,0.08,-0.08,-0.4,-0.4
3.730e-01,-2,4,-2,2,3.57628e-09,0.08,-0.4,0.4
3.732e-01,-2,-6,-2,-4,0.08,-0.08,1.78814e-08,-0.8
3.734e-01,4.47035e-08,4,-2,4.47035e-08,3.57628e-09,0.08,1.78814e-08,0.4
3.736e-01,-2,-6,-2,-4,3.57628e-09,-0.08,1.78814e-08,-0.8
3.738e-01,4.47035e-08,4,-2,4.47035e-08,3.57628e-09,0.08,1.78814e-08,0.4
3.740e-01,-2,-6,-2,-4,3.57628e-09,-0.08,1.78814e-08,-0.4
3.741e-01,-2,4,-2,4.47035e-08,3.57628e-09,0.08,-0.4,0.4
3.743e-01,-2,-6,-4,-4,3.57628e-09,-0.08,1.78814e-08,-0.4
3.745e-01,-2,4,-2,4.47035e-08,3.57628e-09,0.08,1.78814e-08,0.4
3.747e-01,4.47035e-08,-4,-2,-4,3.57628e-09,-0.08,1.78814e-08,-0.4
3.749e-01,-2,4,-2,4.47035e-08,3.57628e-09,0.08,-0.4,0.4
3.751e-01,4.47035e-08,-4,-2,-4,3.57628e-09,-0.08,-0.4,-0.8
3.753e-01,-2,4,-2,4.47035e-08,3.57628e-09,0.08,-0.4,0.4
3.755e-01,4.47035e-08,-6,-2,-4,3.57628e-09,-0.08,1.78814e-08,-0.4
3.757e-01,-2,4,-2,4.47035e-08,3.57628e-09,0.08,1.78814e-08,0.4
3.759e-01,-2,-4,-2,-4,3.57628e-09,-0.08,-0.4,-0.4
3.761e-01,4.47035e-08,4,-2,4.47035e-08,3.57628e-09,0.08,1.78814e-08,0.4
3.763e-01,4.47035e-08,-6,-2,-4,3.57628e-09,-0.08,1.78814e-08,-0.4
3.765e-01,-2,4,-2,4.47035e-08,3.57628e-09,0.08,1.78814e-08,0.4
3.766e-01,4.47035e-08,-4,-2,-4,3.57628e-09,-0.08,1.78814e-08,-0.4
3.768e-01,-2,4,-2,4.47035e-08,3.57628e-09,0.08,1.78814e-08,0.4
3.770e-01,-2,-4,-2,-4,3.57628e-09,-0.08,1.78814e-08,-0.8
3.772e-01,4.47035e-08,2,-4,4.47035e-08,-0.08,0.08,-0.4,0.4
3.774e-01,-2,-6,-2,-4,3.57628e-09,-0.08,1.78814e-08,-0.4
3.776e-01,4.47035e-08,4,-2,4.47035e-08,3.57628e-09,0.08,1.78814e-08,0.4
3.778e-01,4.47035e-08,-6,-2,-4,3.57628e-09,-0.08,-0.4,-0.8
3.780e-01,-2,2,-2,4.47035e-08,3.57628e-09,0.08,1.78814e-08,0.4
3.782e-01,4.47035e-08,-6,-2,-4,3.57628e-09,-0.08,-0.4,-0.8
3.784e-01,4.47035e-08,4,-2,4.47035e-08,3.57628e-09,0.08,1.78814e-08,0.4
3.786e-01,4.47035e-08,-4,-2,-4,3.57628e-09,-0.08,-0.4,-0.4
3.788e-01,-2,4,-2,4.47035e-08,3.57628e-09,0.08,-0.4,0.4
3.789e-01,-2,-4,-2,-4,3.57628e-09,-0.08,1.78814e-08,-0.4
3.791e-01,4.47035e-08,4,-2,4.47035e-08,3.57628e-09,0.08,1.78814e-08,0.4
3.793e-01,4.47035e-08,-6,-2,-4,3.57628e-09,-0.08,-0.4,-0.4
3.795e-01,-2,4,-4,4.47035e-08,0.08,0.08,-0.4,0.4
3.797e-01,-4,-6,-2,-4,0.08,-0.08,1.78814e-08,-0.4
3.799e-01,-4,4,-2,4.47035e-08,3.57628e-09,0.08,1.78814e-08,0.4
3.801e-01,-2,-4,-2,-4,3.57628e-09,-0.08,1.78814e-08,-0.4
3.803e-01,-2,4,-2,4.47035e-08,3.57628e-09,0.08,-0.4,0.4
3.805e-01,-2,-4,-2,-4,3.57628e-09,-0.08,1.78814e-08,-0.8
3.807e-01,-2,4,-2,4.47035e-08,3.57628e-09,0.08,1.78814e-08,0.4
3.809e-01,4.47035e-08,-6,-2,-4,0.08,-0.08,1.78814e-08,-0.8
3.811e-01,-2,4,-2,4.47035e-08,3.57628e-09,0.08,-0.4,0.4
3.813e-01,4.47035e-08,-4,-2,-4,3.57628e-09,-0.08,1.78814e-08,-0.4
3.814e-01,-2,4,-2,4.47035e-08,3.57628e-09,0.08,-0.4,0.4
3.816e-01,4.47035e-08,-6,-2,-4,3.57628e-09,-0.08,1.78814e-08,-0.4
3.818e-01,-4,4,-2,4.47035e-08,3.57628e-09,0.08,1.78814e-08,0.4
3.820e-01,-2,-4,-2,-4,3.57628e-09,-0.08,-0.4,-0.8
3.822e-01,4.47035e-08,2,-2,4.47035e-08,3.57628e-09,0.08,1.78814e-08,0.4
3.824e-01,-2,-6,-2,-4,3.57628e-09,-0.08,-0.4,-0.8
3.826e-01,-2,2,-2,4.47035e-08,3.57628e-09,0.08,-0.4,0.4
3.828e-01,4.47035e-08,-6,-2,-4,3.57628e-09,-0.08,1.78814e-08,-0.4
3.830e-01,-4,4,-2,4.47035e-08,3.57628e-09,0.08,-0.4,0.4
3.832e-01,4.47035e-08,-4,-2,-4,3.57628e-09,-0.08,1.78814e-08,-0.8
3.834e-01,4.47035e-08,4,-2,4.47035e-08,3.57628e-09,0.08,1.78814e-08,0.4
3.836e-01,4.47035e-08,-4,4.47035e-08,-4,3.57628e-09,-0.08,-0.4,-0.8
3.837e-01,4.47035e-08,4,-2,4.47035e-08,3.57628e-09,0.08,1.78814e-08,0.4
3.839e-01,-2,-6,-2,-4,3.57628e-09,-0.08,-0.4,-0.8
3.841e-01,4.47035e-08,4,-2,4.47035e-08,3.57628e-09,0.08,-0.4,0.4
3.843e-01,-2,-4,-2,-4,3.57628e-09,-0.08,-0.4,-0.8
3.845e-01,-2,4,-2,4.47035e-08,3.57628e-09,0.08,1.78814e-08,0.4
3.847e-01,-2,-4,-4,-4,3.57628e-09,-0.08,1.78814e-08,-0.4
3.849e-01,4.47035e-08,4,-2,4.47035e-08,3.57628e-09,0.08,1.78814e-08,0.4
3.851e-01,-2,-4,-2,-4,0.08,-0.08,1.78814e-08,-0.4
3.853e-01,4.47035e-08,4,-2,2,3.57628e-09,0.08,1.78814e-08,0.4
3.855e-01,4.47035e-08,-4,-2,-4,3.57628e-09,-0.08,1.78814e-08,-0.4
3.857e-01,4.47035e-08,2,-2,4.47035e-08,3.57628e-09,0.08,-0.4,0.4
3.859e-01,-2,-6,-2,-4,3.57628e-09,-0.08,1.78814e-08,-0.8
3.861e-01,-2,4,-2,4.47035e-08,3.57628e-09,0.08,1.78814e-08,0.4
3.862e-01,-2,-4,-2,-4,3.57628e-09,-0.08,-0.4,-0.8
3.864e-01,4.47035e-08,4,-2,4.47035e-08,3.57628e-09,0.08,1.78814e-08,0.4
3.866e-01,-2,-4,-2,-4,3.57628e-09,-0.08,1.78814e-08,-0.4
3.868e-01,4.47035e-08,4,-2,4.47035e-08,3.57628e-09,0.08,1.78814e-08,0.4
3.870e-01,-2,-6,-2,-4,3.57628e-09,-0.08,1.78814e-08,-0.4
3.872e-01,4.47035e-08,4,-2,4.47035e-08,3.57628e-09,0.08,1.78814e-08,0.4
3.874e-01,-2,-4,-2,-4,3.57628e-09,-0.08,1.78814e-08,-0.8
3.876e-01,4.47035e-08,4,-2,4.47035e-08,3.57628e-09,0.08,1.78814e-08,0.4
3.878e-01,-2,-6,-2,-4,3.57628e-09,-0.08,1.78814e-08,-0.8
3.880e-01,-2,2,-2,4.47035e-08,3.57628e-09,0.08,-0.4,0.4
3.882e-01,4.47035e-08,-4,-2,-4,3.57628e-09,-0.08,1.78814e-08,-0.8
3.884e-01,4.47035e-08,4,-2,4.47035e-08,3.57628e-09,0.08,-0.4,0.4
3.885e-01,4.47035e-08,-4,-2,-4,3.57628e-09,-0.08,1.78814e-08,-0.8
3.887e-01,-2,4,-2,4.47035e-08,3.57628e-09,0.08,-0.4,0.4
3.889e-01,4.47035e-08,-4,-2,-4,3.57628e-09,-0.08,-0.4,-0.8
3.891e-01,-2,4,-4,4.47035e-08,3.57628e-09,0.08,1.78814e-08,0.4
3.893e-01,4.47035e-08,-6,-2,-4,0.08,-0.08,-0.4,-0.4
3.895e-01,4.47035e-08,2,-2,4.47035e-08,3.57628e-09,0.08,-0.4,0.4
3.897e-01,-2,-6,4.47035e-08,-4,3.57628e-09,-0.08,1.78814e-08,-0.4
3.899e-01,-2,2,-2,2,3.57628e-09,0.08,1.78814e-08,0.4
3.901e-01,4.47035e-08,-4,-2,-4,3.57628e-09,-0.08,1.78814e-08,-0.8
3.903e-01,-2,4,-2,4.47035e-08,3.57628e-09,0.08,1.78814e-08,0.4
3.905e-01,4.47035e-08,-4,-2,-4,3.57628e-09,-0.08,1.78814e-08,-0.8
3.907e-01,-2,4,-2,4.47035e-08,3.57628e-09,0.08,1.78814e-08,0.4
3.909e-01,4.47035e-08,-6,-2,-4,3.57628e-09,-0.08,1.78814e-08,-0.8
3.910e-01,-2,4,-2,4.47035e-08,3.57628e-09,0.08,1.78814e-08,0.4
3.912e-01,-2,-6,-2,-4,3.57628e-09,-0.08,-0.4,-0.4
3.914e-01,4.47035e-08,4,-2,4.47035e-08,3.57628e-09,0.08,1.78814e-08,0.4
3.916e-01,-2,-4,-2,-4,3.57628e-09,-0.08,1.78814e-08,-0.8
3.918e-01,-2,4,-2,4.47035e-08,3.57628e-09,0.08,1.78814e-08,0.4
3.920e-01,-2,-4,-2,-4,-0.08,-0.08,-0.4,-0.8
3.922e-01,4.47035e-08,4,-2,4.47035e-08,3.57628e-09,0.08,1.78814e-08,0.4
3.924e-01,-2,-4,-2,-4,3.57628e-09,-0.08,-0.4,-0.4
3.926e-01,-2,4,-2,4.47035e-08,3.57628e-09,0.08,1.78814e-08,0.4
3.928e-01,-2,-4,-2,-6,3.57628e-09,-0.08,1.78814e-08,-0.4
3.930e-01,-4,2,-2,4.47035e-08,3.57628e-09,0.08,1.78814e-08,0.4
3.932e-01,-2,-6,-2,-4,3.57628e-09,-0.08,-0.4,-0.4
3.934e-01,-2,4,-2,4.47035e-08,3.57628e-09,0.08,1.78814e-08,0.4
3.935e-01,4.47035e-08,-4,-4,-4,3.57628e-09,-0.08,1.78814e-08,-0.8
3.937e-01,-2,4,-2,4.47035e-08,3.57628e-09,0.08,0.4,0.4
3.939e-01,-2,-6,-2,-4,3.57628e-09,-0.08,-0.4,-0.4
3.941e-01,4.47035e-08,4,-2,4.47035e-08,3.57628e-09,0.08,1.78814e-08,0.4
3.943e-01,-2,-6,-2,-4,3.57628e-09,-0.08,-0.4,-0.4
3.945e-01,-2,4,-2,4.47035e-08,3.57628e-09,0.08,-0.4,0.4
3.947e-01,-2,-4,-2,-4,0.08,-0.08,1.78814e-08,-0.8
3.949e-01,4.47035e-08,4,-2,4.47035e-08,3.57628e-09,0.08,1.78814e-08,0.4
3.951e-01,-2,-4,-2,-4,3.57628e-09,-0.08,1.78814e-08,-0.4
3.953e-01,-2,4,-4,4.47035e-08,3.57628e-09,0.08,1.78814e-08,0.4
3.955e-01,4.47035e-08,-4,-2,-4,3.57628e-09,-0.08,1.78814e-08,-0.4
3.957e-01,4.47035e-08,2,-2,4.47035e-08,3.57628e-09,0.08,-0.4,0.4
3.958e-01,-2,-6,-2,-4,3.57628e-09,-0.08,1.78814e-08,-0.8
3.960e-01,4.47035e-08,4,-2,4.47035e-08,3.57628e-09,0.08,1.78814e-08,0.4
3.962e-01,4.47035e-08,-6,-2,-4,3.57628e-09,-0.08,1.78814e-08,-0.4
3.964e-01,4.47035e-08,4,-2,4.47035e-08,3.57628e-09,0.08,1.78814e-08,0.4
3.966e-01,4.47035e-08,-6,-2,-4,3.57628e-09,-0.08,1.78814e-08,-0.4
3.968e-01,4.47035e-08,4,-2,4.47035e-08,3.57628e-09,0.08,1.78814e-08,0.4
3.970e-01,-2,-6,-2,-4,3.57628e-09,-0.08,1.78814e-08,-0.4
3.972e-01,4.47035e-08,4,-2,4.47035e-08,3.57628e-09,0.08,1.78814e-08,0.4
3.974e-01,-2,-4,-4,-4,3.57628e-09,-0.08,-0.4,-0.4
3.976e-01,4.47035e-08,4,-2,4.47035e-08,3.57628e-09,0.08,1.78814e-08,0.4
3.978e-01,-2,-4,-2,-4,3.57628e-09,-0.08,1.78814e-08,-0.4
3.980e-01,-2,4,-4,4.47035e-08,3.57628e-09,0.08,1.78814e-08,0.4
3.982e-01,-4,-6,-2,-4,3.57628e-09,-0.08,-0.4,-0.8
3.983e-01,4.47035e-08,2,-2,4.47035e-08,3.57628e-09,0.08,-0.4,0.4
3.985e-01,4.47035e-08,-6,-2,-4,3.57628e-09,-0.08,1.78814e-08,-0.4
3.987e-01,4.47035e-08,4,-2,4.47035e-08,3.57628e-09,0.08,1.78814e-08,0.4
3.989e-01,4.47035e-08,-4,-2,-4,3.57628e-09,-0.08,-0.4,-0.8
3.991e-01,-2,2,-2,4.47035e-08,3.57628e-09,0.08,1.78814e-08,0.4
3.993e-01,-2,-4,-2,-4,3.57628e-09,-0.08,1.78814e-08,-0.4
3.995e-01,-2,4,-2,4.47035e-08,3.57628e-09,0.08,1.78814e-08,0.4
3.997e-01,-2,-4,-2,-6,3.57628e-09,-0.08,1.78814e-08,-0.4
3.999e-01,-2,4,-2,4.47035e-08,3.57628e-09,0.08,1.78814e-08,0.4
4.001e-01,-2,-6,-4,-4,3.57628e-09,-0.08,1.78814e-08,-0.4
4.003e-01,4.47035e-08,4,-2,4.47035e-08,3.57628e-09,0.08,1.78814e-08,0.4
4.005e-01,4.47035e-08,-4,-2,-4,3.57628e-09,-0.08,1.78814e-08,-0.8
4.006e-01,4.47035e-08,4,-2,4.47035e-08,3.57628e-09,0.08,1.78814e-08,0.4
4.008e-01,-2,-6,-2,-4,3.57628e-09,-0.08,1.78814e-08,-0.4
4.010e-01,-2,2,-2,4.47035e-08,0.08,0.08,1.78814e-08,0.4
4.012e-01,-2,-6,-2,-4,3.57628e-09,-0.08,1.78814e-08,-0.4
4.014e-01,4.47035e-08,4,-2,4.47035e-08,3.57628e-09,0.08,1.78814e-08,0.4
4.016e-01,4.47035e-08,-4,-2,-4,3.57628e-09,-0.08,-0.4,-0.4
4.018e-01,4.47035e-08,2,-2,4.47035e-08,3.57628e-09,0.08,1.78814e-08,0.4
4.020e-01,-2,-6,-2,-4,3.57628e-09,-0.08,1.78814e-08,-0.4
4.022e-01,4.47035e-08,4,-2,4.47035e-08,3.57628e-09,0.08,1.78814e-08,0.4
4.024e-01,-2,-4,-2,-4,3.57628e-09,-0.08,1.78814e-08,-0.4
4.026e-01,-2,4,-2,4.47035e-08,3.57628e-09,0.08,1.78814e-08,0.4
4.028e-01,-2,-6,-2,-4,3.57628e-09,-0.08,1.78814e-08,-0.4
4.030e-01,-2,4,-4,4.47035e-08,3.57628e-09,0.08,-0.4,0.4
4.031e-01,-4,-4,-2,-6,3.57628e-09,-0.08,-0.4,-0.4
4.033e-01,4.47035e-08,2,-2,4.47035e-08,0.08,0.08,1.78814e-08,0.4
4.035e-01,2,-6,-2,-4,3.57628e-09,-0.08,1.78814e-08,-0.4
4.037e-01,-2,4,-2,4.47035e-08,3.57628e-09,0.08,1.78814e-08,0.4
4.039e-01,4.47035e-08,-6,-2,-4,3.57628e-09,-0.08,-0.4,-0.4
4.041e-01,-2,4,-2,4.47035e-08,3.57628e-09,0.08,1.78814e-08,0.4
4.043e-01,4.47035e-08,-6,-2,-4,3.57628e-09,-0.08,1.78814e-08,-0.4
4.045e-01,4.47035e-08,2,-2,4.47035e-08,3.57628e-09,0.08,1.78814e-08,0.4
4.047e-01,-2,-6,-2,-4,3.57628e-09,-0.08,1.78814e-08,-0.8
4.049e-01,4.47035e-08,4,-2,4.47035e-08,3.57628e-09,0.08,1.78814e-08,0.4
4.051e-01,-2,-4,-2,-4,3.57628e-09,-0.08,-0.4,-0.8
4.053e-01,-2,4,-2,4.47035e-08,0.08,0.08,1.78814e-08,0.4
4.054e-01,-2,-6,-2,-4,3.57628e-09,-0.08,-0.4,-0.8
4.056e-01,4.47035e-08,4,-2,4.47035e-08,3.57628e-09,0.08,-0.4,0.4
4.058e-01,-2,-6,-2,-4,3.57628e-09,-0.08,1.78814e-08,-0.4
4.060e-01,-2,4,-2,4.47035e-08,3.57628e-09,0.08,1.78814e-08,0.4
4.062e-01,-2,-4,-2,-4,3.57628e-09,-0.08,1.78814e-08,-0.4
4.064e-01,-2,4,-2,4.47035e-08,3.57628e-09,0.08,-0.4,0.4
4.066e-01,-2,-6,-2,-4,3.57628e-09,-0.08,1.78814e-08,-0.4
4.068e-01,4.47035e-08,4,-2,4.47035e-08,3.57628e-09,0.08,1.78814e-08,0.4
4.070e-01,-2,-6,-2,-4,3.57628e-09,-0.08,1.78814e-08,-0.4
4.072e-01,-2,4,-2,4.47035e-08,3.57628e-09,0.08,1.78814e-08,0.4
4.074e-01,4.47035e-08,-6,-2,-4,3.57628e-09,-0.08,1.78814e-08,-0.4
4.076e-01,-2,4,-2,4.47035e-08,0.08,0.08,-0.4,0.4
4.078e-01,4.47035e-08,-6,-2,-4,3.57628e-09,-0.08,1.78814e-08,-0.8
4.079e-01,-2,4,-2,4.47035e-08,3.57628e-09,0.08,1.78814e-08,0.4
4.081e-01,-2,-6,-2,-4,3.57628e-09,-0.08,1.78814e-08,-0.4
4.083e-01,-4,4,-2,4.47035e-08,3.57628e-09,0.08,1.78814e-08,0.4
4.085e-01,4.47035e-08,-6,-2,-4,3.57628e-09,-0.08,1.78814e-08,-0.4
4.087e-01,-2,4,-2,4.47035e-08,3.57628e-09,0.08,1.78814e-08,0.4
4.089e-01,4.47035e-08,-4,-2,-4,3.57628e-09,-0.08,-0.4,-0.4
4.091e-01,-2,4,-2,4.47035e-08,3.57628e-09,0.08,1.78814e-08,0.4
4.093e-01,-2,-4,-2,-4,0.08,-0.08,-0.4,-0.8
4.095e-01,4.47035e-08,4,-2,4.47035e-08,3.57628e-09,0.08,-0.4,0.4
4.097e-01,-2,-4,-2,-4,3.57628e-09,-0.08,-0.4,-0.4
4.099e-01,4.47035e-08,2,-2,4.47035e-08,3.57628e-09,0.08,1.78814e-08,0.4
4.101e-01,-2,-4,-2,-6,3.57628e-09,-0.08,1.78814e-08,-0.8
4.102e-01,-2,4,-2,4.47035e-08,3.57628e-09,0.08,1.78814e-08,0.4
4.104e-01,4.47035e-08,-6,-2,-4,3.57628e-09,-0.08,1.78814e-08,-0.4
4.106e-01,4.47035e-08,4,-2,4.47035e-08,3.57628e-09,0.08,-0.4,0.4
4.108e-01,-4,-6,-2,-4,3.57628e-09,-0.08,1.78814e-08,-0.4
4.110e-01,4.47035e-08,2,-2,4.47035e-08,3.57628e-09,0.08,1.78814e-08,0.4
4.112e-01,-2,-4,-2,-4,3.57628e-09,-0.08,1.78814e-08,-0.8
4.114e-01,4.47035e-08,4,-2,4.47035e-08,0.08,0.08,1.78814e-08,0.4
4.116e-01,-2,-6,-2,-4,3.57628e-09,-0.08,1.78814e-08,-0.8
4.118e-01,-2,2,-2,4.47035e-08,3.57628e-09,0.08,1.78814e-08,0.4
4.120e-01,-2,-4,-2,-4,0.08,-0.08,1.78814e-08,-0.4
4.122e-01,-2,2,-2,4.47035e-08,3.57628e-09,0.08,1.78814e-08,0.4
4.124e-01,4.47035e-08,-4,-2,-4,3.57628e-09,-0.08,1.78814e-08,-0.4
4.126e-01,-2,4,-2,4.47035e-08,3.57628e-09,0.08,1.78814e-08,0.4
4.127e-01,-2,-4,-4,-6,3.57628e-09,-0.08,1.78814e-08,-0.4
4.129e-01,-2,4,-2,4.47035e-08,3.57628e-09,0.08,1.78814e-08,0.4
4.131e-01,-2,-6,-2,-4,3.57628e-09,-0.08,1.78814e-08,-0.8
4.133e-01,-2,4,-2,4.47035e-08,3.57628e-09,0.08,-0.4,0.4
4.135e-01,-2,-6,-2,-4,3.57628e-09,-0.08,-0.4,-0.4
4.137e-01,2,4,-2,4.47035e-08,3.57628e-09,0.08,-0.4,0.4
4.139e-01,4.47035e-08,-6,-2,-4,3.57628e-09,-0.08,-0.4,-0.8
4.141e-01,4.47035e-08,4,-2,4.47035e-08,3.57628e-09,0.08,1.78814e-08,0.4
4.143e-01,-2,-4,-2,-6,3.57628e-09,-0.08,1.78814e-08,-0.4
4.145e-01,4.47035e-08,4,-2,4.47035e-08,3.57628e-09,0.08,1.78814e-08,0.4
4.147e-01,-2,-4,-2,-4,3.57628e-09,-0.08,1.78814e-08,-0.8
4.149e-01,-2,4,-2,4.47035e-08,3.57628e-09,0.08,1.78814e-08,0.4
4.150e-01,-4,-6,-2,-4,3.57628e-09,-0.08,1.78814e-08,-0.4
4.152e-01,4.47035e-08,4,-2,4.47035e-08,3.57628e-09,0.08,-0.4,0.4
4.154e-01,-2,-4,-2,-4,3.57628e-09,-0.08,1.78814e-08,-0.4
4.156e-01,-2,4,-2,4.47035e-08,3.57628e-09,0.08,1.78814e-08,0.4
4.158e-01,-2,-6,-2,-4,3.57628e-09,-0.08,-0.4,-0.4
4.160e-01,4.47035e-08,4,-2,4.47035e-08,3.57628e-09,0.08,1.78814e-08,0.4
4.162e-01,-2,-4,-4,-4,3.57628e-09,-0.08,1.78814e-08,-0.4
4.164e-01,-2,4,-2,4.47035e-08,3.57628e-09,0.08,1.78814e-08,0.4
4.166e-01,-4,-4,-2,-4,3.57628e-09,-0.08,-0.4,-0.4
4.168e-01,4.47035e-08,2,-2,4.47035e-08,3.57628e-09,0.08,1.78814e-08,0.4
4.170e-01,-2,-6,-2,-4,3.57628e-09,-0.08,1.78814e-08,-0.4
4.172e-01,-2,4,-2,4.47035e-08,3.57628e-09,0.08,1.78814e-08,0.4
4.174e-01,4.47035e-08,-4,-4,-4,3.57628e-09,-0.08,1.78814e-08,-0.8
4.175e-01,-2,4,-2,4.47035e-08,3.57628e-09,0.08,1.78814e-08,0.4
4.177e-01,4.47035e-08,-4,-2,-4,3.57628e-09,-0.08,-0.4,-0.4
4.179e-01,-4,4,-2,4.47035e-08,0.08,0.08,1.78814e-08,0.4
4.181e-01,4.47035e-08,-4,-2,-4,3.57628e-09,-0.08,1.78814e-08,-0.4
4.183e-01,-2,4,-2,4.47035e-08,3.57628e-09,0.08,-0.4,0.4
4.185e-01,4.47035e-08,-6,-2,-4,3.57628e-09,-0.08,1.78814e-08,-0.8
4.187e-01,4.47035e-08,4,-2,4.47035e-08,3.57628e-09,0.08,1.78814e-08,0.4
4.189e-01,-2,-6,-2,-4,3.57628e-09,-0.08,1.78814e-08,-0.4
4.191e-01,4.47035e-08,4,-2,4.47035e-08,3.57628e-09,0.08,-0.4,0.4
4.193e-01,-2,-6,-4,-4,3.57628e-09,-0.08,-0.4,-0.4
4.195e-01,-2,4,-2,4.47035e-08,3.57628e-09,0.08,1.78814e-08,0.4
4.197e-01,4.47035e-08,-6,-2,-4,3.57628e-09,-0.08,1.78814e-08,-0.8
4.198e-01,-2,4,-2,4.47035e-08,3.57628e-09,0.08,-0.4,0.4
4.200e-01,4.47035e-08,-6,-2,-4,3.57628e-09,-0.08,1.78814e-08,-0.4
4.202e-01,-2,4,-2,4.47035e-08,3.57628e-09,0.08,1.78814e-08,0.4
4.204e-01,-2,-4,-2,-4,3.57628e-09,-0.08,1.78814e-08,-0.4
4.206e-01,4.47035e-08,4,-2,4.47035e-08,3.57628e-09,0.08,1.78814e-08,0.4
4.208e-01,4.47035e-08,-6,-2,-4,3.57628e-09,-0.08,1.78814e-08,-0.8
4.210e-01,4.47035e-08,4,-4,4.47035e-08,3.57628e-09,0.08,-0.4,0.4
4.212e-01,4.47035e-08,-4,-2,-4,3.57628e-09,-0.08,1.78814e-08,-0.4
4.214e-01,4.47035e-08,4,-2,4.47035e-08,3.57628e-09,0.08,-0.4,0.4
4.216e-01,-2,-6,-2,-4,3.57628e-09,-0.08,1.78814e-08,-0.4
4.218e-01,-2,4,-2,4.47035e-08,3.57628e-09,0.08,1.78814e-08,0.4
4.220e-01,-2,-6,-2,-4,3.57628e-09,-0.08,1.78814e-08,-0.8
4.222e-01,4.47035e-08,4,-2,4.47035e-08,0.08,0.08,1.78814e-08,0.4
4.223e-01,-2,-4,-2,-4,3.57628e-09,-0.08,1.78814e-08,-0.8
4.225e-01,-2,4,-2,4.47035e-08,3.57628e-09,0.08,1.78814e-08,0.4
4.227e-01,4.47035e-08,-4,-2,-4,0.08,-0.08,1.78814e-08,-0.8
4.229e-01,-2,4,-2,4.47035e-08,3.57628e-09,0.08,1.78814e-08,0.4
4.231e-01,-2,-6,-2,-4,3.57628e-09,-0.08,1.78814e-08,-0.8
4.233e-01,4.47035e-08,4,-2,4.47035e-08,3.57628e-09,0.08,1.78814e-08,0.4
4.235e-01,4.47035e-08,-4,-2,-4,0.08,-0.08,-0.4,-0.4
4.237e-01,-2,4,-2,4.47035e-08,0.08,0.08,1.78814e-08,0.4
4.239e-01,-2,-4,-2,-4,3.57628e-09,-0.08,1.78814e-08,-0.4
4.241e-01,4.47035e-08,4,-2,4.47035e-08,3.57628e-09,0.08,1.78814e-08,0.4
4.243e-01,4.47035e-08,-6,-2,-4,3.57628e-09,-0.08,-0.4,-0.8
4.245e-01,-2,2,-2,4.47035e-08,3.57628e-09,0.08,1.78814e-08,0.4
4.246e-01,-2,-6,-2,-4,3.57628e-09,-0.08,-0.4,-0.4
4.248e-01,4.47035e-08,4,-2,4.47035e-08,3.57628e-09,0.08,1.78814e-08,0.4
4.250e-01,-2,-4,-2,-4,3.57628e-09,-0.08,1.78814e-08,-0.8
4.252e-01,-2,4,-2,4.47035e-08,3.57628e-09,0.08,1.78814e-08,0.4
4.254e-01,4.47035e-08,-4,-2,-4,3.57628e-09,-0.08,1.78814e-08,-0.4
4.256e-01,-2,4,-2,4.47035e-08,3.57628e-09,0.08,1.78814e-08,0.4
4.258e-01,-2,-4,-2,-4,0.08,-0.08,1.78814e-08,-0.8
4.260e-01,4.47035e-08,4,-2,4.47035e-08,3.57628e-09,0.08,1.78814e-08,0.4
4.262e-01,-2,-6,-2,-4,3.57628e-09,-0.08,1.78814e-08,-0.8
4.264e-01,4.47035e-08,4,-2,4.47035e-08,3.57628e-09,0.08,1.78814e-08,0.4
4.266e-01,4.47035e-08,-4,-2,-4,3.57628e-09,-0.08,-0.4,-0.8
4.268e-01,4.47035e-08,4,-2,4.47035e-08,3.57628e-09,0.08,1.78814e-08,0.4
4.270e-01,4.47035e-08,-4,-2,-4,3.57628e-09,-0.08,1.78814e-08,-0.8
4.271e-01,-2,4,-2,4.47035e-08,3.57628e-09,0.08,-0.4,0.4
4.273e-01,4.47035e-08,-6,-2,-4,3.57628e-09,-0.08,1.78814e-08,-0.4
4.275e-01,-2,4,-2,4.47035e-08,3.57628e-09,0.08,1.78814e-08,0.4
4.277e-01,-2,-6,-2,-4,3.57628e-09,-0.08,1.78814e-08,-0.4
4.279e-01,-2,4,-2,4.47035e-08,3.57628e-09,0.08,1.78814e-08,0.4
4.281e-01,4.47035e-08,-4,-4,-4,3.57628e-09,-0.08,1.78814e-08,-0.4
4.283e-01,4.47035e-08,4,-2,4.47035e-08,3.57628e-09,0.08,1.78814e-08,0.4
4.285e-01,-2,-4,-2,-4,3.57628e-09,-0.08,1.78814e-08,-0.4
4.287e-01,-2,4,-2,4.47035e-08,3.57628e-09,0.08,1.78814e-08,0.4
4.289e-01,4.47035e-08,-4,-2,-4,3.57628e-09,-0.08,1.78814e-08,-0.4
4.291e-01,4.47035e-08,4,-2,4.47035e-08,3.57628e-09,0.08,-0.4,0.4
4.293e-01,4.47035e-08,-4,-2,-4,3.57628e-09,-0.08,1.78814e-08,-0.4
4.294e-01,4.47035e-08,4,-2,4.47035e-08,3.57628e-09,0.08,1.78814e-08,0.4
4.296e-01,-2,-4,-2,-4,3.57628e-09,-0.08,1.78814e-08,-0.8
4.298e-01,4.47035e-08,4,-2,4.47035e-08,3.57628e-09,0.08,-0.4,0.4
4.300e-01,-2,-4,4.47035e-08,-4,3.57628e-09,-0.08,1.78814e-08,-0.4
4.302e-01,4.47035e-08,4,-2,4.47035e-08,3.57628e-09,0.08,1.78814e-08,0.4
4.304e-01,4.47035e-08,-6,-2,-4,3.57628e-09,-0.08,1.78814e-08,-0.8
4.306e-01,-2,4,-2,4.47035e-08,3.57628e-09,0.08,1.78814e-08,0.4
4.308e-01,-2,-6,-2,-4,0.08,-0.08,1.78814e-08,-0.8
4.310e-01,-2,4,-2,4.47035e-08,3.57628e-09,0.08,1.78814e-08,0.4
4.312e-01,-2,-6,-2,-4,3.57628e-09,-0.08,1.78814e-08,-0.4
4.314e-01,4.47035e-08,4,-2,4.47035e-08,3.57628e-09,0.08,1.78814e-08,0.4
4.316e-01,-2,-4,-2,-4,3.57628e-09,-0.08,1.78814e-08,-0.4
4.318e-01,-2,4,-4,4.47035e-08,3.57628e-09,0.08,1.78814e-08,0.4
4.319e-01,4.47035e-08,-4,-2,-4,3.57628e-09,-0.08,1.78814e-08,-0.4
4.321e-01,4.47035e-08,4,-2,4.47035e-08,3.57628e-09,0.08,-0.4,0.4
4.323e-01,-2,-6,-2,-4,3.57628e-09,-0.08,-0.4,-0.4
4.325e-01,-2,4,-2,4.47035e-08,3.57628e-09,0.08,-0.4,0.4
4.327e-01,-2,-4,-2,-4,3.57628e-09,-0.08,1.78814e-08,-0.4
4.329e-01,-2,4,-2,4.47035e-08,3.57628e-09,0.08,-0.4,0.4
4.331e-01,-2,-4,-2,-4,3.57628e-09,-0.08,-0.4,-0.4
4.333e-01,-2,4,-4,4.47035e-08,3.57628e-09,0.08,-0.4,0.4
4.335e-01,-2,-4,-2,-4,3.57628e-09,-0.08,1.78814e-08,-0.4
4.337e-01,-2,4,-2,4.47035e-08,3.57628e-09,0.08,-0.4,0.4
4.339e-01,-2,-4,-2,-4,3.57628e-09,-0.08,1.78814e-08,-0.8
4.341e-01,-2,4,-2,4.47035e-08,3.57628e-09,0.08,-0.4,0.4
4.342e-01,4.47035e-08,-4,-2,-4,3.57628e-09,-0.08,1.78814e-08,-0.4
4.344e-01,4.47035e-08,4,-2,4.47035e-08,3.57628e-09,0.08,1.78814e-08,0.4
4.346e-01,4.47035e-08,-6,-2,-4,3.57628e-09,-0.08,1.78814e-08,-0.8
4.348e-01,4.47035e-08,4,-2,4.47035e-08,3.57628e-09,0.08,1.78814e-08,0.4
4.350e-01,-2,-4,-2,-4,3.57628e-09,-0.08,1.78814e-08,-0.8
4.352e-01,-2,4,-2,4.47035e-08,3.57628e-09,0.08,1.78814e-08,0.4
4.354e-01,4.47035e-08,-6,-2,-4,3.57628e-09,-0.08,1.78814e-08,-0.4
4.356e-01,4.47035e-08,4,-2,4.47035e-08,3.57628e-09,0.08,1.78814e-08,0.4
4.358e-01,-2,-6,4.47035e-08,-4,3.57628e-09,-0.08,-0.4,-0.8
4.360e-01,4.47035e-08,4,-2,4.47035e-08,3.57628e-09,0.08,1.78814e-08,0.4
4.362e-01,4.47035e-08,-4,-2,-4,3.57628e-09,-0.08,1.78814e-08,-0.4
4.364e-01,4.47035e-08,4,-2,4.47035e-08,3.57628e-09,0.08,1.78814e-08,0.4
4.366e-01,-2,-4,-2,-4,3.57628e-09,-0.08,1.78814e-08,-0.8
4.367e-01,4.47035e-08,4,-2,4.47035e-08,3.57628e-09,0.08,1.78814e-08,0.4
4.369e-01,4.47035e-08,-6,-2,-4,3.57628e-09,-0.08,-0.4,-0.4
4.371e-01,-2,4,-2,4.47035e-08,3.57628e-09,0.08,1.78814e-08,0.4
4.373e-01,-2,-6,-2,-4,3.57628e-09,-0.08,1.78814e-08,-0.4
4.375e-01,4.47035e-08,4,-2,4.47035e-08,3.57628e-09,0.08,1.78814e-08,0.4
4.377e-01,-2,-4,-2,-4,3.57628e-09,-0.08,-0.4,-0.4
4.379e-01,4.47035e-08,4,-2,4.47035e-08,3.57628e-09,0.08,1.78814e-08,0.4
4.381e-01,-2,-6,-2,-4,0.08,-0.08,1.78814e-08,-0.4
4.383e-01,-2,4,-2,4.47035e-08,0.08,0.08,1.78814e-08,0.4
4.385e-01,-2,-4,-2,-4,3.57628e-09,-0.08,1.78814e-08,-0.8
4.387e-01,-2,4,-2,2,3.57628e-09,0.08,-0.4,0.4
4.389e-01,-2,-6,-2,-4,3.57628e-09,-0.08,1.78814e-08,-0.4
4.390e-01,4.47035e-08,4,-2,4.47035e-08,3.57628e-09,0.08,-0.4,0.4
4.392e-01,-4,-6,-2,-4,3.57628e-09,-0.08,1.78814e-08,-0.4
4.394e-01,-2,4,-2,4.47035e-08,3.57628e-09,0.08,1.78814e-08,0.4
4.396e-01,4.47035e-08,-4,-2,-4,3.57628e-09,-0.08,-0.4,-0.4
4.398e-01,4.47035e-08,4,-2,4.47035e-08,3.57628e-09,0.08,1.78814e-08,0.4
4.400e-01,4.47035e-08,-4,-2,-4,3.57628e-09,-0.08,-0.4,-0.8
4.402e-01,4.47035e-08,4,-2,4.47035e-08,3.57628e-09,0.08,1.78814e-08,0.4
4.404e-01,4.47035e-08,-4,-2,-4,3.57628e-09,-0.08,1.78814e-08,-0.8
4.406e-01,-2,4,-2,4.47035e-08,3.57628e-09,0.08,1.78814e-08,0.4
4.408e-01,4.47035e-08,-6,-2,-4,3.57628e-09,-0.08,1.78814e-08,-0.4
4.410e-01,4.47035e-08,4,-2,4.47035e-08,3.57628e-09,0.08,1.78814e-08,0.4
4.412e-01,4.47035e-08,-4,-2,-4,0.08,-0.08,-0.4,-0.8
4.414e-01,4.47035e-08,4,-2,4.47035e-08,3.57628e-09,0.08,-0.4,0.4
4.415e-01,-2,-4,-2,-4,3.57628e-09,-0.08,1.78814e-08,-0.4
4.417e-01,4.47035e-08,4,-2,4.47035e-08,3.57628e-09,0.08,1.78814e-08,0.4
4.419e-01,-2,-4,-2,-4,3.57628e-09,-0.08,1.78814e-08,-0.4
4.421e-01,4.47035e-08,4,-2,4.47035e-08,3.57628e-09,0.08,1.78814e-08,0.4
4.423e-01,-2,-6,-2,-4,3.57628e-09,-0.08,1.78814e-08,-0.8
4.425e-01,4.47035e-08,4,-4,4.47035e-08,3.57628e-09,0.08,1.78814e-08,0.4
4.427e-01,-2,-6,-2,-4,3.57628e-09,-0.08,-0.4,-0.8
4.429e-01,-2,4,-2,4.47035e-08,3.57628e-09,0.08,1.78814e-08,0.4
4.431e-01,-2,-6,-2,-4,3.57628e-09,-0.08,1.78814e-08,-0.4
4.433e-01,4.47035e-08,4,-2,4.47035e-08,3.57628e-09,0.08,1.78814e-08,0.4
4.435e-01,-2,-4,-2,-4,3.57628e-09,-0.08,1.78814e-08,-0.4
4.437e-01,-2,4,-2,4.47035e-08,0.08,0.08,1.78814e-08,0.4
4.438e-01,4.47035e-08,-4,-2,-4,3.57628e-09,-0.08,1.78814e-08,-0.4
4.440e-01,-2,4,-2,4.47035e-08,0.08,0.08,1.78814e-08,0.4
4.442e-01,4.47035e-08,-6,-2,-4,3.57628e-09,-0.08,1.78814e-08,-0.4
4.444e-01,-2,4,-4,4.47035e-08,3.57628e-09,0.08,1.78814e-08,0.4
4.446e-01,-2,-6,-2,-6,3.57628e-09,-0.08,1.78814e-08,-0.8
4.448e-01,-2,4,-2,4.47035e-08,3.57628e-09,0.08,-0.4,0.4
4.450e-01,4.47035e-08,-6,-2,-4,3.57628e-09,-0.08,1.78814e-08,-0.4
4.452e-01,-2,4,-2,4.47035e-08,3.57628e-09,0.08,-0.4,0.4
4.454e-01,-2,-6,-2,-4,3.57628e-09,-0.08,-0.4,-0.8
4.456e-01,-2,4,-2,4.47035e-08,3.57628e-09,0.08,1.78814e-08,0.4
4.458e-01,4.47035e-08,-6,-2,-4,3.57628e-09,-0.08,-0.4,-0.8
4.460e-01,-4,4,-2,4.47035e-08,3.57628e-09,0.08,1.78814e-08,0.4
4.462e-01,-2,-6,-2,-6,0.08,-0.08,-0.4,-0.8
4.463e-01,4.47035e-08,4,-2,4.47035e-08,3.57628e-09,0.08,-0.4,0.4
4.465e-01,-2,-6,-2,-4,3.57628e-09,-0.08,1.78814e-08,-0.4
4.467e-01,4.47035e-08,4,-2,4.47035e-08,3.57628e-09,0.08,1.78814e-08,0.4
4.469e-01,4.47035e-08,-4,-2,-4,3.57628e-09,-0.08,1.78814e-08,-0.8
4.471e-01,4.47035e-08,4,-2,4.47035e-08,3.57628e-09,0.08,1.78814e-08,0.4
4.473e-01,4.47035e-08,-6,-2,-4,3.57628e-09,-0.08,1.78814e-08,-0.8
4.475e-01,-2,4,-2,4.47035e-08,3.57628e-09,0.08,1.78814e-08,0.4
4.477e-01,-2,-4,-4,-4,3.57628e-09,-0.08,-0.4,-0.4
4.479e-01,-2,4,-2,4.47035e-08,3.57628e-09,0.08,-0.4,0.4
4.481e-01,-2,-4,-4,-4,3.57628e-09,-0.08,1.78814e-08,-0.8
4.483e-01,4.47035e-08,4,-2,4.47035e-08,3.57628e-09,0.08,-0.4,0.4
4.485e-01,-2,-6,-2,-6,3.57628e-09,-0.08,1.78814e-08,-0.4
4.486e-01,4.47035e-08,4,-2,4.47035e-08,3.57628e-09,0.08,-0.4,0.4
4.488e-01,4.47035e-08,-6,-2,-4,3.57628e-09,-0.08,1.78814e-08,-0.4
4.490e-01,-2,4,-2,4.47035e-08,3.57628e-09,0.08,1.78814e-08,0.4
4.492e-01,4.47035e-08,-6,-2,-4,3.57628e-09,-0.08,1.78814e-08,-0.4
4.494e-01,4.47035e-08,4,-2,4.47035e-08,3.57628e-09,0.08,1.78814e-08,0.4
4.496e-01,-2,-6,-2,-4,3.57628e-09,-0.08,1.78814e-08,-0.4
4.498e-01,-2,4,-2,4.47035e-08,3.57628e-09,0.08,-0.4,0.4
4.500e-01,-2,-4,-2,-4,3.57628e-09,-0.08,-0.4,-0.4
4.502e-01,4.47035e-08,4,-4,4.47035e-08,3.57628e-09,0.08,1.78814e-08,0.4
4.504e-01,4.47035e-08,-4,-2,-4,3.57628e-09,-0.08,1.78814e-08,-0.8
4.506e-01,4.47035e-08,4,-2,4.47035e-08,3.57628e-09,0.08,-0.4,0.4
4.508e-01,4.47035e-08,-6,-4,-4,3.57628e-09,-0.08,1.78814e-08,-0.4
4.510e-01,4.47035e-08,4,-2,4.47035e-08,0.08,0.08,1.78814e-08,0.4
4.511e-01,4.47035e-08,-4,-2,-4,3.57628e-09,-0.08,1.78814e-08,-0.4
4.513e-01,4.47035e-08,4,-2,4.47035e-08,3.57628e-09,0.08,1.78814e-08,0.4
4.515e-01,-2,-4,-2,-4,3.57628e-09,-0.08,-0.4,-0.8
4.517e-01,-2,4,-2,4.47035e-08,3.57628e-09,0.08,1.78814e-08,0.4
4.519e-01,-2,-6,-2,-4,3.57628e-09,-0.08,1.78814e-08,-0.4
4.521e-01,4.47035e-08,4,-2,4.47035e-08,3.57628e-09,0.08,1.78814e-08,0.4
4.523e-01,-2,-4,-2,-4,3.57628e-09,-0.08,1.78814e-08,-0.4
4.525e-01,-2,4,-2,4.47035e-08,3.57628e-09,0.08,1.78814e-08,0.4
4.527e-01,-2,-6,-2,-4,0.08,-0.08,1.78814e-08,-0.4
4.529e-01,-4,4,-2,4.47035e-08,3.57628e-09,0.08,-0.4,0.4
4.531e-01,-2,-4,-2,-4,3.57628e-09,-0.08,1.78814e-08,-0.8
4.533e-01,-2,4,-2,4.47035e-08,3.57628e-09,0.08,1.78814e-08,0.4
4.535e-01,-2,-6,-2,-4,3.57628e-09,-0.08,1.78814e-08,-0.4
4.536e-01,4.47035e-08,4,-2,4.47035e-08,3.57628e-09,0.08,1.78814e-08,0.4
4.538e-01,-2,-4,-2,-4,3.57628e-09,-0.08,1.78814e-08,-0.4
4.540e-01,4.47035e-08,4,-2,4.47035e-08,3.57628e-09,0.08,1.78814e-08,0.4
4.542e-01,-2,-6,-2,-4,3.57628e-09,-0.08,1.78814e-08,-0.4
4.544e-01,-2,4,-2,4.47035e-08,3.57628e-09,0.08,1.78814e-08,0.4
4.546e-01,-2,-4,-2,-4,3.57628e-09,-0.08,-0.4,-0.8
4.548e-01,4.47035e-08,4,-2,4.47035e-08,3.57628e-09,0.08,-0.4,0.4
4.550e-01,-2,-6,-2,-4,3.57628e-09,-0.08,1.78814e-08,-0.8
4.552e-01,4.47035e-08,4,-2,4.47035e-08,3.57628e-09,0.08,1.78814e-08,0.4
4.554e-01,4.47035e-08,-6,-2,-4,3.57628e-09,-0.08,1.78814e-08,-0.8
4.556e-01,4.47035e-08,4,-2,4.47035e-08,3.57628e-09,0.08,1.78814e-08,0.4
4.558e-01,-2,-6,-2,-4,3.57628e-09,-0.08,1.78814e-08,-0.8
4.559e-01,4.47035e-08,4,-2,4.47035e-08,3.57628e-09,0.08,-0.4,0.4
4.561e-01,4.47035e-08,-6,-2,-4,3.57628e-09,-0.08,1.78814e-08,-0.8
4.563e-01,-2,4,-2,4.47035e-08,3.57628e-09,0.08,-0.4,0.4
4.565e-01,4.47035e-08,-4,-2,-4,3.57628e-09,-0.08,1.78814e-08,-0.8
4.567e-01,-2,4,-2,4.47035e-08,3.57628e-09,0.08,1.78814e-08,0.4
4.569e-01,4.47035e-08,-4,-2,-4,3.57628e-09,-0.08,-0.4,-0.8
4.571e-01,-2,4,-2,4.47035e-08,3.57628e-09,0.08,1.78814e-08,0.4
4.573e-01,-2,-6,-2,-4,3.57628e-09,-0.08,1.78814e-08,-0.4
4.575e-01,4.47035e-08,4,-2,4.47035e-08,3.57628e-09,0.08,1.78814e-08,0.4
4.577e-01,4.47035e-08,-4,-2,-4,3.57628e-09,-0.08,1.78814e-08,-0.8
4.579e-01,-2,4,-2,4.47035e-08,3.57628e-09,0.08,1.78814e-08,0.4
4.581e-01,-2,-4,-2,-4,3.57628e-09,-0.08,-0.4,-0.8
4.583e-01,4.47035e-08,4,-2,4.47035e-08,0.08,0.08,-0.4,0.4
4.584e-01,-2,-6,-2,-4,3.57628e-09,-0.08,1.78814e-08,-0.4
4.586e-01,4.47035e-08,4,-2,4.47035e-08,3.57628e-09,0.08,1.78814e-08,0.4
4.588e-01,-2,-4,-2,-4,3.57628e-09,-0.08,1.78814e-08,-0.4
4.590e-01,4.47035e-08,4,-2,4.47035e-08,3.57628e-09,0.08,-0.4,0.4
4.592e-01,-2,-4,-2,-4,3.57628e-09,-0.08,-0.4,-0.4
4.594e-01,-2,4,-2,4.47035e-08,3.57628e-09,0.08,1.78814e-08,0.4
4.596e-01,-2,-4,-2,-4,3.57628e-09,-0.08,1.78814e-08,-0.4
4.598e-01,4.47035e-08,4,-2,4.47035e-08,3.57628e-09,0.08,1.78814e-08,0.4
4.600e-01,-2,-4,-4,-4,3.57628e-09,-0.08,1.78814e-08,-0.4
4.602e-01,-2,4,-2,4.47035e-08,3.57628e-09,0.08,-0.4,0.4
4.604e-01,4.47035e-08,-4,-2,-4,3.57628e-09,-0.08,1.78814e-08,-0.4
4.606e-01,4.47035e-08,4,-2,4.47035e-08,3.57628e-09,0.08,-0.4,0.4
4.607e-01,4.47035e-08,-4,-2,-4,3.57628e-09,-0.08,-0.4,-0.4
4.609e-01,4.47035e-08,4,-4,4.47035e-08,0.08,0.08,1.78814e-08,0.4
4.611e-01,-2,-4,-2,-4,3.57628e-09,-0.08,1.78814e-08,-0.4
4.613e-01,-2,4,-2,4.47035e-08,3.57628e-09,0.08,1.78814e-08,0.4
4.615e-01,4.47035e-08,-6,-2,-4,3.57628e-09,-0.08,1.78814e-08,-0.4
4.617e-01,4.47035e-08,4,-2,4.47035e-08,3.57628e-09,0.08,1.78814e-08,0.4
4.619e-01,-2,-4,-2,-4,3.57628e-09,-0.08,-0.4,-0.4
4.621e-01,4.47035e-08,4,-2,4.47035e-08,3.57628e-09,0.08,-0.4,0.4
4.623e-01,-2,-6,-2,-4,3.57628e-09,-0.08,1.78814e-08,-0.4
4.625e-01,-4,4,-2,4.47035e-08,3.57628e-09,0.08,1.78814e-08,0.4
4.627e-01,4.47035e-08,-6,4.47035e-08,-4,3.57628e-09,-0.08,1.78814e-08,-0.8
4.629e-01,4.47035e-08,4,-2,4.47035e-08,3.57628e-09,0.08,1.78814e-08,0.4
4.631e-01,-2,-6,-2,-4,3.57628e-09,-0.08,1.78814e-08,-0.8
4.632e-01,-2,4,-2,4.47035e-08,3.57628e-09,0.08,1.78814e-08,0.4
4.634e-01,4.47035e-08,-6,-2,-4,3.57628e-09,-0.08,1.78814e-08,-0.8
4.636e-01,4.47035e-08,4,-2,4.47035e-08,3.57628e-09,0.08,1.78814e-08,0.4
4.638e-01,4.47035e-08,-6,4.47035e-08,-4,3.57628e-09,-0.08,-0.4,-0.8
4.640e-01,-2,4,-2,4.47035e-08,3.57628e-09,0.08,-0.4,0.4
4.642e-01,-2,-6,-2,-4,3.57628e-09,-0.08,-0.4,-0.4
4.644e-01,4.47035e-08,4,-2,4.47035e-08,0.08,0.08,1.78814e-08,0.4
4.646e-01,4.47035e-08,-6,-2,-4,3.57628e-09,-0.08,1.78814e-08,-0.4
4.648e-01,-2,4,-2,4.47035e-08,3.57628e-09,0.08,1.78814e-08,0.4
4.650e-01,4.47035e-08,-4,-2,-4,3.57628e-09,-0.08,1.78814e-08,-0.8
4.652e-01,4.47035e-08,4,-2,4.47035e-08,3.57628e-09,0.08,1.78814e-08,0.4
4.654e-01,4.47035e-08,-6,-2,-4,3.57628e-09,-0.08,-0.4,-0.8
4.655e-01,4.47035e-08,4,-2,4.47035e-08,3.57628e-09,0.08,-0.4,0.4
4.657e-01,4.47035e-08,-6,-2,-4,3.57628e-09,-0.08,1.78814e-08,-0.8
4.659e-01,4.47035e-08,4,-2,4.47035e-08,3.57628e-09,0.08,-0.4,0.4
4.661e-01,-2,-4,-2,-4,3.57628e-09,-0.08,1.78814e-08,-0.4
4.663e-01,-2,4,-2,4.47035e-08,3.57628e-09,0.08,1.78814e-08,0.4
4.665e-01,-2,-4,-2,-4,3.57628e-09,-0.08,1.78814e-08,-0.4
4.667e-01,4.47035e-08,4,-2,4.47035e-08,3.57628e-09,0.08,1.78814e-08,0.4
4.669e-01,4.47035e-08,-4,-2,-4,3.57628e-09,-0.08,1.78814e-08,-0.4
4.671e-01,-2,4,-2,4.47035e-08,3.57628e-09,0.08,1.78814e-08,0.4
4.673e-01,4.47035e-08,-6,-2,-4,3.57628e-09,-0.08,1.78814e-08,-0.4
4.675e-01,-2,4,-2,4.47035e-08,3.57628e-09,0.08,1.78814e-08,0.4
4.677e-01,4.47035e-08,-4,-2,-4,3.57628e-09,-0.08,1.78814e-08,-0.4
4.679e-01,-2,4,-2,4.47035e-08,3.57628e-09,0.08,1.78814e-08,0.4
4.680e-01,4.47035e-08,-4,-2,-4,3.57628e-09,-0.08,-0.4,-0.4
4.682e-01,-2,2,-2,4.47035e-08,0.08,0.08,1.78814e-08,0.4
4.684e-01,-2,-4,-4,-6,3.57628e-09,-0.08,1.78814e-08,-0.4
4.686e-01,4.47035e-08,4,-2,4.47035e-08,3.57628e-09,0.08,1.78814e-08,0.4
4.688e-01,4.47035e-08,-6,-2,-4,3.57628e-09,-0.08,1.78814e-08,-0.4
4.690e-01,-2,2,-2,4.47035e-08,3.57628e-09,0.08,-0.4,0.4
4.692e-01,-2,-4,-2,-4,3.57628e-09,-0.08,1.78814e-08,-0.4
4.694e-01,-2,4,-2,4.47035e-08,3.57628e-09,0.08,-0.4,0.4
4.696e-01,4.47035e-08,-6,-2,-4,3.57628e-09,-0.08,1.78814e-08,-0.4
4.698e-01,-2,4,-2,4.47035e-08,3.57628e-09,0.08,-0.4,0.4
4.700e-01,-2,-6,-2,-4,0.08,-0.08,-0.4,-0.4
4.702e-01,4.47035e-08,4,-2,4.47035e-08,3.57628e-09,0.08,1.78814e-08,0.4
4.703e-01,-2,-4,-2,-4,3.57628e-09,-0.08,1.78814e-08,-0.4
4.705e-01,4.47035e-08,4,-2,4.47035e-08,3.57628e-09,0.08,1.78814e-08,0.4
4.707e-01,4.47035e-08,-6,-2,-4,3.57628e-09,-0.08,1.78814e-08,-0.4
4.709e-01,4.47035e-08,4,-2,4.47035e-08,3.57628e-09,0.08,1.78814e-08,0.4
4.711e-01,4.47035e-08,-4,-2,-6,3.57628e-09,-0.08,1.78814e-08,-0.4
4.713e-01,4.47035e-08,4,-2,4.47035e-08,3.57628e-09,0.08,1.78814e-08,0.4
4.715e-01,-2,-4,-2,-4,0.08,-0.08,-0.4,-0.4
4.717e-01,4.47035e-08,4,-2,4.47035e-08,3.57628e-09,0.08,-0.4,0.4
4.719e-01,-2,-4,-2,-6,3.57628e-09,-0.08,1.78814e-08,-0.4
4.721e-01,-2,4,-2,4.47035e-08,3.57628e-09,0.08,1.78814e-08,0.4
4.723e-01,-2,-6,-2,-4,3.57628e-09,-0.08,1.78814e-08,-0.8
4.725e-01,-2,2,-2,4.47035e-08,3.57628e-09,0.08,-0.4,0.4
4.727e-01,4.47035e-08,-6,-2,-4,3.57628e-09,-0.08,1.78814e-08,-0.4
4.728e-01,-2,4,-2,4.47035e-08,3.57628e-09,0.08,-0.4,0.4
4.730e-01,-2,-6,4.47035e-08,-4,3.57628e-09,-0.08,-0.4,-0.4
4.732e-01,4.47035e-08,4,-2,4.47035e-08,3.57628e-09,0.08,1.78814e-08,0.4
4.734e-01,-2,-6,-2,-4,3.57628e-09,-0.08,1.78814e-08,-0.8
4.736e-01,-2,4,-2,4.47035e-08,3.57628e-09,0.08,1.78814e-08,0.4
4.738e-01,4.47035e-08,-4,-2,-4,3.57628e-09,-0.08,-0.4,-0.4
4.740e-01,-2,4,-2,4.47035e-08,3.57628e-09,0.08,-0.4,0.4
4.742e-01,4.47035e-08,-6,-2,-4,3.57628e-09,-0.08,-0.4,-0.4
4.744e-01,-2,4,-2,4.47035e-08,3.57628e-09,0.08,1.78814e-08,0.4
4.746e-01,-2,-6,-4,-4,3.57628e-09,-0.08,1.78814e-08,-0.4
4.748e-01,4.47035e-08,4,-2,4.47035e-08,3.57628e-09,0.08,1.78814e-08,0.4
4.750e-01,-2,-4,-2,-4,3.57628e-09,-0.08,1.78814e-08,-0.4
4.751e-01,4.47035e-08,4,-2,4.47035e-08,3.57628e-09,0.08,1.78814e-08,0.4
4.753e-01,4.47035e-08,-4,-2,-4,3.57628e-09,-0.08,1.78814e-08,-0.4
4.755e-01,4.47035e-08,4,-2,4.47035e-08,3.57628e-09,0.08,1.78814e-08,0.4
4.757e-01,-2,-4,-2,-4,3.57628e-09,-0.08,-0.4,-0.8
4.759e-01,4.47035e-08,4,-2,4.47035e-08,3.57628e-09,0.08,1.78814e-08,0.4
4.761e-01,-2,-4,-2,-4,3.57628e-09,-0.08,1.78814e-08,-0.4
4.763e-01,-2,4,-2,4.47035e-08,3.57628e-09,0.08,-0.4,0.4
4.765e-01,4.47035e-08,-4,-2,-4,3.57628e-09,-0.08,1.78814e-08,-0.4
4.767e-01,-2,4,-2,4.47035e-08,3.57628e-09,0.08,1.78814e-08,0.4
4.769e-01,4.47035e-08,-6,-2,-4,0.08,-0.08,1.78814e-08,-0.4
4.771e-01,-2,4,-2,4.47035e-08,0.08,0.08,1.78814e-08,0.4
4.773e-01,-2,-4,-2,-4,3.57628e-09,-0.08,1.78814e-08,-0.4
4.775e-01,4.47035e-08,4,-2,4.47035e-08,3.57628e-09,0.08,1.78814e-08,0.4
4.776e-01,-2,-4,-2,-4,3.57628e-09,-0.08,1.78814e-08,-0.4
4.778e-01,-2,4,-2,4.47035e-08,3.57628e-09,0.08,1.78814e-08,0.4
4.780e-01,-2,-6,-2,-4,3.57628e-09,-0.08,1.78814e-08,-0.4
4.782e-01,-2,4,-2,4.47035e-08,0.08,0.08,1.78814e-08,0.4
4.784e-01,-2,-6,-2,-4,3.57628e-09,-0.08,1.78814e-08,-0.4
4.786e-01,-2,4,-2,4.47035e-08,3.57628e-09,0.08,1.78814e-08,0.4
4.788e-01,4.47035e-08,-6,-2,-4,3.57628e-09,-0.08,1.78814e-08,-0.8
4.790e-01,4.47035e-08,4,-2,4.47035e-08,3.57628e-09,0.08,1.78814e-08,0.4
4.792e-01,-2,-6,-2,-4,3.57628e-09,-0.08,1.78814e-08,-0.4
4.794e-01,-2,4,-2,4.47035e-08,3.57628e-09,0.08,1.78814e-08,0.4
4.796e-01,4.47035e-08,-6,-2,-4,3.57628e-09,-0.08,1.78814e-08,-0.8
4.798e-01,-2,4,-2,4.47035e-08,3.57628e-09,0.08,1.78814e-08,0.4
4.799e-01,-2,-6,-2,-4,3.57628e-09,-0.08,-0.4,-0.4
4.801e-01,4.47035e-08,4,-2,4.47035e-08,3.57628e-09,0.08,1.78814e-08,0.4
4.803e-01,-2,-4,-2,-4,3.57628e-09,-0.08,1.78814e-08,-0.8
4.805e-01,-2,4,-2,4.47035e-08,3.57628e-09,0.08,1.78814e-08,0.4
4.807e-01,-2,-4,-4,-4,3.57628e-09,-0.08,1.78814e-08,-0.4
4.809e-01,-2,4,-2,4.47035e-08,0.08,0.08,1.78814e-08,0.4
4.811e-01,-2,-6,-2,-4,3.57628e-09,-0.08,1.78814e-08,-0.4
4.813e-01,4.47035e-08,4,-2,4.47035e-08,3.57628e-09,0.08,1.78814e-08,0.4
4.815e-01,4.47035e-08,-4,-2,-4,3.57628e-09,-0.08,1.78814e-08,-0.4
4.817e-01,-4,4,-2,4.47035e-08,3.57628e-09,0.08,1.78814e-08,0.4
4.819e-01,4.47035e-08,-6,-2,-4,3.57628e-09,-0.08,1.78814e-08,-0.4
4.821e-01,4.47035e-08,4,-2,4.47035e-08,3.57628e-09,0.08,1.78814e-08,0.4
4.823e-01,-2,-6,-2,-4,3.57628e-09,-0.08,1.78814e-08,-0.8
4.824e-01,4.47035e-08,4,-2,4.47035e-08,3.57628e-09,0.08,-0.4,0.4
4.826e-01,-2,-4,-2,-4,3.57628e-09,-0.08,1.78814e-08,-0.4
4.828e-01,-2,4,-2,4.47035e-08,3.57628e-09,0.08,1.78814e-08,0.4
4.830e-01,4.47035e-08,-4,-2,-4,3.57628e-09,-0.08,1.78814e-08,-0.4
4.832e-01,4.47035e-08,4,-2,4.47035e-08,3.57628e-09,0.08,1.78814e-08,0.4
4.834e-01,4.47035e-08,-4,-2,-4,3.57628e-09,-0.08,-0.4,-0.4
4.836e-01,-2,4,-2,4.47035e-08,0.08,0.08,1.78814e-08,0.4
4.838e-01,-2,-4,-2,-4,3.57628e-09,-0.08,1.78814e-08,-0.8
4.840e-01,-2,2,-2,4.47035e-08,3.57628e-09,0.08,1.78814e-08,0.4
4.842e-01,4.47035e-08,-4,-2,-4,3.57628e-09,-0.08,1.78814e-08,-0.4
4.844e-01,-2,4,-4,4.47035e-08,3.57628e-09,0.08,-0.4,0.4
4.846e-01,-2,-6,-2,-4,3.57628e-09,-0.08,1.78814e-08,-0.4
4.847e-01,-2,4,-2,4.47035e-08,3.57628e-09,0.08,1.78814e-08,0.4
4.849e-01,-2,-4,-2,-4,3.57628e-09,-0.08,-0.4,-0.4
4.851e-01,4.47035e-08,4,-2,4.47035e-08,3.57628e-09,0.08,1.78814e-08,0.4
4.853e-01,-2,-4,4.47035e-08,-4,3.57628e-09,-0.08,1.78814e-08,-0.8
4.855e-01,-4,4,-2,4.47035e-08,3.57628e-09,0.08,1.78814e-08,0.4
4.857e-01,-2,-4,-2,-4,3.57628e-09,-0.08,1.78814e-08,-0.4
4.859e-01,4.47035e-08,4,-2,4.47035e-08,3.57628e-09,0.08,-0.4,0.4
4.861e-01,4.47035e-08,-6,-2,-4,3.57628e-09,-0.08,1.78814e-08,-0.8
4.863e-01,-2,4,-2,4.47035e-08,3.57628e-09,0.08,-0.4,0.4
4.865e-01,-2,-6,-2,-4,3.57628e-09,-0.08,1.78814e-08,-0.4
4.867e-01,-2,4,-4,4.47035e-08,3.57628e-09,0.08,-0.4,0.4
4.869e-01,4.47035e-08,-6,-2,-4,3.57628e-09,-0.08,1.78814e-08,-0.8
4.871e-01,4.47035e-08,4,-2,4.47035e-08,3.57628e-09,0.08,1.78814e-08,0.4
4.872e-01,-2,-4,-2,-4,3.57628e-09,-0.08,1.78814e-08,-0.4
4.874e-01,-2,4,-2,4.47035e-08,3.57628e-09,0.08,1.78814e-08,0.4
4.876e-01,-2,-4,4.47035e-08,-4,0.08,-0.08,-0.4,-0.4
4.878e-01,-2,4,-2,4.47035e-08,3.57628e-09,0.08,1.78814e-08,0.4
4.880e-01,-2,-4,-2,-4,3.57628e-09,-0.08,-0.4,-0.4
4.882e-01,4.47035e-08,4,-2,4.47035e-08,3.57628e-09,0.08,1.78814e-08,0.4
4.884e-01,-2,-6,-2,-4,3.57628e-09,-0.08,1.78814e-08,-0.8
4.886e-01,-2,4,-2,4.47035e-08,3.57628e-09,0.08,1.78814e-08,0.4
4.888e-01,-2,-6,-2,-4,3.57628e-09,-0.08,1.78814e-08,-0.8
4.890e-01,-2,4,-2,4.47035e-08,3.57628e-09,0.08,1.78814e-08,0.4
4.892e-01,-2,-6,-2,-4,3.57628e-09,-0.08,-0.4,-0.4
4.894e-01,-2,4,-2,4.47035e-08,3.57628e-09,0.08,1.78814e-08,0.4
4.895e-01,-2,-4,-2,-4,3.57628e-09,-0.08,1.78814e-08,-0.4
4.897e-01,4.47035e-08,4,-2,4.47035e-08,0.08,0.08,1.78814e-08,0.4
4.899e-01,-2,-6,-2,-4,3.57628e-09,-0.08,1.78814e-08,-0.4
4.901e-01,-2,4,-2,4.47035e-08,3.57628e-09,0.08,1.78814e-08,0.4
4.903e-01,4.47035e-08,-6,-2,-4,3.57628e-09,-0.08,1.78814e-08,-0.8
4.905e-01,-2,4,-2,4.47035e-08,3.57628e-09,0.08,1.78814e-08,0.4
4.907e-01,-2,-4,-2,-4,3.57628e-09,-0.08,1.78814e-08,-0.8
4.909e-01,-4,4,-2,4.47035e-08,3.57628e-09,0.08,-0.4,0.4
4.911e-01,-4,-4,-2,-4,3.57628e-09,-0.08,-0.4,-0.4
4.913e-01,-2,4,-4,4.47035e-08,3.57628e-09,0.08,1.78814e-08,0.4
4.915e-01,-2,-6,-2,-4,3.57628e-09,-0.08,1.78814e-08,-0.4
4.917e-01,4.47035e-08,4,-2,4.47035e-08,3.57628e-09,0.08,1.78814e-08,0.4
4.919e-01,-2,-4,-2,-4,3.57628e-09,-0.08,1.78814e-08,-0.8
4.920e-01,-2,4,-4,4.47035e-08,3.57628e-09,0.08,1.78814e-08,0.4
4.922e-01,-2,-4,-4,-4,3.57628e-09,-0.08,1.78814e-08,-0.4
4.924e-01,-2,4,-2,4.47035e-08,0.08,0.08,1.78814e-08,0.4
4.926e-01,-2,-4,-2,-4,3.57628e-09,-0.08,1.78814e-08,-0.4
4.928e-01,-2,4,-2,4.47035e-08,3.57628e-09,0.08,1.78814e-08,0.4
4.930e-01,4.47035e-08,-4,-2,-6,3.57628e-09,-0.08,1.78814e-08,-0.4
4.932e-01,4.47035e-08,4,-2,4.47035e-08,3.57628e-09,0.08,-0.4,0.4
4.934e-01,4.47035e-08,-4,-2,-4,3.57628e-09,-0.08,-0.4,-0.4
4.936e-01,-2,4,-2,4.47035e-08,3.57628e-09,0.08,-0.4,0.4
4.938e-01,4.47035e-08,-6,-2,-4,3.57628e-09,-0.08,1.78814e-08,-0.8
4.940e-01,2,4,-2,4.47035e-08,3.57628e-09,0.08,1.78814e-08,0.4
4.942e-01,4.47035e-08,-6,-2,-4,0.08,-0.08,1.78814e-08,-0.8
4.943e-01,4.47035e-08,4,-2,4.47035e-08,3.57628e-09,0.08,1.78814e-08,0.4
4.945e-01,4.47035e-08,-4,-2,-4,3.57628e-09,-0.08,-0.4,-0.4
4.947e-01,-2,4,-4,4.47035e-08,3.57628e-09,0.08,1.78814e-08,0.4
4.949e-01,4.47035e-08,-4,-2,-4,3.57628e-09,-0.08,-0.4,-0.4
4.951e-01,4.47035e-08,4,-2,4.47035e-08,0.08,0.08,1.78814e-08,0.4
4.953e-01,-2,-4,-2,-4,0.08,-0.08,1.78814e-08,-0.8
4.955e-01,4.47035e-08,4,-2,4.47035e-08,3.57628e-09,0.08,1.78814e-08,0.4
4.957e-01,-2,-4,-2,-4,3.57628e-09,-0.08,1.78814e-08,-0.4
4.959e-01,-2,4,-2,4.47035e-08,3.57628e-09,0.08,-0.4,0.4
4.961e-01,4.47035e-08,-4,-2,-4,3.57628e-09,-0.08,1.78814e-08,-0.8
4.963e-01,4.47035e-08,4,-2,4.47035e-08,3.57628e-09,0.08,1.78814e-08,0.4
4.965e-01,-2,-6,-2,-4,3.57628e-09,-0.08,1.78814e-08,-0.4
4.967e-01,4.47035e-08,4,-2,4.47035e-08,3.57628e-09,0.08,-0.4,0.4
4.968e-01,4.47035e-08,-6,-2,-4,3.57628e-09,-0.08,-0.4,-0.4
4.970e-01,4.47035e-08,4,-2,4.47035e-08,3.57628e-09,0.08,1.78814e-08,0.4
4.972e-01,-2,-6,-2,-4,3.57628e-09,-0.08,1.78814e-08,-0.8
4.974e-01,-2,2,-2,4.47035e-08,3.57628e-09,0.08,1.78814e-08,0.4
4.976e-01,4.47035e-08,-4,-2,-4,3.57628e-09,-0.08,1.78814e-08,-0.4
4.978e-01,-2,4,-2,4.47035e-08,3.57628e-09,0.08,1.78814e-08,0.4
4.980e-01,4.47035e-08,-6,-2,-6,3.57628e-09,-0.08,1.78814e-08,-0.8
4.982e-01,4.47035e-08,4,-2,4.47035e-08,3.57628e-09,0.08,-0.4,0.4
4.984e-01,-2,-4,-2,-6,3.57628e-09,-0.08,-0.4,-0.4
4.986e-01,4.47035e-08,4,-2,4.47035e-08,3.57628e-09,0.08,1.78814e-08,0.4
4.988e-01,-2,-4,-2,-4,3.57628e-09,-0.08,-0.4,-0.4
4.990e-01,-2,2,-2,4.47035e-08,3.57628e-09,0.08,1.78814e-08,0.4
4.991e-01,4.47035e-08,-6,-2,-4,3.57628e-09,-0.08,1.78814e-08,-0.4
4.993e-01,4.47035e-08,4,-2,4.47035e-08,3.57628e-09,0.08,-0.4,0.4
4.995e-01,-2,-6,-2,-4,3.57628e-09,-0.08,1.78814e-08,-0.4
4.997e-01,-2,4,-2,4.47035e-08,0.08,0.08,1.78814e-08,0.4
4.999e-01,-2,-6,-2,-4,3.57628e-09,-0.08,1.78814e-08,-0.8
5.001e-01,-2,4,-2,4.47035e-08,3.57628e-09,0.08,-0.4,0.4
5.003e-01,-2,-6,-2,-4,3.57628e-09,-0.08,1.78814e-08,-0.4
5.005e-01,4.47035e-08,4,-2,4.47035e-08,3.57628e-09,0.08,1.78814e-08,0.4
5.007e-01,-2,-4,-2,-4,3.57628e-09,-0.08,1.78814e-08,-0.8
5.009e-01,-2,4,-2,4.47035e-08,3.57628e-09,0.08,-0.4,0.4
5.011e-01,-2,-6,-2,-4,3.57628e-09,-0.08,-0.4,-0.4
5.013e-01,4.47035e-08,4,-2,4.47035e-08,3.57628e-09,0.08,1.78814e-08,0.4
5.015e-01,-2,-6,-2,-4,3.57628e-09,-0.08,1.78814e-08,-0.4
5.016e-01,4.47035e-08,4,-2,4.47035e-08,3.57628e-09,0.08,-0.4,0.4
5.018e-01,4.47035e-08,-4,-2,-4,3.57628e-09,-0.08,-0.4,-0.4
5.020e-01,-2,4,4.47035e-08,4.47035e-08,0.08,0.08,1.78814e-08,0.4
5.022e-01,4.47035e-08,-6,-2,-4,3.57628e-09,-0.08,1.78814e-08,-0.4
5.024e-01,-2,4,-2,4.47035e-08,3.57628e-09,0.08,1.78814e-08,0.4
5.026e-01,-2,-6,-2,-4,0.08,-0.08,1.78814e-08,-0.8
5.028e-01,-2,4,-2,4.47035e-08,3.57628e-09,0.08,1.78814e-08,0.4
5.030e-01,-2,-4,-2,-4,0.08,-0.08,-0.4,-0.4
5.032e-01,-4,4,-2,4.47035e-08,3.57628e-09,0.08,-0.4,0.4
5.034e-01,4.47035e-08,-6,-2,-4,3.57628e-09,-0.08,1.78814e-08,-0.8
5.036e-01,-2,4,-2,2,3.57628e-09,0.08,1.78814e-08,0.4
5.038e-01,4.47035e-08,-6,-2,-4,3.57628e-09,-0.08,1.78814e-08,-0.4
5.039e-01,4.47035e-08,4,-2,4.47035e-08,3.57628e-09,0.08,1.78814e-08,0.4
5.041e-01,4.47035e-08,-6,-2,-4,3.57628e-09,-0.08,1.78814e-08,-0.4
5.043e-01,-2,4,-2,4.47035e-08,3.57628e-09,0.08,-0.4,0.4
5.045e-01,4.47035e-08,-4,-4,-4,3.57628e-09,-0.08,1.78814e-08,-0.4
5.047e-01,4.47035e-08,4,-2,4.47035e-08,3.57628e-09,0.08,1.78814e-08,0.4
5.049e-01,-2,-4,-2,-4,3.57628e-09,-0.08,1.78814e-08,-0.4
5.051e-01,-4,4,-2,4.47035e-08,0.08,0.08,1.78814e-08,0.4
5.053e-01,-2,-6,-2,-4,3.57628e-09,-0.08,1.78814e-08,-0.4
5.055e-01,4.47035e-08,4,-2,2,3.57628e-09,0.08,-0.4,0.4
5.057e-01,-2,-4,-2,-4,3.57628e-09,-0.08,-0.4,-0.8
5.059e-01,-2,4,-2,4.47035e-08,3.57628e-09,0.08,1.78814e-08,0.4
5.061e-01,-2,-6,-2,-4,3.57628e-09,-0.08,-0.4,-0.4
5.063e-01,-2,4,-2,4.47035e-08,3.57628e-09,0.08,1.78814e-08,0.4
5.064e-01,4.47035e-08,-4,-2,-4,0.08,-0.08,1.78814e-08,-0.4
5.066e-01,-2,4,-2,4.47035e-08,3.57628e-09,0.08,1.78814e-08,0.4
5.068e-01,-2,-4,-2,-4,3.57628e-09,-0.08,1.78814e-08,-0.4
5.070e-01,-2,4,-2,4.47035e-08,3.57628e-09,0.08,1.78814e-08,0.4
5.072e-01,4.47035e-08,-6,-2,-4,3.57628e-09,-0.08,1.78814e-08,-0.8
5.074e-01,-2,4,-2,4.47035e-08,3.57628e-09,0.08,1.78814e-08,0.4
5.076e-01,-2,-6,-2,-4,3.57628e-09,-0.08,-0.4,-0.4
5.078e-01,-2,4,-2,4.47035e-08,3.57628e-09,0.08,1.78814e-08,0.4
5.080e-01,-2,-4,-2,-4,3.57628e-09,-0.08,1.78814e-08,-0.4
5.082e-01,4.47035e-08,4,-2,4.47035e-08,3.57628e-09,0.08,1.78814e-08,0.4
5.084e-01,-2,-4,-2,-4,3.57628e-09,-0.08,1.78814e-08,-0.8
5.086e-01,4.47035e-08,4,-4,4.47035e-08,3.57628e-09,0.08,1.78814e-08,0.4
5.087e-01,4.47035e-08,-4,-2,-4,3.57628e-09,-0.08,-0.4,-0.4
5.089e-01,-2,4,-2,4.47035e-08,3.57628e-09,0.08,1.78814e-08,0.4
5.091e-01,-2,-6,-2,-4,3.57628e-09,-0.08,-0.4,-0.8
5.093e-01,-2,4,-2,4.47035e-08,3.57628e-09,0.08,1.78814e-08,0.4
5.095e-01,4.47035e-08,-4,-2,-4,3.57628e-09,-0.08,1.78814e-08,-0.8
5.097e-01,4.47035e-08,4,-4,4.47035e-08,3.57628e-09,0.08,1.78814e-08,0.4
5.099e-01,-2,-4,-2,-4,3.57628e-09,-0.08,1.78814e-08,-0.8
5.101e-01,4.47035e-08,4,-2,4.47035e-08,3.57628e-09,0.08,1.78814e-08,0.4
5.103e-01,-2,-4,-2,-4,3.57628e-09,-0.08,1.78814e-08,-0.8
5.105e-01,4.47035e-08,4,-2,4.47035e-08,3.57628e-09,0.08,1.78814e-08,0.4
5.107e-01,4.47035e-08,-6,-2,-4,0.08,-0.08,-0.4,-0.8
5.109e-01,-2,4,-2,4.47035e-08,3.57628e-09,0.08,1.78814e-08,0.4
5.111e-01,-2,-6,-2,-4,0.08,-0.08,1.78814e-08,-0.4
5.112e-01,4.47035e-08,4,-2,4.47035e-08,3.57628e-09,0.08,1.78814e-08,0.4
5.114e-01,-2,-4,-2,-4,3.57628e-09,-0.08,1.78814e-08,-0.8
5.116e-01,-2,4,-2,4.47035e-08,3.57628e-09,0.08,1.78814e-08,0.4
5.118e-01,4.47035e-08,-6,-2,-4,3.57628e-09,-0.08,1.78814e-08,-0.8
5.120e-01,-2,4,-2,4.47035e-08,3.57628e-09,0.08,1.78814e-08,0.4
5.122e-01,4.47035e-08,-4,-2,-4,3.57628e-09,-0.08,1.78814e-08,-0.8
5.124e-01,-2,4,-2,4.47035e-08,3.57628e-09,0.08,-0.4,0.4
5.126e-01,-2,-6,-2,-4,3.57628e-09,-0.08,1.78814e-08,-0.4
5.128e-01,-2,4,-4,4.47035e-08,3.57628e-09,0.08,1.78814e-08,0.4
5.130e-01,-2,-4,-2,-4,3.57628e-09,-0.08,1.78814e-08,-0.4
5.132e-01,4.47035e-08,4,4.47035e-08,4.47035e-08,3.57628e-09,0.08,1.78814e-08,0.4
5.134e-01,4.47035e-08,-6,-2,-4,3.57628e-09,-0.08,1.78814e-08,-0.4
5.135e-01,-2,4,-2,4.47035e-08,3.57628e-09,0.08,1.78814e-08,0.4
5.137e-01,4.47035e-08,-4,-2,-4,3.57628e-09,-0.08,1.78814e-08,-0.8
5.139e-01,4.47035e-08,4,-2,4.47035e-08,3.57628e-09,0.08,1.78814e-08,0.4
5.141e-01,-2,-4,-2,-4,3.57628e-09,-0.08,-0.4,-0.4
5.143e-01,4.47035e-08,4,-2,4.47035e-08,3.57628e-09,0.08,1.78814e-08,0.4
5.145e-01,-2,-6,-2,-4,3.57628e-09,-0.08,-0.4,-0.8
5.147e-01,4.47035e-08,4,-2,4.47035e-08,3.57628e-09,0.08,1.78814e-08,0.4
5.149e-01,4.47035e-08,-6,-2,-4,3.57628e-09,-0.08,1.78814e-08,-0.4
5.151e-01,-2,4,-2,4.47035e-08,3.57628e-09,0.08,-0.4,0.4
5.153e-01,-2,-4,-2,-4,3.57628e-09,-0.08,1.78814e-08,-0.8
5.155e-01,4.47035e-08,4,-2,4.47035e-08,3.57628e-09,0.08,1.78814e-08,0.4
5.157e-01,-2,-6,-2,-4,3.57628e-09,-0.08,-0.4,-0.4
5.159e-01,4.47035e-08,4,-2,4.47035e-08,3.57628e-09,0.08,1.78814e-08,0.4
5.160e-01,4.47035e-08,-6,-2,-4,3.57628e-09,-0.08,1.78814e-08,-0.8
5.162e-01,-2,2,-2,4.47035e-08,3.57628e-09,0.08,1.78814e-08,0.4
5.164e-01,4.47035e-08,-6,-2,-4,3.57628e-09,-0.08,1.78814e-08,-0.8
5.166e-01,4.47035e-08,4,-2,4.47035e-08,3.57628e-09,0.08,1.78814e-08,0.4
5.168e-01,-2,-6,-2,-4,3.57628e-09,-0.08,1.78814e-08,-0.4
5.170e-01,-2,4,-2,4.47035e-08,3.57628e-09,0.08,1.78814e-08,0.4
5.172e-01,4.47035e-08,-4,-2,-4,3.57628e-09,-0.08,-0.4,-0.8
5.174e-01,4.47035e-08,4,-2,4.47035e-08,3.57628e-09,0.08,1.78814e-08,0.4
5.176e-01,-2,-6,-2,-4,3.57628e-09,-0.08,1.78814e-08,-0.4
5.178e-01,-4,4,-2,4.47035e-08,3.57628e-09,0.08,1.78814e-08,0.4
5.180e-01,4.47035e-08,-6,-2,-4,3.57628e-09,-0.08,1.78814e-08,-0.4
5.182e-01,-2,4,-2,4.47035e-08,3.57628e-09,0.08,1.78814e-08,0.4
5.184e-01,4.47035e-08,-6,-2,-4,3.57628e-09,-0.08,1.78814e-08,-0.8
5.185e-01,4.47035e-08,4,-2,4.47035e-08,3.57628e-09,0.08,-0.4,0.4
5.187e-01,-2,-4,-2,-4,3.57628e-09,-0.08,1.78814e-08,-0.8
5.189e-01,4.47035e-08,4,-4,4.47035e-08,3.57628e-09,0.08,-0.4,0.4
5.191e-01,-2,-6,-2,-4,3.57628e-09,-0.08,1.78814e-08,-0.4
5.193e-01,4.47035e-08,4,-2,4.47035e-08,3.57628e-09,0.08,1.78814e-08,0.4
5.195e-01,4.47035e-08,-4,-2,-4,3.57628e-09,-0.08,1.78814e-08,-0.4
5.197e-01,-2,4,-2,4.47035e-08,3.57628e-09,0.08,1.78814e-08,0.4
5.199e-01,4.47035e-08,-4,-2,-4,3.57628e-09,-0.08,1.78814e-08,-0.8
5.201e-01,-2,4,-2,4.47035e-08,3.57628e-09,0.08,-0.4,0.4
5.203e-01,4.47035e-08,-6,-2,-4,3.57628e-09,-0.08,-0.4,-0.8
5.205e-01,4.47035e-08,2,-2,4.47035e-08,3.57628e-09,0.08,1.78814e-08,0.4
5.207e-01,-2,-4,-2,-4,3.57628e-09,-0.08,1.78814e-08,-0.4
5.208e-01,4.47035e-08,4,-2,4.47035e-08,3.57628e-09,0.08,1.78814e-08,0.4
5.210e-01,4.47035e-08,-4,-2,-4,3.57628e-09,-0.08,1.78814e-08,-0.4
5.212e-01,4.47035e-08,4,-2,4.47035e-08,3.57628e-09,0.08,1.78814e-08,0.4
5.214e-01,-2,-4,-2,-4,3.57628e-09,-0.08,1.78814e-08,-0.8
5.216e-01,-2,4,-2,4.47035e-08,3.57628e-09,0.08,1.78814e-08,0.4
5.218e-01,-2,-4,-2,-4,3.57628e-09,-0.08,1.78814e-08,-0.4
5.220e-01,-2,4,-2,4.47035e-08,3.57628e-09,0.08,1.78814e-08,0.4
5.222e-01,-2,-4,-2,-4,3.57628e-09,-0.08,-0.4,-0.4
5.224e-01,4.47035e-08,4,-2,4.47035e-08,3.57628e-09,0.08,1.78814e-08,0.4
5.226e-01,-2,-6,-2,-4,3.57628e-09,-0.08,1.78814e-08,-0.8
5.228e-01,4.47035e-08,4,-2,4.47035e-08,3.57628e-09,0.08,1.78814e-08,0.4
5.230e-01,-2,-4,-2,-4,3.57628e-09,-0.08,1.78814e-08,-0.4
5.232e-01,-2,4,-2,4.47035e-08,3.57628e-09,0.08,1.78814e-08,0.4
5.233e-01,-2,-6,-2,-4,3.57628e-09,-0.08,-0.4,-0.4
5.235e-01,-2,4,-2,4.47035e-08,3.57628e-09,0.08,1.78814e-08,0.4
5.237e-01,4.47035e-08,-6,-2,-4,3.57628e-09,-0.08,-0.4,-0.4
5.239e-01,-2,4,-2,4.47035e-08,3.57628e-09,0.08,1.78814e-08,0.4
5.241e-01,4.47035e-08,-6,-2,-4,3.57628e-09,-0.08,1.78814e-08,-0.4
5.243e-01,-2,4,-2,4.47035e-08,3.57628e-09,0.08,1.78814e-08,0.4
5.245e-01,-2,-6,-2,-4,3.57628e-09,-0.08,1.78814e-08,-0.8
5.247e-01,4.47035e-08,4,-2,4.47035e-08,3.57628e-09,0.08,1.78814e-08,0.4
5.249e-01,-2,-6,-2,-4,3.57628e-09,-0.08,-0.4,-0.4
5.251e-01,4.47035e-08,4,-2,4.47035e-08,3.57628e-09,0.08,-0.4,0.4
5.253e-01,-2,-6,-2,-4,3.57628e-09,-0.08,1.78814e-08,-0.4
5.255e-01,4.47035e-08,4,-2,4.47035e-08,3.57628e-09,0.08,1.78814e-08,0.4
5.256e-01,4.47035e-08,-6,-2,-4,3.57628e-09,-0.08,-0.4,-0.8
5.258e-01,4.47035e-08,4,4.47035e-08,4.47035e-08,3.57628e-09,0.08,1.78814e-08,0.4
5.260e-01,4.47035e-08,-4,-2,-4,3.57628e-09,-0.08,1.78814e-08,-0.4
5.262e-01,-2,4,-2,4.47035e-08,3.57628e-09,0.08,1.78814e-08,0.4
5.264e-01,4.47035e-08,-4,-2,-4,3.57628e-09,-0.08,1.78814e-08,-0.4
5.266e-01,-2,4,-2,4.47035e-08,3.57628e-09,0.08,1.78814e-08,0.4
5.268e-01,4.47035e-08,-4,-2,-4,3.57628e-09,-0.08,1.78814e-08,-0.4
5.270e-01,-2,4,-2,4.47035e-08,3.57628e-09,0.08,-0.4,0.4
5.272e-01,-2,-6,-2,-4,3.57628e-09,-0.08,1.78814e-08,-0.8
5.274e-01,4.47035e-08,4,-2,4.47035e-08,3.57628e-09,0.08,1.78814e-08,0.4
5.276e-01,4.47035e-08,-4,-2,-4,3.57628e-09,-0.08,1.78814e-08,-0.4
5.278e-01,-2,4,-2,4.47035e-08,0.08,0.08,1.78814e-08,0.4
5.280e-01,4.47035e-08,-4,-2,-4,3.57628e-09,-0.08,1.78814e-08,-0.8
5.281e-01,4.47035e-08,4,-2,4.47035e-08,0.08,0.08,-0.4,0.4
5.283e-01,4.47035e-08,-6,-2,-4,3.57628e-09,-0.08,-0.4,-0.4
5.285e-01,4.47035e-08,2,-2,4.47035e-08,3.57628e-09,0.08,1.78814e-08,0.4
5.287e-01,4.47035e-08,-4,-2,-4,3.57628e-09,-0.08,1.78814e-08,-0.4
5.289e-01,4.47035e-08,4,-2,4.47035e-08,3.57628e-09,0.08,-0.4,0.4
5.291e-01,-2,-6,-2,-4,3.57628e-09,-0.08,1.78814e-08,-0.4
5.293e-01,-2,4,-2,4.47035e-08,3.57628e-09,0.08,-0.4,0.4
5.295e-01,4.47035e-08,-6,-2,-4,3.57628e-09,-0.08,-0.4,-0.8
5.297e-01,-2,4,-2,4.47035e-08,3.57628e-09,0.08,1.78814e-08,0.4
5.299e-01,-2,-6,-2,-4,3.57628e-09,-0.08,1.78814e-08,-0.4
5.301e-01,-2,4,-2,4.47035e-08,3.57628e-09,0.08,1.78814e-08,0.4
5.303e-01,4.47035e-08,-6,-2,-4,3.57628e-09,-0.08,1.78814e-08,-0.4
5.304e-01,-2,4,-2,4.47035e-08,3.57628e-09,0.08,1.78814e-08,0.4
5.306e-01,4.47035e-08,-4,-4,-4,3.57628e-09,-0.08,1.78814e-08,-0.4
5.308e-01,-2,4,4.47035e-08,4.47035e-08,3.57628e-09,0.08,1.78814e-08,0.4
5.310e-01,4.47035e-08,-4,-2,-4,3.57628e-09,-0.08,1.78814e-08,-0.8
5.312e-01,4.47035e-08,4,-4,4.47035e-08,3.57628e-09,0.08,1.78814e-08,0.4
5.314e-01,4.47035e-08,-4,-2,-4,3.57628e-09,-0.08,1.78814e-08,-0.8
5.316e-01,-2,4,-2,4.47035e-08,3.57628e-09,0.08,1.78814e-08,0.4
5.318e-01,-2,-6,-2,-4,3.57628e-09,-0.08,1.78814e-08,-0.4
5.320e-01,-2,4,-4,4.47035e-08,3.57628e-09,0.08,1.78814e-08,0.4
5.322e-01,4.47035e-08,-6,-2,-4,3.57628e-09,-0.08,-0.4,-0.4
5.324e-01,4.47035e-08,4,-2,4.47035e-08,3.57628e-09,0.08,1.78814e-08,0.4
5.326e-01,-2,-4,-2,-4,3.57628e-09,-0.08,1.78814e-08,-0.4
5.328e-01,-2,4,-2,4.47035e-08,3.57628e-09,0.08,1.78814e-08,0.4
5.329e-01,-4,-6,-2,-4,3.57628e-09,-0.08,1.78814e-08,-0.4
5.331e-01,4.47035e-08,4,-2,4.47035e-08,3.57628e-09,0.08,1.78814e-08,0.4
5.333e-01,4.47035e-08,-4,-2,-4,3.57628e-09,-0.08,1.78814e-08,-0.8
5.335e-01,4.47035e-08,4,-2,4.47035e-08,3.57628e-09,0.08,1.78814e-08,0.4
5.337e-01,-2,-6,-2,-4,3.57628e-09,-0.08,-0.4,-0.4
5.339e-01,4.47035e-08,4,-2,4.47035e-08,3.57628e-09,0.08,1.78814e-08,0.4
5.341e-01,-2,-6,-2,-4,3.57628e-09,-0.08,1.78814e-08,-0.8
5.343e-01,4.47035e-08,4,-2,4.47035e-08,3.57628e-09,0.08,1.78814e-08,0.4
5.345e-01,4.47035e-08,-4,-2,-4,3.57628e-09,-0.08,1.78814e-08,-0.8
5.347e-01,-2,4,-2,4.47035e-08,3.57628e-09,0.08,1.78814e-08,0.4
5.349e-01,4.47035e-08,-4,-2,-4,3.57628e-09,-0.08,1.78814e-08,-0.4
5.351e-01,4.47035e-08,4,-2,4.47035e-08,3.57628e-09,0.08,-0.4,0.4
5.352e-01,4.47035e-08,-4,-2,-4,3.57628e-09,-0.08,1.78814e-08,-0.4
5.354e-01,4.47035e-08,4,-2,4.47035e-08,3.57628e-09,0.08,1.78814e-08,0.4
5.356e-01,-2,-4,-4,-4,3.57628e-09,-0.08,-0.4,-0.8
5.358e-01,-2,4,-2,4.47035e-08,3.57628e-09,0.08,1.78814e-08,0.4
5.360e-01,4.47035e-08,-6,-2,-4,3.57628e-09,-0.08,1.78814e-08,-0.4
5.362e-01,-2,4,-2,4.47035e-08,3.57628e-09,0.08,1.78814e-08,0.4
5.364e-01,-2,-4,-2,-4,3.57628e-09,-0.08,1.78814e-08,-0.4
5.366e-01,-2,4,-2,4.47035e-08,3.57628e-09,0.08,1.78814e-08,0.4
5.368e-01,4.47035e-08,-6,-2,-4,3.57628e-09,-0.08,1.78814e-08,-0.4
5.370e-01,4.47035e-08,4,-2,4.47035e-08,3.57628e-09,0.08,1.78814e-08,0.4
5.372e-01,4.47035e-08,-6,-2,-4,3.57628e-09,-0.08,1.78814e-08,-0.8
5.374e-01,4.47035e-08,4,-2,4.47035e-08,3.57628e-09,0.08,1.78814e-08,0.4
5.376e-01,4.47035e-08,-4,-2,-4,3.57628e-09,-0.08,1.78814e-08,-0.4
5.377e-01,-2,4,-4,4.47035e-08,3.57628e-09,0.08,1.78814e-08,0.4
5.379e-01,-2,-4,-2,-4,3.57628e-09,-0.08,-0.4,-0.8
5.381e-01,4.47035e-08,4,-2,4.47035e-08,3.57628e-09,0.08,1.78814e-08,0.4
5.383e-01,-2,-6,-2,-4,3.57628e-09,-0.08,1.78814e-08,-0.4
5.385e-01,-2,4,-2,4.47035e-08,3.57628e-09,0.08,1.78814e-08,0.4
5.387e-01,4.47035e-08,-6,-2,-4,3.57628e-09,-0.08,1.78814e-08,-0.4
5.389e-01,-2,4,-2,4.47035e-08,0.08,0.08,1.78814e-08,0.4
5.391e-01,4.47035e-08,-4,-2,-4,3.57628e-09,-0.08,1.78814e-08,-0.8
5.393e-01,4.47035e-08,4,-2,4.47035e-08,3.57628e-09,0.08,1.78814e-08,0.4
5.395e-01,-2,-6,-2,-4,3.57628e-09,-0.08,-0.4,-0.4
5.397e-01,4.47035e-08,4,-2,4.47035e-08,3.57628e-09,0.08,1.78814e-08,0.4
5.399e-01,-2,-4,-2,-4,3.57628e-09,-0.08,1.78814e-08,-0.4
5.400e-01,-2,4,4.47035e-08,4.47035e-08,3.57628e-09,0.08,-0.4,0.4
5.402e-01,-2,-4,-2,-6,3.57628e-09,-0.08,1.78814e-08,-0.4
5.404e-01,-2,4,-4,4.47035e-08,3.57628e-09,0.08,1.78814e-08,0.4
5.406e-01,-2,-4,-2,-4,3.57628e-09,-0.08,1.78814e-08,-0.4
5.408e-01,4.47035e-08,4,-2,4.47035e-08,3.57628e-09,0.08,1.78814e-08,0.4
5.410e-01,-2,-4,-2,-4,3.57628e-09,-0.08,1.78814e-08,-0.4
5.412e-01,4.47035e-08,4,-2,4.47035e-08,3.57628e-09,0.08,1.78814e-08,0.4
5.414e-01,4.47035e-08,-4,-2,-4,3.57628e-09,-0.08,1.78814e-08,-0.8
5.416e-01,-2,4,-2,4.47035e-08,3.57628e-09,0.08,1.78814e-08,0.4
5.418e-01,-2,-4,-2,-4,3.57628e-09,-0.08,1.78814e-08,-0.4
5.420e-01,-2,4,-2,4.47035e-08,3.57628e-09,0.08,1.78814e-08,0.4
5.422e-01,4.47035e-08,-6,-2,-4,3.57628e-09,-0.08,1.78814e-08,-0.4
5.424e-01,4.47035e-08,4,-2,4.47035e-08,3.57628e-09,0.08,1.78814e-08,0.4
5.425e-01,-2,-6,-2,-4,3.57628e-09,-0.08,1.78814e-08,-0.8
5.427e-01,4.47035e-08,4,-2,4.47035e-08,3.57628e-09,0.08,1.78814e-08,0.4
5.429e-01,-2,-4,-2,-4,3.57628e-09,-0.08,1.78814e-08,-0.4
5.431e-01,4.47035e-08,4,-2,4.47035e-08,3.57628e-09,0.08,1.78814e-08,0.4
5.433e-01,4.47035e-08,-6,-2,-4,3.57628e-09,-0.08,-0.4,-0.4
5.435e-01,4.47035e-08,4,-2,4.47035e-08,3.57628e-09,0.08,1.78814e-08,0.4
5.437e-01,4.47035e-08,-4,-2,-4,3.57628e-09,-0.08,-0.4,-0.4
5.439e-01,-2,4,-2,4.47035e-08,3.57628e-09,0.08,1.78814e-08,0.4
5.441e-01,4.47035e-08,-4,-2,-4,3.57628e-09,-0.08,-0.4,-0.8
5.443e-01,4.47035e-08,4,-2,4.47035e-08,3.57628e-09,0.08,-0.4,0.4
5.445e-01,4.47035e-08,-6,-2,-4,3.57628e-09,-0.08,1.78814e-08,-0.8
5.447e-01,-2,4,-2,4.47035e-08,3.57628e-09,0.08,1.78814e-08,0.4
5.448e-01,4.47035e-08,-6,-2,-4,3.57628e-09,-0.08,1.78814e-08,-0.4
5.450e-01,-2,4,-2,4.47035e-08,3.57628e-09,0.08,1.78814e-08,0.4
5.452e-01,-2,-6,-2,-4,3.57628e-09,-0.08,1.78814e-08,-0.4
5.454e-01,-2,4,-2,4.47035e-08,3.57628e-09,0.08,1.78814e-08,0.4
5.456e-01,4.47035e-08,-6,-2,-4,3.57628e-09,-0.08,1.78814e-08,-0.4
5.458e-01,4.47035e-08,2,-2,4.47035e-08,3.57628e-09,0.08,-0.4,0.4
5.460e-01,-2,-6,-2,-4,3.57628e-09,-0.08,1.78814e-08,-0.4
5.462e-01,-2,4,-4,4.47035e-08,3.57628e-09,0.08,-0.4,0.4
5.464e-01,-2,-4,-2,-4,3.57628e-09,-0.08,1.78814e-08,-0.8
5.466e-01,4.47035e-08,4,-2,4.47035e-08,3.57628e-09,0.08,1.78814e-08,0.4
5.468e-01,4.47035e-08,-6,-2,-4,3.57628e-09,-0.08,-0.4,-0.4
5.470e-01,-2,2,-2,4.47035e-08,3.57628e-09,0.08,-0.4,0.4
5.472e-01,-2,-4,-2,-4,3.57628e-09,-0.08,1.78814e-08,-0.4
5.473e-01,-2,4,-2,4.47035e-08,3.57628e-09,0.08,1.78814e-08,0.4
5.475e-01,4.47035e-08,-6,-2,-4,3.57628e-09,-0.08,-0.4,-0.8
5.477e-01,-2,4,-2,4.47035e-08,3.57628e-09,0.08,1.78814e-08,0.4
5.479e-01,4.47035e-08,-6,-2,-4,3.57628e-09,-0.08,1.78814e-08,-0.8
5.481e-01,4.47035e-08,4,-2,4.47035e-08,3.57628e-09,0.08,-0.4,0.4
5.483e-01,4.47035e-08,-6,-2,-4,3.57628e-09,-0.08,1.78814e-08,-0.4
5.485e-01,-2,4,-2,4.47035e-08,3.57628e-09,0.08,1.78814e-08,0.4
5.487e-01,-2,-4,-2,-4,3.57628e-09,-0.08,1.78814e-08,-0.4
5.489e-01,-2,4,-2,4.47035e-08,3.57628e-09,0.08,1.78814e-08,0.4
5.491e-01,4.47035e-08,-6,-2,-4,3.57628e-09,-0.08,1.78814e-08,-0.4
5.493e-01,-2,4,-4,4.47035e-08,3.57628e-09,0.08,-0.4,0.4
5.495e-01,-2,-6,-2,-4,3.57628e-09,-0.08,-0.4,-0.4
5.496e-01,-2,4,-2,4.47035e-08,3.57628e-09,0.08,1.78814e-08,0.4
5.498e-01,4.47035e-08,-4,-2,-4,3.57628e-09,-0.08,1.78814e-08,-0.4
5.500e-01,4.47035e-08,4,-2,4.47035e-08,3.57628e-09,0.08,-0.4,0.4
5.502e-01,-2,-6,-2,-4,3.57628e-09,-0.08,-0.4,-0.4
5.504e-01,-2,4,-2,4.47035e-08,3.57628e-09,0.08,1.78814e-08,0.4
5.506e-01,4.47035e-08,-6,-2,-4,3.57628e-09,-0.08,1.78814e-08,-0.4
5.508e-01,-2,4,-2,4.47035e-08,3.57628e-09,0.08,1.78814e-08,0.4
5.510e-01,-2,-6,-2,-4,3.57628e-09,-0.08,1.78814e-08,-0.8
5.512e-01,-2,4,-2,4.47035e-08,3.57628e-09,0.08,1.78814e-08,0.4
5.514e-01,-2,-6,-2,-4,3.57628e-09,-0.08,1.78814e-08,-0.8
5.516e-01,-2,4,-2,2,3.57628e-09,0.08,1.78814e-08,0.4
5.518e-01,4.47035e-08,-4,-2,-4,3.57628e-09,-0.08,1.78814e-08,-0.4
5.520e-01,-2,4,-2,4.47035e-08,3.57628e-09,0.08,1.78814e-08,0.4
5.521e-01,-2,-4,4.47035e-08,-4,0.08,-0.08,1.78814e-08,-0.4
5.523e-01,4.47035e-08,2,-2,4.47035e-08,3.57628e-09,0.08,1.78814e-08,0.4
5.525e-01,4.47035e-08,-4,-2,-4,3.57628e-09,-0.08,-0.4,-0.8
5.527e-01,-2,4,-2,4.47035e-08,3.57628e-09,0.08,1.78814e-08,0.4
5.529e-01,4.47035e-08,-6,-2,-4,3.57628e-09,-0.08,1.78814e-08,-0.4
5.531e-01,-2,4,-2,4.47035e-08,3.57628e-09,0.08,-0.4,0.4
5.533e-01,4.47035e-08,-4,-2,-4,3.57628e-09,-0.08,1.78814e-08,-0.4
5.535e-01,-2,4,-2,4.47035e-08,3.57628e-09,0.08,1.78814e-08,0.4
5.537e-01,-2,-6,-2,-4,3.57628e-09,-0.08,1.78814e-08,-0.4
5.539e-01,-2,4,-2,4.47035e-08,3.57628e-09,0.08,1.78814e-08,0.4
5.541e-01,4.47035e-08,-6,-2,-4,3.57628e-09,-0.08,1.78814e-08,-0.4
5.543e-01,-2,2,-2,4.47035e-08,3.57628e-09,0.08,1.78814e-08,0.4
5.544e-01,-2,-4,-2,-4,3.57628e-09,-0.08,1.78814e-08,-0.4
5.546e-01,-2,4,-2,4.47035e-08,0.08,0.08,1.78814e-08,0.4
5.548e-01,-2,-4,-2,-4,3.57628e-09,-0.08,-0.4,-0.8
5.550e-01,-2,4,-2,4.47035e-08,0.08,0.08,1.78814e-08,0.4
5.552e-01,4.47035e-08,-4,-2,-4,3.57628e-09,-0.08,1.78814e-08,-0.4
5.554e-01,-2,2,-2,4.47035e-08,3.57628e-09,0.08,-0.4,0.4
5.556e-01,4.47035e-08,-6,-2,-4,3.57628e-09,-0.08,1.78814e-08,-0.8
5.558e-01,-2,4,-4,4.47035e-08,3.57628e-09,0.08,-0.4,0.4
5.560e-01,-2,-6,-2,-4,3.57628e-09,-0.08,-0.4,-0.4
5.562e-01,4.47035e-08,4,-2,4.47035e-08,3.57628e-09,0.08,1.78814e-08,0.4
5.564e-01,4.47035e-08,-6,-2,-4,3.57628e-09,-0.08,1.78814e-08,-0.8
5.566e-01,-2,4,-2,4.47035e-08,3.57628e-09,0.08,1.78814e-08,0.4
5.568e-01,-2,-6,-2,-4,3.57628e-09,-0.08,-0.4,-0.4
5.569e-01,4.47035e-08,4,-2,4.47035e-08,3.57628e-09,0.08,-0.4,0.4
5.571e-01,4.47035e-08,-4,-2,-4,3.57628e-09,-0.08,1.78814e-08,-0.8
5.573e-01,4.47035e-08,4,-2,4.47035e-08,3.57628e-09,0.08,1.78814e-08,0.4
5.575e-01,4.47035e-08,-6,-2,-4,3.57628e-09,-0.08,1.78814e-08,-0.4
5.577e-01,-2,4,-2,4.47035e-08,3.57628e-09,0.08,1.78814e-08,0.4
5.579e-01,-2,-4,-2,-4,3.57628e-09,-0.08,1.78814e-08,-0.4
5.581e-01,-2,4,-4,4.47035e-08,3.57628e-09,0.08,1.78814e-08,0.4
5.583e-01,-2,-6,-2,-4,3.57628e-09,-0.08,1.78814e-08,-0.4
5.585e-01,-2,4,-2,4.47035e-08,3.57628e-09,0.08,-0.4,0.4
5.587e-01,-2,-6,-2,-4,3.57628e-09,-0.08,-0.4,-0.4
5.589e-01,-2,4,-2,4.47035e-08,3.57628e-09,0.08,1.78814e-08,0.4
5.591e-01,-2,-4,-2,-4,3.57628e-09,-0.08,1.78814e-08,-0.4
5.592e-01,-2,4,-2,4.47035e-08,3.57628e-09,0.08,1.78814e-08,0.4
5.594e-01,4.47035e-08,-6,-2,-4,3.57628e-09,-0.08,1.78814e-08,-0.8
5.596e-01,-2,4,-2,4.47035e-08,3.57628e-09,0.08,1.78814e-08,0.4
5.598e-01,-4,-6,-2,-4,3.57628e-09,-0.08,1.78814e-08,-0.8
5.600e-01,-2,4,-2,4.47035e-08,0.08,0.08,1.78814e-08,0.4
5.602e-01,-2,-6,-2,-4,3.57628e-09,-0.08,-0.4,-0.4
5.604e-01,-2,4,-2,4.47035e-08,3.57628e-09,0.08,1.78814e-08,0.4
5.606e-01,-4,-4,-2,-4,3.57628e-09,-0.08,-0.4,-0.8
5.608e-01,-2,2,-2,4.47035e-08,3.57628e-09,0.08,1.78814e-08,0.4
5.610e-01,-2,-6,-2,-4,3.57628e-09,-0.08,-0.4,-0.4
5.612e-01,4.47035e-08,4,-2,4.47035e-08,3.57628e-09,0.08,1.78814e-08,0.4
5.614e-01,-2,-6,-2,-4,3.57628e-09,-0.08,1.78814e-08,-0.4
5.616e-01,-2,4,-2,4.47035e-08,3.57628e-09,0.08,1.78814e-08,0.4
5.617e-01,-2,-6,-2,-4,3.57628e-09,-0.08,-0.4,-0.4
5.619e-01,4.47035e-08,4,-2,4.47035e-08,3.57628e-09,0.08,1.78814e-08,0.4
5.621e-01,-2,-6,-2,-4,3.57628e-09,-0.08,1.78814e-08,-0.4
5.623e-01,-2,4,-2,4.47035e-08,3.57628e-09,0.08,1.78814e-08,0.4
5.625e-01,-2,-6,-2,-4,3.57628e-09,-0.08,-0.4,-0.8
5.627e-01,-2,4,-2,4.47035e-08,3.57628e-09,0.08,1.78814e-08,0.4
5.629e-01,4.47035e-08,-6,-2,-6,0.08,-0.08,1.78814e-08,-0.8
5.631e-01,4.47035e-08,4,-2,4.47035e-08,3.57628e-09,0.08,1.78814e-08,0.4
5.633e-01,4.47035e-08,-4,-2,-4,3.57628e-09,-0.08,1.78814e-08,-0.4
5.635e-01,2,4,-2,4.47035e-08,3.57628e-09,0.08,-0.4,0.4
5.637e-01,4.47035e-08,-6,-2,-4,0.08,-0.08,1.78814e-08,-0.8
5.639e-01,-2,4,-2,4.47035e-08,3.57628e-09,0.08,1.78814e-08,0.4
5.640e-01,-2,-6,-2,-4,3.57628e-09,-0.08,1.78814e-08,-0.4
5.642e-01,4.47035e-08,4,-2,4.47035e-08,3.57628e-09,0.08,1.78814e-08,0.4
5.644e-01,4.47035e-08,-6,-2,-4,3.57628e-09,-0.08,-0.4,-0.8
5.646e-01,-2,4,-2,4.47035e-08,3.57628e-09,0.08,1.78814e-08,0.4
5.648e-01,4.47035e-08,-6,-2,-4,3.57628e-09,-0.08,1.78814e-08,-0.4
5.650e-01,-4,4,-2,4.47035e-08,0.08,0.08,1.78814e-08,0.4
5.652e-01,-2,-6,-2,-4,3.57628e-09,-0.08,1.78814e-08,-0.4
5.654e-01,4.47035e-08,4,-2,4.47035e-08,3.57628e-09,0.08,-0.4,0.4
5.656e-01,-2,-4,-2,-4,3.57628e-09,-0.08,1.78814e-08,-0.4
5.658e-01,-2,4,-2,4.47035e-08,3.57628e-09,0.08,-0.4,0.4
5.660e-01,-2,-6,-4,-4,0.08,-0.08,-0.4,-0.4
5.662e-01,4.47035e-08,2,-2,4.47035e-08,3.57628e-09,0.08,-0.4,0.4
5.664e-01,-2,-6,-2,-4,3.57628e-09,-0.08,-0.4,-0.8
5.665e-01,-2,4,-2,4.47035e-08,3.57628e-09,0.08,1.78814e-08,0.4
5.667e-01,-2,-6,-2,-4,3.57628e-09,-0.08,1.78814e-08,-0.4
5.669e-01,-2,4,-2,4.47035e-08,3.57628e-09,0.08,1.78814e-08,0.4
5.671e-01,4.47035e-08,-4,-2,-4,3.57628e-09,-0.08,-0.4,-0.4
5.673e-01,-2,4,-2,4.47035e-08,3.57628e-09,0.08,1.78814e-08,0.4
5.675e-01,4.47035e-08,-4,-2,-4,3.57628e-09,-0.08,-0.4,-0.8
5.677e-01,-2,4,-2,4.47035e-08,3.57628e-09,0.08,1.78814e-08,0.4
5.679e-01,-2,-6,-2,-4,3.57628e-09,-0.08,-0.4,-0.8
5.681e-01,-2,2,-2,4.47035e-08,3.57628e-09,0.08,1.78814e-08,0.4
5.683e-01,-2,-4,-2,-4,3.57628e-09,-0.08,1.78814e-08,-0.8
5.685e-01,-2,2,-2,4.47035e-08,3.57628e-09,0.08,1.78814e-08,0.4
5.687e-01,4.47035e-08,-4,-2,-4,3.57628e-09,-0.08,-0.4,-0.8
5.688e-01,4.47035e-08,4,-2,4.47035e-08,3.57628e-09,0.08,1.78814e-08,0.4
5.690e-01,-2,-6,-2,-4,3.57628e-09,-0.08,1.78814e-08,-0.4
5.692e-01,-2,4,-2,4.47035e-08,3.57628e-09,0.08,1.78814e-08,0.4
5.694e-01,-2,-6,-4,-4,3.57628e-09,-0.08,-0.4,-0.8
5.696e-01,4.47035e-08,4,-2,4.47035e-08,3.57628e-09,0.08,1.78814e-08,0.4
5.698e-01,4.47035e-08,-6,-2,-4,3.57628e-09,-0.08,1.78814e-08,-0.4
5.700e-01,4.47035e-08,4,-4,4.47035e-08,3.57628e-09,0.08,1.78814e-08,0.4
5.702e-01,4.47035e-08,-6,-2,-4,0.08,-0.08,-0.4,-0.4
5.704e-01,-2,4,-2,4.47035e-08,3.57628e-09,0.08,1.78814e-08,0.4
5.706e-01,-2,-4,-4,-4,3.57628e-09,-0.08,1.78814e-08,-0.8
5.708e-01,4.47035e-08,4,-2,4.47035e-08,3.57628e-09,0.08,1.78814e-08,0.4
5.710e-01,-2,-4,-2,-4,3.57628e-09,-0.08,-0.4,-0.4
5.712e-01,-2,4,-2,4.47035e-08,3.57628e-09,0.08,1.78814e-08,0.4
5.713e-01,-2,-6,-2,-4,3.57628e-09,-0.08,1.78814e-08,-0.8
5.715e-01,4.47035e-08,4,-2,4.47035e-08,3.57628e-09,0.08,-0.4,0.4
5.717e-01,4.47035e-08,-6,-2,-4,3.57628e-09,-0.08,1.78814e-08,-0.4
5.719e-01,-2,4,-2,4.47035e-08,3.57628e-09,0.08,1.78814e-08,0.4
5.721e-01,4.47035e-08,-4,-2,-4,3.57628e-09,-0.08,1.78814e-08,-0.8
5.723e-01,-2,4,-2,4.47035e-08,3.57628e-09,0.08,-0.4,0.4
5.725e-01,-2,-4,-2,-4,3.57628e-09,-0.08,-0.4,-0.8
5.727e-01,4.47035e-08,4,-2,4.47035e-08,3.57628e-09,0.08,1.78814e-08,0.4
5.729e-01,4.47035e-08,-4,-2,-4,3.57628e-09,-0.08,-0.4,-0.4
5.731e-01,4.47035e-08,4,-2,4.47035e-08,3.57628e-09,0.08,-0.4,0.4
5.733e-01,-2,-6,-2,-4,3.57628e-09,-0.08,1.78814e-08,-0.8
5.735e-01,-2,4,-2,4.47035e-08,3.57628e-09,0.08,1.78814e-08,0.4
5.736e-01,-2,-6,-2,-4,3.57628e-09,-0.08,1.78814e-08,-0.4
5.738e-01,-2,4,-2,4.47035e-08,3.57628e-09,0.08,1.78814e-08,0.4
5.740e-01,-2,-6,-2,-4,3.57628e-09,-0.08,-0.4,-0.8
5.742e-01,-2,4,-2,4.47035e-08,3.57628e-09,0.08,1.78814e-08,0.4
5.744e-01,-2,-4,-2,-4,3.57628e-09,-0.08,1.78814e-08,-0.4
5.746e-01,-2,4,-2,4.47035e-08,3.57628e-09,0.08,1.78814e-08,0.4
5.748e-01,4.47035e-08,-6,-2,-4,3.57628e-09,-0.08,1.78814e-08,-0.4
5.750e-01,-2,4,-2,4.47035e-08,3.57628e-09,0.08,1.78814e-08,0.4
5.752e-01,-2,-6,-2,-4,3.57628e-09,-0.08,1.78814e-08,-0.4
5.754e-01,-2,2,-4,4.47035e-08,3.57628e-09,0.08,-0.4,0.4
5.756e-01,-2,-6,-2,-4,3.57628e-09,-0.08,1.78814e-08,-0.4
5.758e-01,4.47035e-08,4,-2,4.47035e-08,3.57628e-09,0.08,1.78814e-08,0.4
5.760e-01,-2,-6,-2,-6,3.57628e-09,-0.08,1.78814e-08,-0.4
5.761e-01,-2,4,-2,4.47035e-08,3.57628e-09,0.08,-0.4,0.4
5.763e-01,-2,-6,-2,-4,3.57628e-09,-0.08,1.78814e-08,-0.8
5.765e-01,-2,4,-2,4.47035e-08,3.57628e-09,0.08,1.78814e-08,0.4
5.767e-01,4.47035e-08,-6,-2,-4,3.57628e-09,-0.08,1.78814e-08,-0.4
5.769e-01,-2,4,4.47035e-08,4.47035e-08,3.57628e-09,0.08,1.78814e-08,0.4
5.771e-01,4.47035e-08,-6,-2,-4,3.57628e-09,-0.08,1.78814e-08,-0.8
5.773e-01,-2,4,-2,4.47035e-08,0.08,0.08,1.78814e-08,0.4
5.775e-01,-2,-4,-2,-4,3.57628e-09,-0.08,1.78814e-08,-0.8
5.777e-01,-2,4,-2,4.47035e-08,0.08,0.08,1.78814e-08,0.4
5.779e-01,4.47035e-08,-6,-2,-4,3.57628e-09,-0.08,-0.4,-0.4
5.781e-01,-2,4,-4,4.47035e-08,3.57628e-09,0.08,1.78814e-08,0.4
5.783e-01,4.47035e-08,-6,-2,-4,3.57628e-09,-0.08,1.78814e-08,-0.8
5.785e-01,-2,4,-2,4.47035e-08,3.57628e-09,0.08,1.78814e-08,0.4
5.786e-01,4.47035e-08,-6,-2,-4,3.57628e-09,-0.08,1.78814e-08,-0.4
5.788e-01,4.47035e-08,4,-2,4.47035e-08,3.57628e-09,0.08,1.78814e-08,0.4
5.790e-01,4.47035e-08,-4,-2,-4,3.57628e-09,-0.08,1.78814e-08,-0.8
5.792e-01,-2,4,-2,4.47035e-08,3.57628e-09,0.08,1.78814e-08,0.4
5.794e-01,-2,-6,-2,-4,3.57628e-09,-0.08,1.78814e-08,-0.4
5.796e-01,-2,4,-2,4.47035e-08,3.57628e-09,0.08,1.78814e-08,0.4
5.798e-01,4.47035e-08,-4,-2,-4,3.57628e-09,-0.08,1.78814e-08,-0.8
5.800e-01,-2,4,-2,4.47035e-08,3.57628e-09,0.08,-0.4,0.4
5.802e-01,-2,-6,-2,-4,3.57628e-09,-0.08,1.78814e-08,-0.8
5.804e-01,4.47035e-08,4,-2,4.47035e-08,3.57628e-09,0.08,1.78814e-08,0.4
5.806e-01,-2,-6,-2,-4,3.57628e-09,-0.08,1.78814e-08,-0.4
5.808e-01,4.47035e-08,4,-2,4.47035e-08,-0.08,0.08,-0.4,0.4
5.809e-01,-2,-4,-2,-4,3.57628e-09,-0.08,1.78814e-08,-0.8
5.811e-01,4.47035e-08,4,-2,4.47035e-08,3.57628e-09,0.08,-0.4,0.4
5.813e-01,-2,-4,-2,-4,3.57628e-09,-0.08,1.78814e-08,-0.4
5.815e-01,-2,4,-2,4.47035e-08,3.57628e-09,0.08,1.78814e-08,0.4
5.817e-01,-2,-6,-2,-4,3.57628e-09,-0.08,-0.4,-0.4
5.819e-01,4.47035e-08,4,-2,4.47035e-08,3.57628e-09,0.08,1.78814e-08,0.4
5.821e-01,-2,-4,-2,-4,3.57628e-09,-0.08,1.78814e-08,-0.4
5.823e-01,-2,4,-2,4.47035e-08,3.57628e-09,0.08,1.78814e-08,0.4
5.825e-01,-2,-4,-2,-4,3.57628e-09,-0.08,1.78814e-08,-0.4
5.827e-01,-2,2,-2,4.47035e-08,3.57628e-09,0.08,-0.4,0.4
5.829e-01,4.47035e-08,-6,-2,-4,3.57628e-09,-0.08,-0.4,-0.4
5.831e-01,-2,4,-2,4.47035e-08,3.57628e-09,0.08,-0.4,0.4
5.833e-01,-2,-4,-2,-4,3.57628e-09,-0.08,1.78814e-08,-0.8
5.834e-01,-2,4,-2,4.47035e-08,3.57628e-09,0.08,-0.4,0.4
5.836e-01,4.47035e-08,-4,-2,-4,3.57628e-09,-0.08,-0.4,-0.8
5.838e-01,-2,4,-2,4.47035e-08,3.57628e-09,0.08,1.78814e-08,0.4
5.840e-01,-2,-4,-2,-4,3.57628e-09,-0.08,1.78814e-08,-0.8
5.842e-01,-2,4,-2,4.47035e-08,3.57628e-09,0.08,1.78814e-08,0.4
5.844e-01,4.47035e-08,-4,-2,-4,3.57628e-09,-0.08,1.78814e-08,-0.8
5.846e-01,4.47035e-08,4,-2,4.47035e-08,3.57628e-09,0.08,-0.4,0.4
5.848e-01,-2,-6,-2,-4,3.57628e-09,-0.08,1.78814e-08,-0.4
5.850e-01,4.47035e-08,4,-2,4.47035e-08,3.57628e-09,0.08,1.78814e-08,0.4
5.852e-01,-2,-6,-2,-4,3.57628e-09,-0.08,1.78814e-08,-0.4
5.854e-01,-2,4,-2,4.47035e-08,3.57628e-09,0.08,1.78814e-08,0.4
5.856e-01,-4,-4,-2,-4,3.57628e-09,-0.08,1.78814e-08,-0.4
5.857e-01,4.47035e-08,4,-2,4.47035e-08,3.57628e-09,0.08,1.78814e-08,0.4
5.859e-01,4.47035e-08,-6,-2,-4,3.57628e-09,-0.08,-0.4,-0.8
5.861e-01,2,4,-2,4.47035e-08,3.57628e-09,0.08,1.78814e-08,0.4
5.863e-01,-2,-4,-2,-4,3.57628e-09,-0.08,1.78814e-08,-0.4
5.865e-01,4.47035e-08,4,-2,4.47035e-08,3.57628e-09,0.08,1.78814e-08,0.4
5.867e-01,4.47035e-08,-4,4.47035e-08,-4,3.57628e-09,-0.08,1.78814e-08,-0.8
5.869e-01,-2,4,-2,4.47035e-08,3.57628e-09,0.08,1.78814e-08,0.4
5.871e-01,-2,-4,-2,-4,3.57628e-09,-0.08,1.78814e-08,-0.8
5.873e-01,-2,4,-2,4.47035e-08,0.08,0.08,1.78814e-08,0.4
5.875e-01,4.47035e-08,-6,-2,-4,0.08,-0.08,1.78814e-08,-0.4
5.877e-01,-2,4,-2,4.47035e-08,3.57628e-09,0.08,1.78814e-08,0.4
5.879e-01,4.47035e-08,-6,-2,-4,3.57628e-09,-0.08,1.78814e-08,-0.4
5.881e-01,4.47035e-08,4,-2,4.47035e-08,3.57628e-09,0.08,-0.4,0.4
5.882e-01,-2,-6,-2,-4,3.57628e-09,-0.08,1.78814e-08,-0.4
5.884e-01,4.47035e-08,4,-2,4.47035e-08,3.57628e-09,0.08,1.78814e-08,0.4
5.886e-01,4.47035e-08,-6,-2,-4,3.57628e-09,-0.08,1.78814e-08,-0.4
5.888e-01,4.47035e-08,2,-2,4.47035e-08,3.57628e-09,0.08,-0.4,0.4
5.890e-01,-2,-6,-2,-4,3.57628e-09,-0.08,1.78814e-08,-0.4
5.892e-01,-2,2,-2,4.47035e-08,3.57628e-09,0.08,1.78814e-08,0.4
5.894e-01,4.47035e-08,-6,-2,-4,3.57628e-09,-0.08,1.78814e-08,-0.4
5.896e-01,4.47035e-08,4,-2,4.47035e-08,0.08,0.08,1.78814e-08,0.4
5.898e-01,-2,-4,-4,-4,3.57628e-09,-0.08,1.78814e-08,-0.8
5.900e-01,-2,4,-2,4.47035e-08,3.57628e-09,0.08,1.78814e-08,0.4
5.902e-01,-2,-4,-2,-4,3.57628e-09,-0.08,1.78814e-08,-0.4
5.904e-01,-2,4,-2,4.47035e-08,0.08,0.08,1.78814e-08,0.4
5.905e-01,-2,-6,-2,-4,3.57628e-09,-0.08,-0.4,-0.8
5.907e-01,4.47035e-08,4,-2,4.47035e-08,3.57628e-09,0.08,1.78814e-08,0.4
5.909e-01,4.47035e-08,-4,-2,-4,3.57628e-09,-0.08,1.78814e-08,-0.8
5.911e-01,-2,4,-2,4.47035e-08,3.57628e-09,0.08,-0.4,0.4
5.913e-01,-2,-4,-2,-4,3.57628e-09,-0.08,1.78814e-08,-0.4
5.915e-01,-2,4,-2,4.47035e-08,3.57628e-09,0.08,1.78814e-08,0.4
5.917e-01,-2,-4,-2,-4,3.57628e-09,-0.08,1.78814e-08,-0.4
5.919e-01,-2,4,-2,4.47035e-08,3.57628e-09,0.08,-0.4,0.4
5.921e-01,4.47035e-08,-6,-2,-4,3.57628e-09,-0.08,1.78814e-08,-0.8
5.923e-01,-2,4,-2,4.47035e-08,3.57628e-09,0.08,-0.4,0.4
5.925e-01,-4,-4,-2,-4,3.57628e-09,-0.08,1.78814e-08,-0.4
5.927e-01,-2,4,-2,4.47035e-08,3.57628e-09,0.08,1.78814e-08,0.4
5.929e-01,-2,-4,-2,-4,3.57628e-09,-0.08,-0.4,-0.4
5.930e-01,-2,4,-2,4.47035e-08,3.57628e-09,0.08,-0.4,0.4
5.932e-01,4.47035e-08,-6,-2,-4,3.57628e-09,-0.08,-0.4,-0.8
5.934e-01,-2,4,-2,4.47035e-08,3.57628e-09,0.08,1.78814e-08,0.4
5.936e-01,-2,-4,-2,-4,3.57628e-09,-0.08,1.78814e-08,-0.8
5.938e-01,4.47035e-08,4,-2,4.47035e-08,0.08,0.08,-0.4,0.4
5.940e-01,-2,-4,-2,-4,3.57628e-09,-0.08,1.78814e-08,-0.4
5.942e-01,4.47035e-08,4,-4,4.47035e-08,3.57628e-09,0.08,-0.4,0.4
5.944e-01,-2,-6,-4,-4,3.57628e-09,-0.08,-0.4,-0.8
5.946e-01,4.47035e-08,4,-2,4.47035e-08,3.57628e-09,0.08,-0.4,0.4
5.948e-01,-2,-4,-2,-4,3.57628e-09,-0.08,-0.4,-0.8
5.950e-01,-2,4,-2,4.47035e-08,3.57628e-09,0.08,1.78814e-08,0.4
5.952e-01,4.47035e-08,-6,-2,-4,3.57628e-09,-0.08,-0.4,-0.4
5.953e-01,4.47035e-08,4,-2,2,3.57628e-09,0.08,1.78814e-08,0.4
5.955e-01,-2,-6,-2,-4,3.57628e-09,-0.08,1.78814e-08,-0.4
5.957e-01,-2,4,-4,4.47035e-08,3.57628e-09,0.08,1.78814e-08,0.4
5.959e-01,-2,-6,-2,-4,3.57628e-09,-0.08,-0.4,-0.8
5.961e-01,4.47035e-08,4,-2,4.47035e-08,3.57628e-09,0.08,1.78814e-08,0.4
5.963e-01,-2,-4,-2,-4,3.57628e-09,-0.08,1.78814e-08,-0.8
5.965e-01,-2,4,-2,4.47035e-08,3.57628e-09,0.08,1.78814e-08,0.4
5.967e-01,-2,-4,-2,-4,3.57628e-09,-0.08,1.78814e-08,-0.4
5.969e-01,4.47035e-08,4,-2,4.47035e-08,3.57628e-09,0.08,1.78814e-08,0.4
5.971e-01,4.47035e-08,-6,-2,-4,3.57628e-09,-0.08,1.78814e-08,-0.4
5.973e-01,4.47035e-08,4,-2,4.47035e-08,3.57628e-09,0.08,1.78814e-08,0.4
5.975e-01,-2,-4,-2,-4,3.57628e-09,-0.08,1.78814e-08,-0.4
5.977e-01,-2,4,-2,4.47035e-08,3.57628e-09,0.08,-0.4,0.4
5.978e-01,4.47035e-08,-6,-2,-4,3.57628e-09,-0.08,-0.4,-0.4
5.980e-01,-2,4,-2,4.47035e-08,3.57628e-09,0.08,1.78814e-08,0.4
5.982e-01,4.47035e-08,-4,-2,-4,3.57628e-09,-0.08,1.78814e-08,-0.4
5.984e-01,-2,2,-2,4.47035e-08,3.57628e-09,0.08,-0.4,0.4
5.986e-01,2,-6,-2,-4,3.57628e-09,-0.08,1.78814e-08,-0.4
5.988e-01,-2,4,-2,4.47035e-08,0.08,0.08,1.78814e-08,0.4
5.990e-01,-2,-4,-2,-4,3.57628e-09,-0.08,1.78814e-08,-0.4
5.992e-01,-2,4,-2,4.47035e-08,3.57628e-09,0.08,-0.4,0.4
5.994e-01,-2,-4,-2,-4,3.57628e-09,-0.08,1.78814e-08,-0.4
5.996e-01,4.47035e-08,4,-2,4.47035e-08,3.57628e-09,0.08,-0.4,0.4
5.998e-01,4.47035e-08,-4,-2,-4,3.57628e-09,-0.08,-0.4,-0.4
6.000e-01,-2,4,-2,4.47035e-08,3.57628e-09,0.08,1.78814e-08,0.4
6.001e-01,-2,-6,-2,-4,3.57628e-09,-0.08,1.78814e-08,-0.4
6.003e-01,-2,4,-2,4.47035e-08,3.57628e-09,0.08,-0.4,0.4
6.005e-01,-2,-6,-2,-4,3.57628e-09,-0.08,-0.4,-0.8
6.007e-01,-2,4,-2,2,3.57628e-09,0.08,-0.4,0.4
6.009e-01,-2,-6,-2,-4,3.57628e-09,-0.08,-0.4,-0.8
6.011e-01,-2,4,-2,4.47035e-08,3.57628e-09,0.08,1.78814e-08,0.4
6.013e-01,4.47035e-08,-6,-2,-6,3.57628e-09,-0.08,-0.4,-0.4
6.015e-01,-2,2,-2,4.47035e-08,3.57628e-09,0.08,1.78814e-08,0.4
6.017e-01,4.47035e-08,-6,-2,-4,3.57628e-09,-0.08,1.78814e-08,-0.4
6.019e-01,4.47035e-08,4,-2,4.47035e-08,3.57628e-09,0.08,1.78814e-08,0.4
6.021e-01,-2,-6,-2,-4,3.57628e-09,-0.08,-0.4,-0.4
6.023e-01,4.47035e-08,2,-2,4.47035e-08,3.57628e-09,0.08,1.78814e-08,0.4
6.025e-01,-2,-4,-2,-4,3.57628e-09,-0.08,1.78814e-08,-0.4
6.026e-01,-2,4,-2,4.47035e-08,3.57628e-09,0.08,1.78814e-08,0.4
6.028e-01,4.47035e-08,-4,-2,-4,3.57628e-09,-0.08,-0.4,-0.4
6.030e-01,-2,4,-2,4.47035e-08,3.57628e-09,0.08,1.78814e-08,0.4
6.032e-01,4.47035e-08,-6,-2,-4,3.57628e-09,-0.08,1.78814e-08,-0.4
6.034e-01,4.47035e-08,4,-2,4.47035e-08,0.08,0.08,1.78814e-08,0.4
6.036e-01,4.47035e-08,-4,-2,-4,3.57628e-09,-0.08,1.78814e-08,-0.4
6.038e-01,4.47035e-08,4,-2,4.47035e-08,3.57628e-09,0.08,-0.4,0.4
6.040e-01,-2,-6,-2,-4,3.57628e-09,-0.08,-0.4,-0.4
6.042e-01,4.47035e-08,4,-2,4.47035e-08,3.57628e-09,0.08,1.78814e-08,0.4
6.044e-01,-2,-4,-2,-4,3.57628e-09,-0.08,1.78814e-08,-0.4
6.046e-01,-2,4,-2,4.47035e-08,3.57628e-09,0.08,-0.4,0.4
6.048e-01,-2,-4,-2,-4,3.57628e-09,-0.08,-0.4,-0.8
6.049e-01,-2,4,-2,4.47035e-08,3.57628e-09,0.08,-0.4,0.4
6.051e-01,-2,-6,-2,-4,3.57628e-09,-0.08,1.78814e-08,-0.8
6.053e-01,-2,4,-2,4.47035e-08,3.57628e-09,0.08,-0.4,0.4
6.055e-01,4.47035e-08,-6,-2,-4,3.57628e-09,-0.08,1.78814e-08,-0.8
6.057e-01,-2,4,-2,4.47035e-08,3.57628e-09,0.08,1.78814e-08,0.4
6.059e-01,4.47035e-08,-6,-2,-4,3.57628e-09,-0.08,-0.4,-0.4
6.061e-01,-2,4,-2,4.47035e-08,3.57628e-09,0.08,-0.4,0.4
6.063e-01,-2,-4,-4,-4,3.57628e-09,-0.08,1.78814e-08,-0.4
6.065e-01,-2,4,-2,4.47035e-08,3.57628e-09,0.08,1.78814e-08,0.4
6.067e-01,-2,-4,-2,-4,3.57628e-09,-0.08,1.78814e-08,-0.4
6.069e-01,-2,4,-2,4.47035e-08,3.57628e-09,0.08,-0.4,0.4
6.071e-01,4.47035e-08,-6,-2,-4,3.57628e-09,-0.08,-0.4,-0.8
6.073e-01,-2,4,-2,4.47035e-08,3.57628e-09,0.08,1.78814e-08,0.4
6.074e-01,4.47035e-08,-6,-2,-4,3.57628e-09,-0.08,1.78814e-08,-0.4
6.076e-01,4.47035e-08,4,-2,4.47035e-08,3.57628e-09,0.08,1.78814e-08,0.4
6.078e-01,-2,-4,-2,-4,3.57628e-09,-0.08,1.78814e-08,-0.4
6.080e-01,-2,4,-2,4.47035e-08,3.57628e-09,0.08,1.78814e-08,0.4
6.082e-01,-2,-6,-2,-4,3.57628e-09,-0.08,1.78814e-08,-0.4
6.084e-01,-2,4,-2,4.47035e-08,3.57628e-09,0.08,-0.4,0.4
6.086e-01,4.47035e-08,-6,-2,-4,3.57628e-09,-0.08,1.78814e-08,-0.4
6.088e-01,4.47035e-08,4,-2,4.47035e-08,3.57628e-09,0.08,1.78814e-08,0.4
6.090e-01,-2,-4,-2,-4,3.57628e-09,-0.08,1.78814e-08,-0.4
6.092e-01,4.47035e-08,4,-2,4.47035e-08,3.57628e-09,0.08,-0.4,0.4
6.094e-01,-2,-4,-2,-4,3.57628e-09,-0.08,-0.4,-0.4
6.096e-01,4.47035e-08,4,-2,4.47035e-08,3.57628e-09,0.08,1.78814e-08,0.4
6.097e-01,-2,-4,-2,-4,3.57628e-09,-0.08,1.78814e-08,-0.4
6.099e-01,4.47035e-08,2,-4,4.47035e-08,3.57628e-09,0.08,1.78814e-08,0.4
6.101e-01,4.47035e-08,-6,-2,-4,3.57628e-09,-0.08,1.78814e-08,-0.4
6.103e-01,4.47035e-08,4,-2,4.47035e-08,3.57628e-09,0.08,1.78814e-08,0.4
6.105e-01,-2,-6,-2,-4,3.57628e-09,-0.08,1.78814e-08,-0.4
6.107e-01,-2,4,-2,4.47035e-08,3.57628e-09,0.08,-0.4,0.4
6.109e-01,4.47035e-08,-6,-2,-4,3.57628e-09,-0.08,1.78814e-08,-0.4
6.111e-01,-2,4,-2,4.47035e-08,3.57628e-09,0.08,1.78814e-08,0.4
6.113e-01,-2,-6,-2,-4,3.57628e-09,-0.08,-0.4,-0.4
6.115e-01,4.47035e-08,4,-2,4.47035e-08,3.57628e-09,0.08,1.78814e-08,0.4
6.117e-01,-2,-4,-2,-4,3.57628e-09,-0.08,1.78814e-08,-0.8
6.119e-01,-2,4,-2,4.47035e-08,3.57628e-09,0.08,1.78814e-08,0.4
6.121e-01,4.47035e-08,-6,-2,-4,3.57628e-09,-0.08,-0.4,-0.4
6.122e-01,-2,4,-2,4.47035e-08,3.57628e-09,0.08,-0.4,0.4
6.124e-01,-2,-6,-2,-4,3.57628e-09,-0.08,1.78814e-08,-0.4
6.126e-01,4.47035e-08,4,-2,4.47035e-08,3.57628e-09,0.08,1.78814e-08,0.4
6.128e-01,-2,-6,-2,-4,3.57628e-09,-0.08,1.78814e-08,-0.8
6.130e-01,4.47035e-08,4,-4,4.47035e-08,-0.08,0.08,1.78814e-08,0.4
6.132e-01,4.47035e-08,-4,-2,-4,3.57628e-09,-0.08,-0.4,-0.4
6.134e-01,4.47035e-08,4,-2,4.47035e-08,3.57628e-09,0.08,1.78814e-08,0.4
6.136e-01,-2,-6,-2,-4,3.57628e-09,-0.08,-0.4,-0.4
6.138e-01,-2,4,-2,4.47035e-08,3.57628e-09,0.08,-0.4,0.4
6.140e-01,-2,-4,-2,-4,3.57628e-09,-0.08,1.78814e-08,-0.4
6.142e-01,4.47035e-08,4,-2,4.47035e-08,3.57628e-09,0.08,1.78814e-08,0.4
6.144e-01,-2,-4,-2,-4,3.57628e-09,-0.08,1.78814e-08,-0.4
6.145e-01,-2,4,-2,4.47035e-08,3.57628e-09,0.08,1.78814e-08,0.4
6.147e-01,-2,-4,-2,-4,3.57628e-09,-0.08,1.78814e-08,-0.8
6.149e-01,4.47035e-08,4,-2,4.47035e-08,3.57628e-09,0.08,-0.4,0.4
6.151e-01,-2,-4,-4,-4,3.57628e-09,-0.08,-0.4,-0.8
6.153e-01,4.47035e-08,4,-2,4.47035e-08,3.57628e-09,0.08,1.78814e-08,0.4
6.155e-01,-2,-4,-2,-4,3.57628e-09,-0.08,1.78814e-08,-0.4
6.157e-01,4.47035e-08,4,-2,4.47035e-08,3.57628e-09,0.08,1.78814e-08,0.4
6.159e-01,-2,-6,-2,-4,3.57628e-09,-0.08,1.78814e-08,-0.4
6.161e-01,-2,4,-2,4.47035e-08,3.57628e-09,0.08,1.78814e-08,0.4
6.163e-01,4.47035e-08,-4,-2,-4,3.57628e-09,-0.08,1.78814e-08,-0.4
6.165e-01,-4,4,-2,4.47035e-08,3.57628e-09,0.08,-0.4,0.4
6.167e-01,-2,-6,-2,-4,3.57628e-09,-0.08,1.78814e-08,-0.4
6.169e-01,-2,2,-2,4.47035e-08,3.57628e-09,0.08,1.78814e-08,0.4
6.170e-01,-2,-4,-2,-4,3.57628e-09,-0.08,1.78814e-08,-0.4
6.172e-01,-2,4,-2,4.47035e-08,3.57628e-09,0.08,-0.4,0.4
6.174e-01,4.47035e-08,-6,-2,-4,3.57628e-09,-0.08,1.78814e-08,-0.4
6.176e-01,4.47035e-08,4,-2,4.47035e-08,3.57628e-09,0.08,-0.4,0.4
6.178e-01,-2,-6,-2,-4,3.57628e-09,-0.08,1.78814e-08,-0.4
6.180e-01,4.47035e-08,4,-2,4.47035e-08,3.57628e-09,0.08,-0.4,0.4
6.182e-01,-2,-6,-2,-4,0.08,-0.08,1.78814e-08,-0.4
6.184e-01,-2,4,-2,4.47035e-08,3.57628e-09,0.08,1.78814e-08,0.4
6.186e-01,4.47035e-08,-4,-2,-4,0.08,-0.08,1.78814e-08,-0.4
6.188e-01,4.47035e-08,2,-2,4.47035e-08,3.57628e-09,0.08,1.78814e-08,0.4
6.190e-01,4.47035e-08,-6,-4,-4,0.08,-0.08,-0.4,-0.8
6.192e-01,4.47035e-08,4,-2,4.47035e-08,3.57628e-09,0.08,1.78814e-08,0.4
6.193e-01,-2,-4,-2,-4,3.57628e-09,-0.08,-0.4,-0.8
6.195e-01,-4,4,-2,4.47035e-08,-0.08,0.08,-0.4,0.4
6.197e-01,-2,-4,-2,-4,3.57628e-09,-0.08,1.78814e-08,-0.4
6.199e-01,-2,4,-2,4.47035e-08,3.57628e-09,0.08,1.78814e-08,0.4
6.201e-01,4.47035e-08,-4,-2,-4,3.57628e-09,-0.08,1.78814e-08,-0.4
6.203e-01,4.47035e-08,4,-2,4.47035e-08,3.57628e-09,0.08,1.78814e-08,0.4
6.205e-01,4.47035e-08,-4,-4,-4,3.57628e-09,-0.08,-0.4,-0.4
6.207e-01,-2,4,-2,4.47035e-08,3.57628e-09,0.08,-0.4,0.4
6.209e-01,-2,-4,-2,-4,3.57628e-09,-0.08,1.78814e-08,-0.8
6.211e-01,4.47035e-08,4,-2,4.47035e-08,3.57628e-09,0.08,-0.4,0.4
6.213e-01,4.47035e-08,-4,-4,-4,3.57628e-09,-0.08,1.78814e-08,-0.8
6.215e-01,-2,4,-2,4.47035e-08,3.57628e-09,0.08,1.78814e-08,0.4
6.217e-01,-2,-4,-2,-4,3.57628e-09,-0.08,1.78814e-08,-0.4
6.218e-01,4.47035e-08,4,-2,4.47035e-08,3.57628e-09,0.08,1.78814e-08,0.4
6.220e-01,-2,-4,-2,-4,3.57628e-09,-0.08,1.78814e-08,-0.4
6.222e-01,-2,4,-2,4.47035e-08,3.57628e-09,0.08,1.78814e-08,0.4
6.224e-01,4.47035e-08,-6,-2,-4,3.57628e-09,-0.08,-0.4,-0.4
6.226e-01,4.47035e-08,2,-2,4.47035e-08,3.57628e-09,0.08,1.78814e-08,0.4
6.228e-01,4.47035e-08,-4,-2,-4,3.57628e-09,-0.08,1.78814e-08,-0.4
6.230e-01,4.47035e-08,2,-2,4.47035e-08,3.57628e-09,0.08,1.78814e-08,0.4
6.232e-01,-2,-6,-2,-4,3.57628e-09,-0.08,1.78814e-08,-0.4
6.234e-01,-2,4,-2,4.47035e-08,3.57628e-09,0.08,-0.4,0.4
6.236e-01,-2,-6,-2,-4,3.57628e-09,-0.08,1.78814e-08,-0.4
6.238e-01,-2,4,-2,4.47035e-08,3.57628e-09,0.08,1.78814e-08,0.4
6.240e-01,-2,-4,-2,-4,3.57628e-09,-0.08,-0.4,-0.4
6.241e-01,4.47035e-08,2,-2,4.47035e-08,3.57628e-09,0.08,1.78814e-08,0.4
6.243e-01,4.47035e-08,-6,-2,-4,3.57628e-09,-0.08,1.78814e-08,-0.4
6.245e-01,-2,4,-2,4.47035e-08,3.57628e-09,0.08,1.78814e-08,0.4
6.247e-01,4.47035e-08,-6,-2,-4,3.57628e-09,-0.08,-0.4,-0.8
6.249e-01,-2,4,-2,4.47035e-08,3.57628e-09,0.08,1.78814e-08,0.4
6.251e-01,4.47035e-08,-6,-2,-6,3.57628e-09,-0.08,1.78814e-08,-0.4
6.253e-01,4.47035e-08,4,-2,4.47035e-08,3.57628e-09,0.08,1.78814e-08,0.4
6.255e-01,4.47035e-08,-4,-2,-4,3.57628e-09,-0.08,1.78814e-08,-0.8
6.257e-01,-2,4,-2,4.47035e-08,3.57628e-09,0.08,-0.4,0.4
6.259e-01,4.47035e-08,-6,-2,-4,3.57628e-09,-0.08,1.78814e-08,-0.8
6.261e-01,-2,4,-2,4.47035e-08,3.57628e-09,0.08,1.78814e-08,0.4
6.263e-01,-2,-4,-2,-4,3.57628e-09,-0.08,1.78814e-08,-0.4
6.265e-01,4.47035e-08,4,-2,4.47035e-08,3.57628e-09,0.08,1.78814e-08,0.4
6.266e-01,-2,-6,-2,-4,3.57628e-09,-0.08,1.78814e-08,-0.4
6.268e-01,4.47035e-08,4,-2,4.47035e-08,3.57628e-09,0.08,1.78814e-08,0.4
6.270e-01,-2,-6,-2,-4,3.57628e-09,-0.08,1.78814e-08,-0.4
6.272e-01,4.47035e-08,4,-2,4.47035e-08,0.08,0.08,-0.4,0.4
6.274e-01,-2,-6,-2,-4,3.57628e-09,-0.08,1.78814e-08,-0.8
6.276e-01,-4,4,-2,4.47035e-08,3.57628e-09,0.08,-0.4,0.4
6.278e-01,-2,-6,-2,-4,3.57628e-09,-0.08,1.78814e-08,-0.4
6.280e-01,-2,4,-2,4.47035e-08,3.57628e-09,0.08,1.78814e-08,0.4
6.282e-01,-2,-4,-2,-4,3.57628e-09,-0.08,1.78814e-08,-0.4
6.284e-01,-2,4,-2,4.47035e-08,3.57628e-09,0.08,1.78814e-08,0.4
6.286e-01,-2,-6,-2,-6,3.57628e-09,-0.08,1.78814e-08,-0.4
6.288e-01,-2,4,-2,4.47035e-08,3.57628e-09,0.08,1.78814e-08,0.4
6.289e-01,-2,-4,-2,-4,3.57628e-09,-0.08,-0.4,-0.8
6.291e-01,-2,4,-2,4.47035e-08,3.57628e-09,0.08,1.78814e-08,0.4
6.293e-01,4.47035e-08,-6,-2,-4,3.57628e-09,-0.08,-0.4,-0.4
6.295e-01,-2,4,-2,4.47035e-08,3.57628e-09,0.08,1.78814e-08,0.4
6.297e-01,4.47035e-08,-6,-2,-4,3.57628e-09,-0.08,1.78814e-08,-0.4
6.299e-01,4.47035e-08,4,-2,4.47035e-08,3.57628e-09,0.08,1.78814e-08,0.4
6.301e-01,4.47035e-08,-6,-2,-4,3.57628e-09,-0.08,1.78814e-08,-0.8
6.303e-01,4.47035e-08,4,-2,4.47035e-08,3.57628e-09,0.08,1.78814e-08,0.4
6.305e-01,4.47035e-08,-4,-4,-4,3.57628e-09,-0.08,1.78814e-08,-0.8
6.307e-01,-2,4,-2,4.47035e-08,3.57628e-09,0.08,1.78814e-08,0.4
6.309e-01,-2,-6,-2,-4,3.57628e-09,-0.08,-0.4,-0.4
6.311e-01,4.47035e-08,2,-2,4.47035e-08,3.57628e-09,0.08,1.78814e-08,0.4
6.313e-01,-2,-6,-2,-4,3.57628e-09,-0.08,1.78814e-08,-0.8
6.314e-01,-2,4,-2,2,3.57628e-09,0.08,1.78814e-08,0.4
6.316e-01,-2,-6,-4,-4,3.57628e-09,-0.08,1.78814e-08,-0.8
6.318e-01,-2,4,-2,4.47035e-08,3.57628e-09,0.08,-0.4,0.4
6.320e-01,4.47035e-08,-4,-2,-4,0.08,-0.08,1.78814e-08,-0.4
6.322e-01,-2,4,-2,4.47035e-08,3.57628e-09,0.08,1.78814e-08,0.4
6.324e-01,4.47035e-08,-6,-2,-4,3.57628e-09,-0.08,1.78814e-08,-0.8
6.326e-01,-2,2,-2,4.47035e-08,0.08,0.08,1.78814e-08,0.4
6.328e-01,4.47035e-08,-6,-2,-4,3.57628e-09,-0.08,1.78814e-08,-0.8
6.330e-01,4.47035e-08,4,-2,4.47035e-08,3.57628e-09,0.08,1.78814e-08,0.4
6.332e-01,-2,-4,-2,-4,3.57628e-09,-0.08,1.78814e-08,-0.8
6.334e-01,-2,4,-2,4.47035e-08,3.57628e-09,0.08,1.78814e-08,0.4
6.336e-01,-2,-6,-2,-4,3.57628e-09,-0.08,1.78814e-08,-0.8
6.337e-01,4.47035e-08,4,-2,4.47035e-08,0.08,0.08,1.78814e-08,0.4
6.339e-01,4.47035e-08,-4,-2,-4,0.08,-0.08,-0.4,-0.8
6.341e-01,4.47035e-08,4,-2,4.47035e-08,3.57628e-09,0.08,-0.4,0.4
6.343e-01,-2,-4,-4,-4,3.57628e-09,-0.08,-0.4,-0.4
6.345e-01,4.47035e-08,4,-2,4.47035e-08,3.57628e-09,0.08,1.78814e-08,0.4
6.347e-01,4.47035e-08,-4,-4,-4,3.57628e-09,-0.08,1.78814e-08,-0.4
6.349e-01,4.47035e-08,2,-2,4.47035e-08,3.57628e-09,0.08,1.78814e-08,0.4
6.351e-01,-2,-4,-2,-4,3.57628e-09,-0.08,1.78814e-08,-0.4
6.353e-01,-2,4,-2,4.47035e-08,3.57628e-09,0.08,1.78814e-08,0.4
6.355e-01,4.47035e-08,-4,-2,-4,3.57628e-09,-0.08,1.78814e-08,-0.8
6.357e-01,4.47035e-08,4,-2,4.47035e-08,3.57628e-09,0.08,1.78814e-08,0.4
6.359e-01,-2,-4,-4,-4,3.57628e-09,-0.08,1.78814e-08,-0.4
6.361e-01,-2,4,-2,4.47035e-08,3.57628e-09,0.08,-0.4,0.4
6.362e-01,4.47035e-08,-6,-4,-4,3.57628e-09,-0.08,-0.4,-0.4
6.364e-01,-2,4,-2,4.47035e-08,3.57628e-09,0.08,1.78814e-08,0.4
6.366e-01,4.47035e-08,-4,-2,-4,3.57628e-09,-0.08,-0.4,-0.4
6.368e-01,4.47035e-08,4,-2,4.47035e-08,3.57628e-09,0.08,1.78814e-08,0.4
6.370e-01,4.47035e-08,-4,-2,-4,3.57628e-09,-0.08,-0.4,-0.4
6.372e-01,4.47035e-08,4,-2,4.47035e-08,3.57628e-09,0.08,1.78814e-08,0.4
6.374e-01,4.47035e-08,-4,-2,-4,3.57628e-09,-0.08,1.78814e-08,-0.4
6.376e-01,-2,2,-2,4.47035e-08,3.57628e-09,0.08,1.78814e-08,0.4
6.378e-01,4.47035e-08,-6,-2,-6,3.57628e-09,-0.08,1.78814e-08,-0.4
6.380e-01,4.47035e-08,4,-2,4.47035e-08,3.57628e-09,0.08,1.78814e-08,0.4
6.382e-01,-2,-4,-2,-4,3.57628e-09,-0.08,1.78814e-08,-0.4
6.384e-01,4.47035e-08,4,-2,4.47035e-08,3.57628e-09,0.08,1.78814e-08,0.4
6.385e-01,4.47035e-08,-4,-2,-4,3.57628e-09,-0.08,-0.4,-0.4
6.387e-01,4.47035e-08,4,-2,4.47035e-08,3.57628e-09,0.08,-0.4,0.4
6.389e-01,-2,-4,-2,-4,3.57628e-09,-0.08,1.78814e-08,-0.8
6.391e-01,-2,2,-2,4.47035e-08,3.57628e-09,0.08,-0.4,0.4
6.393e-01,-2,-4,-2,-4,3.57628e-09,-0.08,1.78814e-08,-0.4
6.395e-01,4.47035e-08,4,-2,4.47035e-08,3.57628e-09,0.08,1.78814e-08,0.4
6.397e-01,-2,-4,-2,-4,3.57628e-09,-0.08,-0.4,-0.4
6.399e-01,-2,4,-2,4.47035e-08,3.57628e-09,0.08,1.78814e-08,0.4
6.401e-01,4.47035e-08,-4,-2,-4,3.57628e-09,-0.08,1.78814e-08,-0.8
6.403e-01,4.47035e-08,2,-2,4.47035e-08,3.57628e-09,0.08,1.78814e-08,0.4
6.405e-01,4.47035e-08,-6,-2,-4,3.57628e-09,-0.08,1.78814e-08,-0.4
6.407e-01,-2,4,-2,4.47035e-08,3.57628e-09,0.08,1.78814e-08,0.4
6.409e-01,-2,-4,-2,-4,3.57628e-09,-0.08,1.78814e-08,-0.4
6.410e-01,-2,4,-2,4.47035e-08,3.57628e-09,0.08,1.78814e-08,0.4
6.412e-01,4.47035e-08,-6,-2,-4,3.57628e-09,-0.08,1.78814e-08,-0.4
6.414e-01,-2,4,-2,4.47035e-08,3.57628e-09,0.08,1.78814e-08,0.4
6.416e-01,4.47035e-08,-6,-2,-4,3.57628e-09,-0.08,1.78814e-08,-0.8
6.418e-01,-2,4,-2,4.47035e-08,3.57628e-09,0.08,1.78814e-08,0.4
6.420e-01,4.47035e-08,-4,-2,-4,3.57628e-09,-0.08,1.78814e-08,-0.4
6.422e-01,-2,4,-2,4.47035e-08,3.57628e-09,0.08,-0.4,0.4
6.424e-01,-2,-4,-2,-4,0.08,-0.08,-0.4,-0.8
6.426e-01,4.47035e-08,2,-2,4.47035e-08,3.57628e-09,0.08,-0.4,0.4
6.428e-01,-2,-4,-2,-4,3.57628e-09,-0.08,1.78814e-08,-0.4
6.430e-01,4.47035e-08,4,-2,4.47035e-08,0.08,0.08,1.78814e-08,0.4
6.432e-01,-2,-6,-2,-4,3.57628e-09,-0.08,1.78814e-08,-0.4
6.434e-01,-2,4,-2,4.47035e-08,3.57628e-09,0.08,1.78814e-08,0.4
6.435e-01,-2,-4,-2,-4,3.57628e-09,-0.08,1.78814e-08,-0.4
6.437e-01,4.47035e-08,4,-2,4.47035e-08,3.57628e-09,0.08,1.78814e-08,0.4
6.439e-01,-2,-4,-2,-4,3.57628e-09,-0.08,1.78814e-08,-0.4
6.441e-01,-2,4,-2,4.47035e-08,3.57628e-09,0.08,1.78814e-08,0.4
6.443e-01,4.47035e-08,-6,-2,-4,0.08,-0.08,1.78814e-08,-0.8
6.445e-01,4.47035e-08,4,-2,4.47035e-08,3.57628e-09,0.08,1.78814e-08,0.4
6.447e-01,-2,-6,-2,-4,3.57628e-09,-0.08,1.78814e-08,-0.4
6.449e-01,-2,4,-2,4.47035e-08,3.57628e-09,0.08,-0.4,0.4
6.451e-01,4.47035e-08,-4,-2,-4,3.57628e-09,-0.08,-0.4,-0.8
6.453e-01,-2,4,-2,4.47035e-08,3.57628e-09,0.08,1.78814e-08,0.4
6.455e-01,4.47035e-08,-4,-2,-4,3.57628e-09,-0.08,1.78814e-08,-0.8
6.457e-01,4.47035e-08,4,4.47035e-08,4.47035e-08,3.57628e-09,0.08,1.78814e-08,0.4
6.458e-01,-2,-4,-2,-4,3.57628e-09,-0.08,1.78814e-08,-0.8
6.460e-01,4.47035e-08,4,-2,4.47035e-08,3.57628e-09,0.08,1.78814e-08,0.4
6.462e-01,-2,-4,-2,-4,3.57628e-09,-0.08,1.78814e-08,-0.4
6.464e-01,-2,4,-2,4.47035e-08,3.57628e-09,0.08,1.78814e-08,0.4
6.466e-01,4.47035e-08,-6,-2,-4,3.57628e-09,-0.08,1.78814e-08,-0.4
6.468e-01,-2,4,-2,4.47035e-08,3.57628e-09,0.08,1.78814e-08,0.4
6.470e-01,2,-4,-2,-4,3.57628e-09,-0.08,1.78814e-08,-0.8
6.472e-01,-2,4,-2,4.47035e-08,3.57628e-09,0.08,1.78814e-08,0.4
6.474e-01,-2,-6,-2,-4,3.57628e-09,-0.08,1.78814e-08,-0.8
6.476e-01,4.47035e-08,4,-4,4.47035e-08,3.57628e-09,0.08,1.78814e-08,0.4
6.478e-01,-2,-6,-4,-4,3.57628e-09,-0.08,1.78814e-08,-0.4
6.480e-01,4.47035e-08,4,-2,4.47035e-08,3.57628e-09,0.08,1.78814e-08,0.4
6.482e-01,-2,-6,-2,-4,3.57628e-09,-0.08,1.78814e-08,-0.8
6.483e-01,-2,4,-2,4.47035e-08,0.08,0.08,-0.4,0.4
6.485e-01,-2,-6,-4,-4,0.08,-0.08,1.78814e-08,-0.4
6.487e-01,-2,4,-2,4.47035e-08,3.57628e-09,0.08,1.78814e-08,0.4
6.489e-01,4.47035e-08,-6,-2,-4,3.57628e-09,-0.08,1.78814e-08,-0.4
6.491e-01,-2,4,-2,4.47035e-08,3.57628e-09,0.08,1.78814e-08,0.4
6.493e-01,4.47035e-08,-4,-4,-4,3.57628e-09,-0.08,1.78814e-08,-0.4
6.495e-01,-2,4,-2,4.47035e-08,3.57628e-09,0.08,1.78814e-08,0.4
6.497e-01,-2,-4,-2,-4,3.57628e-09,-0.08,-0.4,-0.4
6.499e-01,4.47035e-08,4,-2,4.47035e-08,3.57628e-09,0.08,1.78814e-08,0.4
6.501e-01,-2,-6,-2,-4,3.57628e-09,-0.08,1.78814e-08,-0.4
6.503e-01,4.47035e-08,4,-2,4.47035e-08,3.57628e-09,0.08,1.78814e-08,0.4
6.505e-01,4.47035e-08,-4,-2,-4,3.57628e-09,-0.08,-0.4,-0.4
6.506e-01,4.47035e-08,2,-2,4.47035e-08,3.57628e-09,0.08,1.78814e-08,0.4
6.508e-01,-2,-4,-2,-4,3.57628e-09,-0.08,1.78814e-08,-0.4
6.510e-01,-2,4,-2,4.47035e-08,3.57628e-09,0.08,1.78814e-08,0.4
6.512e-01,-2,-6,-4,-4,0.08,-0.08,-0.4,-0.4
6.514e-01,4.47035e-08,4,-2,4.47035e-08,3.57628e-09,0.08,1.78814e-08,0.4
6.516e-01,-2,-4,-2,-4,3.57628e-09,-0.08,-0.4,-0.4
6.518e-01,-2,4,-2,4.47035e-08,0.08,0.08,1.78814e-08,0.4
6.520e-01,-2,-6,-2,-4,3.57628e-09,-0.08,-0.4,-0.4
6.522e-01,4.47035e-08,2,4.47035e-08,4.47035e-08,0.08,0.08,-0.4,0.4
6.524e-01,-2,-4,-2,-4,3.57628e-09,-0.08,1.78814e-08,-0.8
6.526e-01,4.47035e-08,4,-2,4.47035e-08,3.57628e-09,0.08,1.78814e-08,0.4
6.528e-01,-2,-4,-2,-4,3.57628e-09,-0.08,1.78814e-08,-0.4
6.530e-01,-2,4,-2,4.47035e-08,3.57628e-09,0.08,1.78814e-08,0.4
6.531e-01,-2,-4,-4,-4,3.57628e-09,-0.08,1.78814e-08,-0.8
6.533e-01,4.47035e-08,4,-2,4.47035e-08,3.57628e-09,0.08,1.78814e-08,0.4
6.535e-01,-2,-6,-4,-4,3.57628e-09,-0.08,1.78814e-08,-0.8
6.537e-01,4.47035e-08,4,-2,4.47035e-08,3.57628e-09,0.08,1.78814e-08,0.4
6.539e-01,4.47035e-08,-6,-2,-4,3.57628e-09,-0.08,1.78814e-08,-0.8
6.541e-01,-2,4,-2,4.47035e-08,3.57628e-09,0.08,1.78814e-08,0.4
6.543e-01,-2,-4,-2,-4,3.57628e-09,-0.08,1.78814e-08,-0.4
6.545e-01,4.47035e-08,4,-2,4.47035e-08,3.57628e-09,0.08,1.78814e-08,0.4
6.547e-01,-2,-4,-2,-4,3.57628e-09,-0.08,-0.4,-0.8
6.549e-01,4.47035e-08,4,-2,4.47035e-08,3.57628e-09,0.08,1.78814e-08,0.4
6.551e-01,4.47035e-08,-6,-2,-4,3.57628e-09,-0.08,1.78814e-08,-0.4
6.553e-01,-2,4,-2,4.47035e-08,3.57628e-09,0.08,1.78814e-08,0.4
6.554e-01,4.47035e-08,-4,-2,-4,3.57628e-09,-0.08,1.78814e-08,-0.8
6.556e-01,4.47035e-08,2,-4,4.47035e-08,3.57628e-09,0.08,1.78814e-08,0.4
6.558e-01,4.47035e-08,-4,-2,-4,3.57628e-09,-0.08,1.78814e-08,-0.4
6.560e-01,4.47035e-08,4,-2,4.47035e-08,3.57628e-09,0.08,1.78814e-08,0.4
6.562e-01,-2,-4,-2,-4,3.57628e-09,-0.08,1.78814e-08,-0.4
6.564e-01,-2,4,-2,4.47035e-08,3.57628e-09,0.08,1.78814e-08,0.4
6.566e-01,4.47035e-08,-4,-2,-4,3.57628e-09,-0.08,1.78814e-08,-0.4
6.568e-01,-2,4,-2,4.47035e-08,3.57628e-09,0.08,1.78814e-08,0.4
6.570e-01,-2,-6,-2,-4,3.57628e-09,-0.08,1.78814e-08,-0.4
6.572e-01,4.47035e-08,4,-2,4.47035e-08,3.57628e-09,0.08,1.78814e-08,0.4
6.574e-01,-2,-6,-2,-4,3.57628e-09,-0.08,1.78814e-08,-0.4
6.576e-01,-2,4,-2,4.47035e-08,3.57628e-09,0.08,1.78814e-08,0.4
6.578e-01,4.47035e-08,-6,-2,-4,3.57628e-09,-0.08,-0.4,-0.8
6.579e-01,4.47035e-08,4,-2,4.47035e-08,3.57628e-09,0.08,-0.4,0.4
6.581e-01,4.47035e-08,-4,-2,-4,3.57628e-09,-0.08,1.78814e-08,-0.4
6.583e-01,4.47035e-08,4,-2,4.47035e-08,3.57628e-09,0.08,1.78814e-08,0.4
6.585e-01,-2,-4,-2,-4,3.57628e-09,-0.08,-0.4,-0.4
6.587e-01,-2,4,-2,4.47035e-08,3.57628e-09,0.08,1.78814e-08,0.4
6.589e-01,-2,-4,-2,-4,3.57628e-09,-0.08,1.78814e-08,-0.4
6.591e-01,4.47035e-08,4,-2,4.47035e-08,3.57628e-09,0.08,1.78814e-08,0.4
6.593e-01,4.47035e-08,-6,-2,-4,3.57628e-09,-0.08,-0.4,-0.4
6.595e-01,4.47035e-08,4,-2,4.47035e-08,3.57628e-09,0.08,-0.4,0.4
6.597e-01,-2,-6,-2,-4,3.57628e-09,-0.08,1.78814e-08,-0.4
6.599e-01,4.47035e-08,2,-2,4.47035e-08,3.57628e-09,0.08,1.78814e-08,0.4
6.601e-01,-2,-4,-2,-6,3.57628e-09,-0.08,1.78814e-08,-0.4
6.602e-01,4.47035e-08,4,-2,4.47035e-08,3.57628e-09,0.08,-0.4,0.4
6.604e-01,-2,-6,-2,-4,3.57628e-09,-0.08,1.78814e-08,-0.4
6.606e-01,-2,4,-2,4.47035e-08,3.57628e-09,0.08,1.78814e-08,0.4
6.608e-01,4.47035e-08,-6,-4,-4,3.57628e-09,-0.08,1.78814e-08,-0.4
6.610e-01,-2,4,-2,4.47035e-08,3.57628e-09,0.08,1.78814e-08,0.4
6.612e-01,4.47035e-08,-6,-2,-4,3.57628e-09,-0.08,1.78814e-08,-0.8
6.614e-01,-2,4,-2,4.47035e-08,3.57628e-09,0.08,1.78814e-08,0.4
6.616e-01,-2,-6,-2,-4,3.57628e-09,-0.08,1.78814e-08,-0.8
6.618e-01,-2,4,-2,4.47035e-08,3.57628e-09,0.08,-0.4,0.4
6.620e-01,-2,-6,-2,-4,3.57628e-09,-0.08,1.78814e-08,-0.4
6.622e-01,4.47035e-08,4,-2,4.47035e-08,3.57628e-09,0.08,1.78814e-08,0.4
6.624e-01,4.47035e-08,-6,-2,-4,3.57628e-09,-0.08,1.78814e-08,-0.4
6.626e-01,-2,4,-2,4.47035e-08,3.57628e-09,0.08,1.78814e-08,0.4
6.627e-01,4.47035e-08,-6,-2,-4,3.57628e-09,-0.08,1.78814e-08,-0.4
6.629e-01,-2,4,-2,4.47035e-08,3.57628e-09,0.08,1.78814e-08,0.4
6.631e-01,4.47035e-08,-6,-2,-4,3.57628e-09,-0.08,1.78814e-08,-0.4
6.633e-01,4.47035e-08,2,-2,4.47035e-08,3.57628e-09,0.08,1.78814e-08,0.4
6.635e-01,-2,-6,-4,-6,3.57628e-09,-0.08,1.78814e-08,-0.4
6.637e-01,4.47035e-08,4,-2,4.47035e-08,3.57628e-09,0.08,1.78814e-08,0.4
6.639e-01,-2,-6,-2,-4,3.57628e-09,-0.08,1.78814e-08,-0.8
6.641e-01,4.47035e-08,4,-2,4.47035e-08,3.57628e-09,0.08,1.78814e-08,0.4
6.643e-01,4.47035e-08,-4,-2,-6,3.57628e-09,-0.08,1.78814e-08,-0.4
6.645e-01,4.47035e-08,4,-2,4.47035e-08,3.57628e-09,0.08,1.78814e-08,0.4
6.647e-01,4.47035e-08,-6,-2,-4,3.57628e-09,-0.08,1.78814e-08,-0.8
6.649e-01,-2,4,-2,4.47035e-08,3.57628e-09,0.08,1.78814e-08,0.4
6.650e-01,4.47035e-08,-6,-2,-4,3.57628e-09,-0.08,1.78814e-08,-0.8
6.652e-01,-2,4,-2,4.47035e-08,3.57628e-09,0.08,1.78814e-08,0.4
6.654e-01,-2,-6,-2,-4,3.57628e-09,-0.08,1.78814e-08,-0.4
6.656e-01,-2,4,-2,4.47035e-08,3.57628e-09,0.08,1.78814e-08,0.4
6.658e-01,-2,-6,-2,-4,3.57628e-09,-0.08,1.78814e-08,-0.8
6.660e-01,-2,4,-2,4.47035e-08,3.57628e-09,0.08,1.78814e-08,0.4
6.662e-01,-2,-6,-2,-4,3.57628e-09,-0.08,1.78814e-08,-0.4
6.664e-01,4.47035e-08,4,-2,4.47035e-08,3.57628e-09,0.08,-0.4,0.4
6.666e-01,4.47035e-08,-4,-2,-4,0.08,-0.08,1.78814e-08,-0.8
6.668e-01,-2,4,-2,4.47035e-08,3.57628e-09,0.08,1.78814e-08,0.4
6.670e-01,-2,-6,-2,-4,3.57628e-09,-0.08,-0.4,-0.4
6.672e-01,4.47035e-08,2,-2,4.47035e-08,3.57628e-09,0.08,1.78814e-08,0.4
6.674e-01,-2,-6,-2,-6,3.57628e-09,-0.08,1.78814e-08,-0.4
6.675e-01,4.47035e-08,4,-2,4.47035e-08,3.57628e-09,0.08,1.78814e-08,0.4
6.677e-01,-2,-6,-2,-4,3.57628e-09,-0.08,1.78814e-08,-0.4
6.679e-01,-2,4,-4,4.47035e-08,3.57628e-09,0.08,1.78814e-08,0.4
6.681e-01,-2,-4,-2,-4,3.57628e-09,-0.08,1.78814e-08,-0.4
6.683e-01,-2,4,-2,4.47035e-08,3.57628e-09,0.08,-0.4,0.4
6.685e-01,4.47035e-08,-6,-2,-4,3.57628e-09,-0.08,1.78814e-08,-0.8
6.687e-01,4.47035e-08,4,-2,4.47035e-08,3.57628e-09,0.08,1.78814e-08,0.4
6.689e-01,4.47035e-08,-4,-2,-4,3.57628e-09,-0.08,1.78814e-08,-0.8
6.691e-01,-2,4,-2,4.47035e-08,3.57628e-09,0.08,-0.4,0.4
6.693e-01,4.47035e-08,-6,-2,-4,0.08,-0.08,1.78814e-08,-0.8
6.695e-01,-2,4,-2,4.47035e-08,3.57628e-09,0.08,1.78814e-08,0.4
6.697e-01,4.47035e-08,-6,-2,-4,3.57628e-09,-0.08,1.78814e-08,-0.8
6.698e-01,-2,4,-2,4.47035e-08,3.57628e-09,0.08,-0.4,0.4
6.700e-01,4.47035e-08,-6,-2,-4,3.57628e-09,-0.08,1.78814e-08,-0.4
6.702e-01,4.47035e-08,4,-2,4.47035e-08,3.57628e-09,0.08,1.78814e-08,0.4
6.704e-01,-2,-6,-2,-6,3.57628e-09,-0.08,-0.4,-0.8
6.706e-01,-2,4,-2,4.47035e-08,3.57628e-09,0.08,1.78814e-08,0.4
6.708e-01,4.47035e-08,-6,-2,-4,3.57628e-09,-0.08,1.78814e-08,-0.8
6.710e-01,4.47035e-08,4,-2,4.47035e-08,3.57628e-09,0.08,1.78814e-08,0.4
6.712e-01,-2,-6,-2,-4,3.57628e-09,-0.08,-0.4,-0.4
6.714e-01,4.47035e-08,4,-2,4.47035e-08,3.57628e-09,0.08,-0.4,0.4
6.716e-01,-2,-6,-2,-4,3.57628e-09,-0.08,1.78814e-08,-0.4
6.718e-01,-2,4,-2,4.47035e-08,3.57628e-09,0.08,1.78814e-08,0.4
6.720e-01,4.47035e-08,-4,-2,-4,3.57628e-09,-0.08,1.78814e-08,-0.8
6.722e-01,4.47035e-08,4,-2,4.47035e-08,3.57628e-09,0.08,1.78814e-08,0.4
6.723e-01,-2,-6,-2,-4,3.57628e-09,-0.08,1.78814e-08,-0.4
6.725e-01,-2,4,-4,4.47035e-08,0.08,0.08,1.78814e-08,0.4
6.727e-01,-4,-6,-4,-4,3.57628e-09,-0.08,-0.4,-0.8
6.729e-01,-2,2,-2,4.47035e-08,3.57628e-09,0.08,1.78814e-08,0.4
6.731e-01,-2,-6,-2,-4,3.57628e-09,-0.08,1.78814e-08,-0.4
6.733e-01,4.47035e-08,4,-2,4.47035e-08,3.57628e-09,0.08,1.78814e-08,0.4
6.735e-01,-2,-6,-2,-4,3.57628e-09,-0.08,-0.4,-0.8
6.737e-01,-2,4,-2,4.47035e-08,3.57628e-09,0.08,1.78814e-08,0.4
6.739e-01,4.47035e-08,-6,-2,-4,3.57628e-09,-0.08,1.78814e-08,-0.4
6.741e-01,4.47035e-08,2,-2,4.47035e-08,3.57628e-09,0.08,1.78814e-08,0.4
6.743e-01,-2,-4,-2,-4,3.57628e-09,-0.08,-0.4,-0.4
6.745e-01,-2,4,-2,4.47035e-08,3.57628e-09,0.08,-0.4,0.4
6.746e-01,-2,-4,-2,-4,3.57628e-09,-0.08,1.78814e-08,-0.8
6.748e-01,-2,4,-2,4.47035e-08,3.57628e-09,0.08,-0.4,0.4
6.750e-01,4.47035e-08,-6,-2,-4,3.57628e-09,-0.08,1.78814e-08,-0.8
6.752e-01,-2,4,-2,4.47035e-08,3.57628e-09,0.08,1.78814e-08,0.4
6.754e-01,4.47035e-08,-4,-2,-4,3.57628e-09,-0.08,1.78814e-08,-0.8
6.756e-01,-2,4,-2,4.47035e-08,3.57628e-09,0.08,1.78814e-08,0.4
6.758e-01,4.47035e-08,-4,-2,-4,3.57628e-09,-0.08,1.78814e-08,-0.4
6.760e-01,-2,4,-2,4.47035e-08,3.57628e-09,0.08,1.78814e-08,0.4
6.762e-01,-2,-4,-2,-4,3.57628e-09,-0.08,1.78814e-08,-0.4
6.764e-01,4.47035e-08,4,-2,4.47035e-08,3.57628e-09,0.08,1.78814e-08,0.4
6.766e-01,-2,-6,-2,-4,0.08,-0.08,-0.4,-0.4
6.768e-01,-2,4,-2,4.47035e-08,3.57628e-09,0.08,-0.4,0.4
6.770e-01,-2,-6,-2,-4,3.57628e-09,-0.08,1.78814e-08,-0.8
6.771e-01,-2,4,-2,4.47035e-08,3.57628e-09,0.08,1.78814e-08,0.4
6.773e-01,4.47035e-08,-6,-2,-4,3.57628e-09,-0.08,1.78814e-08,-0.4
6.775e-01,-2,2,-2,4.47035e-08,0.08,0.08,1.78814e-08,0.4
6.777e-01,-2,-4,-2,-4,3.57628e-09,-0.08,-0.4,-0.4
6.779e-01,-2,4,-2,4.47035e-08,3.57628e-09,0.08,1.78814e-08,0.4
6.781e-01,-2,-4,-2,-4,3.57628e-09,-0.08,1.78814e-08,-0.4
6.783e-01,-2,2,-2,4.47035e-08,3.57628e-09,0.08,1.78814e-08,0.4
6.785e-01,-2,-6,-2,-4,3.57628e-09,-0.08,-0.4,-0.4
6.787e-01,-2,4,-2,4.47035e-08,3.57628e-09,0.08,-0.4,0.4
6.789e-01,-2,-4,-2,-4,3.57628e-09,-0.08,1.78814e-08,-0.8
6.791e-01,-2,4,-2,4.47035e-08,0.08,0.08,1.78814e-08,0.4
6.793e-01,4.47035e-08,-4,-2,-4,3.57628e-09,-0.08,1.78814e-08,-0.8
6.794e-01,4.47035e-08,4,-2,4.47035e-08,3.57628e-09,0.08,1.78814e-08,0.4
6.796e-01,-2,-6,-2,-4,3.57628e-09,-0.08,-0.4,-0.4
6.798e-01,4.47035e-08,4,-2,4.47035e-08,3.57628e-09,0.08,-0.4,0.4
6.800e-01,-2,-4,-2,-4,3.57628e-09,-0.08,-0.4,-0.4
6.802e-01,-2,4,-2,4.47035e-08,3.57628e-09,0.08,1.78814e-08,0.4
6.804e-01,4.47035e-08,-6,-2,-4,3.57628e-09,-0.08,1.78814e-08,-0.4
6.806e-01,-2,4,-2,4.47035e-08,3.57628e-09,0.08,1.78814e-08,0.4
6.808e-01,-2,-6,-2,-4,3.57628e-09,-0.08,1.78814e-08,-0.8
6.810e-01,-2,4,-2,4.47035e-08,3.57628e-09,0.08,1.78814e-08,0.4
6.812e-01,-2,-6,-2,-4,3.57628e-09,-0.08,-0.4,-0.4
6.814e-01,4.47035e-08,4,-2,4.47035e-08,3.57628e-09,0.08,1.78814e-08,0.4
6.816e-01,4.47035e-08,-6,-2,-4,3.57628e-09,-0.08,1.78814e-08,-0.4
6.818e-01,-2,4,-2,4.47035e-08,3.57628e-09,0.08,-0.4,0.4
6.819e-01,-2,-6,-2,-4,3.57628e-09,-0.08,1.78814e-08,-0.4
6.821e-01,-2,4,-2,4.47035e-08,3.57628e-09,0.08,1.78814e-08,0.4
6.823e-01,4.47035e-08,-6,-2,-4,3.57628e-09,-0.08,1.78814e-08,-0.8
6.825e-01,-2,4,-4,4.47035e-08,3.57628e-09,0.08,-0.4,0.4
6.827e-01,4.47035e-08,-6,-2,-4,3.57628e-09,-0.08,1.78814e-08,-0.8
6.829e-01,4.47035e-08,4,-2,4.47035e-08,3.57628e-09,0.08,1.78814e-08,0.4
6.831e-01,4.47035e-08,-6,-2,-4,3.57628e-09,-0.08,-0.4,-0.4
6.833e-01,4.47035e-08,4,-2,4.47035e-08,3.57628e-09,0.08,1.78814e-08,0.4
6.835e-01,4.47035e-08,-4,-2,-4,3.57628e-09,-0.08,1.78814e-08,-0.4
6.837e-01,-2,4,-2,4.47035e-08,3.57628e-09,0.08,1.78814e-08,0.4
6.839e-01,-2,-4,-2,-4,3.57628e-09,-0.08,-0.4,-0.4
6.841e-01,4.47035e-08,4,-2,4.47035e-08,3.57628e-09,0.08,1.78814e-08,0.4
6.842e-01,-2,-6,-2,-4,3.57628e-09,-0.08,-0.4,-0.4
6.844e-01,4.47035e-08,4,-2,4.47035e-08,3.57628e-09,0.08,1.78814e-08,0.4
6.846e-01,4.47035e-08,-4,-2,-4,3.57628e-09,-0.08,1.78814e-08,-0.4
6.848e-01,-2,4,-2,4.47035e-08,3.57628e-09,0.08,1.78814e-08,0.4
6.850e-01,4.47035e-08,-6,-2,-4,3.57628e-09,-0.08,-0.4,-0.4
6.852e-01,-2,4,-2,4.47035e-08,3.57628e-09,0.08,-0.4,0.4
6.854e-01,-2,-4,-2,-4,3.57628e-09,-0.08,1.78814e-08,-0.4
6.856e-01,4.47035e-08,4,-2,4.47035e-08,3.57628e-09,0.08,1.78814e-08,0.4
6.858e-01,-2,-6,-2,-4,0.08,-0.08,1.78814e-08,-0.4
6.860e-01,-2,4,-2,4.47035e-08,3.57628e-09,0.08,-0.4,0.4
6.862e-01,-2,-6,-2,-4,3.57628e-09,-0.08,-0.4,-0.4
6.864e-01,-2,4,-2,4.47035e-08,3.57628e-09,0.08,-0.4,0.4
6.866e-01,-2,-6,-2,-4,3.57628e-09,-0.08,-0.4,-0.8
6.867e-01,4.47035e-08,4,-2,4.47035e-08,3.57628e-09,0.08,1.78814e-08,0.4
6.869e-01,4.47035e-08,-4,-2,-4,3.57628e-09,-0.08,1.78814e-08,-0.8
6.871e-01,-2,4,-2,4.47035e-08,3.57628e-09,0.08,1.78814e-08,0.4
6.873e-01,-2,-4,-2,-4,3.57628e-09,-0.08,1.78814e-08,-0.4
6.875e-01,4.47035e-08,4,-2,4.47035e-08,0.08,0.08,1.78814e-08,0.4
6.877e-01,-2,-6,-2,-4,3.57628e-09,-0.08,-0.4,-0.4
6.879e-01,4.47035e-08,4,-2,4.47035e-08,3.57628e-09,0.08,1.78814e-08,0.4
6.881e-01,-2,-4,-2,-4,3.57628e-09,-0.08,1.78814e-08,-0.4
6.883e-01,4.47035e-08,4,-2,4.47035e-08,3.57628e-09,0.08,1.78814e-08,0.4
6.885e-01,-2,-6,-2,-4,3.57628e-09,-0.08,1.78814e-08,-0.8
6.887e-01,4.47035e-08,4,-2,4.47035e-08,3.57628e-09,0.08,1.78814e-08,0.4
6.889e-01,-4,-4,-2,-4,3.57628e-09,-0.08,1.78814e-08,-0.4
6.890e-01,-2,4,-2,4.47035e-08,3.57628e-09,0.08,-0.4,0.4
6.892e-01,-2,-4,-2,-4,0.08,-0.08,1.78814e-08,-0.4
6.894e-01,4.47035e-08,4,-2,4.47035e-08,3.57628e-09,0.08,1.78814e-08,0.4
6.896e-01,-2,-6,-2,-4,3.57628e-09,-0.08,1.78814e-08,-0.8
6.898e-01,-2,4,-2,4.47035e-08,3.57628e-09,0.08,1.78814e-08,0.4
6.900e-01,4.47035e-08,-4,-2,-4,3.57628e-09,-0.08,1.78814e-08,-0.4
6.902e-01,4.47035e-08,4,-2,4.47035e-08,3.57628e-09,0.08,1.78814e-08,0.4
6.904e-01,-2,-4,-2,-4,3.57628e-09,-0.08,1.78814e-08,-0.8
6.906e-01,-2,4,-2,4.47035e-08,3.57628e-09,0.08,1.78814e-08,0.4
6.908e-01,-2,-4,-2,-4,3.57628e-09,-0.08,-0.4,-0.8
6.910e-01,4.47035e-08,4,-2,4.47035e-08,0.08,0.08,1.78814e-08,0.4
6.912e-01,-2,-6,-2,-4,3.57628e-09,-0.08,1.78814e-08,-0.4
6.914e-01,4.47035e-08,4,-2,4.47035e-08,3.57628e-09,0.08,1.78814e-08,0.4
6.915e-01,4.47035e-08,-4,-4,-4,3.57628e-09,-0.08,-0.4,-0.4
6.917e-01,-2,4,-2,4.47035e-08,3.57628e-09,0.08,1.78814e-08,0.4
6.919e-01,-2,-4,-2,-4,3.57628e-09,-0.08,1.78814e-08,-0.4
6.921e-01,-2,4,-2,4.47035e-08,3.57628e-09,0.08,1.78814e-08,0.4
6.923e-01,4.47035e-08,-4,-4,-4,0.08,-0.08,1.78814e-08,-0.4
6.925e-01,-2,4,-2,4.47035e-08,3.57628e-09,0.08,1.78814e-08,0.4
6.927e-01,4.47035e-08,-6,-4,-4,3.57628e-09,-0.08,1.78814e-08,-0.8
6.929e-01,-2,4,-2,4.47035e-08,0.08,0.08,1.78814e-08,0.4
6.931e-01,-2,-6,-2,-4,3.57628e-09,-0.08,-0.4,-0.4
6.933e-01,4.47035e-08,4,-2,4.47035e-08,3.57628e-09,0.08,1.78814e-08,0.4
6.935e-01,4.47035e-08,-6,-2,-4,3.57628e-09,-0.08,1.78814e-08,-0.8
6.937e-01,4.47035e-08,4,-2,4.47035e-08,3.57628e-09,0.08,1.78814e-08,0.4
6.938e-01,4.47035e-08,-4,-2,-4,3.57628e-09,-0.08,-0.4,-0.4
6.940e-01,-2,4,-2,4.47035e-08,3.57628e-09,0.08,1.78814e-08,0.4
6.942e-01,-2,-4,-2,-4,3.57628e-09,-0.08,-0.4,-0.8
6.944e-01,4.47035e-08,4,-2,4.47035e-08,3.57628e-09,0.08,1.78814e-08,0.4
6.946e-01,-2,-4,-2,-4,3.57628e-09,-0.08,-0.4,-0.8
6.948e-01,4.47035e-08,4,-2,4.47035e-08,3.57628e-09,0.08,1.78814e-08,0.4
6.950e-01,4.47035e-08,-6,-2,-4,3.57628e-09,-0.08,-0.4,-0.4
6.952e-01,-2,4,-2,4.47035e-08,3.57628e-09,0.08,1.78814e-08,0.4
6.954e-01,4.47035e-08,-4,-2,-4,3.57628e-09,-0.08,-0.4,-0.4
6.956e-01,-2,2,-4,4.47035e-08,3.57628e-09,0.08,1.78814e-08,0.4
6.958e-01,4.47035e-08,-4,-2,-4,3.57628e-09,-0.08,-0.4,-0.4
6.960e-01,4.47035e-08,4,-2,4.47035e-08,3.57628e-09,0.08,1.78814e-08,0.4
6.962e-01,-2,-4,-2,-4,3.57628e-09,-0.08,1.78814e-08,-0.4
6.963e-01,-2,4,-2,4.47035e-08,3.57628e-09,0.08,1.78814e-08,0.4
6.965e-01,-2,-6,-2,-4,3.57628e-09,-0.08,1.78814e-08,-0.4
6.967e-01,4.47035e-08,4,-2,4.47035e-08,3.57628e-09,0.08,-0.4,0.4
6.969e-01,-2,-4,-2,-4,3.57628e-09,-0.08,1.78814e-08,-0.4
6.971e-01,-2,4,-2,2,3.57628e-09,0.08,1.78814e-08,0.4
6.973e-01,-2,-4,-2,-4,3.57628e-09,-0.08,-0.4,-0.8
6.975e-01,-2,4,-2,4.47035e-08,3.57628e-09,0.08,1.78814e-08,0.4
6.977e-01,-2,-4,4.47035e-08,-4,3.57628e-09,-0.08,1.78814e-08,-0.4
6.979e-01,-2,4,-2,4.47035e-08,3.57628e-09,0.08,1.78814e-08,0.4
6.981e-01,-2,-4,-2,-4,3.57628e-09,-0.08,1.78814e-08,-0.8
6.983e-01,4.47035e-08,4,-2,4.47035e-08,3.57628e-09,0.08,1.78814e-08,0.4
6.985e-01,-2,-6,-2,-4,3.57628e-09,-0.08,-0.4,-0.4
6.986e-01,-2,4,-2,4.47035e-08,3.57628e-09,0.08,1.78814e-08,0.4
6.988e-01,-2,-6,-2,-4,3.57628e-09,-0.08,1.78814e-08,-0.8
6.990e-01,4.47035e-08,4,-2,4.47035e-08,3.57628e-09,0.08,1.78814e-08,0.4
6.992e-01,4.47035e-08,-6,-2,-4,3.57628e-09,-0.08,1.78814e-08,-0.4
6.994e-01,-2,4,-2,4.47035e-08,3.57628e-09,0.08,1.78814e-08,0.4
6.996e-01,4.47035e-08,-6,-2,-4,3.57628e-09,-0.08,1.78814e-08,-0.4
6.998e-01,-2,4,-2,4.47035e-08,3.57628e-09,0.08,-0.4,0.4
7.000e-01,4.47035e-08,-4,-2,-4,3.57628e-09,-0.08,1.78814e-08,-0.8
7.002e-01,4.47035e-08,4,-2,4.47035e-08,3.57628e-09,0.08,1.78814e-08,0.4
7.004e-01,4.47035e-08,-4,-2,-4,3.57628e-09,-0.08,1.78814e-08,-0.4
7.006e-01,-2,4,-2,4.47035e-08,3.57628e-09,0.08,1.78814e-08,0.4
7.008e-01,-2,-6,-2,-4,3.57628e-09,-0.08,1.78814e-08,-0.8
7.010e-01,4.47035e-08,4,-2,4.47035e-08,3.57628e-09,0.08,-0.4,0.4
7.011e-01,4.47035e-08,-4,-2,-4,3.57628e-09,-0.08,1.78814e-08,-0.4
7.013e-01,-2,4,-2,4.47035e-08,3.57628e-09,0.08,1.78814e-08,0.4
7.015e-01,4.47035e-08,-6,-2,-4,3.57628e-09,-0.08,1.78814e-08,-0.4
7.017e-01,4.47035e-08,4,-2,4.47035e-08,3.57628e-09,0.08,1.78814e-08,0.4
7.019e-01,-2,-6,-2,-4,3.57628e-09,-0.08,1.78814e-08,-0.4
7.021e-01,4.47035e-08,4,-2,4.47035e-08,3.57628e-09,0.08,1.78814e-08,0.4
7.023e-01,-2,-6,-2,-4,3.57628e-09,-0.08,1.78814e-08,-0.4
7.025e-01,-2,4,-2,4.47035e-08,3.57628e-09,0.08,-0.4,0.4
7.027e-01,-2,-6,-2,-4,0.08,-0.08,1.78814e-08,-0.8
7.029e-01,2,4,-2,4.47035e-08,3.57628e-09,0.08,1.78814e-08,0.4
7.031e-01,-2,-6,-2,-4,3.57628e-09,-0.08,1.78814e-08,-0.8
7.033e-01,4.47035e-08,4,-2,4.47035e-08,3.57628e-09,0.08,-0.4,0.4
7.035e-01,-2,-6,-2,-4,3.57628e-09,-0.08,1.78814e-08,-0.4
7.036e-01,-2,2,-2,4.47035e-08,3.57628e-09,0.08,1.78814e-08,0.4
7.038e-01,-2,-6,-2,-4,3.57628e-09,-0.08,-0.4,-0.4
7.040e-01,4.47035e-08,4,-2,4.47035e-08,3.57628e-09,0.08,-0.4,0.4
7.042e-01,-2,-6,-2,-4,3.57628e-09,-0.08,1.78814e-08,-0.8
7.044e-01,-2,4,-2,4.47035e-08,3.57628e-09,0.08,1.78814e-08,0.4
7.046e-01,-2,-6,-2,-4,3.57628e-09,-0.08,1.78814e-08,-0.4
7.048e-01,4.47035e-08,4,-2,4.47035e-08,3.57628e-09,0.08,-0.4,0.4
7.050e-01,4.47035e-08,-6,-2,-4,3.57628e-09,-0.08,1.78814e-08,-0.4
7.052e-01,-2,4,-2,4.47035e-08,3.57628e-09,0.08,1.78814e-08,0.4
7.054e-01,-2,-6,-2,-4,3.57628e-09,-0.08,-0.4,-0.4
7.056e-01,4.47035e-08,4,-2,4.47035e-08,3.57628e-09,0.08,-0.4,0.4
7.058e-01,4.47035e-08,-6,-2,-4,3.57628e-09,-0.08,-0.4,-0.4
7.059e-01,-2,4,-2,4.47035e-08,3.57628e-09,0.08,1.78814e-08,0.4
7.061e-01,-2,-4,-2,-4,3.57628e-09,-0.08,1.78814e-08,-0.4
7.063e-01,4.47035e-08,4,-2,4.47035e-08,3.57628e-09,0.08,1.78814e-08,0.4
7.065e-01,-2,-4,-2,-4,3.57628e-09,-0.08,1.78814e-08,-0.8
7.067e-01,-2,2,-2,4.47035e-08,3.57628e-09,0.08,1.78814e-08,0.4
7.069e-01,-2,-6,-2,-4,3.57628e-09,-0.08,1.78814e-08,-0.8
7.071e-01,-2,4,-2,4.47035e-08,3.57628e-09,0.08,1.78814e-08,0.4
7.073e-01,-2,-4,-2,-4,3.57628e-09,-0.08,1.78814e-08,-0.4
7.075e-01,4.47035e-08,4,-2,4.47035e-08,3.57628e-09,0.08,1.78814e-08,0.4
7.077e-01,4.47035e-08,-6,-2,-4,3.57628e-09,-0.08,-0.4,-0.8
7.079e-01,4.47035e-08,4,-2,4.47035e-08,3.57628e-09,0.08,1.78814e-08,0.4
7.081e-01,-4,-6,-2,-4,3.57628e-09,-0.08,1.78814e-08,-0.8
7.083e-01,-2,2,-2,4.47035e-08,3.57628e-09,0.08,1.78814e-08,0.4
7.084e-01,-2,-6,-2,-4,3.57628e-09,-0.08,1.78814e-08,-0.4
7.086e-01,-2,4,4.47035e-08,4.47035e-08,3.57628e-09,0.08,1.78814e-08,0.4
7.088e-01,-2,-4,-2,-4,3.57628e-09,-0.08,1.78814e-08,-0.4
7.090e-01,-2,4,-2,4.47035e-08,3.57628e-09,0.08,1.78814e-08,0.4
7.092e-01,-2,-6,-4,-4,-0.08,-0.08,-0.4,-0.8
7.094e-01,4.47035e-08,4,-2,4.47035e-08,3.57628e-09,0.08,1.78814e-08,0.4
7.096e-01,-2,-6,-2,-4,3.57628e-09,-0.08,1.78814e-08,-0.4
7.098e-01,4.47035e-08,4,-2,4.47035e-08,3.57628e-09,0.08,1.78814e-08,0.4
7.100e-01,-2,-6,-2,-4,3.57628e-09,-0.08,-0.4,-0.4
7.102e-01,4.47035e-08,4,-2,2,0.08,0.08,1.78814e-08,0.4
7.104e-01,4.47035e-08,-6,-2,-4,3.57628e-09,-0.08,1.78814e-08,-0.4
7.106e-01,-2,4,-2,4.47035e-08,3.57628e-09,0.08,-0.4,0.4
7.107e-01,4.47035e-08,-6,-2,-4,3.57628e-09,-0.08,-0.4,-0.4
7.109e-01,4.47035e-08,4,-2,4.47035e-08,3.57628e-09,0.08,1.78814e-08,0.4
7.111e-01,-2,-6,-2,-4,3.57628e-09,-0.08,1.78814e-08,-0.8
7.113e-01,-2,4,-2,4.47035e-08,3.57628e-09,0.08,1.78814e-08,0.4
7.115e-01,4.47035e-08,-6,-4,-4,3.57628e-09,-0.08,-0.4,-0.4
7.117e-01,-2,4,-2,4.47035e-08,0.08,0.08,1.78814e-08,0.4
7.119e-01,-2,-4,-2,-4,3.57628e-09,-0.08,1.78814e-08,-0.8
7.121e-01,-2,4,-2,4.47035e-08,3.57628e-09,0.08,1.78814e-08,0.4
7.123e-01,4.47035e-08,-6,-2,-4,3.57628e-09,-0.08,1.78814e-08,-0.4
7.125e-01,-2,4,-2,4.47035e-08,3.57628e-09,0.08,1.78814e-08,0.4
7.127e-01,-4,-6,-2,-4,3.57628e-09,-0.08,1.78814e-08,-0.8
7.129e-01,-2,4,-2,4.47035e-08,3.57628e-09,0.08,-0.4,0.4
7.131e-01,-2,-6,-2,-4,3.57628e-09,-0.08,-0.4,-0.8
7.132e-01,-2,4,-2,4.47035e-08,3.57628e-09,0.08,1.78814e-08,0.4
7.134e-01,-2,-6,-2,-4,3.57628e-09,-0.08,1.78814e-08,-0.4
7.136e-01,4.47035e-08,4,-2,4.47035e-08,3.57628e-09,0.08,1.78814e-08,0.4
7.138e-01,4.47035e-08,-4,-2,-4,3.57628e-09,-0.08,-0.4,-0.8
7.140e-01,-2,4,-2,4.47035e-08,3.57628e-09,0.08,1.78814e-08,0.4
7.142e-01,4.47035e-08,-4,-2,-4,3.57628e-09,-0.08,1.78814e-08,-0.4
7.144e-01,4.47035e-08,4,-2,4.47035e-08,3.57628e-09,0.08,1.78814e-08,0.4
7.146e-01,-2,-4,-2,-4,3.57628e-09,-0.08,-0.4,-0.4
7.148e-01,-2,4,-2,4.47035e-08,3.57628e-09,0.08,-0.4,0.4
7.150e-01,4.47035e-08,-4,-2,-4,3.57628e-09,-0.08,1.78814e-08,-0.4
7.152e-01,-2,4,-2,4.47035e-08,3.57628e-09,0.08,-0.4,0.4
7.154e-01,-2,-6,-2,-4,3.57628e-09,-0.08,1.78814e-08,-0.8
7.155e-01,-2,4,-2,4.47035e-08,3.57628e-09,0.08,1.78814e-08,0.4
7.157e-01,4.47035e-08,-4,-2,-4,3.57628e-09,-0.08,1.78814e-08,-0.4
7.159e-01,4.47035e-08,4,-2,4.47035e-08,3.57628e-09,0.08,1.78814e-08,0.4
7.161e-01,-2,-4,-2,-4,0.08,-0.08,1.78814e-08,-0.4
7.163e-01,-2,4,-2,4.47035e-08,3.57628e-09,0.08,-0.4,0.4
7.165e-01,-2,-6,-2,-4,3.57628e-09,-0.08,1.78814e-08,-0.4
7.167e-01,-2,2,-2,4.47035e-08,3.57628e-09,0.08,1.78814e-08,0.4
7.169e-01,-2,-4,-2,-4,3.57628e-09,-0.08,-0.4,-0.4
7.171e-01,-2,4,-2,4.47035e-08,3.57628e-09,0.08,-0.4,0.4
7.173e-01,-2,-4,-2,-4,3.57628e-09,-0.08,-0.4,-0.8
7.175e-01,4.47035e-08,4,4.47035e-08,4.47035e-08,3.57628e-09,0.08,-0.4,0.4
7.177e-01,4.47035e-08,-6,-2,-4,3.57628e-09,-0.08,1.78814e-08,-0.8
7.179e-01,4.47035e-08,4,-4,4.47035e-08,3.57628e-09,0.08,1.78814e-08,0.4
7.180e-01,4.47035e-08,-4,-4,-4,0.08,-0.08,1.78814e-08,-0.4
7.182e-01,-2,4,-2,4.47035e-08,3.57628e-09,0.08,-0.4,0.4
7.184e-01,-2,-6,-2,-4,3.57628e-09,-0.08,1.78814e-08,-0.8
7.186e-01,-2,4,-2,4.47035e-08,3.57628e-09,0.08,-0.4,0.4
7.188e-01,4.47035e-08,-4,-2,-4,3.57628e-09,-0.08,1.78814e-08,-0.8
7.190e-01,4.47035e-08,4,-2,4.47035e-08,3.57628e-09,0.08,1.78814e-08,0.4
7.192e-01,4.47035e-08,-6,-2,-6,3.57628e-09,-0.08,-0.4,-0.4
7.194e-01,4.47035e-08,4,-2,4.47035e-08,3.57628e-09,0.08,1.78814e-08,0.4
7.196e-01,-2,-6,-2,-4,3.57628e-09,-0.08,1.78814e-08,-0.4
7.198e-01,-2,4,-2,4.47035e-08,3.57628e-09,0.08,1.78814e-08,0.4
7.200e-01,-2,-4,-2,-4,3.57628e-09,-0.08,1.78814e-08,-0.4
7.202e-01,4.47035e-08,4,-4,4.47035e-08,3.57628e-09,0.08,-0.4,0.4
7.203e-01,4.47035e-08,-6,-2,-6,3.57628e-09,-0.08,1.78814e-08,-0.8
7.205e-01,-2,2,-2,4.47035e-08,3.57628e-09,0.08,1.78814e-08,0.4
7.207e-01,4.47035e-08,-6,-2,-4,3.57628e-09,-0.08,-0.4,-0.4
7.209e-01,-2,4,-2,4.47035e-08,3.57628e-09,0.08,1.78814e-08,0.4
7.211e-01,4.47035e-08,-6,-2,-4,0.08,-0.08,1.78814e-08,-0.4
7.213e-01,-2,4,-2,4.47035e-08,3.57628e-09,0.08,1.78814e-08,0.4
7.215e-01,-2,-4,-2,-4,3.57628e-09,-0.08,-0.4,-0.8
7.217e-01,-2,2,-2,4.47035e-08,3.57628e-09,0.08,-0.4,0.4
7.219e-01,-2,-4,-2,-4,3.57628e-09,-0.08,1.78814e-08,-0.8
7.221e-01,4.47035e-08,4,-2,4.47035e-08,3.57628e-09,0.08,1.78814e-08,0.4
7.223e-01,-2,-6,-2,-4,3.57628e-09,-0.08,1.78814e-08,-0.4
7.225e-01,4.47035e-08,2,-2,4.47035e-08,3.57628e-09,0.08,1.78814e-08,0.4
7.227e-01,-2,-6,-2,-4,3.57628e-09,-0.08,1.78814e-08,-0.8
7.228e-01,-2,4,-4,4.47035e-08,3.57628e-09,0.08,-0.4,0.4
7.230e-01,4.47035e-08,-6,-2,-4,3.57628e-09,-0.08,-0.4,-0.4
7.232e-01,-2,4,-2,4.47035e-08,3.57628e-09,0.08,1.78814e-08,0.4
7.234e-01,4.47035e-08,-4,-2,-4,3.57628e-09,-0.08,-0.4,-0.4
7.236e-01,-2,4,-2,4.47035e-08,3.57628e-09,0.08,1.78814e-08,0.4
7.238e-01,4.47035e-08,-6,-2,-4,3.57628e-09,-0.08,-0.4,-0.4
7.240e-01,4.47035e-08,2,-2,4.47035e-08,3.57628e-09,0.08,1.78814e-08,0.4
7.242e-01,4.47035e-08,-6,-2,-4,3.57628e-09,-0.08,1.78814e-08,-0.4
7.244e-01,-2,4,-2,4.47035e-08,3.57628e-09,0.08,1.78814e-08,0.4
7.246e-01,4.47035e-08,-6,-2,-4,3.57628e-09,-0.08,1.78814e-08,-0.4
7.248e-01,-2,2,-2,4.47035e-08,3.57628e-09,0.08,1.78814e-08,0.4
7.250e-01,4.47035e-08,-6,-2,-4,3.57628e-09,-0.08,-0.4,-0.8
7.251e-01,-2,4,-2,4.47035e-08,3.57628e-09,0.08,-0.4,0.4
7.253e-01,-2,-6,-2,-4,3.57628e-09,-0.08,-0.4,-0.4
7.255e-01,4.47035e-08,4,-2,4.47035e-08,3.57628e-09,0.08,-0.4,0.4
7.257e-01,-2,-6,-2,-4,3.57628e-09,-0.08,-0.4,-0.8
7.259e-01,4.47035e-08,4,-2,4.47035e-08,3.57628e-09,0.08,-0.4,0.4
7.261e-01,4.47035e-08,-4,-2,-4,3.57628e-09,-0.08,1.78814e-08,-0.8
7.263e-01,-2,4,-2,4.47035e-08,3.57628e-09,0.08,1.78814e-08,0.4
7.265e-01,-2,-4,-2,-4,3.57628e-09,-0.08,1.78814e-08,-0.8
7.267e-01,4.47035e-08,4,-4,4.47035e-08,3.57628e-09,0.08,-0.4,0.4
7.269e-01,-2,-4,-2,-4,3.57628e-09,-0.08,1.78814e-08,-0.8
7.271e-01,-2,4,-2,4.47035e-08,3.57628e-09,0.08,-0.4,0.4
7.273e-01,-2,-6,-2,-4,3.57628e-09,-0.08,1.78814e-08,-0.8
7.275e-01,-2,4,-2,4.47035e-08,3.57628e-09,0.08,-0.4,0.4
7.276e-01,-2,-4,-2,-4,3.57628e-09,-0.08,1.78814e-08,-0.8
7.278e-01,-2,4,-2,4.47035e-08,3.57628e-09,0.08,1.78814e-08,0.4
7.280e-01,4.47035e-08,-4,-2,-4,3.57628e-09,-0.08,1.78814e-08,-0.8
7.282e-01,-2,4,-4,4.47035e-08,0.08,0.08,1.78814e-08,0.4
7.284e-01,4.47035e-08,-4,-2,-4,3.57628e-09,-0.08,1.78814e-08,-0.8
7.286e-01,-2,4,-2,4.47035e-08,3.57628e-09,0.08,1.78814e-08,0.4
7.288e-01,-2,-6,-2,-4,3.57628e-09,-0.08,1.78814e-08,-0.8
7.290e-01,4.47035e-08,2,-2,4.47035e-08,3.57628e-09,0.08,1.78814e-08,0.4
7.292e-01,-2,-6,-2,-4,3.57628e-09,-0.08,1.78814e-08,-0.8
7.294e-01,4.47035e-08,4,-2,4.47035e-08,3.57628e-09,0.08,1.78814e-08,0.4
7.296e-01,-2,-6,4.47035e-08,-4,3.57628e-09,-0.08,1.78814e-08,-0.4
7.298e-01,-2,2,-2,4.47035e-08,3.57628e-09,0.08,1.78814e-08,0.4
7.299e-01,-2,-4,-2,-4,3.57628e-09,-0.08,1.78814e-08,-0.8
7.301e-01,4.47035e-08,4,-2,4.47035e-08,3.57628e-09,0.08,1.78814e-08,0.4
7.303e-01,-4,-6,-2,-4,3.57628e-09,-0.08,-0.4,-0.4
7.305e-01,4.47035e-08,4,-4,4.47035e-08,3.57628e-09,0.08,-0.4,0.4
7.307e-01,4.47035e-08,-4,-2,-4,3.57628e-09,-0.08,-0.4,-0.8
7.309e-01,4.47035e-08,4,-2,4.47035e-08,3.57628e-09,0.08,1.78814e-08,0.4
7.311e-01,-2,-6,-2,-4,3.57628e-09,-0.08,1.78814e-08,-0.8
7.313e-01,-2,4,-2,4.47035e-08,0.08,0.08,-0.4,0.4
7.315e-01,-2,-4,-2,-4,3.57628e-09,-0.08,1.78814e-08,-0.8
7.317e-01,-2,4,-2,4.47035e-08,3.57628e-09,0.08,-0.4,0.4
7.319e-01,-2,-6,-2,-4,3.57628e-09,-0.08,1.78814e-08,-0.8
7.321e-01,-2,4,-2,4.47035e-08,3.57628e-09,0.08,-0.4,0.4
7.323e-01,-2,-4,-2,-4,3.57628e-09,-0.08,1.78814e-08,-0.8
7.324e-01,4.47035e-08,4,-2,4.47035e-08,0.08,0.08,1.78814e-08,0.4
7.326e-01,-2,-4,-2,-4,3.57628e-09,-0.08,1.78814e-08,-0.8
7.328e-01,4.47035e-08,4,-2,4.47035e-08,3.57628e-09,0.08,1.78814e-08,0.4
7.330e-01,-2,-6,-2,-4,3.57628e-09,-0.08,1.78814e-08,-0.4
7.332e-01,-2,4,-2,4.47035e-08,3.57628e-09,0.08,-0.4,0.4
7.334e-01,4.47035e-08,-4,-2,-4,3.57628e-09,-0.08,1.78814e-08,-0.8
7.336e-01,-2,4,-2,4.47035e-08,0.08,0.08,1.78814e-08,0.4
7.338e-01,-2,-6,-2,-4,3.57628e-09,-0.08,-0.4,-0.8
7.340e-01,4.47035e-08,4,-2,4.47035e-08,3.57628e-09,0.08,1.78814e-08,0.4
7.342e-01,4.47035e-08,-4,-2,-4,3.57628e-09,-0.08,1.78814e-08,-0.8
7.344e-01,4.47035e-08,4,-2,4.47035e-08,3.57628e-09,0.08,1.78814e-08,0.4
7.346e-01,-2,-6,-2,-4,3.57628e-09,-0.08,-0.4,-0.4
7.347e-01,-2,4,-2,4.47035e-08,3.57628e-09,0.08,1.78814e-08,0.4
7.349e-01,-2,-4,-2,-4,3.57628e-09,-0.08,-0.4,-0.8
7.351e-01,4.47035e-08,4,-2,4.47035e-08,3.57628e-09,0.08,1.78814e-08,0.4
7.353e-01,4.47035e-08,-6,-2,-4,3.57628e-09,-0.08,1.78814e-08,-0.4
7.355e-01,4.47035e-08,4,-2,4.47035e-08,3.57628e-09,0.08,1.78814e-08,0.4
7.357e-01,-4,-6,-2,-4,0.08,-0.08,-0.4,-0.4
7.359e-01,-2,4,-2,4.47035e-08,3.57628e-09,0.08,1.78814e-08,0.4
7.361e-01,-2,-4,-2,-4,3.57628e-09,-0.08,-0.4,-0.8
7.363e-01,4.47035e-08,4,-2,4.47035e-08,3.57628e-09,0.08,1.78814e-08,0.4
7.365e-01,-2,-4,-2,-4,3.57628e-09,-0.08,1.78814e-08,-0.4
7.367e-01,-2,4,-2,4.47035e-08,3.57628e-09,0.08,-0.4,0.4
7.369e-01,4.47035e-08,-6,-2,-4,3.57628e-09,-0.08,1.78814e-08,-0.8
7.371e-01,-2,4,-2,4.47035e-08,3.57628e-09,0.08,1.78814e-08,0.4
7.372e-01,4.47035e-08,-4,-2,-4,3.57628e-09,-0.08,-0.4,-0.8
7.374e-01,-2,4,-2,4.47035e-08,3.57628e-09,0.08,1.78814e-08,0.4
7.376e-01,4.47035e-08,-4,-2,-4,3.57628e-09,-0.08,1.78814e-08,-0.8
7.378e-01,4.47035e-08,4,-2,4.47035e-08,3.57628e-09,0.08,1.78814e-08,0.4
7.380e-01,-2,-4,-2,-4,3.57628e-09,-0.08,1.78814e-08,-0.8
7.382e-01,4.47035e-08,4,-2,4.47035e-08,3.57628e-09,0.08,1.78814e-08,0.4
7.384e-01,-2,-6,-2,-4,0.08,-0.08,-0.4,-0.4
7.386e-01,-2,2,-2,4.47035e-08,3.57628e-09,0.08,1.78814e-08,0.4
7.388e-01,4.47035e-08,-6,-2,-4,3.57628e-09,-0.08,1.78814e-08,-0.8
7.390e-01,4.47035e-08,4,-2,4.47035e-08,3.57628e-09,0.08,1.78814e-08,0.4
7.392e-01,-2,-4,-2,-4,3.57628e-09,-0.08,1.78814e-08,-0.4
7.394e-01,4.47035e-08,4,-2,4.47035e-08,3.57628e-09,0.08,1.78814e-08,0.4
7.395e-01,-2,-6,-2,-4,0.08,-0.08,1.78814e-08,-0.4
7.397e-01,-4,2,-2,4.47035e-08,3.57628e-09,0.08,1.78814e-08,0.4
7.399e-01,-2,-6,-2,-4,3.57628e-09,-0.08,1.78814e-08,-0.8
7.401e-01,-2,4,-2,4.47035e-08,3.57628e-09,0.08,-0.4,0.4
7.403e-01,4.47035e-08,-6,-2,-4,3.57628e-09,-0.08,1.78814e-08,-0.8
7.405e-01,4.47035e-08,4,-2,4.47035e-08,3.57628e-09,0.08,1.78814e-08,0.4
7.407e-01,4.47035e-08,-4,-2,-4,3.57628e-09,-0.08,1.78814e-08,-0.4
7.409e-01,4.47035e-08,4,-2,4.47035e-08,3.57628e-09,0.08,1.78814e-08,0.4
7.411e-01,-2,-6,-2,-4,3.57628e-09,-0.08,1.78814e-08,-0.8
7.413e-01,-2,4,-2,4.47035e-08,0.08,0.08,1.78814e-08,0.4
7.415e-01,-2,-4,-2,-4,0.08,-0.08,-0.4,-0.4
7.417e-01,4.47035e-08,4,-2,4.47035e-08,3.57628e-09,0.08,1.78814e-08,0.4
7.419e-01,4.47035e-08,-6,-2,-4,3.57628e-09,-0.08,1.78814e-08,-0.4
7.420e-01,-2,4,-2,4.47035e-08,3.57628e-09,0.08,1.78814e-08,0.4
7.422e-01,4.47035e-08,-4,-2,-4,3.57628e-09,-0.08,1.78814e-08,-0.4
7.424e-01,-2,4,-2,4.47035e-08,3.57628e-09,0.08,1.78814e-08,0.4
7.426e-01,-2,-6,-2,-4,3.57628e-09,-0.08,1.78814e-08,-0.4
7.428e-01,-2,4,-2,4.47035e-08,3.57628e-09,0.08,1.78814e-08,0.4
7.430e-01,-2,-6,-2,-4,3.57628e-09,-0.08,1.78814e-08,-0.4
7.432e-01,4.47035e-08,4,4.47035e-08,4.47035e-08,3.57628e-09,0.08,-0.4,0.4
7.434e-01,-2,-6,-2,-4,3.57628e-09,-0.08,1.78814e-08,-0.4
7.436e-01,4.47035e-08,4,-2,4.47035e-08,3.57628e-09,0.08,-0.4,0.4
7.438e-01,-2,-4,-2,-4,3.57628e-09,-0.08,-0.4,-0.4
7.440e-01,4.47035e-08,4,-4,4.47035e-08,3.57628e-09,0.08,-0.4,0.4
7.442e-01,4.47035e-08,-4,-2,-4,3.57628e-09,-0.08,1.78814e-08,-0.8
7.443e-01,4.47035e-08,4,-4,4.47035e-08,3.57628e-09,0.08,-0.4,0.4
7.445e-01,4.47035e-08,-6,-2,-4,3.57628e-09,-0.08,1.78814e-08,-0.4
7.447e-01,-2,4,-2,4.47035e-08,3.57628e-09,0.08,1.78814e-08,0.4
7.449e-01,-2,-6,-2,-4,3.57628e-09,-0.08,1.78814e-08,-0.4
7.451e-01,-2,4,-2,4.47035e-08,3.57628e-09,0.08,1.78814e-08,0.4
7.453e-01,4.47035e-08,-4,-2,-4,3.57628e-09,-0.08,1.78814e-08,-0.8
7.455e-01,-2,4,-2,2,3.57628e-09,0.08,1.78814e-08,0.4
7.457e-01,-2,-4,-2,-4,3.57628e-09,-0.08,1.78814e-08,-0.4
7.459e-01,4.47035e-08,4,-2,4.47035e-08,3.57628e-09,0.08,-0.4,0.4
7.461e-01,4.47035e-08,-4,-2,-4,3.57628e-09,-0.08,-0.4,-0.4
7.463e-01,-2,4,-2,4.47035e-08,3.57628e-09,0.08,-0.4,0.4
7.465e-01,-2,-4,-2,-4,0.08,-0.08,-0.4,-0.8
7.467e-01,-2,4,-2,4.47035e-08,3.57628e-09,0.08,1.78814e-08,0.4
7.468e-01,-2,-4,-2,-4,0.08,-0.08,1.78814e-08,-0.8
7.470e-01,-2,4,-2,4.47035e-08,3.57628e-09,0.08,1.78814e-08,0.4
7.472e-01,-2,-4,-2,-4,3.57628e-09,-0.08,1.78814e-08,-0.4
7.474e-01,-2,4,-2,4.47035e-08,3.57628e-09,0.08,-0.4,0.4
7.476e-01,-2,-6,-4,-4,3.57628e-09,-0.08,1.78814e-08,-0.4
7.478e-01,-2,4,-2,4.47035e-08,3.57628e-09,0.08,1.78814e-08,0.4
7.480e-01,4.47035e-08,-4,-2,-4,3.57628e-09,-0.08,1.78814e-08,-0.4
7.482e-01,-2,4,-2,4.47035e-08,3.57628e-09,0.08,-0.4,0.4
7.484e-01,4.47035e-08,-4,-2,-4,3.57628e-09,-0.08,1.78814e-08,-0.4
7.486e-01,-2,4,-2,4.47035e-08,3.57628e-09,0.08,-0.4,0.4
7.488e-01,4.47035e-08,-6,-4,-4,3.57628e-09,-0.08,1.78814e-08,-0.8
7.490e-01,4.47035e-08,4,-2,4.47035e-08,3.57628e-09,0.08,1.78814e-08,0.4
7.491e-01,-2,-4,-2,-4,3.57628e-09,-0.08,1.78814e-08,-0.4
7.493e-01,4.47035e-08,4,-4,4.47035e-08,3.57628e-09,0.08,1.78814e-08,0.4
7.495e-01,4.47035e-08,-6,-2,-4,3.57628e-09,-0.08,-0.4,-0.8
7.497e-01,-2,4,-2,4.47035e-08,3.57628e-09,0.08,-0.4,0.4
7.499e-01,-2,-6,-2,-4,3.57628e-09,-0.08,1.78814e-08,-0.4
7.501e-01,4.47035e-08,4,-2,4.47035e-08,3.57628e-09,0.08,-0.4,0.4
7.503e-01,-2,-4,-2,-4,3.57628e-09,-0.08,1.78814e-08,-0.8
7.505e-01,-2,4,-2,4.47035e-08,3.57628e-09,0.08,-0.4,0.4
7.507e-01,-2,-4,-2,-4,3.57628e-09,-0.08,1.78814e-08,-0.4
7.509e-01,-2,4,-2,4.47035e-08,3.57628e-09,0.08,1.78814e-08,0.4
7.511e-01,-2,-4,-2,-4,0.08,-0.08,-0.4,-0.4
7.513e-01,4.47035e-08,4,-2,4.47035e-08,3.57628e-09,0.08,1.78814e-08,0.4
7.515e-01,4.47035e-08,-6,-2,-4,3.57628e-09,-0.08,1.78814e-08,-0.4
7.516e-01,4.47035e-08,4,-2,4.47035e-08,3.57628e-09,0.08,1.78814e-08,0.4
7.518e-01,-2,-4,-2,-4,3.57628e-09,-0.08,1.78814e-08,-0.4
7.520e-01,-2,2,-2,4.47035e-08,3.57628e-09,0.08,1.78814e-08,0.4
7.522e-01,-4,-6,-2,-4,3.57628e-09,-0.08,-0.4,-0.4
7.524e-01,-2,4,-2,4.47035e-08,3.57628e-09,0.08,1.78814e-08,0.4
7.526e-01,-2,-4,-2,-4,3.57628e-09,-0.08,1.78814e-08,-0.4
7.528e-01,-2,4,-2,4.47035e-08,3.57628e-09,0.08,1.78814e-08,0.4
7.530e-01,-2,-4,-2,-4,3.57628e-09,-0.08,1.78814e-08,-0.4
7.532e-01,-2,4,-2,4.47035e-08,3.57628e-09,0.08,1.78814e-08,0.4
7.534e-01,4.47035e-08,-6,-2,-4,3.57628e-09,-0.08,1.78814e-08,-0.4
7.536e-01,4.47035e-08,4,-2,4.47035e-08,0.08,0.08,-0.4,0.4
7.538e-01,4.47035e-08,-4,-2,-4,3.57628e-09,-0.08,-0.4,-0.4
7.539e-01,-2,4,-2,4.47035e-08,0.08,0.08,1.78814e-08,0.4
7.541e-01,-2,-4,-2,-4,3.57628e-09,-0.08,-0.4,-0.4
7.543e-01,4.47035e-08,4,-2,4.47035e-08,3.57628e-09,0.08,1.78814e-08,0.4
7.545e-01,-2,-4,-2,-4,3.57628e-09,-0.08,1.78814e-08,-0.4
7.547e-01,4.47035e-08,4,-2,4.47035e-08,3.57628e-09,0.08,1.78814e-08,0.4
7.549e-01,-2,-6,-2,-4,3.57628e-09,-0.08,1.78814e-08,-0.4
7.551e-01,-2,4,-2,4.47035e-08,3.57628e-09,0.08,1.78814e-08,0.4
7.553e-01,-2,-6,-2,-4,3.57628e-09,-0.08,1.78814e-08,-0.8
7.555e-01,-2,4,-2,4.47035e-08,3.57628e-09,0.08,1.78814e-08,0.4
7.557e-01,4.47035e-08,-6,-2,-4,0.08,-0.08,1.78814e-08,-0.4
7.559e-01,4.47035e-08,4,-2,4.47035e-08,3.57628e-09,0.08,1.78814e-08,0.4
7.561e-01,4.47035e-08,-6,-4,-4,3.57628e-09,-0.08,-0.4,-0.8
7.563e-01,4.47035e-08,4,-2,4.47035e-08,3.57628e-09,0.08,1.78814e-08,0.4
7.564e-01,-2,-4,-2,-4,3.57628e-09,-0.08,1.78814e-08,-0.8
7.566e-01,4.47035e-08,4,-2,4.47035e-08,3.57628e-09,0.08,1.78814e-08,0.4
7.568e-01,-2,-4,-2,-4,3.57628e-09,-0.08,-0.4,-0.8
7.570e-01,-2,4,-2,4.47035e-08,3.57628e-09,0.08,1.78814e-08,0.4
7.572e-01,-2,-4,-2,-4,3.57628e-09,-0.08,1.78814e-08,-0.8
7.574e-01,4.47035e-08,4,-2,4.47035e-08,3.57628e-09,0.08,1.78814e-08,0.4
7.576e-01,4.47035e-08,-4,-4,-4,3.57628e-09,-0.08,-0.4,-0.4
7.578e-01,-2,4,-2,4.47035e-08,3.57628e-09,0.08,-0.4,0.4
7.580e-01,4.47035e-08,-4,-2,-4,3.57628e-09,-0.08,-0.4,-0.4
7.582e-01,-2,4,-2,4.47035e-08,3.57628e-09,0.08,1.78814e-08,0.4
7.584e-01,-2,-4,-2,-4,3.57628e-09,-0.08,-0.4,-0.4
7.586e-01,-2,4,-2,4.47035e-08,3.57628e-09,0.08,1.78814e-08,0.4
7.587e-01,-2,-6,-2,-4,3.57628e-09,-0.08,1.78814e-08,-0.4
7.589e-01,-2,4,-2,4.47035e-08,3.57628e-09,0.08,1.78814e-08,0.4
7.591e-01,4.47035e-08,-6,-2,-4,3.57628e-09,-0.08,1.78814e-08,-0.4
7.593e-01,2,4,-2,4.47035e-08,3.57628e-09,0.08,1.78814e-08,0.4
7.595e-01,4.47035e-08,-6,-2,-4,3.57628e-09,-0.08,1.78814e-08,-0.8
7.597e-01,-2,4,-2,4.47035e-08,3.57628e-09,0.08,-0.4,0.4
7.599e-01,-2,-6,-2,-4,0.08,-0.08,-0.4,-0.8
7.601e-01,4.47035e-08,4,-2,4.47035e-08,3.57628e-09,0.08,1.78814e-08,0.4
7.603e-01,4.47035e-08,-4,-2,-4,3.57628e-09,-0.08,1.78814e-08,-0.4
7.605e-01,-2,4,-2,4.47035e-08,3.57628e-09,0.08,1.78814e-08,0.4
7.607e-01,-2,-6,-2,-4,3.57628e-09,-0.08,1.78814e-08,-0.4
7.609e-01,-2,4,-2,4.47035e-08,3.57628e-09,0.08,-0.4,0.4
7.611e-01,4.47035e-08,-4,-2,-4,3.57628e-09,-0.08,1.78814e-08,-0.4
7.612e-01,-2,4,-2,4.47035e-08,3.57628e-09,0.08,1.78814e-08,0.4
7.614e-01,-2,-6,-2,-4,3.57628e-09,-0.08,1.78814e-08,-0.4
7.616e-01,-2,2,-2,4.47035e-08,3.57628e-09,0.08,1.78814e-08,0.4
7.618e-01,4.47035e-08,-4,-2,-4,3.57628e-09,-0.08,-0.4,-0.4
7.620e-01,-2,4,-2,4.47035e-08,3.57628e-09,0.08,1.78814e-08,0.4
7.622e-01,-2,-6,-2,-4,3.57628e-09,-0.08,-0.4,-0.8
7.624e-01,4.47035e-08,4,-2,4.47035e-08,3.57628e-09,0.08,1.78814e-08,0.4
7.626e-01,4.47035e-08,-4,-2,-4,3.57628e-09,-0.08,1.78814e-08,-0.4
7.628e-01,4.47035e-08,4,-2,4.47035e-08,3.57628e-09,0.08,-0.4,0.4
7.630e-01,-2,-4,-2,-4,3.57628e-09,-0.08,-0.4,-0.8
7.632e-01,-2,2,-4,4.47035e-08,3.57628e-09,0.08,1.78814e-08,0.4
7.634e-01,4.47035e-08,-6,-2,-4,3.57628e-09,-0.08,1.78814e-08,-0.8
7.635e-01,-2,4,-2,4.47035e-08,3.57628e-09,0.08,1.78814e-08,0.4
7.637e-01,-2,-4,-2,-4,3.57628e-09,-0.08,-0.4,-0.8
7.639e-01,4.47035e-08,4,-4,4.47035e-08,3.57628e-09,0.08,-0.4,0.4
7.641e-01,4.47035e-08,-6,-2,-4,3.57628e-09,-0.08,1.78814e-08,-0.8
7.643e-01,4.47035e-08,4,-4,4.47035e-08,3.57628e-09,0.08,-0.4,0.4
7.645e-01,4.47035e-08,-4,-2,-4,3.57628e-09,-0.08,1.78814e-08,-0.4
7.647e-01,-2,4,-2,4.47035e-08,3.57628e-09,0.08,-0.4,0.4
7.649e-01,4.47035e-08,-6,-2,-4,3.57628e-09,-0.08,-0.4,-0.8
7.651e-01,-2,4,-2,4.47035e-08,3.57628e-09,0.08,-0.4,0.4
7.653e-01,4.47035e-08,-4,-2,-4,3.57628e-09,-0.08,1.78814e-08,-0.8
7.655e-01,4.47035e-08,4,4.47035e-08,2,3.57628e-09,0.08,1.78814e-08,0.4
7.657e-01,4.47035e-08,-6,-2,-4,3.57628e-09,-0.08,-0.4,-0.8
7.659e-01,4.47035e-08,4,-2,4.47035e-08,3.57628e-09,0.08,1.78814e-08,0.4
7.660e-01,4.47035e-08,-4,-2,-4,3.57628e-09,-0.08,1.78814e-08,-0.4
7.662e-01,4.47035e-08,4,-2,4.47035e-08,3.57628e-09,0.08,1.78814e-08,0.4
7.664e-01,4.47035e-08,-4,-2,-4,3.57628e-09,-0.08,1.78814e-08,-0.8
7.666e-01,-2,4,-2,4.47035e-08,3.57628e-09,0.08,1.78814e-08,0.4
7.668e-01,-2,-6,-2,-4,3.57628e-09,-0.08,1.78814e-08,-0.4
7.670e-01,-2,4,-4,4.47035e-08,3.57628e-09,0.08,1.78814e-08,0.4
7.672e-01,-2,-4,-2,-4,0.08,-0.08,1.78814e-08,-0.4
7.674e-01,-2,4,-2,4.47035e-08,3.57628e-09,0.08,1.78814e-08,0.4
7.676e-01,-2,-6,4.47035e-08,-4,3.57628e-09,-0.08,1.78814e-08,-0.4
7.678e-01,-2,4,-2,4.47035e-08,3.57628e-09,0.08,1.78814e-08,0.4
7.680e-01,-2,-6,-2,-4,3.57628e-09,-0.08,-0.4,-0.8
7.682e-01,4.47035e-08,4,-2,4.47035e-08,3.57628e-09,0.08,1.78814e-08,0.4
7.684e-01,-2,-6,-2,-4,3.57628e-09,-0.08,-0.4,-0.8
7.685e-01,-2,4,-2,4.47035e-08,3.57628e-09,0.08,1.78814e-08,0.4
7.687e-01,4.47035e-08,-4,-2,-4,3.57628e-09,-0.08,1.78814e-08,-0.8
7.689e-01,-2,4,-4,4.47035e-08,3.57628e-09,0.08,-0.4,0.4
7.691e-01,-2,-4,-2,-4,3.57628e-09,-0.08,1.78814e-08,-0.8
7.693e-01,-2,4,-2,4.47035e-08,3.57628e-09,0.08,-0.4,0.4
7.695e-01,-2,-4,-2,-4,3.57628e-09,-0.08,1.78814e-08,-0.4
7.697e-01,4.47035e-08,4,-2,4.47035e-08,0.08,0.08,1.78814e-08,0.4
7.699e-01,-2,-4,-2,-4,3.57628e-09,-0.08,-0.4,-0.8
7.701e-01,-2,4,-2,4.47035e-08,3.57628e-09,0.08,-0.4,0.4
7.703e-01,-2,-4,-2,-4,3.57628e-09,-0.08,-0.4,-0.8
7.705e-01,-2,4,-2,4.47035e-08,3.57628e-09,0.08,1.78814e-08,0.4
7.707e-01,4.47035e-08,-4,-2,-4,3.57628e-09,-0.08,1.78814e-08,-0.4
7.708e-01,-2,4,-2,4.47035e-08,3.57628e-09,0.08,1.78814e-08,0.4
7.710e-01,4.47035e-08,-4,-2,-4,3.57628e-09,-0.08,1.78814e-08,-0.4
7.712e-01,4.47035e-08,4,-2,4.47035e-08,3.57628e-09,0.08,-0.4,0.4
7.714e-01,-2,-4,-2,-4,3.57628e-09,-0.08,-0.4,-0.8
7.716e-01,-2,4,-2,4.47035e-08,3.57628e-09,0.08,1.78814e-08,0.4
7.718e-01,-2,-6,-2,-4,3.57628e-09,-0.08,-0.4,-0.4
7.720e-01,4.47035e-08,4,-2,4.47035e-08,3.57628e-09,0.08,1.78814e-08,0.4
7.722e-01,4.47035e-08,-6,-2,-4,3.57628e-09,-0.08,1.78814e-08,-0.4
7.724e-01,4.47035e-08,4,-2,4.47035e-08,3.57628e-09,0.08,1.78814e-08,0.4
7.726e-01,-2,-4,-2,-4,3.57628e-09,-0.08,1.78814e-08,-0.8
7.728e-01,4.47035e-08,4,-2,4.47035e-08,3.57628e-09,0.08,1.78814e-08,0.4
7.730e-01,-2,-6,-2,-4,3.57628e-09,-0.08,-0.4,-0.8
7.732e-01,4.47035e-08,4,-2,4.47035e-08,3.57628e-09,0.08,1.78814e-08,0.4
7.733e-01,-2,-6,-2,-4,3.57628e-09,-0.08,1.78814e-08,-0.4
7.735e-01,-2,4,-2,4.47035e-08,3.57628e-09,0.08,1.78814e-08,0.4
7.737e-01,4.47035e-08,-6,-2,-4,3.57628e-09,-0.08,1.78814e-08,-0.8
7.739e-01,-2,4,-2,4.47035e-08,3.57628e-09,0.08,1.78814e-08,0.4
7.741e-01,-2,-4,-2,-4,3.57628e-09,-0.08,-0.4,-0.4
7.743e-01,4.47035e-08,4,-4,4.47035e-08,3.57628e-09,0.08,1.78814e-08,0.4
7.745e-01,-2,-4,-2,-4,3.57628e-09,-0.08,-0.4,-0.8
7.747e-01,-2,4,-2,4.47035e-08,3.57628e-09,0.08,1.78814e-08,0.4
7.749e-01,4.47035e-08,-6,-2,-4,3.57628e-09,-0.08,1.78814e-08,-0.8
7.751e-01,4.47035e-08,4,-2,4.47035e-08,3.57628e-09,0.08,-0.4,0.4
7.753e-01,-2,-6,-2,-4,3.57628e-09,-0.08,1.78814e-08,-0.8
7.755e-01,-2,4,-2,4.47035e-08,3.57628e-09,0.08,1.78814e-08,0.4
7.756e-01,-2,-6,-2,-4,0.08,-0.08,1.78814e-08,-0.4
7.758e-01,4.47035e-08,4,-2,4.47035e-08,3.57628e-09,0.08,-0.4,0.4
7.760e-01,-2,-4,-2,-6,0.08,-0.08,-0.4,-0.8
7.762e-01,4.47035e-08,4,-2,4.47035e-08,3.57628e-09,0.08,1.78814e-08,0.4
7.764e-01,-2,-4,-2,-4,3.57628e-09,-0.08,1.78814e-08,-0.4
7.766e-01,-2,4,-2,4.47035e-08,3.57628e-09,0.08,1.78814e-08,0.4
7.768e-01,-2,-6,-2,-4,3.57628e-09,-0.08,-0.4,-0.8
7.770e-01,-2,4,-2,4.47035e-08,3.57628e-09,0.08,-0.4,0.4
7.772e-01,4.47035e-08,-6,-2,-4,3.57628e-09,-0.08,1.78814e-08,-0.4
7.774e-01,4.47035e-08,4,-2,4.47035e-08,3.57628e-09,0.08,1.78814e-08,0.4
7.776e-01,4.47035e-08,-6,-2,-4,3.57628e-09,-0.08,1.78814e-08,-0.8
7.778e-01,-2,4,-2,4.47035e-08,3.57628e-09,0.08,1.78814e-08,0.4
7.780e-01,4.47035e-08,-6,-2,-4,3.57628e-09,-0.08,1.78814e-08,-0.4
7.781e-01,4.47035e-08,4,-2,4.47035e-08,3.57628e-09,0.08,1.78814e-08,0.4
7.783e-01,4.47035e-08,-6,-2,-4,3.57628e-09,-0.08,-0.4,-0.4
7.785e-01,-2,4,-2,4.47035e-08,3.57628e-09,0.08,1.78814e-08,0.4
7.787e-01,4.47035e-08,-4,-2,-4,3.57628e-09,-0.08,1.78814e-08,-0.4
7.789e-01,-2,4,-2,4.47035e-08,3.57628e-09,0.08,1.78814e-08,0.4
7.791e-01,4.47035e-08,-6,-2,-4,3.57628e-09,-0.08,1.78814e-08,-0.4
7.793e-01,4.47035e-08,4,-2,4.47035e-08,3.57628e-09,0.08,1.78814e-08,0.4
7.795e-01,-2,-6,-2,-4,3.57628e-09,-0.08,1.78814e-08,-0.4
7.797e-01,-2,4,-2,4.47035e-08,3.57628e-09,0.08,1.78814e-08,0.4
7.799e-01,-2,-6,-2,-4,3.57628e-09,-0.08,-0.4,-0.4
7.801e-01,-2,4,-2,4.47035e-08,3.57628e-09,0.08,-0.4,0.4
7.803e-01,-2,-4,-2,-4,3.57628e-09,-0.08,1.78814e-08,-0.8
7.804e-01,-2,4,-2,4.47035e-08,3.57628e-09,0.08,1.78814e-08,0.4
7.806e-01,-2,-6,-2,-4,3.57628e-09,-0.08,1.78814e-08,-0.4
7.808e-01,-2,4,-2,4.47035e-08,3.57628e-09,0.08,1.78814e-08,0.4
7.810e-01,4.47035e-08,-6,-2,-4,3.57628e-09,-0.08,1.78814e-08,-0.4
7.812e-01,4.47035e-08,4,-2,4.47035e-08,3.57628e-09,0.08,-0.4,0.4
7.814e-01,-2,-6,-2,-4,3.57628e-09,-0.08,1.78814e-08,-0.4
7.816e-01,4.47035e-08,4,-2,2,3.57628e-09,0.08,1.78814e-08,0.4
7.818e-01,-2,-4,-2,-4,3.57628e-09,-0.08,1.78814e-08,-0.8
7.820e-01,4.47035e-08,4,-2,4.47035e-08,3.57628e-09,0.08,-0.4,0.4
7.822e-01,-2,-6,-2,-6,3.57628e-09,-0.08,1.78814e-08,-0.4
7.824e-01,4.47035e-08,4,-2,4.47035e-08,3.57628e-09,0.08,1.78814e-08,0.4
7.826e-01,-2,-6,-2,-4,3.57628e-09,-0.08,1.78814e-08,-0.4
7.828e-01,-2,4,-2,4.47035e-08,3.57628e-09,0.08,-0.4,0.4
7.829e-01,4.47035e-08,-6,-2,-4,0.08,-0.08,1.78814e-08,-0.4
7.831e-01,4.47035e-08,4,-2,4.47035e-08,3.57628e-09,0.08,1.78814e-08,0.4
7.833e-01,4.47035e-08,-6,-2,-4,3.57628e-09,-0.08,-0.4,-0.8
7.835e-01,-2,4,-2,4.47035e-08,3.57628e-09,0.08,1.78814e-08,0.4
7.837e-01,-2,-4,-4,-4,0.08,-0.08,1.78814e-08,-0.8
7.839e-01,-2,4,-2,4.47035e-08,3.57628e-09,0.08,1.78814e-08,0.4
7.841e-01,-2,-4,-2,-4,0.08,-0.08,-0.4,-0.8
7.843e-01,4.47035e-08,4,-2,4.47035e-08,3.57628e-09,0.08,1.78814e-08,0.4
7.845e-01,4.47035e-08,-6,-2,-4,3.57628e-09,-0.08,-0.4,-0.4
7.847e-01,-2,4,-2,4.47035e-08,3.57628e-09,0.08,1.78814e-08,0.4
7.849e-01,4.47035e-08,-6,-2,-4,3.57628e-09,-0.08,1.78814e-08,-0.8
7.851e-01,4.47035e-08,4,-4,4.47035e-08,0.08,0.08,1.78814e-08,0.4
7.852e-01,4.47035e-08,-4,-2,-4,3.57628e-09,-0.08,1.78814e-08,-0.4
7.854e-01,-2,4,-2,4.47035e-08,3.57628e-09,0.08,1.78814e-08,0.4
7.856e-01,4.47035e-08,-6,-2,-4,3.57628e-09,-0.08,-0.4,-0.4
7.858e-01,-2,4,-2,4.47035e-08,3.57628e-09,0.08,-0.4,0.4
7.860e-01,-2,-4,-2,-4,3.57628e-09,-0.08,-0.4,-0.4
7.862e-01,-2,4,-2,4.47035e-08,3.57628e-09,0.08,1.78814e-08,0.4
7.864e-01,-2,-6,-2,-4,3.57628e-09,-0.08,1.78814e-08,-0.4
7.866e-01,4.47035e-08,4,-4,4.47035e-08,3.57628e-09,0.08,1.78814e-08,0.4
7.868e-01,-2,-4,-2,-4,3.57628e-09,-0.08,1.78814e-08,-0.4
7.870e-01,-2,4,-2,4.47035e-08,3.57628e-09,0.08,1.78814e-08,0.4
7.872e-01,-2,-6,-2,-4,3.57628e-09,-0.08,1.78814e-08,-0.4
7.874e-01,-2,4,-2,4.47035e-08,3.57628e-09,0.08,1.78814e-08,0.4
7.876e-01,4.47035e-08,-6,-2,-4,3.57628e-09,-0.08,1.78814e-08,-0.4
7.877e-01,-2,4,-2,4.47035e-08,3.57628e-09,0.08,-0.4,0.4
7.879e-01,-2,-6,-2,-4,3.57628e-09,-0.08,-0.4,-0.4
7.881e-01,4.47035e-08,4,-2,4.47035e-08,3.57628e-09,0.08,1.78814e-08,0.4
7.883e-01,-2,-6,-2,-4,3.57628e-09,-0.08,-0.4,-0.4
7.885e-01,4.47035e-08,2,4.47035e-08,4.47035e-08,3.57628e-09,0.08,-0.4,0.4
7.887e-01,4.47035e-08,-6,-2,-4,3.57628e-09,-0.08,1.78814e-08,-0.8
7.889e-01,4.47035e-08,4,-2,4.47035e-08,3.57628e-09,0.08,-0.4,0.4
7.891e-01,4.47035e-08,-6,-2,-4,3.57628e-09,-0.08,1.78814e-08,-0.8
7.893e-01,-2,4,-2,4.47035e-08,3.57628e-09,0.08,1.78814e-08,0.4
7.895e-01,-2,-6,-2,-4,3.57628e-09,-0.08,1.78814e-08,-0.8
7.897e-01,4.47035e-08,4,-2,4.47035e-08,3.57628e-09,0.08,1.78814e-08,0.4
7.899e-01,4.47035e-08,-6,-4,-4,3.57628e-09,-0.08,1.78814e-08,-0.4
7.900e-01,4.47035e-08,4,-2,4.47035e-08,3.57628e-09,0.08,1.78814e-08,0.4
7.902e-01,-4,-4,-2,-4,0.08,-0.08,1.78814e-08,-0.4
7.904e-01,-2,4,-2,4.47035e-08,3.57628e-09,0.08,1.78814e-08,0.4
7.906e-01,4.47035e-08,-6,-2,-4,3.57628e-09,-0.08,-0.4,-0.8
7.908e-01,-2,2,-2,4.47035e-08,3.57628e-09,0.08,1.78814e-08,0.4
7.910e-01,4.47035e-08,-4,-2,-4,3.57628e-09,-0.08,1.78814e-08,-0.8
7.912e-01,4.47035e-08,4,-2,4.47035e-08,3.57628e-09,0.08,1.78814e-08,0.4
7.914e-01,-2,-4,-2,-4,3.57628e-09,-0.08,1.78814e-08,-0.4
7.916e-01,4.47035e-08,4,-2,4.47035e-08,3.57628e-09,0.08,-0.4,0.4
7.918e-01,-2,-4,-4,-4,3.57628e-09,-0.08,1.78814e-08,-0.8
7.920e-01,4.47035e-08,4,-2,4.47035e-08,3.57628e-09,0.08,1.78814e-08,0.4
7.922e-01,4.47035e-08,-4,-2,-4,3.57628e-09,-0.08,1.78814e-08,-0.8
7.924e-01,4.47035e-08,4,-2,4.47035e-08,3.57628e-09,0.08,1.78814e-08,0.4
7.925e-01,4.47035e-08,-4,-2,-4,3.57628e-09,-0.08,-0.4,-0.4
7.927e-01,-2,4,-2,4.47035e-08,3.57628e-09,0.08,1.78814e-08,0.4
7.929e-01,4.47035e-08,-4,-2,-4,3.57628e-09,-0.08,1.78814e-08,-0.8
7.931e-01,4.47035e-08,4,-2,4.47035e-08,3.57628e-09,0.08,1.78814e-08,0.4
7.933e-01,-2,-6,-2,-4,3.57628e-09,-0.08,1.78814e-08,-0.4
7.935e-01,-2,4,-2,4.47035e-08,0.08,0.08,1.78814e-08,0.4
7.937e-01,4.47035e-08,-4,-2,-4,3.57628e-09,-0.08,-0.4,-0.4
7.939e-01,4.47035e-08,4,-2,4.47035e-08,3.57628e-09,0.08,1.78814e-08,0.4
7.941e-01,4.47035e-08,-6,-2,-4,3.57628e-09,-0.08,1.78814e-08,-0.4
7.943e-01,-2,4,-2,4.47035e-08,3.57628e-09,0.08,1.78814e-08,0.4
7.945e-01,4.47035e-08,-4,-2,-4,0.08,-0.08,1.78814e-08,-0.4
7.947e-01,-2,4,-2,4.47035e-08,3.57628e-09,0.08,1.78814e-08,0.4
7.948e-01,4.47035e-08,-4,-2,-4,3.57628e-09,-0.08,1.78814e-08,-0.4
7.950e-01,-2,4,-2,4.47035e-08,3.57628e-09,0.08,1.78814e-08,0.4
7.952e-01,-2,-6,-2,-4,3.57628e-09,-0.08,-0.4,-0.8
7.954e-01,4.47035e-08,4,-2,4.47035e-08,3.57628e-09,0.08,-0.4,0.4
7.956e-01,-2,-6,-2,-4,3.57628e-09,-0.08,-0.4,-0.4

