Model,DPO2014B
Firmware Version,1.52

Point Format,Y,,,,,,,
Horizontal Units,S,,,,,,,
Horizontal Scale,0.02,,,,,,,
Sample Interval,3.84025e-05,,,,,,,
Filter Frequency,1e+08,,,,,,,
Record Length,5208,,,,,,,
Gating,0.0% to 100.0%,,0.0% to 100.0%,,0.0% to 100.0%,,0.0% to 100.0%,
Probe Attenuation,100,,50,,10,,10,
Vertical Units,V,,V,,A,,A,
Vertical Offset,0,,0,,0,,0,
Vertical Scale,50,,50,,10,,20,
Label,,,,,,,,
TIME,CH1,CH1 Peak Detect,CH2,CH2 Peak Detect,CH3,CH3 Peak Detect,CH4,CH4 Peak Detect
-1.000e-01,104,100,95,91,2,1.6,1.2,0.4
-9.996e-02,102,106,93,97,2,2.4,1.2,2.8
-9.992e-02,102,100,95,91,2,1.6,2,0.4
-9.988e-02,102,108,95,97,2,2.8,1.2,2
-9.985e-02,102,100,95,93,2,1.6,2,0.4
-9.981e-02,106,108,95,97,2.4,2.8,1.2,2.8
-9.977e-02,106,100,95,93,2,1.6,1.2,0.4
-9.973e-02,104,108,95,97,2,2.8,1.2,2.8
-9.969e-02,104,102,95,93,2.4,1.6,1.2,0.4
-9.965e-02,104,108,97,97,2,2.8,1.2,2.8
-9.962e-02,104,100,95,93,2,2,1.2,0.4
-9.958e-02,104,108,95,99,2.4,2.8,2,2.8
-9.954e-02,104,100,95,93,2,2,1.2,0.4
-9.950e-02,104,108,95,97,2.4,2.8,2,2.8
-9.946e-02,104,100,95,93,2.4,2,2,0.4
-9.942e-02,104,108,95,97,2.4,2.8,1.2,2.8
-9.939e-02,106,100,97,93,2.4,2,1.2,0.4
-9.935e-02,104,108,95,97,2.4,2.8,1.2,2.8
-9.931e-02,104,100,95,93,2.4,2,1.2,0.4
-9.927e-02,106,108,95,97,2.4,2.8,2,2.8
-9.923e-02,104,100,95,93,2.8,2,2,0.4
-9.919e-02,104,108,95,97,2.4,2.8,2,2.8
-9.916e-02,104,100,95,91,2.4,2,2,0.4
-9.912e-02,104,106,93,97,2.8,3.2,1.2,2.8
-9.908e-02,104,100,93,91,2.8,2,1.2,0.4
-9.904e-02,104,106,93,95,2.4,3.2,1.2,2.8
-9.900e-02,102,98,93,89,2.4,2,1.2,1.2
-9.896e-02,100,106,93,95,2.8,3.2,2,2.8
-9.892e-02,102,98,93,89,2.8,2.4,1.2,1.2
-9.889e-02,102,104,91,93,2.8,3.2,2,2.8
-9.885e-02,102,96,91,89,2.8,2.4,1.2,1.2
-9.881e-02,100,104,91,93,2.8,3.2,2,2.8
-9.877e-02,100,96,91,87,2.8,2.4,1.2,1.2
-9.873e-02,100,104,89,93,2.8,3.2,1.2,2.8
-9.869e-02,100,96,91,87,2.8,2.4,2,1.2
-9.866e-02,98,102,89,91,2.8,3.2,2,2.8
-9.862e-02,98,94,89,87,2.8,2.4,2,1.2
-9.858e-02,98,102,89,91,2.8,3.2,2,2.8
-9.854e-02,98,94,89,85,2.8,2.4,2,1.2
-9.850e-02,98,102,87,91,3.2,3.2,2,2.8
-9.846e-02,98,94,87,85,3.2,2.4,2,1.2
-9.843e-02,98,100,87,89,2.8,3.2,2,2.8
-9.839e-02,98,92,85,83,2.8,2.4,2,1.2
-9.835e-02,96,100,87,89,2.8,3.2,2,2.8
-9.831e-02,96,92,85,83,3.2,2.4,2,1.2
-9.827e-02,96,100,85,89,2.8,3.6,1.2,2.8
-9.823e-02,94,90,85,83,2.8,2.4,2,1.2
-9.820e-02,94,98,85,87,2.8,3.6,2,2.8
-9.816e-02,94,90,85,81,3.2,2.4,2,1.2
-9.812e-02,94,98,85,87,3.2,3.6,2,2.8
-9.808e-02,94,88,83,79,2.8,2.4,2,1.2
-9.804e-02,92,96,83,85,3.2,3.6,2,3.6
-9.800e-02,90,88,83,79,2.8,2.4,2,1.2
-9.796e-02,92,94,81,85,3.2,3.6,2,2.8
-9.793e-02,90,86,81,77,3.2,2.4,2,1.2
-9.789e-02,88,94,79,83,3.2,3.6,2,3.6
-9.785e-02,90,86,81,77,3.2,2.4,2,1.2
-9.781e-02,90,92,79,83,3.2,3.6,2,2.8
-9.777e-02,88,84,79,75,3.2,2.8,2,1.2
-9.773e-02,86,92,79,81,2.8,3.6,2.8,2.8
-9.770e-02,88,84,77,75,3.2,2.4,2,1.2
-9.766e-02,88,90,77,79,3.2,3.6,2,2.8
-9.762e-02,86,82,77,73,3.2,2.4,2.8,1.2
-9.758e-02,86,90,77,79,3.2,3.6,2,2.8
-9.754e-02,86,80,77,73,3.2,2.8,2,1.2
-9.750e-02,84,90,75,77,3.2,3.6,2,3.6
-9.747e-02,86,80,75,71,3.2,2.8,2,1.2
-9.743e-02,84,88,75,77,3.2,3.6,2,2.8
-9.739e-02,82,78,73,71,3.2,2.8,1.2,1.2
-9.735e-02,82,86,73,75,3.2,3.6,2,2.8
-9.731e-02,82,78,73,69,3.2,2.8,2,1.2
-9.727e-02,82,84,73,75,3.2,3.6,2,3.6
-9.724e-02,80,76,71,67,3.2,2.8,2.8,1.2
-9.720e-02,82,84,69,73,3.2,3.6,2,3.6
-9.716e-02,80,74,69,67,3.2,2.8,2,1.2
-9.712e-02,80,82,71,73,3.2,3.6,2,2.8
-9.708e-02,78,74,69,65,2.8,2.8,2,1.2
-9.704e-02,78,80,69,71,3.2,3.6,2,2.8
-9.700e-02,76,72,67,63,3.2,2.8,2.8,1.2
-9.697e-02,76,80,67,69,3.2,3.6,2,3.6
-9.693e-02,74,70,65,63,3.2,2.8,2.8,1.2
-9.689e-02,74,78,65,67,3.2,3.6,2,2.8
-9.685e-02,72,68,65,61,3.2,2.8,2,1.2
-9.681e-02,74,76,63,67,3.2,3.6,2,2.8
-9.677e-02,72,66,63,59,3.2,2.8,2,1.2
-9.674e-02,68,74,63,65,3.2,3.6,2,3.6
-9.670e-02,70,64,61,57,3.2,2.8,2,1.2
-9.666e-02,70,74,59,63,3.2,3.6,2,2.8
-9.662e-02,68,64,59,55,3.6,2.8,2,1.2
-9.658e-02,68,72,59,61,3.2,3.6,2,3.6
-9.654e-02,66,62,59,55,3.2,2.8,2,1.2
-9.651e-02,66,70,57,59,3.2,3.6,2.8,3.6
-9.647e-02,64,60,57,53,2.8,2.8,2,1.2
-9.643e-02,64,68,55,59,3.2,3.6,2.8,2.8
-9.639e-02,62,58,53,51,3.6,2.8,2,1.2
-9.635e-02,62,66,53,57,3.2,3.6,2,3.6
-9.631e-02,60,56,53,49,3.2,2.8,2,1.2
-9.627e-02,60,64,51,55,3.2,3.6,2.8,2.8
-9.624e-02,56,52,49,45,3.2,2.8,2,1.2
-9.620e-02,56,62,51,53,3.2,3.6,2.8,2.8
-9.616e-02,56,50,49,43,3.6,2.8,2,1.2
-9.612e-02,54,58,47,51,3.2,3.6,2,2.8
-9.608e-02,52,48,47,41,3.2,2.8,2,1.2
-9.604e-02,52,56,45,49,3.2,3.6,2,2.8
-9.601e-02,50,44,43,39,3.6,2.4,2,1.2
-9.597e-02,50,54,43,45,3.2,3.6,2,2.8
-9.593e-02,48,42,41,37,3.2,2.4,2,1.2
-9.589e-02,46,52,41,43,3.2,3.6,2,2.8
-9.585e-02,46,40,39,35,3.2,2.4,2,1.2
-9.581e-02,44,48,37,41,2.8,3.6,2,2.8
-9.578e-02,42,38,35,31,3.2,2.4,2,1.2
-9.574e-02,42,46,35,39,3.2,3.6,2,2.8
-9.570e-02,38,34,35,29,3.2,2.4,2,1.2
-9.566e-02,38,44,33,35,3.2,3.6,2,3.6
-9.562e-02,38,32,33,27,3.2,2.4,2,1.2
-9.558e-02,34,40,31,33,3.2,3.6,2,2.8
-9.555e-02,34,28,31,25,2.8,2.4,1.2,0.4
-9.551e-02,34,38,27,31,2.8,3.6,2,2.8
-9.547e-02,32,26,27,23,2.8,2.4,2,1.2
-9.543e-02,32,36,25,29,2.8,3.2,1.2,2.8
-9.539e-02,28,24,23,19,2.8,2.4,2,1.2
-9.535e-02,26,34,23,27,2.8,3.2,2,2.8
-9.531e-02,28,20,23,17,2.8,2.4,2,1.2
-9.528e-02,26,30,21,23,2.8,3.2,1.2,2.8
-9.524e-02,22,18,19,15,2.8,2.4,1.2,1.2
-9.520e-02,22,28,17,21,3.2,3.2,2,2.8
-9.516e-02,22,16,17,13,2.8,2,2,0.4
-9.512e-02,20,26,15,19,3.2,3.2,1.2,2.8
-9.508e-02,20,14,15,11,2.8,2,2,0.4
-9.505e-02,18,24,15,17,2.8,3.2,1.2,2.8
-9.501e-02,18,12,13,9,2.8,2,2,0.4
-9.497e-02,16,22,11,15,2.8,3.2,2,2.8
-9.493e-02,16,10,9,7,2.4,2,2,0.4
-9.489e-02,14,18,9,13,2.4,3.2,2,2.8
-9.485e-02,12,8,7,5,2.4,2,2,0.4
-9.482e-02,10,16,7,11,2.4,3.2,2,2.8
-9.478e-02,12,4,5,3,2.8,2,2,0.4
-9.474e-02,8,14,5,9,2.8,2.8,1.2,2.8
-9.470e-02,10,2,5,-1,2.4,2,1.2,0.4
-9.466e-02,6,12,3,7,2.4,2.8,2,2.8
-9.462e-02,4,-8.9407e-08,1,-3,2.4,2,1.2,0.4
-9.459e-02,4,10,1,5,2.4,2.8,2,2.8
-9.455e-02,4,-2,1,-5,2.4,2,2,0.4
-9.451e-02,2,6,-1,3,2.4,2.8,2,2.8
-9.447e-02,-8.9407e-08,-6,-3,-7,2.4,1.6,1.2,0.4
-9.443e-02,-2,4,-3,-1,2.4,2.8,1.2,2.8
-9.439e-02,-4,-8,-5,-9,2,1.6,2,0.4
-9.435e-02,-4,2,-5,-3,2,2.8,1.2,2.8
-9.432e-02,-4,-10,-7,-11,2.4,1.6,2,0.4
-9.428e-02,-4,-8.9407e-08,-7,-5,2,2.8,1.2,2.8
-9.424e-02,-6,-12,-9,-13,2,1.6,2,0.4
-9.420e-02,-8,-4,-9,-7,2,2.8,1.2,2
-9.416e-02,-10,-14,-11,-15,2,1.6,1.2,0.4
-9.412e-02,-8,-6,-11,-9,2,2.4,1.2,2.8
-9.409e-02,-10,-16,-13,-17,2.4,1.6,1.2,0.4
-9.405e-02,-10,-8,-13,-11,2,2.4,1.2,2
-9.401e-02,-14,-18,-15,-19,2,1.6,1.2,0.4
-9.397e-02,-14,-8,-15,-13,2,2.4,2,2
-9.393e-02,-14,-20,-17,-21,2,1.6,1.2,0.4
-9.389e-02,-16,-12,-17,-15,2,2.4,1.2,2
-9.386e-02,-18,-22,-19,-23,2,1.2,1.2,0.4
-9.382e-02,-18,-14,-19,-17,2,2.4,1.2,2
-9.378e-02,-20,-26,-21,-25,2,1.2,1.2,0.4
-9.374e-02,-22,-16,-23,-17,2,2.4,1.2,2
-9.370e-02,-22,-28,-21,-27,2,1.2,1.2,0.4
-9.366e-02,-24,-18,-25,-21,2,2,1.2,2
-9.363e-02,-24,-30,-25,-29,1.6,1.2,0.4,0.4
-9.359e-02,-26,-20,-27,-23,1.6,2,0.4,2
-9.355e-02,-28,-32,-27,-31,1.6,1.2,1.2,0.4
-9.351e-02,-30,-24,-29,-25,2,2,1.2,2
-9.347e-02,-30,-34,-29,-33,1.6,0.8,1.2,-0.4
-9.343e-02,-30,-26,-31,-27,1.2,2,1.2,2
-9.339e-02,-32,-38,-33,-37,1.6,0.8,1.2,-0.4
-9.336e-02,-32,-28,-33,-29,1.6,2,0.4,2
-9.332e-02,-36,-40,-35,-39,1.6,0.8,0.4,-0.4
-9.328e-02,-36,-30,-35,-31,1.2,2,1.2,2
-9.324e-02,-36,-42,-37,-41,1.2,0.8,0.4,-0.4
-9.320e-02,-38,-34,-37,-35,1.2,1.6,1.2,2
-9.316e-02,-38,-44,-39,-43,1.6,0.8,0.4,-0.4
-9.313e-02,-40,-36,-41,-37,1.2,1.6,0.4,2
-9.309e-02,-42,-48,-41,-45,1.2,0.8,0.4,-0.4
-9.305e-02,-44,-38,-43,-39,1.2,1.6,0.4,2
-9.301e-02,-44,-50,-45,-47,1.2,0.8,0.4,-0.4
-9.297e-02,-44,-40,-45,-41,1.2,1.6,0.4,2
-9.293e-02,-48,-52,-45,-49,1.2,0.4,0.4,-0.4
-9.290e-02,-46,-44,-47,-43,0.8,1.6,0.4,2
-9.286e-02,-46,-54,-47,-51,0.8,0.4,0.4,-0.4
-9.282e-02,-48,-44,-49,-45,0.8,1.2,-0.4,2
-9.278e-02,-50,-56,-51,-53,0.8,0.4,0.4,-0.4
-9.274e-02,-52,-48,-51,-47,0.8,1.2,-0.4,1.2
-9.270e-02,-54,-58,-51,-55,0.8,0.4,-0.4,-0.4
-9.267e-02,-54,-50,-53,-49,0.8,1.2,0.4,1.2
-9.263e-02,-56,-62,-53,-59,0.8,0.4,0.4,-0.4
-9.259e-02,-54,-52,-55,-51,0.8,1.2,0.4,1.2
-9.255e-02,-58,-62,-55,-59,0.4,0,0.4,-1.2
-9.251e-02,-60,-54,-59,-53,0.8,1.2,0.4,1.2
-9.247e-02,-60,-64,-59,-61,0.8,0,0.4,-0.4
-9.243e-02,-60,-56,-59,-55,0.4,0.8,0.4,1.2
-9.240e-02,-60,-68,-61,-63,0.4,0,0.4,-0.4
-9.236e-02,-62,-58,-61,-57,0.4,0.8,0.4,1.2
-9.232e-02,-64,-68,-61,-65,0.4,-0.4,0.4,-1.2
-9.228e-02,-64,-60,-63,-59,0.4,0.8,0.4,1.2
-9.224e-02,-64,-70,-63,-67,0.4,0,0.4,-1.2
-9.220e-02,-66,-62,-63,-61,0.8,0.8,-0.4,1.2
-9.217e-02,-66,-72,-65,-69,0.4,-0.4,-0.4,-1.2
-9.213e-02,-68,-64,-67,-63,0.4,0.8,-0.4,1.2
-9.209e-02,-70,-76,-67,-71,0.4,-0.4,-0.4,-1.2
-9.205e-02,-72,-66,-69,-65,0.4,0.8,-0.4,1.2
-9.201e-02,-72,-76,-69,-73,0.4,-0.4,-0.4,-1.2
-9.197e-02,-72,-68,-69,-67,0,0.4,-0.4,1.2
-9.194e-02,-74,-80,-71,-75,0,-0.4,-0.4,-1.2
-9.190e-02,-76,-70,-71,-69,0,0.4,-0.4,1.2
-9.186e-02,-76,-80,-73,-77,0,-0.4,-0.4,-1.2
-9.182e-02,-78,-72,-73,-69,0,0.4,0.4,1.2
-9.178e-02,-78,-82,-73,-77,0.4,-0.8,-0.4,-1.2
-9.174e-02,-78,-74,-75,-71,0,0.4,-0.4,1.2
-9.171e-02,-80,-84,-75,-79,0,-0.8,-0.4,-1.2
-9.167e-02,-80,-76,-77,-73,-0.4,0.4,-0.4,1.2
-9.163e-02,-82,-86,-77,-81,0,-0.8,-0.4,-1.2
-9.159e-02,-84,-76,-77,-75,0,0,-0.4,0.4
-9.155e-02,-84,-88,-79,-81,-0.4,-0.8,-0.4,-1.2
-9.151e-02,-84,-78,-79,-77,-0.4,0,-1.2,0.4
-9.147e-02,-84,-88,-81,-83,-0.4,-1.2,-0.4,-1.2
-9.144e-02,-84,-80,-79,-77,-0.8,0,-0.4,0.4
-9.140e-02,-86,-90,-81,-85,-0.4,-0.8,-0.4,-1.2
-9.136e-02,-86,-82,-83,-79,-0.4,0,-0.4,0.4
-9.132e-02,-86,-92,-83,-85,-0.8,-1.2,-0.4,-1.2
-9.128e-02,-88,-84,-83,-79,-0.4,0,-0.4,0.4
-9.124e-02,-88,-92,-83,-87,-0.8,-1.2,-0.4,-2
-9.121e-02,-90,-84,-83,-81,-0.8,0,-0.4,0.4
-9.117e-02,-88,-94,-85,-87,-0.8,-1.2,-0.4,-1.2
-9.113e-02,-92,-86,-85,-83,-0.8,-0.4,-1.2,0.4
-9.109e-02,-92,-96,-87,-89,-0.8,-1.2,-1.2,-2
-9.105e-02,-90,-86,-85,-83,-0.8,-0.4,-0.4,0.4
-9.101e-02,-92,-96,-87,-89,-0.8,-1.2,-0.4,-2
-9.098e-02,-92,-88,-87,-85,-0.8,-0.4,-0.4,0.4
-9.094e-02,-92,-98,-87,-91,-0.8,-1.6,-0.4,-2
-9.090e-02,-94,-90,-89,-85,-0.8,-0.4,-1.2,0.4
-9.086e-02,-96,-98,-89,-91,-0.8,-1.6,-0.4,-2
-9.082e-02,-96,-90,-89,-87,-1.2,-0.4,-0.4,0.4
-9.078e-02,-96,-100,-89,-93,-1.2,-1.6,-0.4,-2
-9.075e-02,-94,-92,-89,-87,-0.8,-0.8,-1.2,0.4
-9.071e-02,-98,-100,-91,-93,-0.8,-1.6,-1.2,-2
-9.067e-02,-96,-92,-91,-89,-1.2,-0.8,-1.2,0.4
-9.063e-02,-96,-102,-91,-95,-1.2,-1.6,-1.2,-2
-9.059e-02,-98,-94,-91,-89,-1.2,-0.8,-0.4,0.4
-9.055e-02,-100,-102,-93,-95,-1.2,-1.6,-0.4,-2
-9.051e-02,-98,-94,-93,-91,-1.6,-0.8,-1.2,0.4
-9.048e-02,-100,-104,-93,-97,-1.2,-1.6,-1.2,-2
-9.044e-02,-100,-96,-93,-91,-1.2,-0.8,-1.2,0.4
-9.040e-02,-100,-104,-93,-97,-1.2,-2,-1.2,-2
-9.036e-02,-102,-96,-95,-91,-1.6,-0.8,-1.2,0.4
-9.032e-02,-102,-106,-95,-97,-1.2,-2,-1.2,-2
-9.028e-02,-102,-98,-95,-93,-1.2,-0.8,-1.2,-0.4
-9.025e-02,-102,-106,-95,-99,-1.6,-2,-1.2,-2
-9.021e-02,-102,-98,-97,-93,-1.6,-1.2,-1.2,-0.4
-9.017e-02,-104,-108,-97,-99,-1.6,-2,-1.2,-2
-9.013e-02,-104,-100,-97,-93,-1.6,-1.2,-1.2,-0.4
-9.009e-02,-106,-108,-97,-99,-1.6,-2,-1.2,-2.8
-9.005e-02,-106,-100,-97,-95,-1.6,-1.2,-1.2,-0.4
-9.002e-02,-106,-110,-99,-101,-1.6,-2,-1.2,-2
-8.998e-02,-106,-102,-99,-95,-1.6,-1.2,-1.2,-0.4
-8.994e-02,-106,-110,-97,-101,-1.6,-2.4,-1.2,-2
-8.990e-02,-106,-102,-99,-97,-1.6,-1.2,-1.2,-0.4
-8.986e-02,-106,-110,-99,-101,-2,-2.4,-1.2,-2
-8.982e-02,-106,-102,-99,-97,-2,-1.6,-2,-0.4
-8.978e-02,-106,-110,-99,-101,-2,-2.4,-1.2,-2
-8.975e-02,-108,-102,-101,-97,-1.6,-1.6,-2,-0.4
-8.971e-02,-108,-112,-101,-103,-2,-2.4,-2,-2.8
-8.967e-02,-106,-104,-101,-97,-2,-1.6,-2,-0.4
-8.963e-02,-108,-112,-101,-103,-1.6,-2.4,-2,-2.8
-8.959e-02,-106,-104,-101,-97,-2,-1.6,-2,-0.4
-8.955e-02,-108,-110,-99,-103,-2,-2.4,-2,-2.8
-8.952e-02,-108,-104,-101,-97,-2,-1.6,-1.2,-0.4
-8.948e-02,-106,-110,-101,-103,-2,-2.8,-1.2,-2.8
-8.944e-02,-106,-102,-101,-97,-2,-1.6,-2,-0.4
-8.940e-02,-108,-110,-101,-103,-2.4,-2.8,-1.2,-2.8
-8.936e-02,-108,-102,-101,-97,-2,-1.6,-1.2,-0.4
-8.932e-02,-106,-110,-99,-101,-2.4,-2.8,-1.2,-2.8
-8.929e-02,-108,-102,-99,-97,-2,-1.6,-2,-0.4
-8.925e-02,-106,-110,-99,-101,-2,-2.8,-1.2,-2.8
-8.921e-02,-108,-102,-99,-97,-2.4,-1.6,-1.2,-0.4
-8.917e-02,-106,-110,-99,-101,-2,-2.8,-1.2,-2.8
-8.913e-02,-104,-102,-99,-97,-2.4,-2,-2,-0.4
-8.909e-02,-106,-110,-99,-101,-2.4,-2.8,-2,-2.8
-8.906e-02,-106,-100,-97,-95,-2,-2,-2,-0.4
-8.902e-02,-106,-108,-97,-99,-2.4,-2.8,-2,-2.8
-8.898e-02,-104,-100,-97,-95,-2.4,-2,-1.2,-0.4
-8.894e-02,-104,-108,-97,-99,-2.4,-2.8,-1.2,-2.8
-8.890e-02,-104,-100,-97,-93,-2.4,-2,-2,-0.4
-8.886e-02,-104,-108,-97,-99,-2.4,-2.8,-2,-2.8
-8.882e-02,-104,-98,-95,-93,-2.4,-2,-2,-0.4
-8.879e-02,-104,-106,-95,-97,-2.4,-2.8,-1.2,-2.8
-8.875e-02,-102,-98,-95,-93,-2.4,-2,-2,-0.4
-8.871e-02,-102,-106,-95,-97,-2.4,-2.8,-2,-2.8
-8.867e-02,-104,-98,-95,-91,-2.4,-2,-2,-1.2
-8.863e-02,-102,-106,-95,-97,-2.4,-3.2,-2,-2.8
-8.859e-02,-102,-98,-95,-91,-2.4,-2,-2,-1.2
-8.856e-02,-102,-104,-95,-95,-2.4,-3.2,-2,-2.8
-8.852e-02,-102,-96,-93,-91,-2.4,-2,-2,-1.2
-8.848e-02,-100,-104,-93,-95,-2.4,-3.2,-2,-2.8
-8.844e-02,-100,-96,-93,-89,-2.4,-2,-2,-1.2
-8.840e-02,-100,-102,-91,-93,-2.8,-3.2,-2,-2.8
-8.836e-02,-98,-94,-91,-89,-2.8,-2,-2,-1.2
-8.833e-02,-98,-102,-91,-93,-2.8,-3.2,-2,-2.8
-8.829e-02,-100,-94,-91,-89,-2.4,-2,-2,-1.2
-8.825e-02,-98,-102,-91,-93,-2.8,-3.2,-2,-2.8
-8.821e-02,-98,-92,-89,-87,-2.4,-2.4,-2,-1.2
-8.817e-02,-96,-100,-89,-91,-2.8,-3.2,-2,-2.8
-8.813e-02,-96,-92,-89,-85,-2.8,-2.4,-2,-1.2
-8.810e-02,-96,-98,-89,-91,-2.8,-3.2,-2,-2.8
-8.806e-02,-96,-90,-87,-85,-2.8,-2.4,-2,-1.2
-8.802e-02,-94,-98,-87,-89,-2.8,-3.2,-2,-2.8
-8.798e-02,-94,-90,-87,-85,-2.8,-2.4,-2,-1.2
-8.794e-02,-94,-98,-87,-89,-2.8,-3.2,-2,-3.6
-8.790e-02,-94,-88,-85,-83,-2.8,-2.4,-2.8,-1.2
-8.786e-02,-94,-96,-87,-87,-2.8,-3.2,-2,-2.8
-8.783e-02,-92,-88,-85,-83,-2.8,-2.4,-2,-1.2
-8.779e-02,-90,-96,-83,-87,-2.8,-3.2,-2,-2.8
-8.775e-02,-92,-86,-85,-81,-2.8,-2.4,-2,-1.2
-8.771e-02,-90,-94,-83,-85,-2.8,-3.2,-2,-2.8
-8.767e-02,-90,-86,-83,-79,-2.8,-2.4,-2,-1.2
-8.763e-02,-88,-92,-83,-83,-2.8,-3.2,-2,-2.8
-8.760e-02,-88,-84,-81,-79,-2.8,-2.4,-2,-1.2
-8.756e-02,-88,-90,-81,-83,-2.8,-3.6,-2,-2.8
-8.752e-02,-88,-84,-79,-77,-2.8,-2.4,-2,-1.2
-8.748e-02,-86,-90,-79,-83,-2.8,-3.2,-2,-2.8
-8.744e-02,-86,-82,-79,-77,-2.8,-2.4,-2,-1.2
-8.740e-02,-86,-88,-79,-81,-2.8,-3.2,-2,-2.8
-8.737e-02,-84,-80,-79,-75,-2.8,-2.4,-2,-1.2
-8.733e-02,-86,-88,-79,-79,-2.8,-3.2,-2,-2.8
-8.729e-02,-82,-80,-77,-73,-2.8,-2.4,-2,-1.2
-8.725e-02,-82,-86,-75,-79,-2.8,-3.2,-2,-2.8
-8.721e-02,-82,-78,-75,-73,-3.2,-2.4,-2,-1.2
-8.717e-02,-82,-84,-75,-77,-2.8,-3.6,-2,-2.8
-8.714e-02,-80,-76,-75,-73,-2.8,-2.4,-2,-1.2
-8.710e-02,-82,-84,-75,-75,-2.8,-3.6,-2,-2.8
-8.706e-02,-80,-76,-73,-71,-2.8,-2.4,-2,-1.2
-8.702e-02,-78,-82,-71,-75,-2.8,-3.6,-2,-2.8
-8.698e-02,-80,-74,-71,-69,-2.8,-2.4,-2,-1.2
-8.694e-02,-80,-80,-71,-73,-2.8,-3.2,-2,-2.8
-8.690e-02,-78,-72,-71,-67,-2.8,-2.4,-2,-1.2
-8.687e-02,-76,-80,-69,-71,-2.8,-3.6,-2,-2.8
-8.683e-02,-76,-70,-69,-65,-2.8,-2.4,-2,-1.2
-8.679e-02,-74,-78,-67,-69,-2.8,-3.6,-2,-2.8
-8.675e-02,-74,-70,-67,-65,-2.8,-2.4,-2,-1.2
-8.671e-02,-74,-76,-67,-69,-2.8,-3.6,-2,-2.8
-8.667e-02,-72,-68,-65,-63,-2.8,-2.4,-2,-1.2
-8.664e-02,-70,-74,-65,-67,-2.8,-3.2,-2,-2.8
-8.660e-02,-70,-66,-65,-61,-2.8,-2.4,-2,-1.2
-8.656e-02,-70,-72,-63,-65,-2.8,-3.6,-2,-2.8
-8.652e-02,-70,-64,-63,-59,-2.8,-2.4,-2,-1.2
-8.648e-02,-68,-70,-61,-63,-2.8,-3.6,-2,-2.8
-8.644e-02,-66,-62,-61,-57,-2.8,-2.4,-2,-1.2
-8.641e-02,-64,-68,-61,-61,-2.8,-3.2,-2,-2.8
-8.637e-02,-64,-60,-59,-55,-2.8,-2.4,-2,-1.2
-8.633e-02,-64,-66,-59,-61,-2.8,-3.2,-2,-2.8
-8.629e-02,-64,-58,-57,-53,-2.8,-2.4,-2,-1.2
-8.625e-02,-60,-64,-55,-59,-2.8,-3.2,-2,-2.8
-8.621e-02,-60,-56,-55,-51,-2.8,-2.4,-2,-1.2
-8.618e-02,-60,-62,-55,-57,-2.8,-3.2,-2,-2.8
-8.614e-02,-58,-52,-53,-49,-2.8,-2.4,-2,-1.2
-8.610e-02,-58,-60,-51,-53,-2.8,-3.6,-2,-2.8
-8.606e-02,-56,-50,-51,-47,-2.8,-2.4,-2,-1.2
-8.602e-02,-54,-56,-49,-51,-2.8,-3.2,-2,-2.8
-8.598e-02,-52,-48,-47,-45,-2.8,-2.4,-2,-1.2
-8.594e-02,-54,-56,-47,-49,-2.8,-3.2,-2,-2.8
-8.591e-02,-50,-46,-45,-43,-2.8,-2.4,-2,-1.2
-8.587e-02,-48,-52,-45,-47,-2.8,-3.2,-2,-2.8
-8.583e-02,-48,-42,-43,-39,-2.8,-2.4,-2,-1.2
-8.579e-02,-48,-50,-43,-43,-2.8,-3.2,-2,-2.8
-8.575e-02,-46,-40,-41,-37,-2.8,-2.4,-2,-0.4
-8.571e-02,-44,-46,-39,-41,-2.8,-3.2,-2,-2.8
-8.568e-02,-44,-38,-37,-35,-2.8,-2.4,-2,-1.2
-8.564e-02,-42,-44,-37,-39,-2.8,-3.2,-2,-2.8
-8.560e-02,-40,-34,-35,-31,-2.4,-2,-2,-1.2
-8.556e-02,-40,-42,-33,-37,-2.8,-3.2,-2,-2.8
-8.552e-02,-38,-32,-33,-29,-2.4,-2,-2,-0.4
-8.548e-02,-36,-38,-33,-33,-2.8,-3.2,-1.2,-2.8
-8.545e-02,-36,-30,-31,-27,-2.8,-2,-2,-0.4
-8.541e-02,-32,-36,-29,-31,-2.8,-3.2,-2,-2.8
-8.537e-02,-32,-28,-29,-25,-2.8,-2,-2,-0.4
-8.533e-02,-32,-34,-27,-29,-2.8,-3.2,-2,-2.8
-8.529e-02,-30,-24,-27,-23,-2.4,-2,-2,-0.4
-8.525e-02,-26,-32,-25,-27,-2.4,-2.8,-2,-2.8
-8.522e-02,-26,-22,-23,-19,-2.4,-2,-1.2,-0.4
-8.518e-02,-26,-28,-21,-23,-2.4,-2.8,-1.2,-2.8
-8.514e-02,-24,-20,-21,-17,-2.4,-2,-2,-0.4
-8.510e-02,-22,-26,-19,-21,-2.8,-2.8,-2,-2.8
-8.506e-02,-24,-18,-19,-15,-2.4,-2,-2,-0.4
-8.502e-02,-22,-24,-17,-19,-2.4,-2.8,-1.2,-2.8
-8.498e-02,-18,-14,-15,-13,-2.4,-2,-2,-0.4
-8.495e-02,-18,-22,-15,-17,-2.4,-2.8,-2,-2.8
-8.491e-02,-18,-12,-15,-11,-2.4,-2,-2,-0.4
-8.487e-02,-14,-20,-13,-15,-2.4,-2.8,-2,-2.8
-8.483e-02,-14,-10,-11,-9,-2.4,-2,-2,-0.4
-8.479e-02,-14,-18,-11,-13,-2.4,-2.8,-1.2,-2.8
-8.475e-02,-14,-8,-9,-7,-2.4,-1.6,-1.2,-0.4
-8.472e-02,-10,-14,-9,-11,-2,-2.8,-2,-2.8
-8.468e-02,-8,-6,-9,-5,-2,-1.6,-2,-0.4
-8.464e-02,-10,-12,-7,-9,-2.4,-2.8,-1.2,-2.8
-8.460e-02,-8,-4,-5,-3,-2,-1.6,-1.2,-0.4
-8.456e-02,-6,-10,-5,-7,-2,-2.8,-1.2,-2
-8.452e-02,-6,-8.9407e-08,-3,-1,-2,-1.6,-1.2,-0.4
-8.449e-02,-4,-8,-3,-5,-2,-2.4,-1.2,-2
-8.445e-02,-2,2,-1,1,-2,-1.6,-1.2,-0.4
-8.441e-02,-2,-6,1,-3,-2,-2.4,-1.2,-2
-8.437e-02,-8.9407e-08,4,1,5,-2,-1.6,-1.2,-0.4
-8.433e-02,-8.9407e-08,-2,1,1,-2,-2.4,-1.2,-2
-8.429e-02,2,6,3,7,-2,-1.2,-1.2,-0.4
-8.425e-02,2,-8.9407e-08,3,1,-2,-2.4,-1.2,-2
-8.422e-02,4,8,5,7,-1.6,-1.6,-2,-0.4
-8.418e-02,6,2,7,5,-2,-2.4,-2,-2
-8.414e-02,6,10,7,9,-1.6,-1.2,-1.2,-0.4
-8.410e-02,6,4,7,5,-1.6,-2.4,-1.2,-2
-8.406e-02,10,12,9,11,-1.6,-1.2,-1.2,-0.4
-8.402e-02,8,6,9,7,-1.6,-2.4,-1.2,-2
-8.399e-02,10,14,11,13,-1.6,-1.2,-1.2,0.4
-8.395e-02,12,8,11,9,-1.6,-2,-1.2,-2
-8.391e-02,12,18,13,15,-1.6,-1.2,-1.2,0.4
-8.387e-02,14,10,13,11,-2,-2,-1.2,-2
-8.383e-02,14,20,15,17,-1.6,-1.2,-1.2,0.4
-8.379e-02,14,12,15,13,-1.6,-2,-1.2,-2
-8.376e-02,18,22,17,19,-1.6,-1.2,-1.2,-0.4
-8.372e-02,18,14,19,15,-1.6,-2,-0.4,-2
-8.368e-02,18,26,19,21,-1.6,-0.8,-1.2,0.4
-8.364e-02,20,18,21,17,-1.6,-2,-1.2,-2
-8.360e-02,20,26,21,25,-1.2,-0.8,-1.2,0.4
-8.356e-02,22,20,21,19,-1.2,-1.6,-1.2,-2
-8.353e-02,24,30,21,27,-1.2,-0.8,-1.2,0.4
-8.349e-02,24,22,25,23,-1.2,-1.6,-1.2,-2
-8.345e-02,28,32,27,29,-1.2,-0.8,-1.2,0.4
-8.341e-02,26,24,27,25,-1.2,-1.6,-1.2,-2
-8.337e-02,28,34,29,31,-1.2,-0.8,-1.2,0.4
-8.333e-02,30,28,29,27,-1.2,-1.6,-0.4,-2
-8.329e-02,32,36,31,33,-1.2,-0.8,-1.2,0.4
-8.326e-02,34,30,31,29,-1.2,-1.6,-0.4,-2
-8.322e-02,32,40,31,35,-1.2,-0.4,-1.2,0.4
-8.318e-02,34,32,35,31,-1.2,-1.6,-0.4,-2
-8.314e-02,34,42,35,37,-0.8,-0.4,-1.2,0.4
-8.310e-02,36,34,35,33,-0.8,-1.6,-0.4,-2
-8.306e-02,40,44,37,39,-0.8,-0.4,-0.4,0.4
-8.303e-02,38,38,39,35,-0.8,-1.6,-1.2,-2
-8.299e-02,42,46,39,41,-0.8,-0.4,-1.2,0.4
-8.295e-02,42,40,41,37,-0.8,-1.2,-0.4,-1.2
-8.291e-02,44,48,41,43,-0.8,-0.4,-0.4,0.4
-8.287e-02,46,42,43,39,-0.8,-1.2,-0.4,-1.2
-8.283e-02,46,50,43,45,-0.8,0,-0.4,0.4
-8.280e-02,48,44,43,41,-0.4,-1.2,-0.4,-1.2
-8.276e-02,48,54,45,49,-0.8,0,-0.4,0.4
-8.272e-02,48,46,47,43,-0.8,-1.2,-0.4,-1.2
-8.268e-02,50,56,47,51,-0.4,0,-0.4,0.4
-8.264e-02,50,48,49,45,-0.4,-0.8,0.4,-1.2
-8.260e-02,54,58,49,53,-0.4,0,-0.4,1.2
-8.257e-02,54,52,51,49,-0.4,-0.8,-0.4,-1.2
-8.253e-02,56,60,51,55,-0.4,0.4,-0.4,0.4
-8.249e-02,56,54,53,49,-0.4,-0.8,-0.4,-1.2
-8.245e-02,56,62,53,55,-0.4,0,-0.4,1.2
-8.241e-02,58,56,53,51,-0.4,-0.8,-0.4,-1.2
-8.237e-02,58,64,55,57,0,0.4,-0.4,1.2
-8.233e-02,60,58,57,53,-0.4,-0.4,0.4,-1.2
-8.230e-02,62,66,57,61,0,0.4,-0.4,1.2
-8.226e-02,62,60,57,55,0,-0.8,-0.4,-1.2
-8.222e-02,64,68,59,61,0,0.4,0.4,1.2
-8.218e-02,64,62,59,57,0,-0.4,0.4,-1.2
-8.214e-02,66,70,59,63,0,0.4,0.4,1.2
-8.210e-02,66,64,61,59,0,-0.4,0.4,-1.2
-8.207e-02,68,72,63,65,0,0.4,0.4,1.2
-8.203e-02,68,66,65,61,0.4,-0.4,0.4,-1.2
-8.199e-02,70,74,65,67,0,0.4,-0.4,1.2
-8.195e-02,70,66,65,63,0.4,-0.4,0.4,-1.2
-8.191e-02,72,76,65,69,0.4,0.8,0.4,1.2
-8.187e-02,72,70,67,65,0.4,-0.4,-0.4,-0.4
-8.184e-02,74,78,67,71,0.4,0.8,0.4,1.2
-8.180e-02,74,72,69,67,0.4,0,0.4,-1.2
-8.176e-02,74,80,69,73,0.4,0.8,-0.4,1.2
-8.172e-02,76,72,69,69,0.4,0,0.4,-1.2
-8.168e-02,76,80,71,73,0.4,0.8,0.4,1.2
-8.164e-02,78,74,73,69,0.4,0,0.4,-0.4
-8.161e-02,78,82,73,75,0.4,0.8,0.4,1.2
-8.157e-02,78,76,73,71,0.4,0,0.4,-0.4
-8.153e-02,80,84,75,77,0.8,1.2,0.4,2
-8.149e-02,82,78,75,73,0.8,0.4,0.4,-0.4
-8.145e-02,82,86,75,77,0.8,1.2,0.4,1.2
-8.141e-02,82,78,77,73,0.8,0.4,0.4,-0.4
-8.137e-02,84,88,77,79,0.8,1.2,0.4,1.2
-8.134e-02,86,80,77,75,0.8,0.4,0.4,-0.4
-8.130e-02,84,88,77,81,0.8,1.2,0.4,2
-8.126e-02,88,82,79,77,0.8,0.4,1.2,-0.4
-8.122e-02,86,90,79,81,0.8,1.2,0.4,2
-8.118e-02,86,84,79,77,0.8,0.4,0.4,-0.4
-8.114e-02,88,90,79,83,0.8,1.6,1.2,2
-8.111e-02,88,84,79,79,1.2,0.4,1.2,-0.4
-8.107e-02,86,92,81,83,0.8,1.6,0.4,2
-8.103e-02,90,86,81,79,1.2,0.4,1.2,-0.4
-8.099e-02,90,94,81,85,1.2,1.6,0.4,2
-8.095e-02,90,88,83,81,1.2,0.8,0.4,-0.4
-8.091e-02,90,94,83,85,1.2,1.6,1.2,2
-8.088e-02,92,88,83,81,1.2,0.8,0.4,-0.4
-8.084e-02,92,96,85,87,1.2,1.6,1.2,2
-8.080e-02,92,90,85,83,1.2,0.8,1.2,-0.4
-8.076e-02,92,96,85,87,1.2,2,0.4,2
-8.072e-02,92,90,85,83,1.6,0.8,1.2,-0.4
-8.068e-02,94,98,87,89,1.6,2,1.2,2
-8.065e-02,94,92,87,85,1.2,0.8,0.4,0.4
-8.061e-02,94,98,87,89,1.2,2,0.4,2
-8.057e-02,96,92,87,85,1.2,1.2,0.4,0.4
-8.053e-02,98,100,89,91,1.6,2,1.2,2
-8.049e-02,98,94,89,85,1.6,1.2,1.2,0.4
-8.045e-02,96,100,89,91,1.6,2,1.2,2
-8.041e-02,98,94,89,87,1.6,1.2,1.2,0.4
-8.038e-02,98,102,89,93,1.6,2,1.2,2
-8.034e-02,98,96,89,87,1.6,1.2,1.2,0.4
-8.030e-02,100,102,91,93,1.6,2.4,1.2,2
-8.026e-02,100,96,91,89,1.6,1.2,1.2,0.4
-8.022e-02,100,104,91,93,1.6,2.4,0.4,2
-8.018e-02,100,98,91,89,1.6,1.2,1.2,0.4
-8.015e-02,100,104,93,95,2,2.4,1.2,2
-8.011e-02,104,98,93,91,2,1.6,1.2,0.4
-8.007e-02,102,106,91,95,2,2.4,1.2,2
-8.003e-02,102,98,93,91,2,1.6,1.2,0.4
-7.999e-02,102,106,93,95,2,2.4,1.2,2.8
-7.995e-02,102,100,93,91,2,1.6,1.2,0.4
-7.992e-02,104,106,95,97,2,2.4,1.2,2
-7.988e-02,104,100,93,93,2,1.6,1.2,0.4
-7.984e-02,102,108,97,97,2,2.8,1.2,2.8
-7.980e-02,102,100,95,93,2.4,1.6,1.2,0.4
-7.976e-02,104,108,95,97,2,2.8,2,2.8
-7.972e-02,104,100,95,93,2,1.6,1.2,0.4
-7.969e-02,104,108,95,97,2,2.8,2,2.8
-7.965e-02,102,102,97,93,2.4,2,1.2,0.4
-7.961e-02,104,108,95,97,2.4,2.8,2,2.8
-7.957e-02,104,100,95,93,2.4,2,1.2,0.4
-7.953e-02,104,108,95,97,2.4,2.8,2,2.8
-7.949e-02,106,102,95,93,2,2,2,0.4
-7.945e-02,106,108,97,99,2,2.8,2,2.8
-7.942e-02,104,100,97,93,2.4,2,2,0.4
-7.938e-02,106,108,95,97,2.4,2.8,2,2.8
-7.934e-02,104,100,95,93,2.8,2,2,0.4
-7.930e-02,104,108,95,97,2.8,2.8,2,2.8
-7.926e-02,104,100,95,93,2.8,2,1.2,0.4
-7.922e-02,104,108,95,97,2.4,2.8,2,2.8
-7.919e-02,102,100,95,91,2.4,2,1.2,0.4
-7.915e-02,104,106,93,97,2.8,3.2,1.2,2.8
-7.911e-02,104,98,93,91,2.4,2,1.2,1.2
-7.907e-02,102,106,93,97,2.8,3.2,2,2.8
-7.903e-02,102,98,93,91,2.8,2,2,0.4
-7.899e-02,102,106,93,95,2.8,3.2,2,2.8
-7.896e-02,102,98,93,89,2.8,2.4,2,1.2
-7.892e-02,102,106,93,95,2.8,3.2,1.2,2.8
-7.888e-02,102,98,91,89,2.8,2.4,2,1.2
-7.884e-02,102,104,91,93,2.8,3.2,2,2.8
-7.880e-02,100,96,91,89,2.8,2.4,2,1.2
-7.876e-02,100,104,89,93,2.8,3.2,2,2.8
-7.873e-02,100,96,91,87,2.8,2.4,2,1.2
-7.869e-02,98,102,89,93,2.8,3.2,2,2.8
-7.865e-02,98,94,89,87,2.8,2.4,2,1.2
-7.861e-02,100,102,89,91,2.8,3.2,2,2.8
-7.857e-02,98,94,89,87,2.8,2.4,2,1.2
-7.853e-02,98,102,89,91,2.8,3.2,2,2.8
-7.849e-02,98,94,87,85,2.8,2.4,2,1.2
-7.846e-02,96,102,87,91,2.8,3.2,2,2.8
-7.842e-02,98,92,87,85,2.8,2.4,2,1.2
-7.838e-02,96,100,87,89,2.8,3.6,2,2.8
-7.834e-02,98,92,87,83,3.2,2.4,2,1.2
-7.830e-02,94,100,85,89,3.2,3.6,2,2.8
-7.826e-02,96,90,87,83,3.2,2.4,2,1.2
-7.823e-02,94,98,85,89,3.2,3.6,2,2.8
-7.819e-02,94,90,85,81,3.2,2.4,2,1.2
-7.815e-02,94,98,83,87,2.8,3.6,2.8,2.8
-7.811e-02,94,88,83,81,2.8,2.4,2,1.2
-7.807e-02,92,96,83,85,2.8,3.6,2,2.8
-7.803e-02,92,88,83,79,3.2,2.4,2,1.2
-7.800e-02,92,96,83,85,2.8,3.6,1.2,3.6
-7.796e-02,90,86,81,79,3.2,2.4,2,1.2
-7.792e-02,90,94,81,83,2.8,3.6,2,2.8
-7.788e-02,90,86,81,77,3.2,2.4,2,1.2
-7.784e-02,90,92,81,83,2.8,3.6,1.2,2.8
-7.780e-02,90,84,79,77,3.2,2.8,2,1.2
-7.776e-02,88,92,79,81,3.2,3.6,2,2.8
-7.773e-02,88,84,79,75,3.2,2.8,2,1.2
-7.769e-02,88,92,77,81,3.2,3.6,2.8,2.8
-7.765e-02,86,82,77,75,3.2,2.8,2,1.2
-7.761e-02,86,90,77,79,3.2,3.6,2,2.8
-7.757e-02,84,80,77,73,3.2,2.8,2,1.2
-7.753e-02,84,88,75,79,3.2,3.6,2,2.8
-7.750e-02,84,80,75,71,3.2,2.8,2,1.2
-7.746e-02,84,88,75,77,3.2,3.6,2,2.8
-7.742e-02,84,80,75,71,3.2,2.8,2,1.2
-7.738e-02,84,86,73,77,3.2,3.6,2,2.8
-7.734e-02,82,78,73,69,3.2,2.8,2,1.2
-7.730e-02,82,86,73,75,3.2,3.6,2,3.6
-7.727e-02,82,76,71,69,3.2,2.8,2,1.2
-7.723e-02,78,84,71,73,3.2,3.6,2,2.8
-7.719e-02,80,76,71,67,3.2,2.8,2,1.2
-7.715e-02,80,84,69,73,3.2,3.6,2,3.6
-7.711e-02,78,74,69,65,3.2,2.8,2,1.2
-7.707e-02,78,82,69,71,3.2,3.6,2,3.6
-7.704e-02,76,72,69,63,3.2,2.8,2,1.2
-7.700e-02,74,80,67,69,3.2,3.6,2,2.8
-7.696e-02,74,70,67,63,3.2,2.8,2,1.2
-7.692e-02,76,78,65,69,3.2,3.6,2,2.8
-7.688e-02,74,70,65,61,3.2,2.8,2,1.2
-7.684e-02,72,78,63,67,3.2,3.6,2,2.8
-7.680e-02,72,68,63,59,3.2,2.8,2,1.2
-7.677e-02,70,76,63,65,3.2,3.6,2,3.6
-7.673e-02,70,66,63,59,3.2,2.8,2.8,1.2
-7.669e-02,72,74,61,63,3.2,3.6,2,2.8
-7.665e-02,70,64,61,57,3.2,2.8,2,1.2
-7.661e-02,68,72,59,63,3.6,3.6,2.8,2.8
-7.657e-02,68,62,59,55,3.2,2.8,2,1.2
-7.654e-02,66,70,57,61,3.2,3.6,2,2.8
-7.650e-02,64,60,57,53,3.2,2.8,2,1.2
-7.646e-02,64,68,57,59,3.6,3.6,2,2.8
-7.642e-02,62,58,55,51,3.6,2.8,2,1.2
-7.638e-02,62,66,55,57,3.2,3.6,2,2.8
-7.634e-02,60,56,53,49,3.2,2.8,2,1.2
-7.631e-02,60,64,53,55,3.6,3.6,2,3.6
-7.627e-02,60,54,51,47,3.2,2.8,2,1.2
-7.623e-02,58,62,51,53,3.2,3.6,2,2.8
-7.619e-02,56,52,49,45,3.2,2.8,2,1.2
-7.615e-02,54,60,47,51,3.2,3.6,2,2.8
-7.611e-02,54,48,49,43,3.2,2.8,2,1.2
-7.608e-02,54,58,47,49,3.2,3.6,2,2.8
-7.604e-02,54,46,45,39,3.2,2.8,1.2,1.2
-7.600e-02,52,54,43,47,3.2,3.6,1.2,2.8
-7.596e-02,50,44,43,37,3.2,2.8,2.8,1.2
-7.592e-02,48,52,41,45,3.2,3.6,2,2.8
-7.588e-02,46,40,39,35,3.2,2.8,2,1.2
-7.584e-02,44,50,39,43,3.2,3.6,2,2.8
-7.581e-02,44,38,37,33,3.2,2.4,2,1.2
-7.577e-02,44,48,37,39,3.2,3.6,2,2.8
-7.573e-02,42,34,35,31,3.2,2.4,2,1.2
-7.569e-02,42,44,33,37,2.8,3.6,2,2.8
-7.565e-02,38,32,33,29,2.8,2.4,2,1.2
-7.561e-02,38,42,31,35,3.2,3.6,2,2.8
-7.558e-02,36,30,29,25,3.2,2.4,2,1.2
-7.554e-02,34,40,27,33,2.8,3.2,2,2.8
-7.550e-02,32,28,29,23,2.8,2.4,1.2,1.2
-7.546e-02,32,36,27,29,3.2,3.2,2,2.8
-7.542e-02,30,24,25,21,2.8,2.4,2,0.4
-7.538e-02,28,34,25,27,2.8,3.6,1.2,2.8
-7.535e-02,28,22,23,19,3.2,2.4,2,1.2
-7.531e-02,26,32,21,25,2.8,3.2,1.2,2.8
-7.527e-02,24,20,21,15,2.8,2.4,2,1.2
-7.523e-02,24,30,19,23,2.4,3.2,2,2.8
-7.519e-02,22,18,17,13,2.8,2.4,1.2,1.2
-7.515e-02,22,26,17,19,2.8,3.2,2,2.8
-7.512e-02,20,16,17,11,2.8,2.4,2,0.4
-7.508e-02,18,24,15,19,2.4,3.2,2,2.8
-7.504e-02,16,12,13,9,2.8,2,2,0.4
-7.500e-02,16,22,13,15,2.8,3.2,2,2.8
-7.496e-02,16,10,11,7,2.8,2,1.2,0.4
-7.492e-02,16,20,9,13,2.8,3.2,2,2.8
-7.488e-02,14,8,9,5,2.8,2,2,0.4
-7.485e-02,12,18,7,11,2.8,3.2,2,2.8
-7.481e-02,10,6,7,3,2.4,2,2,0.4
-7.477e-02,8,14,5,9,2.4,3.2,2,2.8
-7.473e-02,8,2,5,1,2.4,2,2,0.4
-7.469e-02,8,12,3,7,2.4,2.8,1.2,2.8
-7.465e-02,8,-8.9407e-08,3,-1,2.4,2,1.2,0.4
-7.462e-02,6,10,1,5,2.4,2.8,1.2,2.8
-7.458e-02,4,-2,1,-3,2.4,2,1.2,0.4
-7.454e-02,4,8,-1,3,2.4,2.8,1.2,2.8
-7.450e-02,-8.9407e-08,-4,-1,-7,2.4,2,2,0.4
-7.446e-02,-8.9407e-08,4,-3,1,2.4,2.8,1.2,2.8
-7.442e-02,-2,-6,-3,-7,2.4,2,1.2,0.4
-7.439e-02,-2,2,-5,-1,2.4,2.8,1.2,2.8
-7.435e-02,-4,-8,-7,-9,2.4,1.6,1.2,0.4
-7.431e-02,-4,-8.9407e-08,-7,-3,2.4,2.8,1.2,2.8
-7.427e-02,-4,-10,-7,-11,2.4,1.6,1.2,0.4
-7.423e-02,-6,-2,-9,-7,2.4,2.8,1.2,2
-7.419e-02,-8,-12,-9,-13,2,1.6,1.2,0.4
-7.416e-02,-8,-4,-11,-7,2,2.8,1.2,2.8
-7.412e-02,-10,-14,-11,-15,2,1.6,1.2,0.4
-7.408e-02,-12,-6,-13,-9,2,2.4,1.2,2
-7.404e-02,-12,-16,-15,-17,2,1.6,1.2,0.4
-7.400e-02,-14,-8,-15,-11,2,2.4,0.4,2
-7.396e-02,-16,-18,-17,-19,2,1.6,1.2,0.4
-7.392e-02,-16,-10,-17,-13,2,2.4,1.2,2
-7.389e-02,-16,-22,-17,-21,2,1.2,0.4,0.4
-7.385e-02,-18,-12,-19,-15,2,2.4,1.2,2
-7.381e-02,-18,-24,-19,-23,1.6,1.2,1.2,0.4
-7.377e-02,-20,-14,-21,-17,2,2.4,1.2,2
-7.373e-02,-22,-26,-23,-27,1.6,1.2,1.2,0.4
-7.369e-02,-22,-18,-23,-19,2,2.4,1.2,2
-7.366e-02,-24,-28,-25,-29,1.6,1.2,1.2,-0.4
-7.362e-02,-24,-20,-25,-23,1.6,2,1.2,2
-7.358e-02,-26,-32,-27,-31,1.6,1.2,1.2,0.4
-7.354e-02,-28,-22,-27,-25,1.6,2,1.2,2
-7.350e-02,-30,-34,-29,-33,1.6,1.2,1.2,-0.4
-7.346e-02,-30,-24,-31,-27,1.6,2,1.2,2
-7.343e-02,-32,-36,-31,-35,1.6,1.2,1.2,-0.4
-7.339e-02,-32,-28,-33,-29,1.2,2,0.4,2
-7.335e-02,-34,-40,-35,-37,1.6,0.8,0.4,-0.4
-7.331e-02,-34,-30,-35,-31,1.2,2,1.2,2
-7.327e-02,-34,-42,-35,-41,1.6,0.8,0.4,-0.4
-7.323e-02,-36,-32,-37,-33,1.6,2,0.4,2
-7.320e-02,-40,-44,-37,-43,1.2,0.8,0.4,-0.4
-7.316e-02,-38,-34,-39,-35,1.2,1.6,1.2,2
-7.312e-02,-40,-46,-41,-43,1.2,0.8,0.4,-0.4
-7.308e-02,-40,-38,-41,-37,1.2,1.6,0.4,2
-7.304e-02,-44,-48,-41,-47,1.2,0.8,0.4,-0.4
-7.300e-02,-46,-40,-43,-41,1.2,1.6,0.4,2
-7.296e-02,-46,-52,-45,-49,1.2,0.4,0.4,-0.4
-7.293e-02,-46,-42,-45,-43,0.8,1.6,0.4,2
-7.289e-02,-50,-54,-47,-51,1.2,0.4,0.4,-0.4
-7.285e-02,-48,-44,-47,-45,0.8,1.6,0.4,2
-7.281e-02,-50,-56,-49,-53,0.8,0.4,0.4,-0.4
-7.277e-02,-52,-46,-49,-47,0.8,1.2,0.4,1.2
-7.273e-02,-52,-58,-51,-55,0.8,0.4,0.4,-0.4
-7.270e-02,-54,-48,-53,-49,0.8,1.2,0.4,1.2
-7.266e-02,-56,-60,-53,-57,0.8,0.4,0.4,-0.4
-7.262e-02,-54,-52,-53,-51,0.8,1.2,0.4,1.2
-7.258e-02,-56,-62,-55,-59,0.8,0,0.4,-0.4
-7.254e-02,-58,-54,-55,-53,0.8,1.2,0.4,1.2
-7.250e-02,-62,-64,-57,-61,0.4,0,0.4,-0.4
-7.247e-02,-60,-56,-59,-55,0.8,1.2,0.4,1.2
-7.243e-02,-60,-66,-59,-63,0.4,0,0.4,-0.4
-7.239e-02,-62,-58,-59,-57,0.4,1.2,0.4,1.2
-7.235e-02,-62,-68,-61,-65,0.4,0,0.4,-1.2
-7.231e-02,-64,-60,-61,-59,0.8,0.8,-0.4,1.2
-7.227e-02,-66,-70,-63,-67,0.4,0,0.4,-1.2
-7.224e-02,-68,-62,-65,-61,0.4,0.8,0.4,1.2
-7.220e-02,-66,-72,-65,-69,0.4,-0.4,0.4,-1.2
-7.216e-02,-68,-64,-67,-63,0.4,0.8,-0.4,1.2
-7.212e-02,-70,-74,-67,-71,0.4,-0.4,0.4,-1.2
-7.208e-02,-70,-66,-67,-63,0.4,0.8,0.4,1.2
-7.204e-02,-72,-76,-67,-71,0.4,-0.4,-0.4,-1.2
-7.200e-02,-70,-68,-69,-65,0,0.4,-0.4,1.2
-7.197e-02,-72,-78,-71,-73,0,-0.4,-0.4,-1.2
-7.193e-02,-74,-70,-71,-67,0,0.4,-0.4,1.2
-7.189e-02,-76,-80,-73,-75,0,-0.8,-0.4,-1.2
-7.185e-02,-76,-72,-73,-69,0.4,0.4,-0.4,1.2
-7.181e-02,-78,-82,-73,-77,0,-0.4,-0.4,-1.2
-7.177e-02,-80,-74,-75,-71,-0.4,0.4,-0.4,1.2
-7.174e-02,-80,-84,-75,-79,0,-0.8,-0.4,-1.2
-7.170e-02,-78,-76,-77,-73,0,0.4,-0.4,1.2
-7.166e-02,-82,-84,-77,-81,0,-0.8,-0.4,-1.2
-7.162e-02,-80,-76,-77,-75,-0.4,0.4,-0.4,0.4
-7.158e-02,-80,-86,-77,-81,0,-0.8,-0.4,-1.2
-7.154e-02,-82,-78,-79,-77,-0.4,0.4,-0.4,0.4
-7.151e-02,-84,-88,-79,-83,-0.4,-0.8,-0.4,-1.2
-7.147e-02,-84,-80,-81,-77,-0.4,0,-0.4,0.4
-7.143e-02,-84,-90,-81,-83,-0.4,-0.8,-0.4,-1.2
-7.139e-02,-84,-82,-81,-79,-0.4,0,-0.4,0.4
-7.135e-02,-86,-90,-81,-85,-0.4,-1.2,-1.2,-1.2
-7.131e-02,-86,-82,-83,-79,-0.4,0,-1.2,0.4
-7.127e-02,-88,-92,-83,-87,-0.4,-1.2,-0.4,-1.2
-7.124e-02,-86,-84,-83,-81,-0.4,0,-0.4,0.4
-7.120e-02,-88,-94,-83,-87,-0.4,-1.2,-0.4,-2
-7.116e-02,-88,-86,-85,-81,-0.8,0,-1.2,0.4
-7.112e-02,-90,-94,-85,-89,-0.8,-1.2,-0.4,-2
-7.108e-02,-90,-86,-85,-83,-0.8,-0.4,-0.4,0.4
-7.104e-02,-90,-96,-85,-89,-0.8,-1.2,-1.2,-2
-7.101e-02,-92,-88,-87,-85,-1.2,-0.4,-1.2,0.4
-7.097e-02,-94,-98,-87,-91,-0.8,-1.2,-1.2,-2
-7.093e-02,-92,-88,-89,-85,-0.8,-0.4,-0.4,0.4
-7.089e-02,-94,-98,-89,-91,-0.8,-1.6,-1.2,-2
-7.085e-02,-94,-90,-87,-87,-0.8,-0.4,-1.2,0.4
-7.081e-02,-94,-100,-89,-93,-0.8,-1.6,-1.2,-2
-7.078e-02,-96,-92,-91,-87,-1.2,-0.4,-1.2,0.4
-7.074e-02,-96,-100,-91,-93,-1.2,-1.6,-1.2,-2
-7.070e-02,-96,-92,-91,-87,-1.2,-0.8,-1.2,0.4
-7.066e-02,-98,-102,-91,-93,-1.2,-1.6,-1.2,-2
-7.062e-02,-98,-92,-91,-89,-1.2,-0.8,-1.2,0.4
-7.058e-02,-98,-102,-93,-95,-1.2,-1.6,-1.2,-2
-7.055e-02,-98,-94,-93,-89,-1.2,-0.8,-1.2,0.4
-7.051e-02,-98,-104,-93,-95,-1.6,-1.6,-1.2,-2
-7.047e-02,-100,-96,-93,-91,-1.2,-0.8,-1.2,-0.4
-7.043e-02,-98,-104,-93,-97,-1.2,-1.6,-0.4,-2
-7.039e-02,-100,-96,-93,-91,-1.2,-0.8,-1.2,0.4
-7.035e-02,-102,-106,-93,-97,-1.6,-2,-1.2,-2
-7.031e-02,-102,-98,-95,-91,-1.6,-0.8,-1.2,-0.4
-7.028e-02,-104,-106,-95,-99,-1.2,-2,-1.2,-2
-7.024e-02,-104,-98,-95,-93,-1.6,-1.2,-1.2,-0.4
-7.020e-02,-104,-108,-95,-99,-1.6,-2,-1.2,-2
-7.016e-02,-102,-100,-97,-93,-1.6,-1.2,-1.2,-0.4
-7.012e-02,-104,-108,-97,-99,-1.6,-2,-1.2,-2
-7.008e-02,-104,-100,-97,-95,-1.6,-1.2,-1.2,-0.4
-7.005e-02,-106,-108,-97,-101,-1.6,-2,-2,-2
-7.001e-02,-106,-100,-99,-95,-1.6,-1.2,-1.2,-0.4
-6.997e-02,-106,-110,-99,-101,-1.6,-2.4,-1.2,-2
-6.993e-02,-106,-102,-97,-95,-1.6,-1.2,-1.2,-0.4
-6.989e-02,-106,-110,-99,-101,-2,-2.4,-1.2,-2.8
-6.985e-02,-106,-102,-99,-97,-1.6,-1.2,-2,-0.4
-6.982e-02,-106,-110,-99,-101,-2,-2.4,-1.2,-2
-6.978e-02,-108,-102,-99,-97,-1.6,-1.6,-1.2,-0.4
-6.974e-02,-106,-110,-101,-103,-2,-2.4,-1.2,-2.8
-6.970e-02,-108,-102,-99,-97,-2,-1.6,-1.2,-0.4
-6.966e-02,-108,-110,-101,-103,-2,-2.4,-1.2,-2.8
-6.962e-02,-108,-104,-99,-97,-2,-1.6,-1.2,-0.4
-6.959e-02,-108,-112,-101,-103,-2,-2.4,-2,-2.8
-6.955e-02,-108,-104,-101,-97,-2,-1.6,-2,-0.4
-6.951e-02,-106,-112,-99,-103,-2,-2.4,-2,-2.8
-6.947e-02,-108,-104,-99,-97,-2,-1.6,-1.2,-0.4
-6.943e-02,-108,-110,-101,-103,-2,-2.4,-1.2,-2.8
-6.939e-02,-108,-102,-99,-97,-2,-1.6,-1.2,-0.4
-6.935e-02,-106,-112,-99,-101,-2,-2.8,-2,-2.8
-6.932e-02,-108,-102,-99,-97,-2,-1.6,-2,-0.4
-6.928e-02,-106,-110,-99,-101,-2,-2.8,-1.2,-2.8
-6.924e-02,-106,-102,-99,-97,-2.4,-1.6,-2,-0.4
-6.920e-02,-108,-110,-99,-101,-2,-2.8,-1.2,-2.8
-6.916e-02,-106,-102,-99,-95,-2,-1.6,-1.2,-0.4
-6.912e-02,-106,-110,-99,-101,-2,-2.8,-1.2,-2.8
-6.909e-02,-106,-102,-99,-95,-2.4,-2,-2,-0.4
-6.905e-02,-104,-108,-97,-99,-2.4,-2.8,-1.2,-2.8
-6.901e-02,-106,-100,-97,-95,-2.4,-2,-2,-0.4
-6.897e-02,-104,-108,-97,-99,-2.4,-2.8,-1.2,-2.8
-6.893e-02,-104,-100,-97,-95,-2.4,-2,-2,-0.4
-6.889e-02,-106,-108,-97,-99,-2.4,-2.8,-1.2,-2.8
-6.886e-02,-104,-100,-97,-93,-2.4,-2,-2,-0.4
-6.882e-02,-102,-106,-95,-97,-2.4,-2.8,-2,-2.8
-6.878e-02,-104,-98,-97,-93,-2.4,-2,-1.2,-1.2
-6.874e-02,-104,-106,-95,-97,-2.4,-2.8,-2,-2.8
-6.870e-02,-102,-98,-95,-91,-2.4,-2,-2,-1.2
-6.866e-02,-102,-106,-95,-97,-2.8,-3.2,-2,-2.8
-6.863e-02,-100,-98,-93,-91,-2.8,-2,-2,-0.4
-6.859e-02,-100,-104,-93,-95,-2.4,-2.8,-2,-2.8
-6.855e-02,-102,-96,-93,-91,-2.4,-2,-2,-0.4
-6.851e-02,-102,-104,-93,-95,-2.4,-3.2,-2,-2.8
-6.847e-02,-102,-96,-93,-91,-2.4,-2,-2,-1.2
-6.843e-02,-100,-104,-93,-95,-2.4,-3.2,-2,-2.8
-6.839e-02,-98,-94,-91,-89,-2.4,-2,-2.8,-1.2
-6.836e-02,-98,-102,-91,-93,-2.8,-3.2,-2,-2.8
-6.832e-02,-98,-94,-91,-89,-2.4,-2.4,-2,-1.2
-6.828e-02,-98,-102,-89,-93,-2.8,-3.2,-2,-2.8
-6.824e-02,-98,-94,-91,-87,-2.8,-2.4,-2,-1.2
-6.820e-02,-96,-100,-89,-93,-2.4,-3.2,-2,-2.8
-6.816e-02,-96,-92,-89,-87,-2.4,-2.4,-2,-0.4
-6.813e-02,-98,-100,-89,-91,-2.8,-3.2,-2,-2.8
-6.809e-02,-96,-92,-87,-85,-2.8,-2.4,-2,-1.2
-6.805e-02,-96,-98,-89,-89,-2.8,-3.2,-2,-2.8
-6.801e-02,-94,-90,-89,-85,-2.8,-2.4,-2,-1.2
-6.797e-02,-94,-98,-87,-89,-2.8,-3.2,-2,-2.8
-6.793e-02,-92,-90,-85,-83,-2.4,-2.4,-2.8,-1.2
-6.790e-02,-94,-96,-85,-87,-2.8,-3.2,-2,-2.8
-6.786e-02,-94,-88,-85,-83,-2.8,-2.4,-2,-1.2
-6.782e-02,-92,-96,-85,-87,-2.8,-3.2,-2,-2.8
-6.778e-02,-92,-88,-83,-81,-2.8,-2.4,-2,-1.2
-6.774e-02,-90,-94,-83,-85,-2.8,-3.2,-2,-2.8
-6.770e-02,-90,-86,-83,-81,-2.8,-2.4,-2,-1.2
-6.767e-02,-90,-94,-83,-85,-2.8,-3.2,-2,-2.8
-6.763e-02,-88,-86,-81,-79,-2.8,-2.4,-2.8,-1.2
-6.759e-02,-88,-92,-81,-83,-2.8,-3.2,-2,-2.8
-6.755e-02,-88,-84,-81,-79,-2.8,-2.4,-2,-1.2
-6.751e-02,-84,-90,-81,-83,-2.8,-3.2,-2,-2.8
-6.747e-02,-86,-82,-79,-77,-2.8,-2.4,-2,-1.2
-6.743e-02,-88,-90,-79,-81,-2.8,-3.2,-2,-2.8
-6.740e-02,-84,-82,-79,-75,-2.8,-2.4,-2,-1.2
-6.736e-02,-84,-88,-79,-81,-2.8,-3.2,-2,-2.8
-6.732e-02,-82,-80,-77,-75,-2.8,-2.4,-2,-1.2
-6.728e-02,-84,-86,-77,-79,-2.8,-3.6,-2,-2.8
-6.724e-02,-84,-80,-77,-73,-3.2,-2.4,-2,-1.2
-6.720e-02,-84,-86,-75,-77,-2.8,-3.6,-2,-2.8
-6.717e-02,-82,-78,-75,-73,-2.8,-2.4,-2,-1.2
-6.713e-02,-82,-84,-75,-77,-2.8,-3.2,-2,-2.8
-6.709e-02,-82,-76,-73,-71,-2.8,-2.4,-2,-1.2
-6.705e-02,-80,-82,-73,-75,-2.4,-3.2,-2,-2.8
-6.701e-02,-80,-74,-73,-69,-2.8,-2.4,-2,-1.2
-6.697e-02,-78,-82,-71,-73,-2.8,-3.6,-2,-3.6
-6.694e-02,-78,-74,-71,-67,-2.8,-2.4,-2,-1.2
-6.690e-02,-78,-80,-71,-73,-2.8,-3.6,-2,-2.8
-6.686e-02,-76,-72,-69,-67,-2.8,-2.4,-2,-1.2
-6.682e-02,-76,-78,-69,-71,-2.8,-3.6,-2,-2.8
-6.678e-02,-76,-70,-67,-65,-2.8,-2.4,-2,-1.2
-6.674e-02,-74,-78,-67,-69,-2.8,-3.6,-2,-2.8
-6.671e-02,-74,-68,-67,-63,-2.8,-2.4,-2,-1.2
-6.667e-02,-72,-76,-65,-69,-2.8,-3.2,-2,-2.8
-6.663e-02,-70,-68,-65,-63,-3.2,-2.4,-2,-1.2
-6.659e-02,-72,-74,-65,-67,-2.8,-3.2,-2.8,-2.8
-6.655e-02,-70,-64,-63,-61,-2.8,-2.4,-2,-1.2
-6.651e-02,-68,-72,-63,-65,-2.8,-3.2,-2,-2.8
-6.647e-02,-68,-62,-61,-59,-2.8,-2.4,-2,-1.2
-6.644e-02,-66,-70,-61,-63,-2.8,-3.6,-2,-2.8
-6.640e-02,-66,-60,-61,-57,-2.8,-2.4,-2,-1.2
-6.636e-02,-64,-68,-59,-61,-2.8,-3.2,-2,-2.8
-6.632e-02,-64,-58,-57,-55,-2.8,-2.4,-2.8,-1.2
-6.628e-02,-62,-66,-57,-59,-2.8,-3.2,-2,-2.8
-6.624e-02,-60,-56,-57,-53,-2.8,-2.4,-2,-1.2
-6.621e-02,-60,-62,-55,-57,-2.8,-3.2,-2.8,-2.8
-6.617e-02,-58,-54,-53,-51,-2.8,-2.4,-2,-1.2
-6.613e-02,-58,-60,-53,-55,-2.8,-3.2,-2.8,-2.8
-6.609e-02,-54,-52,-51,-49,-2.8,-2.4,-2,-1.2
-6.605e-02,-56,-58,-49,-53,-2.8,-3.2,-2,-2.8
-6.601e-02,-54,-48,-49,-45,-2.8,-2.4,-1.2,-1.2
-6.598e-02,-52,-56,-47,-49,-2.4,-3.2,-2,-2.8
-6.594e-02,-50,-46,-47,-43,-2.8,-2.4,-2,-1.2
-6.590e-02,-50,-54,-45,-47,-2.8,-3.2,-2.8,-2.8
-6.586e-02,-50,-44,-45,-41,-2.8,-2.4,-2,-1.2
-6.582e-02,-48,-50,-43,-45,-2.8,-3.2,-2,-2.8
-6.578e-02,-46,-42,-41,-39,-2.8,-2,-2,-1.2
-6.575e-02,-46,-48,-39,-41,-2.8,-3.2,-2,-2.8
-6.571e-02,-44,-38,-39,-35,-2.8,-2.4,-2,-1.2
-6.567e-02,-40,-44,-37,-39,-2.8,-3.2,-2,-2.8
-6.563e-02,-42,-36,-37,-33,-2.8,-2,-2,-1.2
-6.559e-02,-40,-42,-35,-37,-2.8,-3.2,-2,-2.8
-6.555e-02,-40,-34,-35,-31,-2.4,-2.4,-2,-0.4
-6.551e-02,-38,-40,-33,-35,-2.8,-3.2,-2,-2.8
-6.548e-02,-36,-30,-31,-29,-2.4,-2,-2.8,-0.4
-6.544e-02,-36,-38,-31,-33,-2.8,-3.2,-2,-2.8
-6.540e-02,-32,-28,-29,-25,-2.4,-2,-2,-0.4
-6.536e-02,-32,-36,-27,-29,-2.4,-3.2,-1.2,-2.8
-6.532e-02,-28,-26,-27,-23,-2.4,-2,-2,-0.4
-6.528e-02,-28,-32,-25,-27,-2.4,-2.8,-2,-2.8
-6.525e-02,-28,-22,-25,-21,-2.4,-2,-2,-0.4
-6.521e-02,-26,-30,-23,-25,-2.4,-2.8,-2,-2.8
-6.517e-02,-24,-20,-23,-19,-2.4,-2,-2,-0.4
-6.513e-02,-24,-28,-21,-23,-2.4,-2.8,-2,-2.8
-6.509e-02,-24,-18,-19,-17,-2.4,-2,-2,-0.4
-6.505e-02,-22,-24,-17,-21,-2.4,-2.8,-2,-2.8
-6.502e-02,-22,-16,-19,-15,-2.4,-2,-2,-0.4
-6.498e-02,-20,-22,-17,-17,-2.4,-2.8,-1.2,-2.8
-6.494e-02,-18,-14,-15,-13,-2.4,-2,-2,-0.4
-6.490e-02,-18,-20,-15,-17,-2,-2.8,-2,-2.8
-6.486e-02,-16,-12,-13,-11,-2.4,-2,-2,-0.4
-6.482e-02,-16,-18,-13,-13,-2.4,-2.8,-2,-2.8
-6.478e-02,-14,-10,-11,-7,-2,-2,-1.2,-0.4
-6.475e-02,-10,-16,-9,-11,-2.4,-2.8,-2,-2.8
-6.471e-02,-12,-6,-9,-5,-2.4,-2,-2,-0.4
-6.467e-02,-10,-14,-7,-9,-2,-2.8,-2,-2.8
-6.463e-02,-10,-4,-7,-3,-2,-1.6,-1.2,-0.4
-6.459e-02,-8,-10,-5,-7,-2,-2.8,-2,-2.8
-6.455e-02,-8,-2,-3,-1,-2,-1.6,-1.2,-0.4
-6.452e-02,-4,-8,-3,-5,-2,-2.8,-1.2,-2.8
-6.448e-02,-4,-8.9407e-08,-3,1,-2,-1.6,-1.2,-0.4
-6.444e-02,-2,-6,-1,-3,-2,-2.4,-2,-2
-6.440e-02,-2,4,-1,3,-2,-1.6,-1.2,-0.4
-6.436e-02,-2,-4,-1,-1,-2,-2.4,-1.2,-2
-6.432e-02,-8.9407e-08,6,3,5,-2,-1.6,-1.2,-0.4
-6.429e-02,2,-2,3,1,-2,-2.4,-1.2,-2
-6.425e-02,4,8,3,7,-1.6,-1.6,-1.2,-0.4
-6.421e-02,4,-8.9407e-08,5,3,-1.6,-2.4,-1.2,-2
-6.417e-02,6,10,7,9,-1.6,-1.6,-2,-0.4
-6.413e-02,6,2,7,5,-2,-2.4,-1.2,-2
-6.409e-02,8,12,9,11,-1.6,-1.2,-1.2,-0.4
-6.406e-02,8,6,9,7,-1.6,-2.4,-1.2,-2
-6.402e-02,10,14,11,13,-1.6,-1.2,-1.2,-0.4
-6.398e-02,10,8,11,9,-1.6,-2,-0.4,-2
-6.394e-02,12,16,11,15,-1.6,-1.2,-1.2,-0.4
-6.390e-02,12,10,13,11,-1.6,-2,-1.2,-2
-6.386e-02,14,18,13,17,-1.6,-1.2,-1.2,-0.4
-6.382e-02,16,12,15,13,-1.6,-2,-1.2,-2
-6.379e-02,16,22,17,19,-1.6,-1.2,-1.2,0.4
-6.375e-02,16,14,17,15,-1.2,-2,-1.2,-2
-6.371e-02,18,22,19,21,-1.2,-1.2,-1.2,0.4
-6.367e-02,20,16,19,17,-1.2,-2,-1.2,-2
-6.363e-02,20,26,21,23,-1.6,-0.8,-1.2,0.4
-6.359e-02,22,18,23,19,-1.6,-2,-1.2,-2
-6.356e-02,24,28,23,25,-1.6,-0.8,-1.2,0.4
-6.352e-02,24,22,23,21,-1.2,-1.6,-0.4,-2
-6.348e-02,24,30,25,27,-1.2,-0.8,-1.2,0.4
-6.344e-02,26,24,25,23,-1.2,-1.6,-1.2,-2
-6.340e-02,28,34,27,31,-1.2,-0.8,-1.2,0.4
-6.336e-02,28,26,27,27,-1.2,-1.6,-1.2,-2
-6.333e-02,30,36,29,33,-1.2,-0.8,-0.4,0.4
-6.329e-02,32,28,31,29,-1.2,-1.6,-0.4,-2
-6.325e-02,34,38,31,35,-1.2,-0.8,-1.2,0.4
-6.321e-02,32,32,33,31,-1.2,-1.6,-1.2,-2
-6.317e-02,36,40,33,37,-1.2,-0.4,-1.2,0.4
-6.313e-02,38,34,35,33,-1.2,-1.6,-1.2,-2
-6.310e-02,38,42,37,39,-0.8,-0.4,-1.2,0.4
-6.306e-02,38,36,35,35,-0.8,-1.2,-1.2,-2
-6.302e-02,40,44,39,41,-0.8,-0.4,-0.4,0.4
-6.298e-02,40,38,39,37,-1.2,-1.2,-0.4,-1.2
-6.294e-02,44,48,39,43,-0.8,-0.4,-0.4,0.4
-6.290e-02,44,40,41,39,-0.8,-1.2,-0.4,-1.2
-6.286e-02,46,50,43,45,-0.4,-0.4,-0.4,0.4
-6.283e-02,48,44,45,41,-0.8,-1.2,-0.4,-1.2
-6.279e-02,46,52,45,47,-0.8,-0.4,-0.4,0.4
-6.275e-02,48,46,45,43,-0.8,-1.2,-0.4,-1.2
-6.271e-02,50,54,45,49,-0.4,0,-0.4,0.4
-6.267e-02,52,48,47,45,-0.8,-1.2,-0.4,-1.2
-6.263e-02,52,56,47,51,-0.4,0,-0.4,0.4
-6.260e-02,52,50,49,47,-0.4,-0.8,0.4,-1.2
-6.256e-02,54,58,51,53,-0.4,0,-0.4,0.4
-6.252e-02,56,52,51,49,-0.4,-0.8,-0.4,-1.2
-6.248e-02,56,60,53,55,-0.4,0.4,-0.4,1.2
-6.244e-02,58,54,53,51,-0.4,-0.8,-0.4,-1.2
-6.240e-02,58,62,55,57,0,0.4,-0.4,1.2
-6.237e-02,60,56,55,53,0,-0.8,-0.4,-1.2
-6.233e-02,60,66,57,59,0,0.4,0.4,1.2
-6.229e-02,62,58,57,55,0,-0.8,0.4,-1.2
-6.225e-02,64,68,59,61,-0.4,0.4,-0.4,1.2
-6.221e-02,62,60,59,57,-0.4,-0.4,-0.4,-1.2
-6.217e-02,64,70,61,63,0,0.4,-0.4,1.2
-6.214e-02,66,64,61,59,0,-0.4,0.4,-1.2
-6.210e-02,68,72,63,65,0,0.4,-0.4,1.2
-6.206e-02,66,64,63,61,0.4,-0.4,0.4,-1.2
-6.202e-02,70,74,65,67,0.4,0.8,-0.4,1.2
-6.198e-02,72,68,65,63,0.4,-0.4,0.4,-0.4
-6.194e-02,70,76,65,69,0,0.8,-0.4,1.2
-6.190e-02,72,70,67,63,0.4,-0.4,0.4,-0.4
-6.187e-02,74,76,67,69,0.4,0.8,0.4,1.2
-6.183e-02,74,70,69,65,0.4,0,0.4,-0.4
-6.179e-02,76,78,69,71,0.8,0.8,0.4,1.2
-6.175e-02,74,72,69,67,0.4,0,0.4,-0.4
-6.171e-02,78,80,71,73,0.8,0.8,0.4,1.2
-6.167e-02,78,74,71,69,0.4,0,0.4,-0.4
-6.164e-02,78,82,71,75,0.4,1.2,0.4,1.2
-6.160e-02,78,76,73,71,0.4,0,0.4,-0.4
-6.156e-02,78,84,73,75,0.4,1.2,0.4,2
-6.152e-02,82,78,75,71,0.4,0.4,0.4,-0.4
-6.148e-02,80,84,75,77,0.8,1.2,0.4,1.2
-6.144e-02,82,78,75,73,0.8,0.4,0.4,-0.4
-6.141e-02,84,86,77,79,0.8,1.2,0.4,2
-6.137e-02,82,80,77,75,0.8,0.4,0.4,-0.4
-6.133e-02,84,88,77,79,0.8,1.2,0.4,2
-6.129e-02,84,82,77,75,0.8,0.4,1.2,-0.4
-6.125e-02,86,90,79,81,1.2,1.2,0.4,2
-6.121e-02,86,82,79,77,0.8,0.4,0.4,-0.4
-6.118e-02,86,90,79,83,0.8,1.2,0.4,2
-6.114e-02,88,84,79,77,0.8,0.4,1.2,-0.4
-6.110e-02,88,92,79,83,0.8,1.2,0.4,2
-6.106e-02,88,86,81,79,1.2,0.8,0.4,-0.4
-6.102e-02,90,92,81,85,1.2,1.6,0.4,2
-6.098e-02,90,86,81,81,1.2,0.8,0.4,-0.4
-6.094e-02,90,94,83,85,0.8,1.6,1.2,2
-6.091e-02,92,88,83,81,1.2,0.8,0.4,-0.4
-6.087e-02,92,96,83,87,1.2,1.6,0.4,2
-6.083e-02,92,88,85,83,1.2,0.8,0.4,-0.4
-6.079e-02,94,96,85,87,1.2,1.6,0.4,2
-6.075e-02,94,90,85,83,1.2,0.8,0.4,0.4
-6.071e-02,92,98,85,89,1.2,1.6,1.2,2
-6.068e-02,94,90,85,83,1.6,0.8,1.2,0.4
-6.064e-02,94,100,87,89,1.6,2,1.2,2
-6.060e-02,96,92,87,85,1.6,0.8,1.2,0.4
-6.056e-02,96,100,87,89,1.6,2,1.2,2
-6.052e-02,96,92,87,85,1.6,1.2,0.4,0.4
-6.048e-02,96,100,89,91,1.6,2,1.2,2
-6.045e-02,96,94,89,87,1.6,1.2,1.2,0.4
-6.041e-02,98,102,89,91,1.6,2,1.2,2
-6.037e-02,100,94,89,87,1.6,1.2,1.2,0.4
-6.033e-02,100,102,89,93,1.6,2,1.2,2
-6.029e-02,100,96,89,87,1.6,1.2,1.2,0.4
-6.025e-02,100,104,91,93,2,2,1.2,2
-6.022e-02,100,96,91,89,1.6,1.2,1.2,0.4
-6.018e-02,100,104,91,93,2,2.4,1.2,2
-6.014e-02,102,98,91,89,1.6,1.2,0.4,0.4
-6.010e-02,102,106,93,95,2,2.4,1.2,2
-6.006e-02,102,98,93,91,2,1.6,1.2,0.4
-6.002e-02,102,106,93,95,2,2.4,1.2,2.8
-5.998e-02,102,100,93,91,2,1.6,1.2,0.4
-5.995e-02,102,106,93,97,2,2.4,1.2,2.8
-5.991e-02,102,100,95,91,2,1.6,1.2,0.4
-5.987e-02,104,108,95,97,2,2.4,1.2,2.8
-5.983e-02,106,100,95,93,2,1.6,1.2,0.4
-5.979e-02,102,108,95,97,2.4,2.8,1.2,2.8
-5.975e-02,104,100,95,93,2,1.6,2,0.4
-5.972e-02,104,108,95,97,2.4,2.8,1.2,2.8
-5.968e-02,102,100,95,93,2,1.6,1.2,0.4
-5.964e-02,108,108,95,99,2.4,2.8,1.2,2.8
-5.960e-02,106,102,95,93,2.4,1.6,1.2,0.4
-5.956e-02,104,108,95,97,2.4,2.8,1.2,2.8
-5.952e-02,106,102,95,93,2.4,2,2,0.4
-5.949e-02,106,108,97,99,2.4,2.8,1.2,2.8
-5.945e-02,106,100,95,93,2.4,2,2,0.4
-5.941e-02,106,108,95,97,2.4,2.8,2,2.8
-5.937e-02,104,100,95,93,2.8,2,2,0.4
-5.933e-02,104,108,95,97,2.4,2.8,2,2.8
-5.929e-02,104,100,95,93,2.4,2,1.2,0.4
-5.925e-02,104,108,95,97,2.4,2.8,2,2.8
-5.922e-02,104,100,95,91,2.4,2,1.2,0.4
-5.918e-02,104,108,95,97,2.4,2.8,2,2.8
-5.914e-02,102,100,95,91,2.8,2,2,0.4
-5.910e-02,102,106,95,97,2.8,3.2,2,2.8
-5.906e-02,102,98,93,89,2.4,2,1.2,1.2
-5.902e-02,102,106,93,95,2.8,3.2,1.2,2.8
-5.899e-02,102,98,91,89,2.8,2,2,1.2
-5.895e-02,102,106,93,95,2.8,3.2,2,2.8
-5.891e-02,102,98,91,89,2.4,2,2,1.2
-5.887e-02,102,104,91,93,2.4,3.2,1.2,2.8
-5.883e-02,102,96,91,87,2.8,2,1.2,1.2
-5.879e-02,102,104,91,93,2.8,3.2,2,2.8
-5.876e-02,100,96,91,87,2.8,2.4,2,1.2
-5.872e-02,100,104,89,93,2.8,3.2,1.2,2.8
-5.868e-02,100,96,89,87,2.8,2.4,2,1.2
-5.864e-02,100,102,89,93,2.8,3.2,1.2,2.8
-5.860e-02,98,94,89,87,2.8,2.4,2,1.2
-5.856e-02,98,102,89,91,2.8,3.2,2,2.8
-5.853e-02,98,94,89,85,2.8,2.4,2,1.2
-5.849e-02,98,102,87,91,3.2,3.2,2,2.8
-5.845e-02,98,94,87,85,2.8,2.4,2,1.2
-5.841e-02,96,100,87,89,2.8,3.6,2,2.8
-5.837e-02,96,92,87,83,2.8,2.4,2,1.2
-5.833e-02,96,100,87,89,2.8,3.2,2,2.8
-5.829e-02,96,92,85,83,2.8,2.4,2,1.2
-5.826e-02,96,98,85,87,3.2,3.6,2,2.8
-5.822e-02,94,90,85,81,3.2,2.4,2.8,1.2
-5.818e-02,94,98,85,87,3.2,3.6,2,2.8
-5.814e-02,94,88,83,81,3.2,2.4,2,1.2
-5.810e-02,94,98,83,87,3.2,3.6,2,2.8
-5.806e-02,92,88,83,81,3.2,2.4,2,1.2
-5.803e-02,92,96,83,85,2.8,3.6,2,2.8
-5.799e-02,92,88,81,79,3.2,2.4,2,1.2
-5.795e-02,92,94,81,83,3.2,3.6,2,2.8
-5.791e-02,92,86,81,77,3.2,2.8,2,1.2
-5.787e-02,90,94,81,83,3.2,3.6,2,2.8
-5.783e-02,90,86,79,77,3.2,2.8,2,1.2
-5.780e-02,88,92,79,83,3.2,3.6,2,2.8
-5.776e-02,88,84,79,75,3.2,2.4,2,1.2
-5.772e-02,88,92,77,81,3.6,3.6,2,2.8
-5.768e-02,86,84,77,75,2.8,2.8,2,1.2
-5.764e-02,86,90,77,79,3.2,3.6,2,2.8
-5.760e-02,86,82,77,73,3.2,2.8,2,1.2
-5.757e-02,86,90,77,79,3.2,3.6,2,3.6
-5.753e-02,86,80,75,73,2.8,2.8,2,1.2
-5.749e-02,86,88,75,77,3.2,3.6,2,2.8
-5.745e-02,84,80,75,71,3.2,2.8,2,1.2
-5.741e-02,84,88,75,77,3.2,3.6,2,2.8
-5.737e-02,84,78,73,71,3.6,2.8,2,1.2
-5.733e-02,82,86,73,75,2.8,3.6,2,3.6
-5.730e-02,82,78,73,69,3.2,2.8,2,1.2
-5.726e-02,82,86,71,75,3.2,3.6,2,2.8
-5.722e-02,80,76,71,67,3.2,2.8,1.2,1.2
-5.718e-02,80,84,71,73,3.6,3.6,2,3.6
-5.714e-02,80,74,69,67,3.2,2.8,2,1.2
-5.710e-02,78,82,69,71,3.6,3.6,2,2.8
-5.707e-02,78,72,67,65,3.6,2.8,2,1.2
-5.703e-02,76,80,69,71,3.2,3.6,2,3.6
-5.699e-02,76,72,67,63,3.2,2.8,2,1.2
-5.695e-02,76,80,67,69,3.2,3.6,2,3.6
-5.691e-02,74,70,65,61,3.2,2.8,2,1.2
-5.687e-02,72,78,63,67,3.2,3.6,2,3.6
-5.684e-02,74,68,65,61,3.2,2.8,2,1.2
-5.680e-02,72,76,63,65,3.2,3.6,2,2.8
-5.676e-02,70,66,63,59,3.2,2.8,2,1.2
-5.672e-02,70,74,63,65,3.2,3.6,2,2.8
-5.668e-02,70,64,61,57,3.2,2.8,2,1.2
-5.664e-02,68,74,61,63,3.2,3.6,2.8,2.8
-5.661e-02,66,62,61,55,3.6,2.8,2,1.2
-5.657e-02,68,70,59,61,3.2,3.6,2,3.6
-5.653e-02,66,62,57,53,3.2,2.8,2.8,1.2
-5.649e-02,64,70,57,61,3.2,3.6,2,2.8
-5.645e-02,64,60,57,53,3.2,2.8,2.8,1.2
-5.641e-02,64,68,57,59,3.2,3.6,2,2.8
-5.637e-02,64,58,55,49,2.8,2.8,2,1.2
-5.634e-02,62,66,53,57,3.2,3.6,2,3.6
-5.630e-02,60,54,53,47,3.2,2.8,2,1.2
-5.626e-02,58,64,51,55,3.2,3.6,2,3.6
-5.622e-02,58,52,51,45,3.2,2.8,2,1.2
-5.618e-02,56,60,49,53,3.2,3.6,2,3.6
-5.614e-02,56,50,49,43,3.2,2.8,2,1.2
-5.611e-02,56,58,47,49,3.2,3.6,2,3.6
-5.607e-02,54,46,45,41,3.2,2.8,2,1.2
-5.603e-02,52,56,45,47,3.2,3.6,2,2.8
-5.599e-02,50,44,43,39,3.2,2.8,2,1.2
-5.595e-02,50,54,43,45,3.2,3.6,2,2.8
-5.591e-02,48,42,41,37,3.2,2.4,2,1.2
-5.588e-02,46,50,41,43,3.2,3.6,2,2.8
-5.584e-02,44,38,39,33,3.2,2.4,2,1.2
-5.580e-02,42,48,37,41,3.2,3.6,2,2.8
-5.576e-02,42,36,35,31,3.2,2.4,2,1.2
-5.572e-02,40,46,35,39,3.2,3.6,2,2.8
-5.568e-02,40,34,33,29,3.2,2.4,2,1.2
-5.565e-02,38,44,33,37,3.2,3.6,2,2.8
-5.561e-02,38,32,33,27,3.2,2.4,2,1.2
-5.557e-02,36,40,29,33,3.2,3.6,2,2.8
-5.553e-02,34,28,29,23,2.8,2.4,2,1.2
-5.549e-02,34,38,27,31,2.8,3.6,2,2.8
-5.545e-02,34,26,27,21,2.8,2.4,2,1.2
-5.541e-02,32,36,25,29,2.8,3.2,2,2.8
-5.538e-02,28,24,23,19,2.8,2.4,2,1.2
-5.534e-02,28,32,23,27,2.8,3.2,2,2.8
-5.530e-02,26,20,21,17,2.8,2.4,2,1.2
-5.526e-02,24,30,19,23,2.8,3.2,2,2.8
-5.522e-02,26,18,19,15,2.8,2.4,2,1.2
-5.518e-02,22,28,19,21,2.8,3.2,2,2.8
-5.515e-02,22,16,17,11,2.8,2.4,1.2,1.2
-5.511e-02,20,24,15,19,2.8,3.2,1.2,2.8
-5.507e-02,18,14,15,11,2.8,2,1.2,0.4
-5.503e-02,16,22,13,17,2.8,3.2,2,2.8
-5.499e-02,16,12,11,9,2.4,2,2,0.4
-5.495e-02,16,20,11,15,2.8,3.2,2,2.8
-5.492e-02,14,8,11,5,2.8,2,2,0.4
-5.488e-02,14,18,9,13,2.4,3.2,1.2,2.8
-5.484e-02,12,6,9,5,2.8,2,2,0.4
-5.480e-02,12,16,5,9,2.8,3.2,2,2.8
-5.476e-02,8,4,5,1,2.4,2,2,0.4
-5.472e-02,8,14,5,7,2.4,2.8,2,2.8
-5.469e-02,6,2,3,-1,2.4,2,2,0.4
-5.465e-02,6,12,3,5,2.4,2.8,2,2.8
-5.461e-02,4,-8.9407e-08,1,-3,2.4,2,2,0.4
-5.457e-02,2,8,1,3,2.4,2.8,1.2,2.8
-5.453e-02,4,-4,-1,-5,2.4,2,1.2,0.4
-5.449e-02,2,6,-3,1,2,2.8,1.2,2.8
-5.445e-02,-8.9407e-08,-6,-3,-7,2.4,2,1.2,0.4
-5.442e-02,-8.9407e-08,4,-3,-1,2.4,2.8,1.2,2.8
-5.438e-02,-2,-8,-5,-9,2.4,1.6,1.2,0.4
-5.434e-02,-4,-8.9407e-08,-7,-3,2.4,2.8,1.2,2.8
-5.430e-02,-4,-10,-7,-11,2.4,1.6,1.2,0.4
-5.426e-02,-4,-8.9407e-08,-7,-5,2,2.8,1.2,2.8
-5.422e-02,-6,-12,-9,-13,2,1.6,1.2,0.4
-5.419e-02,-8,-2,-11,-7,2,2.8,1.2,2.8
-5.415e-02,-8,-14,-11,-15,2,1.6,2,0.4
-5.411e-02,-10,-6,-11,-9,2.4,2.4,1.2,2.8
-5.407e-02,-10,-16,-13,-17,2,1.6,1.2,0.4
-5.403e-02,-12,-8,-13,-11,2,2.4,1.2,2
-5.399e-02,-12,-18,-15,-19,2,1.6,1.2,0.4
-5.396e-02,-14,-10,-17,-13,2,2.4,1.2,2
-5.392e-02,-14,-20,-17,-21,2,1.2,1.2,0.4
-5.388e-02,-16,-12,-19,-15,1.6,2.4,1.2,2
-5.384e-02,-16,-24,-19,-23,2,1.2,1.2,0.4
-5.380e-02,-18,-14,-19,-17,2,2.4,1.2,2
-5.376e-02,-18,-26,-21,-25,1.6,1.2,1.2,0.4
-5.373e-02,-20,-16,-21,-19,2,2.4,1.2,2
-5.369e-02,-22,-28,-23,-27,1.6,1.2,1.2,0.4
-5.365e-02,-24,-18,-25,-21,1.6,2,1.2,2
-5.361e-02,-26,-30,-27,-29,1.6,1.2,1.2,0.4
-5.357e-02,-26,-22,-27,-23,1.6,2,1.2,2
-5.353e-02,-28,-32,-27,-33,1.6,1.2,1.2,0.4
-5.349e-02,-28,-24,-29,-25,1.6,2,1.2,2
-5.346e-02,-30,-36,-31,-35,1.6,1.2,1.2,-0.4
-5.342e-02,-32,-26,-31,-27,1.6,2,1.2,2
-5.338e-02,-34,-38,-33,-37,1.6,0.8,0.4,-0.4
-5.334e-02,-34,-28,-33,-31,1.6,2,0.4,2
-5.330e-02,-36,-40,-35,-39,1.6,0.8,0.4,-0.4
-5.326e-02,-38,-30,-35,-33,1.2,1.6,0.4,2
-5.323e-02,-36,-42,-35,-41,1.2,0.8,0.4,-0.4
-5.319e-02,-40,-34,-39,-35,1.6,2,0.4,2
-5.315e-02,-40,-44,-39,-43,1.2,0.8,0.4,-0.4
-5.311e-02,-42,-36,-39,-37,1.2,1.6,1.2,2
-5.307e-02,-42,-48,-41,-45,1.2,0.8,0.4,-0.4
-5.303e-02,-44,-38,-41,-39,1.2,1.6,0.4,2
-5.300e-02,-44,-50,-45,-47,1.2,0.4,0.4,-0.4
-5.296e-02,-46,-40,-45,-41,1.2,1.6,0.4,2
-5.292e-02,-46,-52,-47,-51,1.2,0.4,1.2,-0.4
-5.288e-02,-48,-44,-47,-43,1.2,1.6,0.4,2
-5.284e-02,-50,-54,-49,-53,0.8,0.4,0.4,-0.4
-5.280e-02,-52,-46,-49,-45,0.8,1.2,0.4,2
-5.276e-02,-50,-56,-49,-55,0.8,0.4,0.4,-0.4
-5.273e-02,-54,-48,-51,-49,0.8,1.2,0.4,1.2
-5.269e-02,-52,-58,-53,-57,0.8,0.4,0.4,-0.4
-5.265e-02,-54,-50,-53,-49,0.8,1.2,0.4,2
-5.261e-02,-54,-60,-55,-59,0.8,0.4,0.4,-0.4
-5.257e-02,-56,-52,-57,-53,0.8,1.2,0.4,1.2
-5.253e-02,-58,-62,-55,-61,0.8,0,0.4,-0.4
-5.250e-02,-60,-54,-57,-55,0.8,1.2,0.4,1.2
-5.246e-02,-60,-66,-59,-61,0.4,0,-0.4,-0.4
-5.242e-02,-62,-56,-61,-55,0.4,1.2,-0.4,1.2
-5.238e-02,-62,-68,-61,-63,0.4,0,0.4,-1.2
-5.234e-02,-62,-58,-61,-57,0.4,0.8,0.4,1.2
-5.230e-02,-64,-70,-63,-65,0.4,0,0.4,-1.2
-5.227e-02,-66,-60,-63,-59,0.4,0.8,0.4,1.2
-5.223e-02,-66,-72,-63,-67,0.4,0,0.4,-1.2
-5.219e-02,-68,-62,-65,-61,0.4,0.8,0.4,1.2
-5.215e-02,-68,-74,-65,-69,0.4,-0.4,0.4,-1.2
-5.211e-02,-70,-64,-67,-63,0.4,0.8,-0.4,1.2
-5.207e-02,-70,-76,-69,-71,0.4,-0.4,-0.4,-1.2
-5.204e-02,-72,-66,-67,-65,0,0.8,0.4,1.2
-5.200e-02,-72,-78,-69,-73,0.4,-0.4,-0.4,-1.2
-5.196e-02,-74,-68,-69,-67,0,0.4,-0.4,1.2
-5.192e-02,-74,-80,-71,-75,0,-0.4,-0.4,-1.2
-5.188e-02,-76,-70,-71,-69,0,0.4,-0.4,1.2
-5.184e-02,-78,-82,-73,-77,0,-0.4,-0.4,-1.2
-5.180e-02,-78,-72,-73,-71,0,0.4,-0.4,1.2
-5.177e-02,-76,-84,-75,-77,0,-0.8,0.4,-1.2
-5.173e-02,-78,-74,-75,-71,0,0.4,-0.4,1.2
-5.169e-02,-80,-84,-75,-79,0,-0.8,-0.4,-1.2
-5.165e-02,-82,-76,-77,-73,0,0.4,-0.4,0.4
-5.161e-02,-82,-86,-77,-81,0,-0.8,-0.4,-1.2
-5.157e-02,-82,-78,-79,-75,-0.4,0,-0.4,1.2
-5.154e-02,-84,-88,-79,-83,-0.4,-0.8,-0.4,-1.2
-5.150e-02,-82,-80,-79,-77,-0.4,0,-1.2,1.2
-5.146e-02,-84,-88,-79,-83,-0.4,-0.8,-0.4,-1.2
-5.142e-02,-84,-80,-81,-77,-0.4,0,-0.4,0.4
-5.138e-02,-86,-90,-81,-85,-0.4,-0.8,-0.4,-1.2
-5.134e-02,-86,-82,-81,-79,-0.4,0,-0.4,0.4
-5.131e-02,-86,-92,-83,-85,-0.4,-1.2,-0.4,-2
-5.127e-02,-88,-84,-83,-81,-0.8,0,-0.4,0.4
-5.123e-02,-90,-94,-83,-87,-0.8,-1.2,-0.4,-2
-5.119e-02,-88,-84,-85,-81,-0.4,0,-1.2,0.4
-5.115e-02,-90,-94,-85,-87,-0.4,-1.2,-1.2,-2
-5.111e-02,-92,-86,-85,-83,-0.8,-0.4,-0.4,0.4
-5.108e-02,-90,-96,-85,-89,-0.8,-1.2,-0.4,-2
-5.104e-02,-94,-88,-87,-83,-0.8,-0.4,-1.2,0.4
-5.100e-02,-92,-98,-87,-91,-0.8,-1.2,-0.4,-2
-5.096e-02,-94,-88,-87,-85,-0.8,-0.4,-0.4,0.4
-5.092e-02,-94,-98,-89,-91,-0.8,-1.6,-1.2,-2
-5.088e-02,-94,-90,-89,-85,-0.8,-0.4,-1.2,0.4
-5.084e-02,-94,-98,-89,-93,-0.8,-1.6,-0.4,-2
-5.081e-02,-94,-90,-89,-87,-0.8,-0.4,-1.2,0.4
-5.077e-02,-96,-100,-91,-93,-0.8,-1.6,-1.2,-2
-5.073e-02,-96,-92,-89,-87,-0.8,-0.8,-1.2,0.4
-5.069e-02,-96,-102,-91,-93,-1.2,-1.6,-1.2,-2
-5.065e-02,-98,-92,-91,-89,-1.2,-0.8,-0.4,0.4
-5.061e-02,-98,-102,-91,-95,-1.2,-1.6,-1.2,-2
-5.058e-02,-100,-94,-91,-89,-1.2,-0.8,-0.4,0.4
-5.054e-02,-98,-102,-93,-95,-1.2,-1.6,-1.2,-2
-5.050e-02,-100,-94,-93,-91,-1.2,-0.8,-1.2,0.4
-5.046e-02,-100,-104,-93,-97,-1.2,-2,-1.2,-2
-5.042e-02,-100,-96,-95,-91,-1.2,-0.8,-0.4,0.4
-5.038e-02,-100,-106,-93,-97,-1.2,-2,-1.2,-2
-5.035e-02,-100,-96,-95,-91,-1.2,-0.8,-1.2,0.4
-5.031e-02,-102,-106,-95,-97,-1.2,-2,-1.2,-2
-5.027e-02,-102,-98,-95,-93,-1.2,-1.2,-1.2,0.4
-5.023e-02,-102,-106,-95,-99,-1.6,-2,-1.2,-2
-5.019e-02,-104,-98,-97,-93,-1.6,-1.2,-1.2,-0.4
-5.015e-02,-104,-108,-97,-99,-1.6,-2,-1.2,-2
-5.012e-02,-104,-100,-97,-93,-1.6,-1.2,-1.2,-0.4
-5.008e-02,-104,-108,-97,-101,-1.6,-2,-2,-2
-5.004e-02,-104,-100,-97,-95,-1.6,-1.2,-1.2,-0.4
-5.000e-02,-106,-110,-99,-101,-1.6,-2.4,-1.2,-2
-4.996e-02,-106,-102,-99,-95,-2,-1.2,-1.2,-0.4
-4.992e-02,-106,-110,-99,-101,-1.6,-2.4,-1.2,-2.8
-4.988e-02,-106,-100,-99,-95,-2,-1.2,-1.2,-0.4
-4.985e-02,-108,-110,-99,-101,-1.6,-2.4,-2,-2.8
-4.981e-02,-108,-102,-99,-97,-2,-1.2,-1.2,-0.4
-4.977e-02,-106,-110,-101,-103,-2,-2.4,-1.2,-2.8
-4.973e-02,-106,-102,-99,-97,-2,-1.6,-1.2,-0.4
-4.969e-02,-108,-110,-99,-103,-2,-2.4,-2,-2
-4.965e-02,-108,-104,-101,-97,-2,-1.6,-1.2,-0.4
-4.962e-02,-106,-112,-99,-103,-2,-2.4,-2,-2
-4.958e-02,-108,-104,-101,-97,-2,-1.6,-1.2,-0.4
-4.954e-02,-106,-110,-99,-103,-2,-2.8,-2,-2.8
-4.950e-02,-108,-102,-101,-97,-2,-1.6,-1.2,-0.4
-4.946e-02,-106,-110,-99,-103,-2,-2.8,-1.2,-2.8
-4.942e-02,-108,-104,-101,-97,-2,-1.6,-2,-0.4
-4.939e-02,-108,-110,-101,-103,-2.4,-2.8,-2,-2.8
-4.935e-02,-106,-102,-101,-97,-2,-1.6,-2,-0.4
-4.931e-02,-106,-110,-101,-101,-2.4,-2.8,-2,-2.8
-4.927e-02,-106,-102,-99,-97,-2,-1.6,-2,-0.4
-4.923e-02,-106,-110,-99,-101,-2,-2.8,-1.2,-2.8
-4.919e-02,-106,-102,-101,-95,-2.4,-1.6,-2,-0.4
-4.916e-02,-104,-110,-99,-101,-2,-2.8,-1.2,-2.8
-4.912e-02,-106,-102,-99,-95,-2.4,-1.6,-2,-0.4
-4.908e-02,-106,-108,-99,-101,-2.4,-2.8,-2,-2.8
-4.904e-02,-106,-100,-97,-95,-2.4,-2,-2,-0.4
-4.900e-02,-106,-108,-99,-99,-2,-2.8,-2,-2.8
-4.896e-02,-104,-100,-97,-95,-2.4,-2,-2,-0.4
-4.892e-02,-106,-108,-97,-99,-2.4,-2.8,-2,-2.8
-4.889e-02,-104,-100,-97,-93,-2.4,-2,-2,-0.4
-4.885e-02,-102,-106,-97,-99,-2.4,-2.8,-2,-2.8
-4.881e-02,-104,-100,-97,-93,-2.4,-2,-2,-0.4
-4.877e-02,-102,-106,-95,-97,-2.4,-2.8,-2,-2.8
-4.873e-02,-102,-98,-95,-93,-2.4,-2,-2,-1.2
-4.869e-02,-102,-106,-95,-97,-2.4,-2.8,-2,-2.8
-4.866e-02,-102,-98,-95,-91,-2.4,-2,-2,-0.4
-4.862e-02,-100,-106,-95,-97,-2.4,-2.8,-2,-2.8
-4.858e-02,-100,-96,-93,-91,-2.4,-2,-2,-0.4
-4.854e-02,-100,-104,-93,-95,-2.4,-2.8,-2,-2.8
-4.850e-02,-102,-96,-93,-91,-2.8,-2,-2,-1.2
-4.846e-02,-100,-104,-93,-95,-2.8,-3.2,-2,-2.8
-4.843e-02,-100,-96,-93,-89,-2.8,-2,-2,-0.4
-4.839e-02,-98,-102,-91,-93,-2.8,-3.2,-2,-2.8
-4.835e-02,-100,-94,-91,-89,-2.4,-2,-2,-0.4
-4.831e-02,-100,-102,-91,-93,-2.8,-3.2,-2,-2.8
-4.827e-02,-98,-94,-89,-87,-2.4,-2,-2,-1.2
-4.823e-02,-96,-102,-91,-93,-2.4,-3.2,-2,-2.8
-4.820e-02,-98,-92,-89,-87,-2.8,-2.4,-2,-1.2
-4.816e-02,-96,-100,-89,-91,-2.8,-3.2,-1.2,-2.8
-4.812e-02,-96,-92,-89,-85,-2.8,-2.4,-2,-1.2
-4.808e-02,-94,-100,-89,-91,-2.8,-3.2,-2,-2.8
-4.804e-02,-94,-90,-87,-85,-2.8,-2.4,-2,-1.2
-4.800e-02,-94,-98,-87,-89,-2.8,-3.2,-2,-2.8
-4.796e-02,-94,-90,-87,-85,-2.8,-2.4,-2,-1.2
-4.793e-02,-92,-96,-87,-89,-2.8,-3.2,-2.8,-2.8
-4.789e-02,-94,-88,-85,-83,-2.8,-2.4,-2.8,-0.4
-4.785e-02,-92,-96,-85,-87,-2.4,-3.2,-2,-2.8
-4.781e-02,-94,-88,-85,-81,-2.8,-2.4,-2,-1.2
-4.777e-02,-92,-94,-83,-85,-2.8,-3.2,-2,-2.8
-4.773e-02,-92,-86,-83,-81,-2.8,-2.4,-2,-1.2
-4.770e-02,-92,-94,-83,-85,-2.8,-3.2,-2,-2.8
-4.766e-02,-90,-86,-81,-79,-2.8,-2.4,-2,-1.2
-4.762e-02,-88,-92,-83,-83,-2.8,-3.2,-2,-2.8
-4.758e-02,-88,-84,-81,-79,-2.8,-2.4,-2,-1.2
-4.754e-02,-88,-92,-81,-83,-2.8,-3.2,-2,-2.8
-4.750e-02,-88,-84,-79,-77,-2.8,-2.4,-2,-1.2
-4.747e-02,-86,-90,-79,-81,-2.8,-3.2,-2,-2.8
-4.743e-02,-86,-82,-79,-77,-2.8,-2.4,-2.8,-1.2
-4.739e-02,-84,-88,-79,-81,-2.8,-3.2,-2,-2.8
-4.735e-02,-86,-80,-79,-75,-2.8,-2.4,-2,-1.2
-4.731e-02,-84,-88,-77,-79,-2.8,-3.2,-2,-2.8
-4.727e-02,-84,-78,-77,-75,-2.8,-2.4,-2,-1.2
-4.724e-02,-84,-86,-75,-79,-2.8,-3.2,-2,-2.8
-4.720e-02,-82,-78,-75,-73,-2.8,-2.4,-2,-1.2
-4.716e-02,-84,-86,-75,-77,-2.8,-3.2,-2,-2.8
-4.712e-02,-80,-76,-75,-71,-2.8,-2.4,-2,-1.2
-4.708e-02,-82,-84,-73,-75,-2.8,-3.6,-2,-2.8
-4.704e-02,-80,-76,-73,-71,-2.8,-2.4,-2,-1.2
-4.700e-02,-78,-82,-73,-75,-2.8,-3.6,-2,-2.8
-4.697e-02,-80,-74,-71,-69,-2.8,-2.4,-2.8,-1.2
-4.693e-02,-78,-80,-71,-73,-2.8,-3.6,-2,-2.8
-4.689e-02,-76,-72,-69,-67,-2.8,-2.4,-2,-1.2
-4.685e-02,-74,-78,-69,-71,-2.8,-3.6,-2.8,-2.8
-4.681e-02,-74,-70,-69,-67,-2.8,-2.4,-2,-1.2
-4.677e-02,-74,-78,-67,-71,-2.8,-3.6,-2,-2.8
-4.674e-02,-74,-70,-67,-63,-2.8,-2.4,-2,-1.2
-4.670e-02,-72,-76,-67,-69,-3.2,-3.6,-2,-2.8
-4.666e-02,-70,-68,-65,-63,-2.8,-2.4,-2.8,-1.2
-4.662e-02,-72,-74,-65,-67,-2.8,-3.6,-2,-2.8
-4.658e-02,-70,-66,-65,-61,-3.2,-2.4,-2,-1.2
-4.654e-02,-68,-72,-63,-65,-2.8,-3.6,-2,-2.8
-4.651e-02,-70,-64,-63,-59,-2.8,-2.4,-2,-0.4
-4.647e-02,-68,-70,-61,-63,-2.8,-3.6,-2.8,-2.8
-4.643e-02,-66,-62,-61,-57,-2.8,-2.4,-2,-1.2
-4.639e-02,-66,-68,-61,-61,-2.8,-3.6,-2,-2.8
-4.635e-02,-64,-60,-57,-55,-2.8,-2.4,-2,-1.2
-4.631e-02,-64,-66,-57,-61,-2.8,-3.2,-2,-2.8
-4.627e-02,-60,-56,-57,-53,-2.8,-2.4,-2,-1.2
-4.624e-02,-60,-64,-57,-57,-2.8,-3.2,-2.8,-2.8
-4.620e-02,-60,-54,-55,-51,-2.8,-2.4,-2,-0.4
-4.616e-02,-58,-62,-53,-55,-2.8,-3.6,-2,-2.8
-4.612e-02,-58,-52,-51,-49,-2.8,-2.4,-2,-1.2
-4.608e-02,-56,-58,-51,-53,-2.8,-3.2,-2,-2.8
-4.604e-02,-54,-50,-49,-47,-2.8,-2.4,-2,-1.2
-4.601e-02,-54,-56,-49,-51,-2.8,-3.2,-2,-2.8
-4.597e-02,-54,-48,-49,-45,-2.8,-2.4,-2,-1.2
-4.593e-02,-52,-54,-45,-49,-2.8,-3.2,-2,-2.8
-4.589e-02,-48,-44,-45,-41,-2.8,-2.4,-2,-0.4
-4.585e-02,-48,-52,-43,-47,-2.8,-3.2,-2,-2.8
-4.581e-02,-46,-42,-43,-39,-2.8,-2.4,-2,-1.2
-4.578e-02,-46,-48,-41,-43,-2.8,-3.2,-2,-2.8
-4.574e-02,-42,-40,-39,-37,-2.8,-2.4,-2,-0.4
-4.570e-02,-42,-46,-37,-41,-2.8,-3.2,-2,-2.8
-4.566e-02,-44,-36,-37,-35,-2.8,-2.4,-2,-0.4
-4.562e-02,-42,-44,-35,-39,-2.8,-3.2,-2,-2.8
-4.558e-02,-38,-34,-35,-31,-2.4,-2,-2,-0.4
-4.555e-02,-38,-40,-35,-35,-2.4,-3.2,-2,-2.8
-4.551e-02,-36,-32,-33,-29,-2.8,-2,-2,-0.4
-4.547e-02,-36,-38,-31,-33,-2.4,-3.2,-2,-2.8
-4.543e-02,-36,-30,-29,-27,-2.4,-2,-2,-0.4
-4.539e-02,-32,-36,-29,-31,-2.4,-3.2,-2,-2.8
-4.535e-02,-30,-26,-27,-25,-2.4,-2,-2,-0.4
-4.531e-02,-32,-34,-27,-29,-2.4,-3.2,-2,-2.8
-4.528e-02,-28,-24,-25,-23,-2.8,-2,-2,-0.4
-4.524e-02,-30,-30,-25,-27,-2.4,-3.2,-1.2,-2.8
-4.520e-02,-26,-22,-23,-19,-2.4,-2,-1.2,-0.4
-4.516e-02,-24,-28,-21,-23,-2.4,-2.8,-2,-2.8
-4.512e-02,-24,-18,-19,-17,-2.4,-2,-2,-0.4
-4.508e-02,-22,-26,-19,-21,-2.4,-2.8,-2,-2.8
-4.505e-02,-22,-16,-19,-15,-2.4,-2,-2,-0.4
-4.501e-02,-20,-24,-17,-19,-2.4,-2.8,-2,-2.8
-4.497e-02,-18,-14,-15,-13,-2.4,-2,-2,-0.4
-4.493e-02,-18,-22,-15,-17,-2.4,-2.8,-2,-2.8
-4.489e-02,-18,-12,-15,-11,-2.4,-2,-1.2,-0.4
-4.485e-02,-16,-18,-13,-15,-2.4,-2.8,-2,-2.8
-4.482e-02,-12,-10,-11,-9,-2,-1.6,-1.2,-0.4
-4.478e-02,-14,-16,-11,-13,-2,-2.8,-2,-2.8
-4.474e-02,-14,-8,-11,-7,-2.4,-1.6,-2,-0.4
-4.470e-02,-12,-14,-9,-11,-2,-2.8,-1.2,-2.8
-4.466e-02,-10,-4,-9,-3,-2,-1.6,-1.2,-0.4
-4.462e-02,-8,-12,-7,-7,-2,-2.8,-1.2,-2
-4.459e-02,-8,-2,-5,-3,-2,-1.6,-1.2,-0.4
-4.455e-02,-6,-10,-3,-5,-2,-2.8,-1.2,-2
-4.451e-02,-6,-8.9407e-08,-3,1,-2,-1.6,-1.2,-0.4
-4.447e-02,-4,-8,-1,-3,-2,-2.4,-1.2,-2
-4.443e-02,-2,2,-1,3,-2,-1.6,-1.2,-0.4
-4.439e-02,-2,-6,-1,-1,-2,-2.4,-2,-2
-4.435e-02,-8.9407e-08,6,1,5,-2,-1.6,-2,-0.4
-4.432e-02,-8.9407e-08,-2,3,1,-2,-2.4,-1.2,-2
-4.428e-02,2,8,3,7,-2,-1.6,-1.2,-0.4
-4.424e-02,2,-8.9407e-08,5,3,-2,-2.4,-0.4,-2
-4.420e-02,4,8,5,9,-2,-1.2,-1.2,-0.4
-4.416e-02,4,2,7,5,-2,-2.4,-1.2,-2
-4.412e-02,6,12,7,11,-1.6,-1.2,-2,-0.4
-4.409e-02,6,4,9,7,-1.6,-2.4,-1.2,-2
-4.405e-02,8,12,9,13,-1.6,-1.2,-1.2,-0.4
-4.401e-02,10,6,9,9,-1.6,-2,-1.2,-2
-4.397e-02,12,16,11,15,-1.6,-1.2,-1.2,-0.4
-4.393e-02,10,8,11,11,-1.6,-2,-1.2,-2
-4.389e-02,12,18,13,15,-1.6,-1.2,-1.2,0.4
-4.386e-02,12,10,13,11,-1.6,-2,-1.2,-2
-4.382e-02,16,20,15,19,-1.6,-1.2,-1.2,0.4
-4.378e-02,14,14,15,15,-1.6,-2,-1.2,-2
-4.374e-02,16,22,17,19,-1.6,-1.2,-1.2,0.4
-4.370e-02,18,16,19,17,-1.6,-2,-1.2,-2
-4.366e-02,18,24,19,21,-1.2,-0.8,-0.4,0.4
-4.363e-02,20,18,21,19,-1.2,-2,-1.2,-2
-4.359e-02,22,28,21,25,-1.6,-0.8,-1.2,0.4
-4.355e-02,22,20,23,21,-1.2,-2,-0.4,-2
-4.351e-02,24,30,21,27,-1.6,-0.8,-0.4,0.4
-4.347e-02,28,22,25,23,-1.2,-1.6,-1.2,-2
-4.343e-02,26,32,27,29,-1.2,-0.8,-0.4,0.4
-4.339e-02,28,24,29,25,-1.2,-1.6,-0.4,-2
-4.336e-02,28,34,29,31,-1.2,-0.8,-0.4,0.4
-4.332e-02,30,26,29,27,-1.2,-1.6,-1.2,-2
-4.328e-02,32,38,31,33,-1.2,-0.8,-1.2,0.4
-4.324e-02,34,30,31,29,-1.2,-1.6,-0.4,-2
-4.320e-02,36,40,33,35,-1.2,-0.8,-0.4,0.4
-4.316e-02,36,32,35,31,-0.8,-1.6,-0.4,-1.2
-4.313e-02,36,42,35,39,-1.2,-0.4,-0.4,0.4
-4.309e-02,38,36,35,33,-0.8,-1.6,-1.2,-2
-4.305e-02,38,44,37,39,-0.8,-0.4,-0.4,0.4
-4.301e-02,42,38,39,35,-0.8,-1.2,-1.2,-2
-4.297e-02,42,46,39,41,-0.8,-0.4,-0.4,0.4
-4.293e-02,42,40,39,37,-0.8,-1.2,-0.4,-2
-4.290e-02,46,48,41,43,-0.8,-0.4,-0.4,0.4
-4.286e-02,44,42,41,41,-0.8,-1.2,-1.2,-1.2
-4.282e-02,46,52,43,47,-0.8,-0.4,-0.4,0.4
-4.278e-02,48,44,45,43,-0.4,-1.2,-0.4,-1.2
-4.274e-02,50,54,47,49,-0.8,0,-0.4,1.2
-4.270e-02,50,48,47,45,-0.4,-1.2,-0.4,-1.2
-4.267e-02,50,56,47,51,-0.4,0,-0.4,1.2
-4.263e-02,54,50,49,45,-0.4,-0.8,-0.4,-1.2
-4.259e-02,54,58,49,53,-0.4,0,-0.4,1.2
-4.255e-02,54,52,49,49,-0.4,-0.8,-0.4,-1.2
-4.251e-02,56,60,51,55,-0.4,0,-0.4,1.2
-4.247e-02,58,54,53,51,-0.4,-0.8,-0.4,-1.2
-4.243e-02,58,62,53,57,-0.4,0,-0.4,1.2
-4.240e-02,58,56,55,53,-0.4,-0.8,-0.4,-1.2
-4.236e-02,60,64,57,59,-0.4,0.4,-0.4,1.2
-4.232e-02,62,58,55,55,0,-0.8,0.4,-1.2
-4.228e-02,64,68,57,59,0,0.4,-0.4,1.2
-4.224e-02,62,60,59,57,0,-0.4,-0.4,-1.2
-4.220e-02,64,68,59,63,0,0.4,0.4,1.2
-4.217e-02,64,62,61,59,0,-0.4,0.4,-1.2
-4.213e-02,66,72,61,63,0,0.4,0.4,1.2
-4.209e-02,68,64,63,59,0,-0.4,0.4,-1.2
-4.205e-02,70,72,61,67,0.4,0.4,-0.4,1.2
-4.201e-02,70,66,63,61,0,-0.4,0.4,-1.2
-4.197e-02,68,74,65,67,0,0.8,0.4,1.2
-4.194e-02,72,68,65,63,0,-0.4,0.4,-0.4
-4.190e-02,74,76,67,69,0,0.8,0.4,1.2
-4.186e-02,74,70,67,65,0.4,0,-0.4,-0.4
-4.182e-02,74,78,69,71,0.4,0.8,0.4,1.2
-4.178e-02,76,72,69,67,0.4,0,0.4,-0.4
-4.174e-02,76,80,71,73,0.4,0.8,0.4,1.2
-4.171e-02,76,74,71,69,0.4,0,-0.4,-0.4
-4.167e-02,78,82,71,73,0.4,0.8,0.4,1.2
-4.163e-02,78,76,73,69,0.8,0,0.4,-0.4
-4.159e-02,82,84,73,75,0.8,0.8,0.4,1.2
-4.155e-02,80,76,73,71,0.8,0,0.4,-0.4
-4.151e-02,80,84,75,77,0.4,1.2,0.4,2
-4.147e-02,78,78,75,73,0.8,0.4,0.4,-0.4
-4.144e-02,82,86,77,77,0.8,1.2,0.4,2
-4.140e-02,82,80,77,73,0.8,0,0.4,-0.4
-4.136e-02,84,88,77,79,0.8,1.2,0.4,2
-4.132e-02,86,82,77,75,0.8,0.4,0.4,-0.4
-4.128e-02,86,88,77,81,0.8,1.2,0.4,2
-4.124e-02,86,82,77,77,0.8,0.4,1.2,-0.4
-4.121e-02,86,90,79,81,0.8,1.2,1.2,2
-4.117e-02,88,84,79,77,0.8,0.4,0.4,-0.4
-4.113e-02,88,92,81,83,0.8,1.2,0.4,2
-4.109e-02,88,86,81,79,1.2,0.4,0.4,-0.4
-4.105e-02,90,92,81,85,1.2,1.6,0.4,2
-4.101e-02,90,86,81,79,1.2,0.8,0.4,-0.4
-4.098e-02,90,94,81,85,0.8,1.6,0.4,2
-4.094e-02,92,86,85,81,1.2,0.8,0.4,-0.4
-4.090e-02,90,94,83,85,1.2,1.6,0.4,2
-4.086e-02,90,88,83,83,1.2,0.8,0.4,-0.4
-4.082e-02,92,96,85,87,0.8,1.6,0.4,2
-4.078e-02,94,90,85,83,1.2,0.8,0.4,-0.4
-4.075e-02,92,98,85,87,1.2,2,1.2,2
-4.071e-02,94,90,85,83,1.2,0.8,0.4,0.4
-4.067e-02,92,98,87,89,1.6,1.6,1.2,2
-4.063e-02,94,92,87,85,1.2,1.2,1.2,0.4
-4.059e-02,96,100,87,89,1.2,2,1.2,2
-4.055e-02,96,92,87,85,1.6,1.2,1.2,0.4
-4.051e-02,96,100,87,91,1.6,2,1.2,2
-4.048e-02,98,94,87,87,1.6,1.2,1.2,0.4
-4.044e-02,96,102,89,91,1.6,2,1.2,2
-4.040e-02,98,94,89,87,1.6,1.2,1.2,0.4
-4.036e-02,100,102,89,93,1.6,2,0.4,2
-4.032e-02,100,96,89,87,1.6,1.2,1.2,0.4
-4.028e-02,100,104,91,93,1.6,2,1.2,2
-4.025e-02,100,96,91,89,1.6,1.2,2,0.4
-4.021e-02,102,104,91,93,2,2.4,0.4,2
-4.017e-02,100,98,91,89,2,1.2,1.2,0.4
-4.013e-02,102,104,93,95,1.6,2.4,1.2,2
-4.009e-02,102,98,93,91,1.6,1.6,1.2,0.4
-4.005e-02,102,106,93,95,2,2.4,2,2
-4.002e-02,102,100,93,91,2,1.6,1.2,0.4
-3.998e-02,102,106,93,97,2,2.4,1.2,2.8
-3.994e-02,104,100,93,91,2,1.6,1.2,0.4
-3.990e-02,106,108,95,97,2,2.4,1.2,2.8
-3.986e-02,104,100,93,93,2,1.6,1.2,0.4
-3.982e-02,104,108,95,97,2.4,2.4,1.2,2.8
-3.978e-02,104,100,95,93,2,1.6,1.2,0.4
-3.975e-02,104,108,95,97,2,2.8,1.2,2.8
-3.971e-02,104,100,95,93,2,1.6,1.2,0.4
-3.967e-02,104,108,95,97,2,2.8,1.2,2.8
-3.963e-02,104,102,95,93,2.4,1.6,1.2,0.4
-3.959e-02,104,108,95,97,2.4,2.8,1.2,2.8
-3.955e-02,106,102,95,93,2,1.6,2,0.4
-3.952e-02,106,108,95,97,2.4,2.8,2,2.8
-3.948e-02,104,102,97,93,2.4,2,1.2,0.4
-3.944e-02,104,108,95,97,2.4,2.8,2,2.8
-3.940e-02,104,102,95,93,2.4,2,1.2,0.4
-3.936e-02,104,108,95,97,2.4,2.8,2,2.8
-3.932e-02,104,102,95,93,2.4,2,2,0.4
-3.929e-02,104,108,95,97,2.4,2.8,2,2.8
-3.925e-02,104,100,95,91,2.8,2,2,0.4
-3.921e-02,104,108,95,97,2.4,3.2,1.2,2.8
-3.917e-02,102,100,95,91,2.4,2,2,0.4
-3.913e-02,102,108,95,97,2.4,2.8,1.2,2.8
-3.909e-02,102,100,93,91,2.4,2,2,0.4
-3.906e-02,102,106,93,95,2.4,3.2,2,2.8
-3.902e-02,102,98,93,91,2.8,2,2,1.2
-3.898e-02,102,106,93,95,2.8,3.2,2,2.8
-3.894e-02,102,98,93,89,2.8,2,2,0.4
-3.890e-02,102,104,91,95,2.4,3.2,1.2,2.8
-3.886e-02,102,98,93,89,2.8,2.4,2,1.2
-3.882e-02,102,104,91,93,2.8,3.2,1.2,2.8
-3.879e-02,100,96,91,87,2.8,2.4,2,1.2
-3.875e-02,102,104,89,93,2.8,3.2,2,2.8
-3.871e-02,100,96,89,87,2.8,2.4,2,1.2
-3.867e-02,98,104,89,93,2.8,3.2,2,2.8
-3.863e-02,100,94,89,87,3.2,2.4,2,1.2
-3.859e-02,98,102,87,91,2.8,3.2,2,3.6
-3.856e-02,98,94,87,85,2.8,2.4,2,1.2
-3.852e-02,98,102,89,91,2.8,3.2,2,2.8
-3.848e-02,96,94,87,85,2.8,2,2,1.2
-3.844e-02,98,102,89,89,3.2,3.6,2,2.8
-3.840e-02,96,92,87,85,2.8,2.4,2,1.2
-3.836e-02,96,100,87,89,3.2,3.2,2,2.8
-3.833e-02,96,92,85,83,2.8,2.4,2,1.2
-3.829e-02,94,100,87,89,3.2,3.6,2,2.8
-3.825e-02,96,90,85,83,2.8,2.4,2.8,1.2
-3.821e-02,94,98,83,87,2.8,3.6,2,3.6
-3.817e-02,96,90,85,81,2.8,2.4,2,1.2
-3.813e-02,94,98,83,87,3.2,3.6,2,2.8
-3.810e-02,92,88,83,81,2.8,2.4,2,1.2
-3.806e-02,92,96,83,85,2.8,3.6,2,2.8
-3.802e-02,90,88,83,79,3.2,2.4,2,1.2
-3.798e-02,92,96,81,85,3.2,3.6,2.8,2.8
-3.794e-02,90,86,81,77,3.2,2.4,2.8,1.2
-3.790e-02,90,94,81,83,3.2,3.6,2,2.8
-3.786e-02,90,86,81,77,3.2,2.4,2,1.2
-3.783e-02,88,94,81,83,3.2,3.6,2,2.8
-3.779e-02,90,84,79,75,3.2,2.4,2,1.2
-3.775e-02,86,92,79,81,3.2,3.6,1.2,3.6
-3.771e-02,88,84,77,75,3.2,2.8,2,1.2
-3.767e-02,86,90,79,81,3.2,3.6,2,3.6
-3.763e-02,86,82,77,73,3.2,2.8,2,1.2
-3.760e-02,86,90,77,79,3.2,3.6,2,3.6
-3.756e-02,86,82,77,73,3.2,2.8,2,1.2
-3.752e-02,86,88,75,77,3.2,3.6,2,3.6
-3.748e-02,86,80,75,71,3.2,2.8,2,1.2
-3.744e-02,84,88,75,77,3.2,3.6,2,2.8
-3.740e-02,82,78,75,71,3.2,2.8,2,1.2
-3.737e-02,82,86,73,75,3.2,3.6,2,3.6
-3.733e-02,82,78,73,69,3.6,2.8,2,1.2
-3.729e-02,82,86,71,75,3.2,3.6,2,3.6
-3.725e-02,80,76,71,67,3.2,2.8,2,1.2
-3.721e-02,80,84,71,73,3.2,3.6,2.8,3.6
-3.717e-02,80,74,71,67,3.2,2.4,2,1.2
-3.714e-02,78,82,69,73,3.2,3.6,2,2.8
-3.710e-02,78,74,69,65,3.2,2.8,2,1.2
-3.706e-02,76,82,69,71,3.2,3.6,2,3.6
-3.702e-02,76,72,67,65,3.2,2.8,2,1.2
-3.698e-02,76,80,67,69,3.2,3.6,2,3.6
-3.694e-02,74,70,67,61,3.2,2.8,2,1.2
-3.690e-02,76,78,65,67,3.2,3.6,2,3.6
-3.687e-02,76,68,65,61,3.2,2.8,2.8,1.2
-3.683e-02,74,78,65,67,3.2,3.6,2,3.6
-3.679e-02,72,66,63,59,3.6,2.8,2,1.2
-3.675e-02,72,76,63,65,3.2,3.6,2,3.6
-3.671e-02,70,66,61,57,3.2,2.8,2,1.2
-3.667e-02,68,74,61,63,3.2,3.6,2,3.6
-3.664e-02,68,64,61,57,3.2,2.8,2,1.2
-3.660e-02,68,72,59,63,3.2,3.6,2,3.6
-3.656e-02,66,62,59,55,3.6,2.8,2,1.2
-3.652e-02,66,70,57,61,3.2,3.6,2,3.6
-3.648e-02,64,60,57,53,3.2,2.4,2,1.2
-3.644e-02,64,68,55,59,3.2,3.6,2,3.6
-3.641e-02,64,58,55,51,3.2,2.8,2,1.2
-3.637e-02,62,66,55,57,3.2,3.6,2,2.8
-3.633e-02,62,56,53,49,3.2,2.8,2.8,1.2
-3.629e-02,60,64,51,55,3.2,3.6,2,3.6
-3.625e-02,58,54,51,47,3.6,2.8,2,1.2
-3.621e-02,58,62,49,53,3.2,3.6,2,3.6
-3.618e-02,56,50,49,45,3.2,2.8,2,1.2
-3.614e-02,54,60,47,51,3.2,3.6,2,3.6
-3.610e-02,54,48,45,43,3.2,2.4,2,1.2
-3.606e-02,50,56,45,49,3.2,3.6,2,3.6
-3.602e-02,50,46,45,39,3.2,2.8,2,1.2
-3.598e-02,50,54,43,45,3.2,3.6,2,2.8
-3.594e-02,48,42,43,37,3.2,2.8,2,1.2
-3.591e-02,46,52,41,43,3.2,3.6,2,2.8
-3.587e-02,46,40,39,35,3.2,2.4,2,1.2
-3.583e-02,46,50,39,41,3.2,3.6,2,2.8
-3.579e-02,42,38,37,33,3.2,2.4,2,1.2
-3.575e-02,42,46,35,39,3.2,3.6,2,2.8
-3.571e-02,40,34,35,31,3.2,2.4,1.2,1.2
-3.568e-02,38,44,33,37,3.2,3.6,2,3.6
-3.564e-02,40,32,31,27,3.2,2.4,2,1.2
-3.560e-02,36,42,31,33,3.2,3.6,2,2.8
-3.556e-02,34,30,31,25,3.2,2.4,2,1.2
-3.552e-02,32,38,29,31,2.8,3.6,2,2.8
-3.548e-02,32,26,27,23,2.8,2.4,2,1.2
-3.545e-02,30,36,27,29,3.2,3.2,2,2.8
-3.541e-02,30,24,25,21,2.8,2.4,2,1.2
-3.537e-02,28,34,23,27,3.2,3.2,2,2.8
-3.533e-02,28,22,21,19,2.8,2.4,2,1.2
-3.529e-02,26,32,21,25,2.8,3.2,2,2.8
-3.525e-02,24,18,19,15,2.8,2.4,2,1.2
-3.522e-02,24,28,19,21,2.8,3.2,2,2.8
-3.518e-02,22,16,19,13,2.8,2.4,2,0.4
-3.514e-02,20,26,17,19,2.8,3.2,2,2.8
-3.510e-02,20,14,15,11,2.8,2,1.2,0.4
-3.506e-02,20,24,13,17,2.8,3.2,1.2,2.8
-3.502e-02,18,12,13,9,2.8,2,2,1.2
-3.498e-02,16,22,13,15,2.8,3.2,2,2.8
-3.495e-02,16,10,11,7,2.8,2,2,0.4
-3.491e-02,14,20,9,13,2.8,3.2,1.2,2.8
-3.487e-02,12,8,9,5,2.8,2,1.2,0.4
-3.483e-02,12,16,7,11,2.8,3.2,1.2,2.8
-3.479e-02,10,4,7,3,2.4,2,1.2,0.4
-3.475e-02,8,14,7,9,2.4,2.8,2,2.8
-3.472e-02,8,2,5,1,2.4,2,2,0.4
-3.468e-02,8,12,3,7,2.4,2.8,1.2,2.8
-3.464e-02,6,-8.9407e-08,3,-1,2.4,2,2,0.4
-3.460e-02,4,10,1,5,2.4,2.8,2,2.8
-3.456e-02,4,-2,1,-3,2.4,2,2,0.4
-3.452e-02,2,8,-1,3,2.4,2.8,1.2,2.8
-3.449e-02,-8.9407e-08,-4,-3,-5,2.4,2,1.2,0.4
-3.445e-02,-8.9407e-08,4,-3,1,2,2.8,1.2,2.8
-3.441e-02,-2,-8,-5,-7,2.4,1.6,1.2,0.4
-3.437e-02,-2,2,-5,-3,2.4,2.8,2,2.8
-3.433e-02,-4,-8,-7,-11,2.4,1.6,2,0.4
-3.429e-02,-4,-8.9407e-08,-7,-5,2,2.8,1.2,2.8
-3.425e-02,-6,-12,-7,-13,2.4,1.6,0.4,0.4
-3.422e-02,-6,-2,-9,-7,2.4,2.8,1.2,2.8
-3.418e-02,-8,-14,-11,-15,2.4,1.6,1.2,0.4
-3.414e-02,-10,-4,-11,-7,2,2.4,1.2,2
-3.410e-02,-10,-16,-13,-17,2,1.6,1.2,0.4
-3.406e-02,-12,-6,-13,-11,2,2.4,1.2,2.8
-3.402e-02,-12,-18,-15,-17,2,1.6,1.2,0.4
-3.399e-02,-14,-8,-15,-13,2,2.4,1.2,2
-3.395e-02,-14,-20,-17,-21,2,1.6,1.2,0.4
-3.391e-02,-14,-10,-17,-15,2,2.4,1.2,2.8
-3.387e-02,-16,-22,-19,-23,2,1.2,1.2,0.4
-3.383e-02,-18,-12,-19,-17,2,2.4,1.2,2
-3.379e-02,-20,-24,-21,-25,1.6,1.2,1.2,0.4
-3.376e-02,-18,-14,-21,-19,2,2.4,1.2,2
-3.372e-02,-20,-28,-23,-27,2,1.2,0.4,0.4
-3.368e-02,-20,-18,-23,-19,1.6,2,0.4,2
-3.364e-02,-24,-30,-25,-29,1.6,1.2,0.4,0.4
-3.360e-02,-24,-20,-25,-23,1.6,2,1.2,2
-3.356e-02,-26,-32,-27,-31,1.6,1.2,1.2,0.4
-3.353e-02,-26,-22,-27,-25,1.6,2,1.2,2
-3.349e-02,-28,-34,-29,-33,1.6,1.2,1.2,0.4
-3.345e-02,-30,-24,-29,-27,1.6,2,1.2,2
-3.341e-02,-32,-38,-31,-35,1.2,0.8,0.4,-0.4
-3.337e-02,-34,-28,-31,-29,1.2,2,1.2,2
-3.333e-02,-34,-40,-35,-37,1.6,0.8,1.2,-0.4
-3.329e-02,-36,-30,-35,-31,1.6,2,1.2,2
-3.326e-02,-36,-42,-37,-41,1.2,0.8,0.4,-0.4
-3.322e-02,-38,-32,-37,-33,1.6,1.6,0.4,2
-3.318e-02,-38,-44,-37,-43,1.2,0.8,0.4,-0.4
-3.314e-02,-42,-34,-39,-37,1.2,1.6,1.2,2
-3.310e-02,-44,-46,-41,-45,1.2,0.8,0.4,-0.4
-3.306e-02,-42,-38,-41,-39,1.2,1.6,0.4,2
-3.303e-02,-44,-48,-43,-47,1.2,0.8,0.4,-0.4
-3.299e-02,-46,-40,-43,-41,1.2,1.6,0.4,2
-3.295e-02,-46,-52,-45,-49,1.2,0.4,0.4,-0.4
-3.291e-02,-48,-42,-45,-43,1.2,1.6,0.4,2
-3.287e-02,-48,-54,-47,-51,0.8,0.4,0.4,-0.4
-3.283e-02,-50,-44,-49,-45,0.8,1.2,0.4,2
-3.280e-02,-50,-56,-49,-53,0.8,0.4,0.4,-0.4
-3.276e-02,-52,-48,-49,-47,0.8,1.2,0.4,1.2
-3.272e-02,-54,-58,-51,-55,0.8,0.4,0.4,-0.4
-3.268e-02,-56,-48,-53,-49,0.8,1.2,0.4,1.2
-3.264e-02,-54,-60,-53,-57,0.8,0,0.4,-0.4
-3.260e-02,-56,-52,-55,-51,0.8,1.2,0.4,1.2
-3.257e-02,-58,-62,-55,-59,0.8,0,0.4,-0.4
-3.253e-02,-58,-54,-57,-53,0.8,1.2,0.4,1.2
-3.249e-02,-58,-64,-57,-61,0.8,0,-0.4,-0.4
-3.245e-02,-60,-56,-59,-55,0.4,1.2,0.4,1.2
-3.241e-02,-62,-66,-59,-63,0.4,0,0.4,-1.2
-3.237e-02,-62,-56,-61,-57,0.4,0.8,-0.4,1.2
-3.233e-02,-62,-68,-61,-65,0.4,0,1.2,-1.2
-3.230e-02,-64,-60,-63,-59,0.4,0.8,-0.4,1.2
-3.226e-02,-66,-70,-63,-67,0.4,0,-0.4,-1.2
-3.222e-02,-68,-62,-65,-61,0.4,0.8,0.4,1.2
-3.218e-02,-68,-72,-65,-69,0.4,-0.4,-0.4,-1.2
-3.214e-02,-68,-64,-67,-63,0.4,0.8,-0.4,1.2
-3.210e-02,-70,-74,-67,-71,0.4,-0.4,-0.4,-1.2
-3.207e-02,-72,-66,-67,-65,0.4,0.8,-0.4,1.2
-3.203e-02,-72,-78,-67,-73,0,-0.4,-0.4,-1.2
-3.199e-02,-72,-68,-69,-65,0.4,0.4,0.4,1.2
-3.195e-02,-74,-80,-71,-75,0,-0.4,-0.4,-1.2
-3.191e-02,-76,-70,-71,-69,0,0.4,0.4,1.2
-3.187e-02,-76,-80,-73,-75,-0.4,-0.4,-0.4,-1.2
-3.184e-02,-76,-72,-73,-69,0,0.4,-0.4,1.2
-3.180e-02,-78,-82,-73,-77,0,-0.8,-0.4,-1.2
-3.176e-02,-80,-74,-75,-71,0,0.4,-0.4,1.2
-3.172e-02,-80,-84,-75,-79,0,-0.8,-0.4,-1.2
-3.168e-02,-80,-74,-77,-73,0,0.4,-0.4,1.2
-3.164e-02,-82,-86,-77,-81,0,-0.8,-0.4,-1.2
-3.161e-02,-82,-76,-77,-75,-0.4,0.4,-0.4,1.2
-3.157e-02,-82,-86,-79,-81,-0.4,-0.8,-0.4,-1.2
-3.153e-02,-84,-78,-79,-75,-0.4,0.4,-0.4,0.4
-3.149e-02,-84,-88,-81,-83,-0.4,-0.8,-0.4,-1.2
-3.145e-02,-84,-80,-81,-77,-0.4,0,-0.4,0.4
-3.141e-02,-86,-90,-81,-83,-0.4,-0.8,-0.4,-1.2
-3.137e-02,-86,-82,-81,-79,-0.4,0,-1.2,0.4
-3.134e-02,-86,-90,-81,-85,-0.4,-1.2,0.4,-1.2
-3.130e-02,-88,-82,-83,-79,-0.4,0,-0.4,0.4
-3.126e-02,-88,-92,-83,-87,-0.4,-1.2,-0.4,-1.2
-3.122e-02,-90,-84,-83,-81,-0.8,0,-1.2,0.4
-3.118e-02,-88,-94,-83,-87,-0.4,-1.2,-0.4,-2
-3.114e-02,-88,-86,-85,-83,-0.4,-0.4,-0.4,0.4
-3.111e-02,-92,-96,-85,-89,-0.8,-1.2,-0.4,-2
-3.107e-02,-92,-86,-87,-83,-0.8,-0.4,-0.4,0.4
-3.103e-02,-92,-96,-87,-89,-0.8,-1.2,-0.4,-2
-3.099e-02,-94,-88,-87,-85,-0.8,-0.4,-1.2,0.4
-3.095e-02,-90,-98,-87,-91,-0.8,-1.6,-1.2,-2
-3.091e-02,-92,-88,-89,-85,-0.8,-0.4,-1.2,0.4
-3.088e-02,-94,-98,-87,-91,-0.8,-1.6,-0.4,-2
-3.084e-02,-94,-90,-89,-87,-1.2,-0.4,-1.2,0.4
-3.080e-02,-96,-100,-89,-93,-0.8,-1.6,-1.2,-2
-3.076e-02,-94,-92,-89,-87,-0.8,-0.4,-1.2,0.4
-3.072e-02,-98,-100,-89,-93,-1.2,-1.6,-1.2,-2
-3.068e-02,-96,-92,-91,-89,-1.2,-0.8,-1.2,0.4
-3.065e-02,-98,-102,-93,-95,-1.2,-1.6,-0.4,-2
-3.061e-02,-98,-94,-93,-89,-1.2,-0.8,-1.2,0.4
-3.057e-02,-96,-102,-91,-95,-1.2,-1.6,-1.2,-2
-3.053e-02,-98,-94,-93,-91,-1.2,-0.8,-1.2,0.4
-3.049e-02,-98,-104,-93,-95,-1.2,-1.6,-1.2,-2
-3.045e-02,-100,-96,-93,-91,-1.2,-0.8,-0.4,0.4
-3.041e-02,-100,-104,-95,-97,-1.6,-2,-1.2,-2
-3.038e-02,-100,-96,-95,-91,-1.2,-0.8,-1.2,0.4
-3.034e-02,-102,-106,-93,-97,-1.6,-2,-1.2,-2
-3.030e-02,-102,-96,-95,-93,-1.6,-0.8,-1.2,0.4
-3.026e-02,-100,-106,-95,-99,-1.6,-2,-1.2,-2
-3.022e-02,-102,-98,-95,-93,-1.6,-1.2,-2,0.4
-3.018e-02,-104,-108,-97,-99,-1.6,-2,-1.2,-2
-3.015e-02,-104,-98,-97,-93,-1.6,-1.2,-1.2,-0.4
-3.011e-02,-104,-108,-97,-99,-1.6,-2,-1.2,-2
-3.007e-02,-104,-100,-97,-95,-1.6,-1.2,-1.2,0.4
-3.003e-02,-106,-110,-99,-101,-1.6,-2.4,-1.2,-2
-2.999e-02,-106,-100,-99,-95,-1.6,-1.2,-1.2,-0.4
-2.995e-02,-108,-110,-99,-101,-1.6,-2.4,-1.2,-2
-2.992e-02,-106,-102,-99,-95,-2,-1.2,-1.2,-0.4
-2.988e-02,-106,-110,-99,-101,-1.6,-2.4,-1.2,-2
-2.984e-02,-108,-102,-99,-97,-2,-1.2,-1.2,-0.4
-2.980e-02,-108,-110,-99,-103,-1.6,-2.4,-1.2,-2.8
-2.976e-02,-106,-102,-101,-97,-1.6,-1.6,-1.2,-0.4
-2.972e-02,-108,-110,-101,-103,-2,-2.4,-1.2,-2.8
-2.969e-02,-108,-102,-101,-97,-2,-1.6,-1.2,-0.4
-2.965e-02,-108,-110,-101,-103,-2,-2.4,-1.2,-2.8
-2.961e-02,-106,-104,-101,-97,-2,-1.6,-1.2,-0.4
-2.957e-02,-108,-110,-101,-103,-2,-2.4,-1.2,-2.8
-2.953e-02,-108,-102,-101,-97,-2,-1.6,-1.2,-0.4
-2.949e-02,-110,-112,-101,-103,-2,-2.8,-1.2,-2.8
-2.945e-02,-106,-104,-101,-97,-2,-1.6,-2,-0.4
-2.942e-02,-106,-110,-101,-103,-2,-2.8,-2,-2.8
-2.938e-02,-108,-104,-101,-97,-2,-1.6,-2,-0.4
-2.934e-02,-108,-110,-99,-101,-2.4,-2.8,-2,-2.8
-2.930e-02,-106,-102,-99,-97,-2,-1.6,-2,-0.4
-2.926e-02,-106,-110,-99,-101,-2,-2.8,-2,-2.8
-2.922e-02,-106,-102,-99,-97,-2,-1.6,-2,-0.4
-2.919e-02,-108,-110,-99,-101,-2.4,-2.8,-1.2,-2.8
-2.915e-02,-106,-102,-99,-95,-2.4,-1.6,-2,-0.4
-2.911e-02,-106,-108,-99,-101,-2.4,-2.8,-1.2,-2.8
-2.907e-02,-106,-100,-99,-95,-2.4,-2,-2,-0.4
-2.903e-02,-104,-108,-99,-101,-2.4,-2.8,-2,-2.8
-2.899e-02,-106,-100,-99,-95,-2.4,-2,-2,-0.4
-2.896e-02,-104,-108,-97,-99,-2.4,-2.8,-1.2,-2.8
-2.892e-02,-106,-100,-97,-93,-2.4,-2,-2,-0.4
-2.888e-02,-104,-108,-95,-99,-2.4,-2.8,-2,-2.8
-2.884e-02,-104,-100,-97,-93,-2.4,-2,-1.2,-0.4
-2.880e-02,-102,-106,-97,-99,-2.4,-2.8,-2,-2.8
-2.876e-02,-104,-98,-97,-93,-2.4,-2,-1.2,-0.4
-2.873e-02,-102,-106,-95,-97,-2.4,-2.8,-2,-2.8
-2.869e-02,-104,-98,-95,-91,-2.4,-2,-2,-0.4
-2.865e-02,-102,-104,-95,-97,-2.8,-3.2,-2,-2.8
-2.861e-02,-102,-98,-95,-91,-2.4,-2,-2,-1.2
-2.857e-02,-102,-106,-93,-95,-2.4,-3.2,-2,-2.8
-2.853e-02,-100,-96,-95,-91,-2.4,-2,-2,-0.4
-2.849e-02,-102,-104,-93,-95,-2.4,-3.2,-2,-2.8
-2.846e-02,-100,-96,-93,-89,-2.8,-2,-2,-0.4
-2.842e-02,-100,-104,-93,-95,-2.8,-3.2,-2,-2.8
-2.838e-02,-98,-94,-91,-89,-2.4,-2,-2,-1.2
-2.834e-02,-100,-102,-91,-93,-2.8,-3.2,-1.2,-2.8
-2.830e-02,-98,-94,-91,-89,-2.4,-2,-2,-1.2
-2.826e-02,-100,-102,-91,-93,-2.8,-3.2,-2,-2.8
-2.823e-02,-98,-92,-89,-87,-2.8,-2,-2,-1.2
-2.819e-02,-96,-100,-89,-91,-2.8,-3.2,-2,-2.8
-2.815e-02,-96,-92,-89,-87,-2.8,-2.4,-2,-1.2
-2.811e-02,-96,-100,-89,-91,-2.4,-3.2,-2,-2.8
-2.807e-02,-94,-92,-87,-85,-2.8,-2.4,-2,-1.2
-2.803e-02,-96,-98,-87,-89,-2.8,-3.2,-2,-2.8
-2.800e-02,-94,-90,-87,-85,-2.8,-2.4,-2,-1.2
-2.796e-02,-94,-96,-87,-89,-2.8,-3.2,-2,-2.8
-2.792e-02,-94,-90,-87,-83,-2.8,-2.4,-2,-1.2
-2.788e-02,-92,-96,-85,-87,-2.8,-3.2,-2,-2.8
-2.784e-02,-92,-88,-85,-83,-2.8,-2.4,-2,-1.2
-2.780e-02,-92,-94,-85,-87,-2.8,-3.2,-2,-2.8
-2.776e-02,-90,-88,-85,-81,-2.8,-2.4,-2,-1.2
-2.773e-02,-92,-94,-83,-85,-2.8,-3.2,-2,-2.8
-2.769e-02,-90,-86,-83,-81,-2.8,-2.4,-2,-1.2
-2.765e-02,-90,-92,-83,-85,-2.8,-3.2,-2,-2.8
-2.761e-02,-90,-84,-81,-79,-2.8,-2.4,-2,-1.2
-2.757e-02,-88,-92,-81,-83,-2.8,-3.2,-2,-2.8
-2.753e-02,-88,-84,-81,-77,-2.8,-2.4,-2,-1.2
-2.750e-02,-86,-90,-81,-83,-2.8,-3.2,-2,-2.8
-2.746e-02,-86,-82,-79,-77,-2.8,-2.4,-2,-1.2
-2.742e-02,-86,-88,-79,-81,-3.2,-3.2,-2,-2.8
-2.738e-02,-86,-82,-79,-75,-2.8,-2.4,-2,-1.2
-2.734e-02,-84,-88,-79,-79,-2.8,-3.6,-2,-2.8
-2.730e-02,-84,-80,-77,-75,-2.8,-2.4,-2.8,-1.2
-2.727e-02,-84,-88,-77,-79,-2.8,-3.2,-2.8,-2.8
-2.723e-02,-84,-78,-75,-73,-3.2,-2.4,-2,-1.2
-2.719e-02,-82,-86,-75,-77,-2.8,-3.2,-2,-2.8
-2.715e-02,-82,-78,-75,-73,-2.8,-2.4,-2,-1.2
-2.711e-02,-82,-84,-75,-77,-2.8,-3.2,-2.8,-2.8
-2.707e-02,-80,-76,-73,-71,-2.8,-2.4,-2,-1.2
-2.704e-02,-82,-82,-73,-75,-2.8,-3.6,-2,-2.8
-2.700e-02,-78,-74,-71,-69,-2.8,-2.4,-2,-1.2
-2.696e-02,-78,-80,-71,-73,-2.8,-3.6,-2.8,-2.8
-2.692e-02,-76,-74,-71,-69,-2.8,-2.4,-2,-1.2
-2.688e-02,-76,-80,-69,-73,-2.8,-3.2,-2,-2.8
-2.684e-02,-78,-72,-69,-67,-2.8,-2.4,-2,-1.2
-2.680e-02,-74,-78,-69,-71,-2.8,-3.6,-2,-2.8
-2.677e-02,-76,-70,-69,-65,-2.8,-2.4,-2,-1.2
-2.673e-02,-74,-76,-67,-69,-3.2,-3.6,-2,-2.8
-2.669e-02,-72,-68,-67,-63,-2.8,-2.4,-2,-1.2
-2.665e-02,-72,-76,-65,-67,-2.8,-3.6,-2,-2.8
-2.661e-02,-70,-66,-63,-61,-2.8,-2.4,-2.8,-1.2
-2.657e-02,-72,-74,-63,-67,-2.8,-3.2,-2,-2.8
-2.654e-02,-68,-64,-63,-59,-2.8,-2.4,-2,-1.2
-2.650e-02,-68,-72,-63,-65,-2.8,-3.6,-2,-2.8
-2.646e-02,-66,-62,-61,-59,-3.2,-2.4,-2.8,-1.2
-2.642e-02,-66,-68,-59,-63,-2.8,-3.6,-2,-2.8
-2.638e-02,-66,-60,-59,-57,-2.8,-2.4,-2,-1.2
-2.634e-02,-64,-68,-59,-61,-2.8,-3.6,-2,-2.8
-2.631e-02,-64,-58,-59,-55,-2.8,-2.4,-2,-1.2
-2.627e-02,-62,-66,-57,-59,-2.8,-3.2,-2.8,-2.8
-2.623e-02,-60,-56,-55,-53,-2.8,-2.4,-2,-1.2
-2.619e-02,-58,-62,-55,-57,-2.8,-3.2,-2.8,-2.8
-2.615e-02,-58,-54,-53,-51,-2.8,-2.4,-2,-1.2
-2.611e-02,-56,-60,-51,-55,-2.8,-3.6,-2,-2.8
-2.608e-02,-54,-50,-49,-47,-2.8,-2.4,-2,-1.2
-2.604e-02,-56,-58,-51,-51,-2.8,-3.2,-2,-2.8
-2.600e-02,-54,-48,-49,-45,-2.8,-2.4,-2,-1.2
-2.596e-02,-52,-54,-47,-49,-2.8,-3.2,-2,-2.8
-2.592e-02,-50,-46,-45,-43,-2.8,-2.4,-2,-1.2
-2.588e-02,-50,-52,-45,-47,-2.8,-3.2,-1.2,-2.8
-2.584e-02,-46,-42,-43,-41,-2.8,-2.4,-2,-1.2
-2.581e-02,-48,-50,-43,-45,-2.4,-3.2,-2,-2.8
-2.577e-02,-46,-40,-41,-37,-2.8,-2,-2,-1.2
-2.573e-02,-44,-48,-39,-41,-2.8,-3.2,-2,-2.8
-2.569e-02,-44,-38,-39,-35,-2.8,-2.4,-2,-1.2
-2.565e-02,-42,-44,-37,-39,-2.8,-3.2,-2,-2.8
-2.561e-02,-40,-36,-35,-33,-2.8,-2.4,-2,-1.2
-2.558e-02,-40,-42,-35,-37,-2.8,-3.2,-2,-2.8
-2.554e-02,-40,-32,-35,-31,-2.4,-2.4,-2.8,-0.4
-2.550e-02,-38,-40,-31,-35,-2.8,-3.2,-2,-2.8
-2.546e-02,-36,-30,-31,-27,-2.4,-2,-1.2,-0.4
-2.542e-02,-36,-36,-29,-31,-2.4,-3.2,-2,-2.8
-2.538e-02,-32,-28,-29,-25,-2.4,-2,-2,-0.4
-2.535e-02,-32,-34,-29,-29,-2.8,-2.8,-2,-2.8
-2.531e-02,-32,-26,-27,-23,-2.4,-2,-2,-0.4
-2.527e-02,-30,-32,-25,-27,-2.4,-2.8,-2,-2.8
-2.523e-02,-28,-22,-23,-21,-2.4,-2,-2,-0.4
-2.519e-02,-26,-30,-23,-25,-2.4,-2.8,-1.2,-2.8
-2.515e-02,-24,-20,-23,-19,-2.4,-2,-2,-0.4
-2.512e-02,-24,-26,-21,-23,-2.4,-2.8,-2,-2.8
-2.508e-02,-22,-18,-19,-15,-2.4,-2,-2,-0.4
-2.504e-02,-22,-24,-17,-21,-2.4,-2.8,-2,-2.8
-2.500e-02,-20,-16,-17,-13,-2.4,-2,-1.2,-0.4
-2.496e-02,-18,-22,-15,-17,-2.4,-2.8,-2,-2.8
-2.492e-02,-18,-14,-15,-11,-2.4,-2,-1.2,-0.4
-2.488e-02,-16,-20,-13,-15,-2.4,-2.8,-2,-2.8
-2.485e-02,-18,-10,-13,-9,-2,-2,-2,-0.4
-2.481e-02,-14,-18,-11,-13,-2,-2.8,-2,-2.8
-2.477e-02,-14,-8,-11,-7,-2.4,-2,-1.2,-0.4
-2.473e-02,-12,-14,-9,-11,-2,-2.8,-2,-2.8
-2.469e-02,-10,-6,-7,-5,-2,-1.6,-1.2,-0.4
-2.465e-02,-12,-12,-7,-9,-2.4,-2.8,-1.2,-2.8
-2.462e-02,-10,-4,-5,-3,-2,-1.6,-1.2,-0.4
-2.458e-02,-8,-10,-5,-7,-2.4,-2.4,-2,-2.8
-2.454e-02,-6,-2,-3,-1,-2,-1.6,-2,-0.4
-2.450e-02,-4,-8,-3,-5,-2,-2.8,-1.2,-2
-2.446e-02,-4,2,-1,1,-2,-1.6,-2,-0.4
-2.442e-02,-2,-6,-1,-3,-2,-2.4,-1.2,-2.8
-2.439e-02,-2,4,-1,3,-2,-1.6,-1.2,-0.4
-2.435e-02,-8.9407e-08,-4,1,-1,-2,-2.4,-2,-2.8
-2.431e-02,-8.9407e-08,6,3,5,-2,-1.6,-1.2,-0.4
-2.427e-02,2,-2,3,1,-1.6,-2.4,-1.2,-2
-2.423e-02,4,8,5,7,-2,-1.6,-1.2,-0.4
-2.419e-02,4,2,5,3,-2,-2.4,-1.2,-2
-2.416e-02,4,10,7,9,-1.6,-1.6,-1.2,0.4
-2.412e-02,6,4,7,5,-1.6,-2.4,-1.2,-2
-2.408e-02,8,12,9,11,-2,-1.2,-2,-0.4
-2.404e-02,10,6,9,7,-1.6,-2.4,-1.2,-2
-2.400e-02,8,14,9,13,-1.6,-1.2,-1.2,-0.4
-2.396e-02,10,8,11,9,-1.6,-2.4,-1.2,-2
-2.392e-02,12,16,11,15,-1.6,-1.2,-1.2,-0.4
-2.389e-02,12,10,13,11,-1.6,-2,-1.2,-2
-2.385e-02,14,20,15,17,-1.6,-1.2,-0.4,0.4
-2.381e-02,14,12,17,13,-1.6,-2,-1.2,-2
-2.377e-02,16,22,17,19,-1.6,-1.2,-1.2,0.4
-2.373e-02,16,14,17,15,-1.6,-2,-1.2,-2
-2.369e-02,20,24,19,21,-1.2,-1.2,-1.2,0.4
-2.366e-02,20,16,19,17,-1.6,-2,-1.2,-2
-2.362e-02,20,26,21,23,-1.2,-0.8,-1.2,0.4
-2.358e-02,24,20,21,19,-1.2,-2,-1.2,-2
-2.354e-02,26,30,23,25,-1.2,-0.8,-1.2,0.4
-2.350e-02,26,22,23,23,-1.2,-1.6,-1.2,-2
-2.346e-02,24,32,25,29,-1.2,-0.8,-1.2,0.4
-2.343e-02,28,24,27,25,-1.2,-1.6,-1.2,-2
-2.339e-02,28,34,29,31,-1.2,-0.8,-0.4,0.4
-2.335e-02,30,26,29,27,-1.2,-1.6,-1.2,-2
-2.331e-02,30,36,31,33,-1.2,-0.8,-1.2,0.4
-2.327e-02,32,30,31,29,-1.2,-1.6,-1.2,-2
-2.323e-02,32,38,33,35,-1.2,-0.8,-0.4,0.4
-2.320e-02,34,32,33,31,-0.8,-1.6,-0.4,-2
-2.316e-02,36,40,33,37,-0.8,-0.8,-1.2,0.4
-2.312e-02,36,34,35,33,-0.8,-1.6,-1.2,-1.2
-2.308e-02,38,44,37,39,-0.8,-0.4,-1.2,0.4
-2.304e-02,40,36,37,35,-0.8,-1.2,-1.2,-1.2
-2.300e-02,42,46,39,41,-1.2,-0.4,-0.4,0.4
-2.296e-02,42,40,41,37,-0.8,-1.2,-0.4,-1.2
-2.293e-02,44,48,41,43,-0.8,-0.4,-0.4,0.4
-2.289e-02,44,40,41,39,-0.4,-1.2,-0.4,-1.2
-2.285e-02,44,50,43,45,-0.8,0,-0.4,0.4
-2.281e-02,48,44,43,41,-0.8,-1.2,-0.4,-2
-2.277e-02,48,52,45,47,-0.4,0,-0.4,0.4
-2.273e-02,50,46,45,43,-0.4,-1.2,-0.4,-1.2
-2.270e-02,50,56,47,49,-0.4,0,-0.4,0.4
-2.266e-02,52,48,47,45,-0.4,-1.2,-0.4,-1.2
-2.262e-02,52,58,49,51,-0.8,0,-0.4,0.4
-2.258e-02,54,50,51,47,-0.4,-0.8,-0.4,-1.2
-2.254e-02,54,60,51,53,-0.4,0,0.4,1.2
-2.250e-02,56,54,53,49,-0.4,-0.8,-0.4,-1.2
-2.247e-02,58,62,53,55,-0.4,0,0.4,1.2
-2.243e-02,58,56,53,51,-0.4,-0.8,0.4,-1.2
-2.239e-02,60,64,55,57,-0.4,0.4,-0.4,1.2
-2.235e-02,60,58,55,53,0,-0.8,-0.4,-1.2
-2.231e-02,60,66,57,59,0,0.4,-0.4,1.2
-2.227e-02,62,60,59,55,0,-0.8,-0.4,-1.2
-2.224e-02,62,68,59,61,-0.4,0.4,0.4,1.2
-2.220e-02,64,62,59,57,0,-0.4,0.4,-1.2
-2.216e-02,66,70,61,63,0,0.4,-0.4,1.2
-2.212e-02,66,64,61,59,0,-0.4,0.4,-1.2
-2.208e-02,68,72,61,65,0,0.4,0.4,1.2
-2.204e-02,68,66,63,61,0,-0.4,0.4,-1.2
-2.200e-02,70,74,63,67,0.4,0.4,0.4,1.2
-2.197e-02,70,68,63,63,0.4,-0.4,0.4,-1.2
-2.193e-02,72,76,67,69,0.4,0.8,0.4,1.2
-2.189e-02,74,70,67,65,0.4,0,0.4,-0.4
-2.185e-02,74,78,69,71,0.4,0.8,0.4,1.2
-2.181e-02,74,70,69,67,0.4,0,0.4,-0.4
-2.177e-02,76,80,69,71,0.8,0.8,0.4,1.2
-2.174e-02,76,72,69,67,0.4,0,0.4,-0.4
-2.170e-02,76,80,71,73,0.4,0.8,0.4,1.2
-2.166e-02,78,74,71,69,0.4,0,0.4,-0.4
-2.162e-02,78,82,71,75,0.4,0.8,0.4,2
-2.158e-02,80,76,73,71,0.4,0,0.4,-0.4
-2.154e-02,78,84,73,77,0.4,1.2,0.4,1.2
-2.151e-02,82,78,75,73,0.4,0,0.4,-0.4
-2.147e-02,80,84,75,77,0.4,1.2,0.4,2
-2.143e-02,82,78,75,73,0.8,0.4,0.4,-0.4
-2.139e-02,84,88,77,79,0.8,1.2,0.4,2
-2.135e-02,84,80,77,75,0.8,0.4,0.4,-0.4
-2.131e-02,84,88,77,79,0.8,1.2,0.4,2
-2.127e-02,86,82,79,75,1.2,0.4,0.4,-0.4
-2.124e-02,86,90,79,81,1.2,1.2,1.2,2
-2.120e-02,86,84,79,77,1.2,0.4,0.4,-0.4
-2.116e-02,86,90,79,83,0.8,1.2,1.2,2
-2.112e-02,88,84,81,79,1.2,0.4,0.4,-0.4
-2.108e-02,88,92,83,83,0.8,1.6,0.4,2
-2.104e-02,88,86,81,79,0.8,0.4,0.4,-0.4
-2.101e-02,90,94,81,85,1.2,1.6,0.4,2
-2.097e-02,90,86,83,81,1.2,0.4,1.2,-0.4
-2.093e-02,90,94,81,85,0.8,1.6,1.2,2
-2.089e-02,92,88,85,81,1.2,0.8,0.4,-0.4
-2.085e-02,92,96,83,87,1.2,1.6,1.2,2
-2.081e-02,92,88,85,83,1.2,0.8,1.2,-0.4
-2.078e-02,94,96,85,87,1.2,1.6,1.2,2
-2.074e-02,92,90,85,83,1.2,0.8,0.4,0.4
-2.070e-02,96,98,85,89,1.2,1.6,0.4,2
-2.066e-02,94,90,87,85,1.2,0.8,1.2,0.4
-2.062e-02,94,100,87,89,1.2,2,0.4,2
-2.058e-02,94,92,87,85,1.6,1.2,1.2,0.4
-2.055e-02,96,100,87,89,1.6,2,1.2,2
-2.051e-02,96,94,87,85,1.6,1.2,1.2,0.4
-2.047e-02,96,100,89,91,1.6,2,1.2,2
-2.043e-02,98,94,89,87,2,1.2,0.4,0.4
-2.039e-02,98,102,89,93,1.6,2,0.4,2
-2.035e-02,98,94,89,87,1.6,1.2,1.2,0.4
-2.031e-02,98,102,89,93,1.6,2,1.2,2
-2.028e-02,98,96,91,89,1.6,1.2,1.2,0.4
-2.024e-02,98,104,91,93,1.6,2,1.2,2
-2.020e-02,102,98,91,89,2,1.2,1.2,0.4
-2.016e-02,102,104,91,95,2,2.4,1.2,2
-2.012e-02,100,98,91,89,1.6,1.2,1.2,0.4
-2.008e-02,102,106,93,95,2,2.4,1.2,2.8
-2.005e-02,102,98,95,91,2,1.6,1.2,0.4
-2.001e-02,104,106,93,95,2,2.4,2,2.8
-1.997e-02,104,100,95,91,2,1.6,1.2,0.4
-1.993e-02,102,106,93,97,2,2.4,1.2,2.8
-1.989e-02,102,100,95,91,2,1.6,1.2,0.4
-1.985e-02,104,108,95,97,2,2.4,1.2,2.8
-1.982e-02,104,100,95,93,2,1.6,2,0.4
-1.978e-02,104,108,95,97,2.4,2.8,1.2,2.8
-1.974e-02,104,100,95,93,2,1.6,2,0.4
-1.970e-02,106,108,95,97,2,2.8,1.2,2.8
-1.966e-02,104,102,95,93,2,2,1.2,0.4
-1.962e-02,106,110,95,97,2.4,2.8,1.2,2.8
-1.959e-02,108,102,97,93,2.4,2,1.2,0.4
-1.955e-02,104,108,95,97,2.4,2.8,2,2.8
-1.951e-02,106,100,95,93,2.4,2,1.2,0.4
-1.947e-02,106,108,95,99,2.4,2.8,1.2,2.8
-1.943e-02,104,100,97,93,2.4,2,2,0.4
-1.939e-02,104,108,95,97,2.4,2.8,1.2,2.8
-1.935e-02,104,100,95,93,2.4,2,2,0.4
-1.932e-02,104,108,97,97,2.8,2.8,2,2.8
-1.928e-02,104,100,95,93,2.4,2,2,0.4
-1.924e-02,104,108,95,97,2.4,2.8,2,2.8
-1.920e-02,104,100,95,91,2.4,2,1.2,0.4
-1.916e-02,104,108,95,97,2.4,3.2,2,2.8
-1.912e-02,104,100,95,91,2.8,2,2,0.4
-1.909e-02,102,106,93,97,2.8,3.2,2,2.8
-1.905e-02,102,98,93,91,2.4,2,1.2,0.4
-1.901e-02,102,106,93,95,2.8,3.2,2,2.8
-1.897e-02,102,98,93,89,2.4,2,2,0.4
-1.893e-02,104,106,91,95,2.8,3.2,2,2.8
-1.889e-02,102,98,91,89,2.8,2,1.2,1.2
-1.886e-02,100,104,91,95,2.4,3.2,2,2.8
-1.882e-02,100,96,91,89,2.8,2.4,2,1.2
-1.878e-02,100,104,91,93,2.8,3.2,1.2,2.8
-1.874e-02,102,96,91,87,2.8,2.4,2,1.2
-1.870e-02,100,104,89,93,2.8,3.2,2,2.8
-1.866e-02,100,96,89,87,2.8,2.4,2,1.2
-1.863e-02,100,104,89,93,2.4,3.2,2,2.8
-1.859e-02,100,94,89,87,2.8,2.4,2,1.2
-1.855e-02,98,102,89,91,2.8,3.2,2,2.8
-1.851e-02,98,94,89,85,2.8,2.4,2,1.2
-1.847e-02,98,102,89,91,2.8,3.2,2,2.8
-1.843e-02,98,92,89,85,3.2,2.4,2,1.2
-1.839e-02,96,100,87,89,2.8,3.6,2,2.8
-1.836e-02,98,92,85,83,2.8,2.4,2,1.2
-1.832e-02,98,100,87,89,2.8,3.6,1.2,2.8
-1.828e-02,96,90,85,83,2.8,2.4,2,1.2
-1.824e-02,96,98,85,87,3.2,3.6,2,2.8
-1.820e-02,94,90,85,83,3.2,2.4,1.2,1.2
-1.816e-02,94,98,83,87,3.2,3.6,2,2.8
-1.813e-02,92,90,83,81,2.8,2.4,2,1.2
-1.809e-02,92,96,83,85,3.2,3.6,2,2.8
-1.805e-02,92,88,83,79,2.8,2.4,2,1.2
-1.801e-02,92,96,83,85,3.2,3.6,2,2.8
-1.797e-02,92,88,81,79,3.2,2.8,2,1.2
-1.793e-02,90,94,81,83,2.8,3.6,2,3.6
-1.790e-02,90,86,81,77,3.2,2.8,2,1.2
-1.786e-02,90,94,81,83,3.2,3.6,2,2.8
-1.782e-02,90,84,81,77,3.2,2.8,2,1.2
-1.778e-02,88,92,79,81,3.2,3.6,2,2.8
-1.774e-02,88,84,79,75,3.2,2.4,2,1.2
-1.770e-02,88,90,77,81,3.2,3.6,2,3.6
-1.767e-02,88,82,77,73,3.2,2.4,2,1.2
-1.763e-02,86,90,77,79,3.2,3.6,2,2.8
-1.759e-02,86,82,77,73,3.2,2.8,2,1.2
-1.755e-02,84,90,75,79,3.6,3.6,2,3.6
-1.751e-02,86,80,75,71,3.2,2.8,2,1.2
-1.747e-02,84,88,75,77,3.2,3.6,2,3.6
-1.743e-02,84,78,75,71,3.2,2.8,2,1.2
-1.740e-02,84,86,75,77,3.2,3.6,2,3.6
-1.736e-02,84,78,73,69,3.2,2.8,2,1.2
-1.732e-02,82,86,73,75,3.2,3.6,2,3.6
-1.728e-02,82,76,71,69,3.2,2.8,2,1.2
-1.724e-02,80,86,71,75,3.2,3.6,2,2.8
-1.720e-02,80,76,71,67,3.2,2.8,2,1.2
-1.717e-02,80,84,71,73,3.2,3.6,2,3.6
-1.713e-02,80,74,69,67,3.6,2.8,2,1.2
-1.709e-02,80,82,69,71,3.2,3.6,2.8,3.6
-1.705e-02,78,72,69,65,3.2,2.8,2,1.2
-1.701e-02,76,80,67,71,2.8,3.6,2,3.6
-1.697e-02,76,70,65,63,3.2,2.8,2,1.2
-1.694e-02,74,78,67,69,3.2,3.6,2,2.8
-1.690e-02,74,70,65,61,3.2,2.8,2,1.2
-1.686e-02,74,78,65,67,3.6,3.6,2,3.6
-1.682e-02,74,68,63,61,3.2,2.8,2,1.2
-1.678e-02,70,76,63,65,3.2,3.6,2,3.6
-1.674e-02,70,66,61,59,3.2,2.8,2,1.2
-1.671e-02,72,74,63,65,3.2,3.6,2,3.6
-1.667e-02,70,64,61,57,3.6,2.8,2,1.2
-1.663e-02,68,72,61,63,3.2,3.6,2.8,3.6
-1.659e-02,66,62,59,55,3.6,2.8,2,1.2
-1.655e-02,68,70,57,61,3.2,3.6,2,2.8
-1.651e-02,66,62,57,53,3.2,2.8,2,1.2
-1.647e-02,66,70,57,59,3.2,3.6,2,2.8
-1.644e-02,64,60,55,51,3.2,2.8,2,1.2
-1.640e-02,64,68,55,57,3.2,3.6,2,2.8
-1.636e-02,62,56,55,49,3.6,2.8,2,1.2
-1.632e-02,62,66,53,55,3.2,3.6,2,2.8
-1.628e-02,60,54,51,47,3.2,2.8,2,1.2
-1.624e-02,58,64,51,53,3.2,3.6,2,3.6
-1.621e-02,56,52,51,45,3.2,2.8,2,1.2
-1.617e-02,56,60,49,51,3.2,3.6,2,3.6
-1.613e-02,54,50,47,43,3.2,2.8,2,1.2
-1.609e-02,52,58,47,49,3.2,3.6,2,2.8
-1.605e-02,52,46,45,41,2.8,2.8,2,1.2
-1.601e-02,52,56,45,47,3.2,3.6,2,2.8
-1.598e-02,48,44,43,39,3.2,2.4,2,1.2
-1.594e-02,48,54,41,45,3.2,3.6,2,2.8
-1.590e-02,48,42,41,35,3.2,2.4,2,1.2
-1.586e-02,46,50,39,43,3.2,3.6,2,2.8
-1.582e-02,44,38,37,33,3.2,2.4,2,1.2
-1.578e-02,42,48,37,39,3.2,3.6,2,2.8
-1.575e-02,40,36,35,31,3.2,2.4,2,1.2
-1.571e-02,40,46,35,37,2.8,3.6,2,2.8
-1.567e-02,38,32,33,29,2.8,2.4,1.2,1.2
-1.563e-02,38,42,31,35,3.2,3.6,2,2.8
-1.559e-02,36,30,31,25,2.8,2.4,2,1.2
-1.555e-02,36,40,29,33,2.8,3.6,2,2.8
-1.551e-02,34,28,29,23,3.2,2.4,2,1.2
-1.548e-02,34,38,25,31,3.2,3.2,2,2.8
-1.544e-02,32,26,27,21,2.8,2.4,2,1.2
-1.540e-02,32,36,25,27,2.8,3.2,2,2.8
-1.536e-02,28,22,25,19,2.8,2.4,2,0.4
-1.532e-02,26,34,23,25,2.8,3.2,2,2.8
-1.528e-02,26,20,21,17,2.8,2.4,1.2,0.4
-1.525e-02,26,30,19,23,2.8,3.2,2,2.8
-1.521e-02,22,18,17,15,2.8,2.4,2,0.4
-1.517e-02,22,28,17,21,2.8,3.2,2,2.8
-1.513e-02,22,16,15,11,2.8,2.4,2,0.4
-1.509e-02,20,24,15,19,2.8,3.2,2,2.8
-1.505e-02,18,14,13,11,2.4,2,2,0.4
-1.502e-02,16,22,13,17,2.8,3.2,2,2.8
-1.498e-02,18,10,13,7,2.8,2,2,0.4
-1.494e-02,14,20,11,13,2.8,3.2,1.2,2.8
-1.490e-02,14,8,9,5,2.4,2,1.2,0.4
-1.486e-02,12,18,7,11,2.8,3.2,1.2,2.8
-1.482e-02,12,6,7,3,2.4,2,2,0.4
-1.478e-02,10,16,7,9,2.4,2.8,2,2.8
-1.475e-02,10,4,5,1,2.4,2,2,0.4
-1.471e-02,10,14,3,7,2.8,2.8,2,2.8
-1.467e-02,6,2,3,-1,2.4,2,1.2,0.4
-1.463e-02,6,10,3,5,2.4,2.8,1.2,2.8
-1.459e-02,6,-8.9407e-08,1,-3,2.4,2,1.2,0.4
-1.455e-02,2,8,-1,3,2.4,2.8,2,2.8
-1.452e-02,2,-4,-3,-5,2.4,2,1.2,0.4
-1.448e-02,-8.9407e-08,6,-3,1,2.4,2.8,1.2,2.8
-1.444e-02,-8.9407e-08,-6,-3,-7,2.4,2,1.2,0.4
-1.440e-02,-2,4,-5,-1,2.4,2.8,1.2,2
-1.436e-02,-4,-8,-5,-9,2,1.6,1.2,0.4
-1.432e-02,-4,-8.9407e-08,-5,-3,2.4,2.8,1.2,2.8
-1.429e-02,-4,-10,-7,-11,2,1.6,1.2,0.4
-1.425e-02,-6,-2,-9,-5,2,2.8,1.2,2.8
-1.421e-02,-8,-12,-9,-13,2.4,1.6,1.2,0.4
-1.417e-02,-8,-4,-11,-7,2,2.4,1.2,2
-1.413e-02,-8,-14,-11,-15,2,1.6,1.2,0.4
-1.409e-02,-10,-6,-13,-9,2,2.4,1.2,2.8
-1.406e-02,-12,-16,-13,-17,2,1.6,1.2,0.4
-1.402e-02,-12,-8,-15,-11,2,2.4,1.2,2
-1.398e-02,-14,-18,-15,-19,2,1.6,1.2,0.4
-1.394e-02,-14,-10,-15,-13,1.6,2.4,1.2,2
-1.390e-02,-16,-20,-17,-21,2,1.2,1.2,0.4
-1.386e-02,-16,-12,-17,-15,2,2.4,1.2,2
-1.382e-02,-18,-24,-19,-23,2,1.2,1.2,0.4
-1.379e-02,-20,-14,-21,-17,2,2.4,1.2,2
-1.375e-02,-20,-26,-21,-25,1.6,1.2,1.2,0.4
-1.371e-02,-22,-16,-23,-19,1.6,2,1.2,2
-1.367e-02,-24,-28,-23,-27,1.6,1.2,0.4,0.4
-1.363e-02,-24,-18,-25,-21,1.6,2,1.2,2
-1.359e-02,-24,-30,-25,-29,1.6,1.2,1.2,0.4
-1.356e-02,-26,-22,-27,-23,1.2,2,2,2
-1.352e-02,-28,-34,-27,-33,1.6,1.2,1.2,-0.4
-1.348e-02,-28,-24,-29,-25,1.6,2,0.4,2
-1.344e-02,-32,-36,-31,-35,1.6,1.2,1.2,-0.4
-1.340e-02,-32,-26,-31,-29,1.6,2,1.2,2
-1.336e-02,-34,-38,-33,-37,1.6,0.8,1.2,-0.4
-1.333e-02,-34,-30,-33,-31,1.2,2,1.2,2
-1.329e-02,-36,-42,-35,-39,1.2,0.8,0.4,-0.4
-1.325e-02,-36,-32,-37,-33,1.2,1.6,1.2,2
-1.321e-02,-36,-44,-37,-41,1.2,0.8,1.2,-0.4
-1.317e-02,-40,-34,-39,-35,1.2,1.6,0.4,2
-1.313e-02,-42,-46,-39,-43,1.2,0.8,1.2,-0.4
-1.310e-02,-42,-36,-41,-37,1.2,1.6,0.4,2
-1.306e-02,-42,-48,-41,-45,1.2,0.8,0.4,-0.4
-1.302e-02,-44,-38,-43,-39,1.2,1.6,0.4,2
-1.298e-02,-44,-50,-43,-47,1.2,0.4,0.4,-0.4
-1.294e-02,-46,-40,-45,-41,1.2,1.6,1.2,2
-1.290e-02,-48,-52,-45,-51,1.2,0.4,0.4,-0.4
-1.286e-02,-48,-44,-47,-43,0.8,1.6,0.4,2
-1.283e-02,-48,-56,-49,-53,0.8,0.4,0.4,-0.4
-1.279e-02,-52,-46,-49,-47,0.8,1.2,0.4,1.2
-1.275e-02,-52,-58,-51,-55,0.8,0.4,0.4,-0.4
-1.271e-02,-52,-48,-53,-49,0.8,1.2,0.4,1.2
-1.267e-02,-56,-60,-53,-57,0.8,0.4,0.4,-0.4
-1.263e-02,-54,-50,-53,-49,0.4,1.2,0.4,1.2
-1.260e-02,-56,-62,-55,-59,0.4,0,0.4,-0.4
-1.256e-02,-58,-52,-55,-53,0.8,1.2,0.4,1.2
-1.252e-02,-58,-64,-57,-61,0.8,0,0.4,-0.4
-1.248e-02,-60,-54,-59,-55,0.8,1.2,0.4,1.2
-1.244e-02,-62,-66,-59,-63,0.8,0,0.4,-1.2
-1.240e-02,-60,-56,-61,-57,0.8,0.8,0.4,1.2
-1.237e-02,-62,-68,-59,-65,0.4,0,0.4,-1.2
-1.233e-02,-64,-60,-61,-59,0.4,0.8,0.4,1.2
-1.229e-02,-64,-70,-63,-67,0.4,0,0.4,-1.2
-1.225e-02,-66,-60,-63,-59,0.4,0.8,0.4,1.2
-1.221e-02,-68,-72,-63,-67,0.4,-0.4,0.4,-1.2
-1.217e-02,-68,-62,-65,-61,0.4,0.8,-0.4,1.2
-1.214e-02,-68,-74,-65,-69,0.4,-0.4,-0.4,-1.2
-1.210e-02,-68,-66,-67,-63,0.4,0.8,-0.4,1.2
-1.206e-02,-72,-76,-67,-71,0.4,-0.4,-0.4,-1.2
-1.202e-02,-72,-66,-67,-67,0,0.4,-0.4,1.2
-1.198e-02,-72,-78,-69,-73,0,-0.4,-0.4,-1.2
-1.194e-02,-72,-70,-71,-67,0,0.4,-0.4,1.2
-1.190e-02,-74,-80,-71,-75,0,-0.4,-0.4,-1.2
-1.187e-02,-76,-70,-73,-69,0,0.4,0.4,1.2
-1.183e-02,-76,-82,-73,-77,0,-0.8,-0.4,-1.2
-1.179e-02,-78,-74,-75,-71,0,0.4,-0.4,1.2
-1.175e-02,-78,-84,-75,-79,-0.4,-0.8,-0.4,-1.2
-1.171e-02,-78,-74,-75,-73,0,0.4,-0.4,1.2
-1.167e-02,-82,-84,-75,-79,-0.4,-0.8,-0.4,-1.2
-1.164e-02,-82,-76,-77,-75,0,0.4,-0.4,1.2
-1.160e-02,-82,-86,-77,-81,-0.4,-0.8,-0.4,-1.2
-1.156e-02,-82,-78,-77,-75,0,0,-0.4,0.4
-1.152e-02,-84,-88,-79,-83,-0.4,-0.8,-0.4,-1.2
-1.148e-02,-84,-80,-79,-77,-0.4,0,-0.4,0.4
-1.144e-02,-84,-90,-79,-83,-0.4,-0.8,-0.4,-1.2
-1.141e-02,-86,-80,-81,-79,-0.4,0,-0.4,1.2
-1.137e-02,-86,-90,-81,-85,-0.4,-1.2,-1.2,-1.2
-1.133e-02,-88,-82,-83,-79,-0.4,0,-1.2,0.4
-1.129e-02,-86,-92,-83,-85,-0.4,-1.2,-0.4,-2
-1.125e-02,-88,-84,-83,-81,-0.4,0,-0.4,0.4
-1.121e-02,-88,-94,-83,-87,-0.4,-1.2,-1.2,-2
-1.118e-02,-90,-84,-83,-81,-0.8,0,-1.2,0.4
-1.114e-02,-88,-94,-85,-89,-0.4,-1.2,-1.2,-2
-1.110e-02,-90,-86,-87,-83,-0.8,-0.4,-0.4,0.4
-1.106e-02,-92,-96,-87,-89,-0.8,-1.2,-0.4,-2
-1.102e-02,-92,-88,-87,-85,-0.8,-0.4,-1.2,0.4
-1.098e-02,-96,-96,-89,-91,-0.8,-1.2,-1.2,-2
-1.094e-02,-94,-88,-87,-85,-0.8,-0.4,-1.2,0.4
-1.091e-02,-94,-98,-89,-91,-0.8,-1.6,-1.2,-2
-1.087e-02,-94,-90,-89,-85,-0.8,-0.4,-0.4,0.4
-1.083e-02,-96,-100,-91,-93,-1.2,-1.6,-1.2,-2
-1.079e-02,-94,-92,-91,-87,-1.2,-0.8,-1.2,0.4
-1.075e-02,-96,-100,-91,-93,-1.2,-1.6,-0.4,-2
-1.071e-02,-98,-92,-91,-87,-1.2,-0.8,-1.2,0.4
-1.068e-02,-98,-102,-91,-93,-1.2,-1.6,-1.2,-2
-1.064e-02,-98,-92,-91,-89,-1.2,-0.8,-1.2,0.4
-1.060e-02,-98,-102,-93,-95,-1.2,-1.6,-1.2,-2
-1.056e-02,-98,-94,-91,-89,-1.2,-0.8,-1.2,0.4
-1.052e-02,-98,-104,-93,-95,-1.2,-1.6,-1.2,-2
-1.048e-02,-98,-94,-93,-91,-1.2,-0.8,-1.2,0.4
-1.045e-02,-100,-104,-95,-97,-1.2,-2,-0.4,-2
-1.041e-02,-100,-96,-93,-91,-1.2,-0.8,-0.4,0.4
-1.037e-02,-102,-104,-95,-97,-1.6,-2,-1.2,-2
-1.033e-02,-100,-96,-95,-91,-1.2,-0.8,-1.2,0.4
-1.029e-02,-102,-106,-95,-97,-1.6,-2,-1.2,-2
-1.025e-02,-102,-98,-95,-93,-1.2,-1.2,-1.2,-0.4
-1.022e-02,-104,-106,-97,-99,-1.2,-2,-1.2,-2
-1.018e-02,-104,-98,-97,-93,-1.6,-1.2,-1.2,0.4
-1.014e-02,-104,-108,-97,-99,-1.6,-2,-1.2,-2
-1.010e-02,-104,-100,-97,-95,-1.6,-1.2,-1.2,-0.4
-1.006e-02,-104,-108,-97,-101,-1.6,-2,-1.2,-2
-1.002e-02,-104,-100,-99,-95,-1.6,-1.2,-1.2,-0.4
-9.985e-03,-106,-110,-99,-101,-1.6,-2,-2,-2.8
-9.946e-03,-106,-102,-99,-95,-1.6,-1.2,-1.2,-0.4
-9.908e-03,-106,-110,-99,-101,-1.6,-2.4,-1.2,-2.8
-9.869e-03,-106,-102,-99,-97,-2,-1.2,-2,-0.4
-9.831e-03,-106,-110,-99,-101,-2,-2.4,-1.2,-2.8
-9.793e-03,-106,-102,-99,-97,-1.6,-1.6,-1.2,-0.4
-9.754e-03,-108,-110,-99,-101,-2,-2.4,-1.2,-2
-9.716e-03,-108,-102,-101,-97,-2,-1.6,-2,-0.4
-9.677e-03,-108,-110,-101,-103,-2,-2.4,-1.2,-2.8
-9.639e-03,-106,-102,-99,-97,-2,-1.6,-1.2,-0.4
-9.601e-03,-110,-110,-101,-103,-2,-2.4,-2,-2.8
-9.562e-03,-106,-104,-101,-97,-2,-1.6,-1.2,-0.4
-9.524e-03,-108,-110,-99,-103,-2,-2.4,-1.2,-2.8
-9.485e-03,-108,-104,-101,-97,-2,-1.6,-2,-0.4
-9.447e-03,-110,-112,-101,-103,-2,-2.8,-2,-2.8
-9.409e-03,-108,-104,-101,-97,-2.4,-1.6,-1.2,-0.4
-9.370e-03,-106,-110,-99,-101,-2,-2.8,-1.2,-2.8
-9.332e-03,-108,-102,-101,-97,-2,-1.6,-2,-0.4
-9.293e-03,-106,-110,-99,-101,-2,-2.8,-2,-2.8
-9.255e-03,-106,-102,-99,-97,-2.4,-1.6,-1.2,-0.4
-9.217e-03,-108,-110,-99,-101,-2.4,-2.8,-2,-2.8
-9.178e-03,-106,-102,-99,-97,-2.4,-1.6,-2,-0.4
-9.140e-03,-106,-110,-99,-101,-2.4,-2.8,-1.2,-2.8
-9.101e-03,-106,-102,-99,-95,-2.4,-2,-2,-0.4
-9.063e-03,-106,-108,-99,-101,-2.4,-2.8,-2,-2.8
-9.025e-03,-106,-100,-97,-95,-2.4,-2,-2,-0.4
-8.986e-03,-106,-108,-99,-99,-2.4,-2.8,-2,-2.8
-8.948e-03,-106,-100,-97,-95,-2.4,-1.6,-2,-0.4
-8.909e-03,-104,-108,-95,-99,-2.4,-2.8,-1.2,-2.8
-8.871e-03,-104,-100,-97,-93,-2.4,-2,-2,-0.4
-8.833e-03,-104,-106,-97,-99,-2.4,-2.8,-2,-2.8
-8.794e-03,-104,-98,-95,-93,-2.4,-2,-2,-0.4
-8.756e-03,-102,-106,-95,-97,-2.4,-2.8,-2,-2.8
-8.717e-03,-104,-98,-95,-93,-2.4,-2,-2,-0.4
-8.679e-03,-104,-106,-95,-97,-2.4,-3.2,-2.8,-2.8
-8.641e-03,-102,-98,-93,-91,-2.4,-2,-2,-0.4
-8.602e-03,-102,-104,-95,-97,-2.4,-3.2,-2,-2.8
-8.564e-03,-102,-96,-93,-91,-2.4,-2,-2,-0.4
-8.525e-03,-102,-104,-93,-95,-2.8,-3.2,-2,-2.8
-8.487e-03,-100,-96,-93,-91,-2.8,-2,-2,-1.2
-8.449e-03,-100,-104,-91,-95,-2.8,-3.2,-2,-2.8
-8.410e-03,-98,-94,-91,-89,-2.4,-2,-2,-0.4
-8.372e-03,-100,-104,-91,-93,-2.4,-3.2,-2,-2.8
-8.333e-03,-98,-94,-91,-89,-2.8,-2.4,-2,-0.4
-8.295e-03,-98,-102,-91,-93,-2.4,-3.2,-2,-2.8
-8.257e-03,-98,-94,-89,-89,-2.8,-2,-2,-1.2
-8.218e-03,-96,-102,-91,-91,-2.8,-3.2,-2,-2.8
-8.180e-03,-96,-92,-89,-87,-2.8,-2.4,-2,-1.2
-8.141e-03,-96,-100,-89,-91,-2.8,-3.2,-2,-2.8
-8.103e-03,-94,-92,-89,-85,-2.8,-2.4,-2,-1.2
-8.065e-03,-96,-98,-87,-91,-2.4,-3.2,-2,-2.8
-8.026e-03,-94,-90,-87,-85,-2.8,-2.4,-2,-1.2
-7.988e-03,-94,-98,-87,-89,-2.8,-3.2,-2,-2.8
-7.949e-03,-94,-90,-87,-83,-2.8,-2.4,-2,-1.2
-7.911e-03,-92,-96,-85,-89,-2.4,-3.2,-2,-2.8
-7.873e-03,-92,-88,-85,-83,-2.8,-2.4,-2,-1.2
-7.834e-03,-90,-96,-85,-87,-2.8,-3.2,-2,-2.8
-7.796e-03,-92,-86,-85,-81,-2.8,-2.4,-2,-1.2
-7.757e-03,-90,-94,-83,-85,-2.8,-3.2,-2,-2.8
-7.719e-03,-90,-86,-83,-81,-2.8,-2.4,-2,-1.2
-7.680e-03,-90,-92,-83,-85,-2.8,-3.2,-2,-2.8
-7.642e-03,-90,-84,-83,-79,-2.8,-2.4,-2,-1.2
-7.604e-03,-88,-92,-81,-83,-2.8,-3.2,-2,-2.8
-7.565e-03,-88,-84,-81,-79,-2.8,-2.4,-2.8,-1.2
-7.527e-03,-88,-90,-81,-83,-2.8,-3.2,-2,-2.8
-7.488e-03,-86,-82,-79,-77,-2.8,-2.4,-2,-1.2
-7.450e-03,-86,-90,-79,-81,-2.8,-3.2,-2,-2.8
-7.412e-03,-86,-82,-79,-77,-2.8,-2.4,-2,-1.2
-7.373e-03,-86,-88,-77,-81,-2.8,-3.2,-2,-2.8
-7.335e-03,-84,-80,-77,-75,-2.8,-2.4,-2,-1.2
-7.296e-03,-84,-88,-77,-79,-2.8,-3.2,-2,-2.8
-7.258e-03,-84,-80,-77,-75,-2.8,-2.4,-2,-1.2
-7.220e-03,-84,-86,-77,-79,-2.8,-3.6,-2,-2.8
-7.181e-03,-82,-78,-75,-73,-2.8,-2.4,-2,-1.2
-7.143e-03,-82,-84,-75,-77,-2.8,-3.6,-2,-2.8
-7.104e-03,-82,-76,-73,-71,-2.8,-2.4,-2,-1.2
-7.066e-03,-80,-84,-73,-75,-2.8,-3.6,-2,-2.8
-7.028e-03,-80,-76,-73,-69,-2.8,-2.4,-2,-1.2
-6.989e-03,-80,-82,-71,-75,-2.8,-3.6,-2,-2.8
-6.951e-03,-78,-74,-69,-69,-2.8,-2.4,-2,-1.2
-6.912e-03,-78,-80,-71,-73,-2.8,-3.6,-2,-2.8
-6.874e-03,-76,-72,-69,-67,-2.8,-2.4,-2,-1.2
-6.836e-03,-76,-78,-69,-71,-2.8,-3.6,-2.8,-2.8
-6.797e-03,-76,-70,-69,-65,-2.8,-2.4,-2,-1.2
-6.759e-03,-76,-78,-67,-69,-2.8,-3.6,-2,-2.8
-6.720e-03,-74,-68,-67,-63,-2.8,-2.4,-2.8,-1.2
-6.682e-03,-72,-76,-67,-67,-2.8,-3.6,-2,-3.6
-6.644e-03,-70,-66,-65,-63,-2.8,-2.4,-2,-1.2
-6.605e-03,-70,-74,-65,-67,-2.8,-3.6,-2,-2.8
-6.567e-03,-70,-66,-63,-61,-2.8,-2.4,-2,-1.2
-6.528e-03,-68,-72,-63,-65,-3.2,-3.6,-2,-2.8
-6.490e-03,-70,-62,-61,-59,-2.8,-2.4,-2,-1.2
-6.452e-03,-68,-70,-63,-63,-2.8,-3.2,-2,-2.8
-6.413e-03,-66,-62,-59,-57,-2.8,-2.4,-2,-1.2
-6.375e-03,-66,-68,-59,-61,-2.8,-3.6,-2,-2.8
-6.336e-03,-64,-58,-59,-55,-2.8,-2.4,-2,-1.2
-6.298e-03,-64,-66,-57,-59,-2.8,-3.6,-2,-2.8
-6.260e-03,-62,-56,-57,-53,-3.2,-2.4,-2,-1.2
-6.221e-03,-62,-64,-55,-57,-2.8,-3.2,-2,-2.8
-6.183e-03,-58,-54,-55,-51,-2.8,-2.4,-2,-1.2
-6.144e-03,-58,-62,-53,-55,-2.8,-3.6,-2,-2.8
-6.106e-03,-58,-52,-51,-49,-2.8,-2.4,-2,-1.2
-6.068e-03,-56,-60,-51,-53,-2.8,-3.2,-2.8,-2.8
-6.029e-03,-54,-50,-51,-47,-2.8,-2.4,-2,-1.2
-5.991e-03,-52,-56,-49,-51,-2.8,-3.2,-2,-2.8
-5.952e-03,-50,-48,-47,-43,-2.8,-2.4,-2,-1.2
-5.914e-03,-52,-54,-45,-47,-2.4,-3.2,-2,-2.8
-5.876e-03,-48,-44,-45,-41,-2.8,-2.4,-2,-1.2
-5.837e-03,-48,-52,-45,-45,-2.8,-3.2,-2,-2.8
-5.799e-03,-48,-40,-43,-39,-2.8,-2.4,-2,-1.2
-5.760e-03,-48,-48,-41,-43,-2.8,-3.2,-2,-2.8
-5.722e-03,-44,-40,-39,-35,-2.8,-2.4,-2,-1.2
-5.684e-03,-42,-46,-37,-39,-2.4,-3.2,-2,-2.8
-5.645e-03,-42,-36,-39,-33,-2.8,-2.4,-2,-1.2
-5.607e-03,-40,-42,-35,-37,-2.4,-3.2,-2,-2.8
-5.568e-03,-40,-34,-35,-31,-2.4,-2.4,-2,-0.4
-5.530e-03,-38,-40,-33,-35,-2.8,-3.2,-2,-2.8
-5.492e-03,-36,-30,-31,-29,-2.4,-2.4,-2,-0.4
-5.453e-03,-36,-38,-31,-33,-2.8,-3.2,-2,-2.8
-5.415e-03,-34,-28,-31,-27,-2.4,-2,-2,-0.4
-5.376e-03,-32,-36,-29,-31,-2.4,-3.2,-2,-2.8
-5.338e-03,-32,-26,-27,-23,-2.4,-2,-2,-0.4
-5.300e-03,-28,-32,-27,-27,-2.4,-3.2,-1.2,-2.8
-5.261e-03,-30,-24,-25,-21,-2.4,-2,-2,-0.4
-5.223e-03,-28,-30,-25,-25,-2.4,-2.8,-2,-2.8
-5.184e-03,-26,-20,-21,-19,-2.4,-2,-2,-0.4
-5.146e-03,-24,-28,-19,-23,-2.4,-2.8,-1.2,-2.8
-5.108e-03,-24,-18,-19,-17,-2.4,-2,-2,-0.4
-5.069e-03,-22,-26,-19,-21,-2.4,-2.8,-1.2,-2.8
-5.031e-03,-22,-16,-17,-15,-2.4,-2,-1.2,-0.4
-4.992e-03,-18,-24,-15,-19,-2.4,-2.8,-2,-2.8
-4.954e-03,-20,-14,-17,-13,-2.4,-2,-2,-0.4
-4.916e-03,-18,-20,-13,-17,-2.4,-2.8,-1.2,-2.8
-4.877e-03,-14,-12,-13,-9,-2.4,-2,-2,-0.4
-4.839e-03,-14,-18,-13,-15,-2,-2.8,-2,-2.8
-4.800e-03,-16,-10,-11,-7,-2.4,-2,-1.2,-0.4
-4.762e-03,-12,-16,-11,-11,-2.4,-2.8,-1.2,-2.8
-4.724e-03,-12,-6,-9,-5,-2,-1.6,-1.2,-0.4
-4.685e-03,-10,-14,-7,-9,-2,-2.8,-2,-2.8
-4.647e-03,-10,-4,-7,-3,-2,-1.6,-2,-0.4
-4.608e-03,-10,-12,-7,-7,-2,-2.8,-1.2,-2.8
-4.570e-03,-6,-2,-3,-1,-2,-1.6,-2,-0.4
-4.531e-03,-6,-8,-3,-5,-2,-2.4,-1.2,-2.8
-4.493e-03,-6,-8.9407e-08,-3,1,-2,-1.6,-2,-0.4
-4.455e-03,-4,-6,-1,-3,-2,-2.4,-2,-2
-4.416e-03,-2,2,-1,3,-2,-1.6,-2,-0.4
-4.378e-03,-8.9407e-08,-4,1,-1,-2,-2.4,-1.2,-2
-4.339e-03,-8.9407e-08,4,3,5,-2,-1.6,-2,-0.4
-4.301e-03,2,-2,3,1,-2,-2.4,-1.2,-2
-4.263e-03,2,8,3,7,-2,-1.6,-1.2,-0.4
-4.224e-03,4,-8.9407e-08,5,3,-2,-2.4,-1.2,-2
-4.186e-03,6,10,7,9,-2,-1.6,-1.2,-0.4
-4.147e-03,4,2,7,5,-1.6,-2.4,-1.2,-2
-4.109e-03,6,12,9,11,-1.6,-1.2,-1.2,-0.4
-4.071e-03,6,4,9,7,-1.6,-2.4,-1.2,-2
-4.032e-03,8,14,9,13,-1.6,-1.2,-1.2,-0.4
-3.994e-03,8,6,11,9,-1.6,-2,-2,-2
-3.955e-03,10,16,11,15,-1.6,-1.2,-1.2,0.4
-3.917e-03,12,8,11,11,-1.6,-2,-1.2,-2
-3.879e-03,12,18,13,17,-1.6,-1.2,-1.2,0.4
-3.840e-03,14,10,15,13,-1.6,-2,-1.2,-2
-3.802e-03,14,20,15,19,-1.6,-1.2,-1.2,-0.4
-3.763e-03,16,14,17,15,-1.6,-2,-1.2,-2
-3.725e-03,18,22,17,21,-1.6,-1.2,-1.2,0.4
-3.687e-03,18,16,19,17,-1.6,-2,-1.2,-2
-3.648e-03,22,26,19,23,-1.2,-1.2,-1.2,0.4
-3.610e-03,22,18,21,19,-1.2,-2,-1.2,-2
-3.571e-03,22,28,21,25,-1.2,-0.8,-1.2,0.4
-3.533e-03,24,20,23,21,-1.6,-1.6,-1.2,-2
-3.495e-03,24,30,25,27,-1.2,-0.8,-0.4,0.4
-3.456e-03,28,24,25,23,-1.2,-1.6,-1.2,-2
-3.418e-03,26,32,25,29,-1.2,-0.8,-0.4,0.4
-3.379e-03,28,26,27,25,-1.2,-1.6,-0.4,-2
-3.341e-03,32,36,29,33,-1.2,-0.8,-0.4,0.4
-3.303e-03,32,28,31,27,-1.2,-1.6,-0.4,-2
-3.264e-03,34,38,31,33,-1.2,-0.8,-1.2,0.4
-3.226e-03,34,32,31,31,-1.2,-1.6,-0.4,-2
-3.187e-03,34,40,33,37,-0.8,-0.4,-0.4,0.4
-3.149e-03,36,34,35,31,-1.2,-1.6,-0.4,-2
-3.111e-03,38,42,35,39,-0.8,-0.4,-0.4,0.4
-3.072e-03,38,36,37,35,-0.8,-1.2,-0.4,-2
-3.034e-03,40,46,37,41,-0.8,-0.4,-0.4,0.4
-2.995e-03,42,38,39,37,-0.8,-1.2,-1.2,-2
-2.957e-03,42,46,39,43,-0.8,-0.4,-0.4,0.4
-2.919e-03,44,40,41,39,-0.8,-1.2,-0.4,-1.2
-2.880e-03,44,50,41,45,-0.8,-0.4,-0.4,0.4
-2.842e-03,46,42,43,41,-0.8,-1.2,-1.2,-1.2
-2.803e-03,46,52,43,47,-0.8,-0.4,-0.4,1.2
-2.765e-03,50,44,45,43,-0.8,-1.2,-0.4,-1.2
-2.727e-03,50,54,45,49,-0.8,0,-0.4,0.4
-2.688e-03,50,48,47,45,-0.8,-1.2,-0.4,-1.2
-2.650e-03,52,56,47,51,-0.8,0,-0.4,0.4
-2.611e-03,54,50,49,47,-0.4,-1.2,-0.4,-1.2
-2.573e-03,54,58,49,53,-0.4,0,-0.4,0.4
-2.535e-03,56,52,51,49,-0.4,-0.8,-0.4,-1.2
-2.496e-03,54,60,53,55,-0.4,0,-0.4,1.2
-2.458e-03,58,54,53,51,-0.4,-0.8,-0.4,-1.2
-2.419e-03,58,64,55,57,0,0.4,-0.4,1.2
-2.381e-03,60,56,55,53,0,-0.8,-0.4,-1.2
-2.343e-03,62,64,55,59,0,0.4,0.4,1.2
-2.304e-03,62,58,57,55,-0.4,-0.8,-0.4,-1.2
-2.266e-03,64,68,57,61,0,0.4,0.4,1.2
-2.227e-03,64,60,59,57,0,-0.4,0.4,-1.2
-2.189e-03,64,70,61,63,0,0.4,0.4,1.2
-2.151e-03,66,62,61,59,0,-0.4,0.4,-1.2
-2.112e-03,66,70,61,65,0,0.4,0.4,1.2
-2.074e-03,66,64,63,61,0,-0.4,-0.4,-1.2
-2.035e-03,68,72,63,67,0,0.8,0.4,1.2
-1.997e-03,70,66,63,61,0.4,-0.4,0.4,-1.2
-1.959e-03,70,74,65,71,0.4,0.8,0.4,1.2
-1.920e-03,70,68,65,63,0.4,-0.4,0.4,-0.4
-1.882e-03,74,76,67,69,0.4,0.8,0.4,1.2
-1.843e-03,74,70,67,65,0.4,0,0.4,-0.4
-1.805e-03,74,78,69,71,0.4,0.8,0.4,1.2
-1.767e-03,78,72,69,67,0.4,0,0.4,-0.4
-1.728e-03,76,80,71,73,0.4,0.8,0.4,1.2
-1.690e-03,78,74,71,67,0.4,0,0.4,-0.4
-1.651e-03,76,82,71,75,0.8,0.8,0.4,1.2
-1.613e-03,80,74,73,71,0.4,0,0.4,-0.4
-1.575e-03,80,84,73,75,0.4,1.2,0.4,1.2
-1.536e-03,80,78,75,71,0.8,0,0.4,-0.4
-1.498e-03,80,84,75,77,0.8,1.2,0.4,2
-1.459e-03,80,78,75,73,0.8,0,0.4,-0.4
-1.421e-03,82,86,75,79,0.4,1.2,0.4,2
-1.382e-03,84,80,77,75,0.8,0.4,0.4,-0.4
-1.344e-03,84,88,77,79,0.8,1.2,0.4,2
-1.306e-03,84,82,77,75,0.8,0.4,0.4,-0.4
-1.267e-03,86,88,77,81,0.8,1.2,0.4,2
-1.229e-03,84,82,79,77,0.8,0.4,0.4,-0.4
-1.190e-03,88,90,79,81,0.8,1.2,0.4,2
-1.152e-03,86,84,81,77,1.2,0.4,1.2,-0.4
-1.114e-03,88,92,79,83,0.8,1.6,0.4,2
-1.075e-03,88,84,81,79,0.8,0.4,1.2,-0.4
-1.037e-03,90,92,81,83,0.8,1.6,0.4,2
-9.985e-04,90,86,83,79,0.8,0.8,0.4,-0.4
-9.601e-04,90,94,83,85,1.2,1.6,1.2,2
-9.217e-04,92,72,85,69,1.2,0.8,0.4,0.4
-8.833e-04,92,100,83,99,1.2,1.6,0.4,2
-8.449e-04,74,4,71,-5,0.8,-0.8,1.2,0.4
-8.065e-04,30,76,31,73,0.4,1.2,1.2,2.8
-7.680e-04,6,4,-5,-13,-0.4,-1.2,2,1.2
-7.296e-04,22,64,-9,13,-0.4,0,2.8,4.4
-6.912e-04,62,58,13,11,-0.4,-0.8,2.8,2
-6.528e-04,102,126,45,81,0.4,1.2,3.6,4.4
-6.144e-04,116,12,75,19,1.2,-0.4,2.8,2
-5.760e-04,76,120,63,77,1.2,1.6,2.8,4.4
-5.376e-04,14,-20,19,-25,0,-1.6,3.6,2.8
-4.992e-04,-18,18,-17,21,-0.8,0.4,4.4,6
-4.608e-04,12,8,-19,-21,-0.8,-1.2,5.2,4.4
-4.224e-04,68,104,1,27,-0.4,0.4,5.2,6.8
-3.840e-04,102,58,27,25,0,-0.4,6,4.4
-3.456e-04,96,108,41,43,0.4,0.8,5.2,6.8
-3.072e-04,60,12,37,11,0.4,-0.4,5.2,4.4
-2.688e-04,20,64,25,39,0,0.8,6.8,7.6
-2.304e-04,18,14,11,3,0,-0.8,6.8,6
-1.920e-04,38,68,5,15,-0.4,0.4,7.6,8.4
-1.536e-04,68,64,5,5,-0.4,-0.8,7.6,6.8
-1.152e-04,80,82,13,19,0,0.4,8.4,8.4
-7.680e-05,70,30,17,15,0,-0.8,8.4,6.8
-3.840e-05,46,72,19,21,0.4,0.4,8.4,9.2
1.797e-15,34,28,17,13,0,-0.8,9.2,7.6
3.840e-05,42,60,15,19,0,0.4,9.2,10.8
7.680e-05,58,56,15,13,0,-0.4,10,8.4
1.152e-04,72,78,15,21,-0.4,0.4,10,10.8
1.536e-04,72,46,17,17,0,-0.4,10,9.2
1.920e-04,60,74,19,23,0,0.4,10,11.6
2.304e-04,48,44,21,19,0,-0.4,10.8,10
2.688e-04,48,62,21,25,0,0.4,10.8,12.4
3.072e-04,60,58,23,21,0,-0.4,10.8,10
3.456e-04,74,82,25,31,0,0.8,10.8,12.4
3.840e-04,78,54,29,23,0.4,-0.4,11.6,10.8
4.224e-04,72,80,29,31,0.4,0.8,11.6,13.2
4.608e-04,56,46,25,19,0.4,-0.4,11.6,10.8
4.992e-04,50,60,21,27,0,0.4,11.6,13.2
5.376e-04,56,52,21,19,0.4,-0.4,12.4,11.6
5.760e-04,68,78,23,27,0,0.4,13.2,14
6.144e-04,74,64,25,23,0.4,-0.4,13.2,12.4
6.528e-04,72,78,27,29,0.4,0.8,13.2,14
6.912e-04,66,54,27,25,0,-0.4,13.2,12.4
7.296e-04,58,68,27,29,0.4,0.8,14,14.8
7.680e-04,60,56,27,25,0.4,-0.4,14,13.2
8.065e-04,66,74,27,31,0.4,0.8,14,14.8
8.449e-04,72,68,29,27,0.4,-0.4,14,13.2
8.833e-04,72,78,29,31,0.4,0.8,14,15.6
9.217e-04,70,62,29,29,0.4,0,14,13.2
9.601e-04,64,74,31,33,0.4,0.8,14.8,15.6
9.985e-04,64,62,31,29,0.4,0,14.8,14
1.037e-03,66,74,31,33,0.4,0.8,14.8,16.4
1.075e-03,72,70,31,29,0.4,0,15.6,14
1.114e-03,74,78,31,35,0.4,0.8,14.8,16.4
1.152e-03,74,66,33,31,0.4,0,15.6,14
1.190e-03,70,76,33,37,0.4,0.8,15.6,16.4
1.229e-03,68,64,35,31,0.4,0,15.6,14.8
1.267e-03,68,74,33,37,0.4,0.8,15.6,16.4
1.306e-03,72,68,35,31,0.4,0,15.6,14.8
1.344e-03,74,78,35,37,0.4,0.8,16.4,17.2
1.382e-03,74,68,35,33,0.4,0,15.6,14.8
1.421e-03,74,78,35,39,0.4,0.8,16.4,17.2
1.459e-03,70,68,35,35,0.4,0,16.4,15.6
1.498e-03,72,76,37,39,0.8,1.2,16.4,17.2
1.536e-03,72,70,37,35,0.4,0,16.4,15.6
1.575e-03,74,78,37,39,0.8,1.2,16.4,18
1.613e-03,74,70,37,35,0.8,0,16.4,15.6
1.651e-03,74,78,37,41,0.8,1.2,17.2,18
1.690e-03,72,70,39,37,0.4,0,16.4,15.6
1.728e-03,72,76,39,41,0.8,1.2,16.4,18
1.767e-03,74,70,39,37,0.8,0,17.2,15.6
1.805e-03,76,78,41,43,0.8,1.2,16.4,18
1.843e-03,76,70,41,37,0.8,0.4,16.4,15.6
1.882e-03,74,78,41,43,0.8,1.2,16.4,18
1.920e-03,74,70,41,39,0.8,0.4,17.2,16.4
1.959e-03,74,78,41,43,0.8,1.2,17.2,18
1.997e-03,74,70,41,39,0.8,0.4,17.2,16.4
2.035e-03,74,80,43,43,0.8,1.2,16.4,18
2.074e-03,76,72,41,39,0.8,0.4,17.2,16.4
2.112e-03,76,78,43,45,0.8,1.2,17.2,18
2.151e-03,76,70,41,39,0.8,0.4,17.2,16.4
2.189e-03,76,78,43,45,0.8,1.6,17.2,18
2.227e-03,74,70,43,41,0.8,0.4,17.2,16.4
2.266e-03,74,78,43,45,0.8,1.2,17.2,18
2.304e-03,74,70,43,41,0.8,0.4,17.2,16.4
2.343e-03,76,78,43,47,0.4,1.2,17.2,18
2.381e-03,74,70,45,41,0.8,0.4,17.2,15.6
2.419e-03,74,78,43,47,0.8,1.6,16.4,18
2.458e-03,74,70,45,43,1.2,0.4,16.4,15.6
2.496e-03,74,78,45,47,0.8,1.6,17.2,18
2.535e-03,74,70,45,43,1.2,0.4,16.4,15.6
2.573e-03,74,78,45,47,1.2,1.6,17.2,18
2.611e-03,72,70,45,43,1.2,0.4,16.4,15.6
2.650e-03,74,78,45,49,1.2,1.6,16.4,18
2.688e-03,74,70,47,43,0.8,0.4,16.4,15.6
2.727e-03,72,78,45,49,0.8,1.6,16.4,18
2.765e-03,74,70,45,43,1.2,0.8,16.4,15.6
2.803e-03,74,78,47,49,1.2,1.6,16.4,17.2
2.842e-03,74,70,47,45,0.8,0.8,16.4,15.6
2.880e-03,74,78,47,49,1.2,1.6,16.4,17.2
2.919e-03,72,70,47,45,1.2,0.8,16.4,15.6
2.957e-03,72,76,49,49,1.2,1.6,15.6,17.2
2.995e-03,72,68,47,45,1.2,0.8,16.4,14.8
3.034e-03,72,76,47,51,1.2,1.6,15.6,17.2
3.072e-03,72,68,47,45,1.2,0.8,15.6,14.8
3.111e-03,72,76,47,51,1.2,1.6,15.6,17.2
3.149e-03,74,68,49,45,1.2,0.8,14.8,14.8
3.187e-03,72,74,49,51,1.2,1.6,15.6,16.4
3.226e-03,72,68,49,47,1.6,0.8,15.6,14.8
3.264e-03,70,74,49,51,1.6,2,15.6,16.4
3.303e-03,72,66,49,47,1.2,0.8,15.6,14
3.341e-03,70,74,49,51,1.6,2,15.6,16.4
3.379e-03,70,66,49,47,1.2,0.8,14.8,14
3.418e-03,70,74,49,51,1.6,2,14.8,15.6
3.456e-03,70,66,51,47,1.6,0.8,14.8,13.2
3.495e-03,70,72,49,51,1.2,2,14.8,15.6
3.533e-03,70,64,49,47,1.6,0.8,14.8,13.2
3.571e-03,68,72,49,53,1.2,2,14,15.6
3.610e-03,68,64,49,47,1.6,0.8,14,13.2
3.648e-03,66,72,49,53,1.2,2,14.8,15.6
3.687e-03,68,62,51,47,1.6,1.2,14,12.4
3.725e-03,66,70,51,51,1.6,2,14,14.8
3.763e-03,66,62,49,47,1.2,0.8,14,12.4
3.802e-03,66,68,51,53,1.6,2,13.2,14.8
3.840e-03,64,60,51,47,1.6,1.2,13.2,12.4
3.879e-03,62,68,51,51,1.2,2,13.2,14
3.917e-03,62,58,49,47,1.6,1.2,13.2,11.6
3.955e-03,62,66,49,51,1.6,2,12.4,14
3.994e-03,60,56,49,47,1.6,1.2,12.4,11.6
4.032e-03,62,64,49,51,1.6,2,12.4,13.2
4.071e-03,60,56,49,45,1.6,1.2,12.4,10.8
4.109e-03,60,64,49,51,1.6,2,12.4,13.2
4.147e-03,58,54,47,45,1.6,1.2,12.4,10.8
4.186e-03,58,62,49,51,1.6,2,11.6,13.2
4.224e-03,56,52,47,45,1.6,1.2,11.6,10
4.263e-03,58,60,49,49,1.6,2,11.6,12.4
4.301e-03,56,52,47,45,1.6,1.2,10.8,10
4.339e-03,56,58,47,49,1.6,2,10.8,12.4
4.378e-03,54,50,47,45,1.6,1.2,10.8,9.2
4.416e-03,54,58,47,49,1.6,2,10,11.6
4.455e-03,54,48,45,43,1.6,1.2,10,9.2
4.493e-03,50,56,47,49,1.6,2,10,11.6
4.531e-03,50,46,47,43,1.6,1.2,10,8.4
4.570e-03,52,54,45,49,2,2,10,10.8
4.608e-03,48,44,47,43,1.6,1.2,9.2,8.4
4.647e-03,48,52,45,47,1.6,2,10,10.8
4.685e-03,46,44,45,43,1.6,1.2,8.4,7.6
4.724e-03,46,52,45,47,2,2,8.4,10
4.762e-03,46,42,45,43,2,1.2,8.4,6.8
4.800e-03,46,50,45,47,2,2.4,8.4,9.2
4.839e-03,44,40,45,41,2,1.2,7.6,6.8
4.877e-03,44,48,43,47,2,2.4,7.6,9.2
4.916e-03,44,38,45,41,2,1.2,6.8,6
4.954e-03,42,46,43,47,1.6,2.4,7.6,8.4
4.992e-03,42,38,43,41,1.6,1.2,6.8,6
5.031e-03,42,46,45,45,2,2.4,6.8,7.6
5.069e-03,42,36,43,41,1.6,1.2,6.8,5.2
5.108e-03,40,44,43,45,2,2.4,6,7.6
5.146e-03,38,34,43,39,2,1.2,5.2,4.4
5.184e-03,40,42,41,45,1.6,2.4,6,6.8
5.223e-03,38,32,41,39,2,1.2,5.2,4.4
5.261e-03,38,42,41,43,2,2.4,5.2,6.8
5.300e-03,36,30,41,39,2,1.2,5.2,3.6
5.338e-03,34,40,41,43,2,2.4,4.4,6
5.376e-03,36,30,41,37,2,1.2,4.4,3.6
5.415e-03,32,38,41,43,2,2.4,4.4,6
5.453e-03,32,28,39,37,1.6,1.6,4.4,2.8
5.492e-03,30,36,39,41,1.6,2.4,3.6,5.2
5.530e-03,32,24,39,37,2,1.2,3.6,2
5.568e-03,30,36,39,41,1.6,2.4,2.8,4.4
5.607e-03,30,24,39,35,1.6,1.2,2.8,2
5.645e-03,28,34,39,41,2,2.4,2.8,4.4
5.684e-03,26,22,39,35,2,1.2,2,1.2
5.722e-03,26,32,37,41,2,2.4,2,3.6
5.760e-03,26,22,37,33,2,1.2,2,0.4
5.799e-03,24,30,37,39,2,2.4,2,2.8
5.837e-03,24,20,37,33,2,1.2,1.2,0.4
5.876e-03,22,28,37,39,2,2.4,1.2,2.8
5.914e-03,22,18,37,33,2,1.2,1.2,-0.4
5.952e-03,22,26,35,39,2,2.4,0.4,2
5.991e-03,22,16,35,33,2,1.6,0.4,-1.2
6.029e-03,20,24,35,37,1.6,2.4,0.4,1.2
6.068e-03,20,14,35,33,2,1.6,0.4,-1.2
6.106e-03,20,24,35,37,2,2.4,-0.4,1.2
6.144e-03,18,14,35,31,2,1.6,-0.4,-2
6.183e-03,18,22,33,37,2,2.4,-1.2,0.4
6.221e-03,16,10,35,31,2,1.6,-1.2,-2
6.260e-03,16,20,35,35,2,2.4,-1.2,0.4
6.298e-03,14,8,33,29,2,1.6,-2,-2.8
6.336e-03,14,18,33,35,2,2.4,-2,-0.4
6.375e-03,12,8,33,29,2,1.6,-2,-3.6
6.413e-03,12,16,33,33,2,2.4,-2,-1.2
6.452e-03,10,6,31,27,2,1.6,-2.8,-3.6
6.490e-03,10,14,31,33,2,2.4,-2.8,-1.2
6.528e-03,10,4,31,27,2,1.6,-2.8,-4.4
6.567e-03,8,12,29,33,2,2.4,-2.8,-2
6.605e-03,6,2,31,27,2,1.6,-3.6,-4.4
6.644e-03,6,10,29,31,2,2.4,-3.6,-2.8
6.682e-03,4,-8.9407e-08,27,25,2,1.6,-3.6,-5.2
6.720e-03,6,8,29,31,2,2.4,-4.4,-2.8
6.759e-03,4,-2,29,25,2,1.6,-4.4,-6
6.797e-03,2,8,25,29,2,2.4,-5.2,-3.6
6.836e-03,-8.9407e-08,-4,27,23,2,1.6,-5.2,-6.8
6.874e-03,-8.9407e-08,4,25,29,2,2.4,-5.2,-4.4
6.912e-03,-2,-6,25,23,2,1.6,-6,-6.8
6.951e-03,-2,4,25,27,2,2.4,-6,-4.4
6.989e-03,-2,-8,25,21,1.6,1.6,-6,-7.6
7.028e-03,-4,2,23,27,1.6,2.4,-6.8,-5.2
7.066e-03,-6,-10,23,19,2,1.6,-6.8,-8.4
7.104e-03,-6,-8.9407e-08,23,25,1.6,2.4,-6.8,-6
7.143e-03,-8,-12,23,19,2,1.6,-7.6,-8.4
7.181e-03,-10,-4,21,23,2,2.4,-7.6,-6
7.220e-03,-10,-14,21,17,2,1.6,-7.6,-9.2
7.258e-03,-10,-6,21,23,2,2.4,-8.4,-6.8
7.296e-03,-10,-16,19,15,2,1.2,-8.4,-10
7.335e-03,-12,-8,17,21,2,2.4,-8.4,-7.6
7.373e-03,-16,-18,17,15,2,1.2,-9.2,-10
7.412e-03,-16,-10,19,19,2,2.4,-9.2,-7.6
7.450e-03,-16,-20,17,13,2,1.2,-9.2,-10.8
7.488e-03,-16,-12,15,19,2,2.4,-9.2,-8.4
7.527e-03,-16,-24,15,11,2,1.2,-9.2,-10.8
7.565e-03,-18,-14,13,17,2,2.4,-10,-8.4
7.604e-03,-18,-24,13,11,2,1.2,-10,-11.6
7.642e-03,-22,-16,13,15,2,2,-10.8,-9.2
7.680e-03,-22,-26,11,9,1.6,1.2,-10.8,-11.6
7.719e-03,-24,-18,11,15,2,2.4,-10.8,-10
7.757e-03,-24,-30,11,7,1.6,1.2,-10.8,-12.4
7.796e-03,-26,-20,11,13,2,2.4,-10.8,-10
7.834e-03,-26,-32,9,7,1.6,1.2,-11.6,-13.2
7.873e-03,-28,-22,7,11,1.6,2,-12.4,-10.8
7.911e-03,-28,-34,7,5,1.6,1.2,-12.4,-13.2
7.949e-03,-28,-24,9,11,2,2,-12.4,-10.8
7.988e-03,-30,-34,7,3,1.6,1.2,-12.4,-14
8.026e-03,-32,-26,7,9,2,2,-12.4,-11.6
8.065e-03,-30,-36,5,3,1.6,1.2,-13.2,-14
8.103e-03,-32,-28,5,7,1.6,2,-13.2,-12.4
8.141e-03,-34,-38,3,1,1.6,1.2,-13.2,-14.8
8.180e-03,-34,-30,3,7,1.6,2,-14,-12.4
8.218e-03,-36,-40,3,-1,1.6,1.2,-14.8,-15.6
8.257e-03,-36,-30,3,5,1.6,2,-14.8,-13.2
8.295e-03,-36,-42,3,-1,1.6,1.2,-14.8,-15.6
8.333e-03,-40,-34,1,5,1.6,2,-14.8,-13.2
8.372e-03,-40,-44,1,-1,1.6,1.2,-14.8,-16.4
8.410e-03,-38,-34,-1,3,1.6,2,-14.8,-14
8.449e-03,-40,-46,-1,-3,1.6,1.2,-15.6,-16.4
8.487e-03,-42,-36,1,1,1.6,2,-15.6,-14
8.525e-03,-42,-46,-1,-5,1.6,1.2,-15.6,-17.2
8.564e-03,-44,-38,-1,1,1.2,2,-16.4,-14.8
8.602e-03,-46,-48,-3,-5,1.6,0.8,-17.2,-17.2
8.641e-03,-46,-40,-3,-1,1.6,2,-16.4,-14.8
8.679e-03,-44,-50,-3,-7,1.2,0.8,-16.4,-18
8.717e-03,-46,-42,-3,-1,1.2,2,-17.2,-15.6
8.756e-03,-48,-52,-5,-9,1.2,0.8,-17.2,-18
8.794e-03,-48,-44,-5,-3,1.2,2,-17.2,-16.4
8.833e-03,-48,-54,-7,-9,1.6,0.8,-17.2,-18.8
8.871e-03,-48,-46,-7,-5,1.2,2,-18,-16.4
8.909e-03,-52,-54,-7,-11,1.6,0.8,-18,-18.8
8.948e-03,-52,-46,-9,-5,1.6,2,-18,-17.2
8.986e-03,-52,-56,-9,-11,1.2,0.8,-18,-19.6
9.025e-03,-54,-48,-9,-7,1.2,2,-18,-17.2
9.063e-03,-52,-58,-11,-13,1.6,0.8,-18,-20.4
9.101e-03,-52,-50,-11,-7,1.2,2,-18.8,-18
9.140e-03,-56,-58,-11,-15,1.2,0.8,-18.8,-20.4
9.178e-03,-56,-50,-11,-9,1.6,2,-18.8,-18
9.217e-03,-56,-60,-13,-15,1.2,0.8,-19.6,-20.4
9.255e-03,-56,-52,-13,-9,1.6,2,-19.6,-18
9.293e-03,-56,-62,-13,-17,1.2,0.8,-20.4,-21.2
9.332e-03,-58,-54,-15,-11,1.2,1.6,-19.6,-18.8
9.370e-03,-58,-64,-15,-17,1.2,0.8,-20.4,-21.2
9.409e-03,-60,-54,-15,-13,1.2,1.6,-20.4,-18.8
9.447e-03,-60,-64,-15,-19,1.2,0.8,-20.4,-21.2
9.485e-03,-60,-56,-15,-13,1.2,1.6,-20.4,-19.6
9.524e-03,-60,-66,-17,-19,1.2,0.8,-20.4,-22
9.562e-03,-62,-58,-17,-15,1.2,1.6,-20.4,-19.6
9.601e-03,-62,-68,-17,-21,1.2,0.8,-21.2,-22
9.639e-03,-64,-58,-17,-15,1.2,1.6,-21.2,-20.4
9.677e-03,-64,-68,-17,-23,1.2,0.8,-21.2,-22.8
9.716e-03,-66,-60,-21,-17,0.8,1.6,-21.2,-20.4
9.754e-03,-66,-70,-19,-23,1.2,0.4,-21.2,-22.8
9.793e-03,-66,-62,-21,-17,1.2,1.6,-22,-20.4
9.831e-03,-68,-72,-21,-25,1.2,0.4,-22,-22.8
9.869e-03,-68,-64,-21,-19,1.2,1.6,-22,-21.2
9.908e-03,-68,-74,-23,-25,1.2,0.4,-22,-23.6
9.946e-03,-68,-66,-23,-21,0.8,1.6,-22.8,-21.2
9.985e-03,-70,-74,-23,-27,0.8,0.4,-22.8,-23.6
1.002e-02,-70,-66,-25,-21,1.2,1.6,-22.8,-21.2
1.006e-02,-72,-76,-27,-29,0.8,0.4,-22,-23.6
1.010e-02,-72,-68,-25,-23,1.2,1.6,-22.8,-21.2
1.014e-02,-74,-76,-25,-29,0.8,0.4,-22.8,-23.6
1.018e-02,-74,-68,-27,-25,0.8,1.2,-23.6,-22
1.022e-02,-74,-78,-27,-31,0.8,0.4,-22.8,-24.4
1.025e-02,-74,-70,-29,-25,0.8,1.2,-23.6,-22
1.029e-02,-74,-80,-29,-31,0.8,0.4,-23.6,-24.4
1.033e-02,-74,-72,-29,-27,0.8,1.2,-23.6,-22.8
1.037e-02,-76,-80,-29,-33,0.8,0.4,-23.6,-24.4
1.041e-02,-76,-72,-29,-27,0.8,1.2,-23.6,-22.8
1.045e-02,-74,-80,-31,-33,0.8,0,-24.4,-25.2
1.048e-02,-76,-72,-31,-29,0.8,1.2,-24.4,-22.8
1.052e-02,-78,-82,-31,-35,0.8,0,-23.6,-25.2
1.056e-02,-78,-74,-33,-29,0.8,1.2,-24.4,-22.8
1.060e-02,-78,-82,-33,-37,0.8,0,-24.4,-25.2
1.064e-02,-80,-74,-35,-31,0.4,1.2,-24.4,-22.8
1.068e-02,-78,-82,-35,-37,0.8,0,-23.6,-25.2
1.071e-02,-78,-74,-35,-31,0.8,1.2,-24.4,-22.8
1.075e-02,-80,-84,-35,-39,0.4,0,-24.4,-25.2
1.079e-02,-78,-76,-37,-33,0.4,1.2,-24.4,-23.6
1.083e-02,-78,-84,-37,-39,0.8,0,-24.4,-26
1.087e-02,-82,-76,-37,-35,0.8,0.8,-24.4,-23.6
1.091e-02,-82,-84,-37,-41,0.4,0,-24.4,-25.2
1.094e-02,-82,-76,-37,-35,0.4,0.8,-24.4,-23.6
1.098e-02,-80,-84,-39,-41,0.4,0,-24.4,-26
1.102e-02,-80,-78,-39,-37,0.4,0.8,-25.2,-23.6
1.106e-02,-82,-86,-39,-43,0.4,0,-24.4,-26
1.110e-02,-82,-78,-39,-37,0.4,0.8,-24.4,-23.6
1.114e-02,-80,-86,-41,-43,0.4,0,-24.4,-26
1.118e-02,-82,-78,-41,-39,0.4,0.8,-24.4,-23.6
1.121e-02,-82,-86,-41,-45,0.4,0,-25.2,-26
1.125e-02,-84,-78,-41,-39,0.4,0.8,-24.4,-23.6
1.129e-02,-82,-86,-43,-45,0.4,0,-24.4,-26
1.133e-02,-82,-78,-43,-39,0.4,0.8,-25.2,-23.6
1.137e-02,-84,-86,-43,-45,0.4,-0.4,-24.4,-25.2
1.141e-02,-84,-78,-43,-41,0,0.8,-24.4,-23.6
1.144e-02,-84,-86,-43,-47,0.4,-0.4,-25.2,-25.2
1.148e-02,-82,-78,-43,-41,0,0.8,-24.4,-23.6
1.152e-02,-82,-86,-45,-47,0,-0.4,-24.4,-25.2
1.156e-02,-84,-78,-45,-43,0,0.8,-24.4,-23.6
1.160e-02,-84,-86,-45,-49,0,-0.4,-24.4,-25.2
1.164e-02,-84,-78,-45,-43,0,0.4,-24.4,-23.6
1.167e-02,-84,-88,-47,-49,0,-0.4,-24.4,-25.2
1.171e-02,-84,-80,-47,-45,0.4,0.4,-24.4,-22.8
1.175e-02,-84,-86,-47,-49,0,-0.4,-24.4,-25.2
1.179e-02,-84,-80,-47,-45,0,0.4,-24.4,-22.8
1.183e-02,-84,-88,-47,-51,0,-0.4,-24.4,-25.2
1.187e-02,-84,-80,-49,-45,0,0.4,-23.6,-22.8
1.190e-02,-82,-86,-49,-51,0,-0.4,-23.6,-25.2
1.194e-02,-82,-78,-47,-45,0,0.4,-23.6,-22.8
1.198e-02,-84,-86,-49,-51,0,-0.4,-23.6,-25.2
1.202e-02,-84,-80,-49,-47,0,0.4,-23.6,-22.8
1.206e-02,-84,-86,-49,-51,0,-0.4,-23.6,-24.4
1.210e-02,-82,-78,-51,-47,0,0.4,-23.6,-22.8
1.214e-02,-84,-86,-49,-53,0,-0.4,-23.6,-24.4
1.217e-02,-84,-78,-51,-47,0,0.4,-23.6,-22
1.221e-02,-84,-86,-51,-53,-0.4,-0.8,-22.8,-24.4
1.225e-02,-84,-78,-51,-49,0,0.4,-23.6,-22
1.229e-02,-82,-86,-51,-53,0,-0.8,-22.8,-23.6
1.233e-02,-82,-78,-51,-49,0,0.4,-22.8,-22
1.237e-02,-80,-86,-51,-55,0,-0.8,-22.8,-23.6
1.240e-02,-82,-78,-51,-49,0,0.4,-22.8,-21.2
1.244e-02,-82,-86,-53,-55,0,-0.8,-22.8,-23.6
1.248e-02,-82,-78,-53,-49,-0.4,0.4,-22.8,-21.2
1.252e-02,-82,-86,-51,-55,-0.4,-0.8,-22,-23.6
1.256e-02,-84,-78,-53,-49,-0.4,0.4,-22.8,-21.2
1.260e-02,-82,-84,-53,-55,-0.4,-0.8,-22,-22.8
1.263e-02,-82,-76,-53,-51,0,0,-22,-21.2
1.267e-02,-80,-84,-53,-55,-0.4,-0.8,-22,-22.8
1.271e-02,-80,-76,-53,-51,0,0,-22,-20.4
1.275e-02,-80,-84,-55,-55,-0.4,-0.8,-22,-22.8
1.279e-02,-80,-76,-53,-51,-0.4,0,-21.2,-20.4
1.283e-02,-80,-84,-53,-57,-0.4,-0.8,-21.2,-22
1.286e-02,-80,-76,-55,-51,-0.4,0,-20.4,-20.4
1.290e-02,-80,-84,-55,-57,-0.4,-0.8,-21.2,-22
1.294e-02,-80,-74,-55,-51,-0.4,0,-20.4,-19.6
1.298e-02,-80,-84,-55,-57,-0.4,-0.8,-20.4,-22
1.302e-02,-78,-74,-55,-53,-0.4,0,-20.4,-19.6
1.306e-02,-80,-82,-55,-57,-0.4,-0.8,-20.4,-21.2
1.310e-02,-78,-74,-55,-53,-0.4,0,-20.4,-18.8
1.313e-02,-78,-82,-55,-57,-0.8,-1.2,-19.6,-21.2
1.317e-02,-78,-74,-55,-53,-0.4,0,-19.6,-18.8
1.321e-02,-78,-82,-55,-59,-0.8,-1.2,-19.6,-20.4
1.325e-02,-76,-74,-55,-53,-0.8,0,-19.6,-18.8
1.329e-02,-76,-80,-55,-59,-0.8,-1.2,-18.8,-20.4
1.333e-02,-76,-72,-57,-53,-0.8,0,-18.8,-18
1.336e-02,-76,-80,-55,-59,-0.4,-1.2,-19.6,-19.6
1.340e-02,-76,-72,-57,-53,-0.8,0,-18.8,-18
1.344e-02,-74,-80,-57,-59,-0.8,-1.2,-18.8,-19.6
1.348e-02,-74,-70,-57,-53,-0.8,0,-18.8,-17.2
1.352e-02,-74,-78,-57,-59,-0.8,-1.2,-18,-18.8
1.356e-02,-74,-70,-57,-53,-0.8,-0.4,-18,-17.2
1.359e-02,-72,-76,-57,-59,-0.8,-1.2,-18,-18.8
1.363e-02,-72,-68,-57,-55,-0.8,-0.4,-17.2,-16.4
1.367e-02,-72,-76,-57,-59,-0.8,-1.2,-18,-18
1.371e-02,-70,-68,-57,-53,-0.8,-0.4,-17.2,-16.4
1.375e-02,-70,-74,-57,-59,-0.8,-1.2,-17.2,-18
1.379e-02,-72,-66,-57,-53,-0.8,-0.4,-17.2,-15.6
1.382e-02,-70,-74,-57,-59,-1.2,-1.2,-16.4,-18
1.386e-02,-70,-64,-57,-55,-0.8,-0.4,-16.4,-14.8
1.390e-02,-70,-72,-57,-59,-0.8,-1.2,-16.4,-17.2
1.394e-02,-68,-64,-57,-53,-0.8,-0.4,-15.6,-14.8
1.398e-02,-68,-72,-57,-59,-0.8,-1.2,-16.4,-16.4
1.402e-02,-66,-62,-57,-53,-0.8,-0.4,-15.6,-14
1.406e-02,-66,-68,-55,-57,-0.8,-1.2,-14.8,-16.4
1.409e-02,-66,-60,-57,-53,-0.8,-0.4,-15.6,-14
1.413e-02,-64,-68,-55,-57,-0.8,-1.2,-14.8,-15.6
1.417e-02,-62,-58,-55,-53,-0.8,-0.4,-14,-13.2
1.421e-02,-64,-66,-55,-57,-0.8,-1.6,-14,-14.8
1.425e-02,-62,-58,-55,-51,-0.8,-0.4,-14,-13.2
1.429e-02,-60,-64,-55,-57,-0.8,-1.2,-14,-14.8
1.432e-02,-60,-56,-55,-51,-1.2,-0.4,-14,-12.4
1.436e-02,-60,-62,-53,-55,-0.8,-1.2,-13.2,-14
1.440e-02,-58,-54,-53,-51,-0.8,-0.4,-12.4,-11.6
1.444e-02,-58,-60,-53,-55,-0.8,-1.6,-13.2,-14
1.448e-02,-58,-52,-53,-51,-0.8,-0.4,-12.4,-11.6
1.452e-02,-56,-60,-53,-55,-0.8,-1.6,-12.4,-13.2
1.455e-02,-54,-52,-53,-49,-1.2,-0.4,-12.4,-10.8
1.459e-02,-56,-58,-53,-55,-1.2,-1.6,-11.6,-12.4
1.463e-02,-54,-50,-51,-49,-0.8,-0.4,-11.6,-10.8
1.467e-02,-54,-56,-51,-55,-0.8,-1.6,-10.8,-12.4
1.471e-02,-54,-48,-49,-49,-1.2,-0.4,-10.8,-10
1.475e-02,-52,-54,-51,-53,-0.8,-1.6,-10.8,-11.6
1.478e-02,-50,-46,-51,-49,-1.2,-0.8,-10.8,-9.2
1.482e-02,-52,-54,-51,-53,-0.8,-1.6,-10,-10.8
1.486e-02,-48,-44,-51,-47,-1.2,-0.4,-10,-9.2
1.490e-02,-50,-52,-51,-53,-0.8,-1.6,-9.2,-10.8
1.494e-02,-48,-44,-49,-47,-1.2,-0.8,-9.2,-8.4
1.498e-02,-46,-50,-49,-53,-1.2,-1.6,-9.2,-10
1.502e-02,-48,-42,-49,-47,-1.2,-0.8,-8.4,-7.6
1.505e-02,-46,-48,-49,-51,-1.2,-1.6,-8.4,-9.2
1.509e-02,-44,-40,-49,-45,-1.2,-0.8,-8.4,-6.8
1.513e-02,-44,-48,-49,-51,-1.2,-1.6,-8.4,-9.2
1.517e-02,-44,-38,-49,-45,-1.2,-0.8,-8.4,-6.8
1.521e-02,-42,-46,-47,-49,-0.8,-1.6,-7.6,-8.4
1.525e-02,-40,-36,-47,-45,-1.2,-0.8,-7.6,-6
1.528e-02,-40,-44,-47,-49,-1.2,-1.6,-6.8,-7.6
1.532e-02,-40,-36,-47,-45,-0.8,-0.8,-6.8,-5.2
1.536e-02,-40,-42,-47,-49,-1.2,-1.6,-6,-7.6
1.540e-02,-38,-34,-45,-43,-1.2,-0.8,-6,-5.2
1.544e-02,-36,-42,-45,-47,-0.8,-1.6,-6,-6.8
1.548e-02,-38,-32,-45,-43,-1.2,-0.8,-6,-4.4
1.551e-02,-38,-40,-45,-47,-1.2,-1.6,-5.2,-6
1.555e-02,-36,-30,-45,-43,-0.8,-0.8,-5.2,-3.6
1.559e-02,-34,-38,-45,-47,-1.2,-1.6,-4.4,-6
1.563e-02,-32,-28,-45,-41,-0.8,-0.8,-4.4,-3.6
1.567e-02,-32,-36,-43,-45,-1.2,-1.6,-4.4,-5.2
1.571e-02,-32,-26,-43,-41,-0.8,-0.8,-3.6,-2.8
1.575e-02,-32,-34,-43,-45,-1.2,-1.6,-3.6,-4.4
1.578e-02,-32,-24,-43,-39,-1.2,-0.8,-2.8,-2
1.582e-02,-28,-32,-43,-45,-0.8,-1.6,-3.6,-4.4
1.586e-02,-28,-24,-43,-39,-1.2,-0.8,-2.8,-2
1.590e-02,-28,-30,-41,-43,-1.2,-1.6,-2.8,-3.6
1.594e-02,-26,-22,-41,-39,-1.2,-0.8,-2,-1.2
1.598e-02,-26,-30,-39,-43,-1.2,-1.6,-2,-2.8
1.601e-02,-26,-20,-41,-37,-1.2,-0.8,-2,-0.4
1.605e-02,-26,-28,-41,-43,-1.2,-1.6,-1.2,-2.8
1.609e-02,-24,-18,-39,-37,-1.2,-0.8,-1.2,0.4
1.613e-02,-22,-26,-39,-41,-1.6,-1.6,-1.2,-2
1.617e-02,-22,-18,-39,-37,-1.2,-0.8,-1.2,0.4
1.621e-02,-22,-24,-39,-41,-1.2,-1.6,-0.4,-1.2
1.624e-02,-18,-16,-37,-35,-1.2,-0.8,-0.4,1.2
1.628e-02,-18,-22,-39,-41,-1.2,-1.6,-0.4,-1.2
1.632e-02,-18,-14,-37,-35,-1.2,-0.8,0.4,1.2
1.636e-02,-16,-20,-37,-39,-0.8,-1.6,0.4,-0.4
1.640e-02,-16,-12,-37,-35,-1.2,-0.8,0.4,2
1.644e-02,-14,-18,-35,-37,-1.2,-1.6,1.2,0.4
1.647e-02,-16,-10,-35,-33,-1.2,-0.8,1.2,2.8
1.651e-02,-14,-16,-35,-37,-1.2,-1.6,1.2,0.4
1.655e-02,-14,-8,-35,-33,-1.2,-0.8,1.2,2.8
1.659e-02,-12,-14,-33,-37,-1.2,-1.6,2.8,1.2
1.663e-02,-12,-6,-33,-31,-1.2,-0.8,2,3.6
1.667e-02,-10,-12,-35,-35,-1.2,-1.6,2.8,2
1.671e-02,-8,-4,-33,-31,-1.6,-0.8,2.8,4.4
1.674e-02,-8,-10,-33,-35,-1.2,-1.6,2.8,2
1.678e-02,-8,-2,-31,-29,-1.2,-0.8,3.6,5.2
1.682e-02,-6,-8,-31,-33,-1.2,-1.6,3.6,2.8
1.686e-02,-4,-8.9407e-08,-31,-27,-1.2,-0.8,3.6,5.2
1.690e-02,-4,-8,-31,-33,-1.2,-1.6,4.4,3.6
1.694e-02,-4,2,-31,-27,-1.2,-0.8,4.4,6
1.697e-02,-2,-6,-31,-31,-1.2,-1.6,4.4,3.6
1.701e-02,-2,4,-29,-25,-1.2,-0.8,5.2,6.8
1.705e-02,-2,-2,-27,-31,-1.2,-1.6,5.2,4.4
1.709e-02,2,6,-29,-25,-1.2,-0.8,5.2,6.8
1.713e-02,2,-2,-27,-29,-1.2,-1.6,6,5.2
1.717e-02,2,8,-25,-23,-1.2,-0.8,6,7.6
1.720e-02,6,-8.9407e-08,-27,-27,-1.2,-1.6,6,6
1.724e-02,4,10,-25,-23,-1.2,-0.8,6.8,8.4
1.728e-02,6,4,-25,-27,-1.2,-1.6,6.8,6
1.732e-02,8,12,-23,-21,-1.2,-0.8,6.8,8.4
1.736e-02,10,6,-21,-25,-0.8,-1.6,7.6,6.8
1.740e-02,8,14,-23,-19,-1.2,-0.8,7.6,9.2
1.743e-02,10,8,-21,-23,-0.8,-1.6,8.4,7.6
1.747e-02,10,16,-21,-19,-1.2,-0.8,7.6,10
1.751e-02,12,10,-19,-23,-1.2,-1.6,9.2,7.6
1.755e-02,14,18,-19,-17,-1.2,-0.8,9.2,10
1.759e-02,14,12,-17,-21,-1.2,-1.6,10,8.4
1.763e-02,14,22,-19,-15,-1.2,-0.8,10,10.8
1.767e-02,18,14,-19,-19,-1.2,-1.6,10,9.2
1.770e-02,18,22,-15,-15,-1.2,-0.8,10,10.8
1.774e-02,18,16,-17,-19,-1.2,-1.6,10,9.2
1.778e-02,22,24,-17,-13,-1.2,-0.4,10.8,11.6
1.782e-02,20,18,-15,-17,-1.2,-1.6,10,10
1.786e-02,22,26,-15,-11,-1.2,-0.4,10.8,12.4
1.790e-02,22,20,-13,-15,-0.8,-1.6,11.6,10.8
1.793e-02,26,28,-13,-11,-1.2,-0.8,11.6,12.4
1.797e-02,26,22,-11,-15,-1.2,-1.6,12.4,10.8
1.801e-02,24,32,-11,-9,-1.2,-0.4,11.6,13.2
1.805e-02,26,22,-11,-13,-0.8,-1.6,12.4,11.6
1.809e-02,26,34,-11,-7,-1.2,-0.4,12.4,14
1.813e-02,28,26,-9,-11,-0.8,-1.6,13.2,11.6
1.816e-02,30,34,-7,-7,-0.8,-0.4,13.2,14
1.820e-02,32,28,-9,-11,-1.2,-1.6,13.2,12.4
1.824e-02,32,36,-7,-5,-1.2,-0.4,13.2,14.8
1.828e-02,34,30,-7,-9,-0.8,-1.2,14,13.2
1.832e-02,32,38,-5,-3,-0.8,-0.4,14,15.6
1.836e-02,36,32,-5,-7,-0.8,-1.2,14,13.2
1.839e-02,34,40,-5,-3,-0.8,-0.4,14,15.6
1.843e-02,36,32,-5,-7,-0.8,-1.2,14.8,14
1.847e-02,36,42,-5,-1,-0.8,-0.4,15.6,16.4
1.851e-02,38,34,-5,-5,-0.8,-1.2,14.8,14
1.855e-02,38,42,-3,-1,-0.8,-0.4,15.6,16.4
1.859e-02,38,36,-3,-3,-1.2,-1.2,15.6,14.8
1.863e-02,40,44,-1,1,-0.8,-0.4,15.6,17.2
1.866e-02,40,38,-1,-3,-0.8,-1.2,16.4,14.8
1.870e-02,42,46,-1,3,-0.8,-0.4,15.6,17.2
1.874e-02,42,40,1,-1,-0.8,-1.2,16.4,15.6
1.878e-02,44,48,1,3,-0.8,-0.4,16.4,18
1.882e-02,46,42,1,-1,-0.8,-1.2,16.4,15.6
1.886e-02,44,50,1,5,-0.8,-0.4,17.2,18
1.889e-02,46,42,3,1,-0.8,-1.2,16.4,16.4
1.893e-02,46,50,5,5,-0.8,-0.4,17.2,18.8
1.897e-02,48,44,3,1,-0.8,-1.2,17.2,17.2
1.901e-02,50,52,5,7,-0.8,-0.4,18,19.6
1.905e-02,48,46,5,3,-0.8,-1.2,18,17.2
1.909e-02,50,54,5,7,-0.8,-0.4,18,19.6
1.912e-02,50,48,7,3,-0.8,-1.2,18,17.2
1.916e-02,50,56,7,9,-0.8,0,18.8,19.6
1.920e-02,52,48,7,5,-0.8,-1.2,18.8,18
1.924e-02,54,56,7,9,-0.4,0,18.8,20.4
1.928e-02,54,50,9,7,-0.4,-1.2,18.8,18
1.932e-02,56,58,9,11,-0.4,0,19.6,20.4
1.935e-02,56,52,9,7,-0.8,-1.2,19.6,18.8
1.939e-02,56,60,9,13,-0.4,0,19.6,21.2
1.943e-02,56,54,11,9,-0.4,-1.2,19.6,18.8
1.947e-02,56,60,11,13,-0.4,0,20.4,21.2
1.951e-02,58,54,11,9,-0.4,-0.8,19.6,19.6
1.955e-02,58,62,11,15,-0.4,0,20.4,21.2
1.959e-02,60,56,13,11,-0.8,-0.8,20.4,19.6
1.962e-02,60,64,13,15,-0.4,0,21.2,22
1.966e-02,60,58,13,11,-0.4,-0.8,21.2,20.4
1.970e-02,60,66,13,17,-0.4,0,21.2,22
1.974e-02,60,58,15,13,-0.4,-0.8,21.2,20.4
1.978e-02,64,66,15,19,0,0,21.2,22.8
1.982e-02,62,60,17,13,-0.4,-0.8,21.2,20.4
1.985e-02,64,68,17,19,-0.4,0,22,22.8
1.989e-02,64,62,17,15,-0.4,-0.8,22,21.2
1.993e-02,64,70,17,21,-0.4,0,22,23.6
1.997e-02,66,62,19,17,-0.4,-0.8,22,21.2
2.001e-02,68,70,19,21,0,0,22,23.6
2.005e-02,68,64,19,17,-0.4,-0.8,22,21.2
2.008e-02,68,72,21,23,-0.4,0.4,22.8,23.6
2.012e-02,68,66,21,19,0,-0.8,22.8,22
2.016e-02,70,74,21,23,-0.4,0.4,22.8,23.6
2.020e-02,72,66,23,19,0,-0.8,22.8,22
2.024e-02,70,74,23,25,0,0.4,23.6,24.4
2.028e-02,72,68,23,21,-0.4,-0.8,22.8,22
2.031e-02,72,74,23,27,0,0.4,23.6,24.4
2.035e-02,70,68,23,23,0,-0.4,23.6,22
2.039e-02,72,76,25,27,0,0.4,23.6,24.4
2.043e-02,72,70,25,23,0,-0.4,23.6,22.8
2.047e-02,74,78,27,29,0,0.4,23.6,24.4
2.051e-02,74,70,27,25,0,-0.4,23.6,22.8
2.055e-02,76,78,27,31,0,0.4,23.6,25.2
2.058e-02,76,72,29,25,0,-0.4,23.6,22.8
2.062e-02,76,78,29,31,0,0.4,23.6,25.2
2.066e-02,74,72,29,27,0,-0.4,23.6,22.8
2.070e-02,76,80,29,33,0,0.4,23.6,25.2
2.074e-02,76,72,29,27,0,-0.4,23.6,23.6
2.078e-02,78,80,31,33,0.4,0.4,24.4,25.2
2.081e-02,76,74,31,29,0,-0.4,24.4,23.6
2.085e-02,78,80,31,33,0.4,0.8,24.4,25.2
2.089e-02,76,74,33,29,0,-0.4,23.6,23.6
2.093e-02,78,82,33,35,0,0.8,24.4,25.2
2.097e-02,78,74,31,31,0.4,-0.4,23.6,22.8
2.101e-02,78,82,33,35,0.4,0.8,23.6,25.2
2.104e-02,76,74,35,31,0.4,-0.4,24.4,23.6
2.108e-02,78,82,35,37,0.4,0.8,25.2,26
2.112e-02,80,74,35,33,0.4,-0.4,24.4,23.6
2.116e-02,78,82,35,39,0.4,0.8,24.4,26
2.120e-02,78,74,37,33,0.4,0,24.4,23.6
2.124e-02,80,82,37,39,0.4,0.8,24.4,26
2.127e-02,78,76,39,35,0.4,0,24.4,23.6
2.131e-02,78,84,37,39,0.4,0.8,24.4,26
2.135e-02,80,76,37,35,0.4,0,24.4,23.6
2.139e-02,78,84,39,39,0.4,0.8,24.4,26
2.143e-02,80,76,39,35,0.4,0,24.4,23.6
2.147e-02,78,84,39,41,0.8,0.8,23.6,26
2.151e-02,80,76,39,37,0.4,0,24.4,23.6
2.154e-02,80,84,39,41,0.4,0.8,24.4,26
2.158e-02,80,76,41,37,0.8,0,24.4,23.6
2.162e-02,78,84,39,43,0.4,0.8,24.4,25.2
2.166e-02,80,78,41,37,0.8,0,24.4,22.8
2.170e-02,82,84,41,43,0.4,0.8,23.6,25.2
2.174e-02,80,78,41,39,0.8,0,24.4,23.6
2.177e-02,80,84,41,43,0.8,1.2,24.4,25.2
2.181e-02,80,76,41,39,0.4,0,23.6,22.8
2.185e-02,80,84,43,43,0.4,1.2,23.6,25.2
2.189e-02,82,76,43,39,0.8,0,24.4,22.8
2.193e-02,78,84,43,45,0.8,1.2,23.6,25.2
2.197e-02,82,76,43,39,0.8,0,23.6,22.8
2.200e-02,78,84,43,45,0.8,1.2,23.6,25.2
2.204e-02,80,76,43,41,0.8,0.4,23.6,22.8
2.208e-02,82,84,43,45,0.8,1.2,23.6,25.2
2.212e-02,80,76,43,41,0.8,0.4,23.6,22.8
2.216e-02,78,84,43,47,0.8,1.2,22.8,24.4
2.220e-02,80,76,43,41,0.4,0.4,22.8,22
2.224e-02,80,84,45,47,0.8,1.2,23.6,24.4
2.227e-02,80,76,45,43,0.8,0.4,22.8,22
2.231e-02,78,84,45,47,0.8,1.2,22.8,24.4
2.235e-02,80,76,45,43,1.2,0.4,22.8,22
2.239e-02,80,84,45,47,1.2,1.2,22.8,23.6
2.243e-02,82,76,45,43,0.8,0.4,22.8,21.2
2.247e-02,78,84,47,49,1.2,1.2,22.8,23.6
2.250e-02,78,74,45,43,0.8,0.4,22.8,21.2
2.254e-02,78,82,47,49,0.8,1.6,22.8,23.6
2.258e-02,78,76,47,43,0.8,0.4,22.8,21.2
2.262e-02,78,82,47,49,0.8,1.2,22,23.6
2.266e-02,78,74,47,45,1.2,0.4,22,21.2
2.270e-02,78,82,45,49,0.8,1.6,21.2,22.8
2.273e-02,78,74,49,45,1.2,0.4,22,20.4
2.277e-02,78,82,47,49,0.8,1.6,21.2,22.8
2.281e-02,78,74,47,45,1.2,0.4,21.2,20.4
2.285e-02,80,80,49,49,1.2,1.6,22,22.8
2.289e-02,78,72,49,45,0.8,0.4,21.2,20.4
2.293e-02,78,80,49,51,1.2,1.6,21.2,22
2.296e-02,74,72,47,45,1.2,0.4,21.2,19.6
2.300e-02,76,80,47,51,1.2,1.6,20.4,22
2.304e-02,76,72,49,45,1.2,0.8,20.4,19.6
2.308e-02,76,80,49,51,1.2,1.6,21.2,22
2.312e-02,76,72,49,45,1.2,0.8,19.6,18.8
2.316e-02,74,78,49,51,1.2,1.6,20.4,21.2
2.320e-02,74,70,51,47,1.2,0.8,20.4,18.8
2.323e-02,76,78,49,51,1.2,1.6,19.6,21.2
2.327e-02,72,70,49,47,1.2,0.8,19.6,18
2.331e-02,72,78,49,51,1.2,1.6,19.6,21.2
2.335e-02,74,70,49,47,1.2,0.8,18.8,18
2.339e-02,72,76,51,53,1.2,1.6,18.8,20.4
2.343e-02,72,68,51,47,1.2,0.8,18.8,17.2
2.346e-02,72,76,51,53,1.2,1.6,18,20.4
2.350e-02,72,68,51,47,1.2,0.8,18.8,17.2
2.354e-02,70,76,51,53,1.6,1.6,18,19.6
2.358e-02,70,66,51,47,1.6,0.8,18,17.2
2.362e-02,72,74,51,53,1.2,1.6,18,19.6
2.366e-02,70,66,49,47,1.6,0.8,18,16.4
2.369e-02,70,72,49,53,1.6,2,18,18.8
2.373e-02,66,64,49,49,1.2,0.8,17.2,16.4
2.377e-02,68,72,51,53,1.2,2,17.2,18
2.381e-02,66,62,49,47,1.6,0.8,17.2,15.6
2.385e-02,66,70,51,53,1.6,2,17.2,18
2.389e-02,64,62,51,47,1.6,0.8,16.4,14.8
2.392e-02,66,70,51,53,1.6,2,16.4,17.2
2.396e-02,64,60,49,47,1.6,0.8,16.4,14.8
2.400e-02,64,68,49,51,1.6,2,15.6,17.2
2.404e-02,64,58,49,47,1.6,1.2,15.6,14
2.408e-02,62,66,49,51,1.6,2,15.6,16.4
2.412e-02,60,56,49,47,1.2,1.2,14.8,14
2.416e-02,62,64,49,51,1.6,2,14.8,16.4
2.419e-02,58,56,49,45,1.6,1.2,14.8,13.2
2.423e-02,60,64,49,51,1.6,2,14.8,15.6
2.427e-02,58,54,49,45,1.6,1.2,14,13.2
2.431e-02,58,62,49,51,1.6,2,14,15.6
2.435e-02,58,52,47,45,1.6,1.2,14,12.4
2.439e-02,56,60,47,49,1.2,2,13.2,14.8
2.442e-02,58,50,45,45,1.6,1.2,13.2,11.6
2.446e-02,54,58,47,49,1.6,2,13.2,14
2.450e-02,54,48,47,45,1.2,1.2,12.4,11.6
2.454e-02,54,58,47,49,1.6,2,13.2,14
2.458e-02,52,48,47,43,1.6,1.2,12.4,10.8
2.462e-02,52,56,47,49,1.6,2,12.4,13.2
2.465e-02,50,46,47,43,1.6,1.2,11.6,10
2.469e-02,50,54,45,49,1.6,2,10.8,12.4
2.473e-02,50,44,47,43,1.6,1.2,11.6,10
2.477e-02,46,52,45,47,1.6,2,10.8,12.4
2.481e-02,46,44,45,43,2,1.2,10.8,9.2
2.485e-02,48,50,45,47,1.6,2,10.8,11.6
2.488e-02,46,42,45,41,1.6,1.2,10,8.4
2.492e-02,46,50,45,47,1.6,2,10,10.8
2.496e-02,42,40,43,41,1.6,1.2,9.2,8.4
2.500e-02,42,48,43,47,1.6,2,9.2,10.8
2.504e-02,42,38,43,41,1.6,1.2,8.4,7.6
2.508e-02,42,46,43,45,1.6,2,8.4,10
2.512e-02,40,36,43,39,1.6,1.2,8.4,6.8
2.515e-02,40,44,43,45,1.6,2,8.4,9.2
2.519e-02,40,34,43,39,1.6,1.2,8.4,6.8
2.523e-02,40,44,43,45,1.6,2.4,7.6,9.2
2.527e-02,36,32,43,39,2,1.2,6.8,6
2.531e-02,36,42,41,43,1.6,2,7.6,8.4
2.535e-02,34,32,41,39,2,1.2,6.8,5.2
2.538e-02,36,40,41,43,2,2,6.8,7.6
2.542e-02,34,30,41,37,1.6,1.2,6.8,5.2
2.546e-02,34,38,41,43,1.6,2.4,6,7.6
2.550e-02,34,28,41,37,1.6,1.2,6,4.4
2.554e-02,32,36,39,41,2,2.4,5.2,6.8
2.558e-02,30,26,39,37,2,1.2,5.2,3.6
2.561e-02,30,36,39,41,2,2,4.4,6
2.565e-02,28,24,39,35,1.6,1.2,4.4,2.8
2.569e-02,28,34,37,41,1.6,2.4,4.4,5.2
2.573e-02,26,22,37,35,1.6,1.2,4.4,2.8
2.577e-02,26,32,37,39,2,2.4,3.6,5.2
2.581e-02,26,22,37,35,1.6,1.2,3.6,2
2.584e-02,26,30,37,39,2,2.4,2.8,4.4
2.588e-02,24,20,35,33,2,1.2,2.8,1.2
2.592e-02,22,28,35,39,2,2.4,2.8,3.6
2.596e-02,24,18,35,33,2,1.2,2.8,1.2
2.600e-02,22,26,35,37,2,2.4,2.8,3.6
2.604e-02,22,16,35,33,1.6,1.2,1.2,0.4
2.608e-02,20,26,35,37,2,2.4,2,2.8
2.611e-02,20,14,35,31,2,1.2,1.2,-0.4
2.615e-02,18,24,35,37,1.6,2.4,1.2,2
2.619e-02,20,14,33,31,1.6,1.2,0.4,-0.4
2.623e-02,16,22,35,35,2,2.4,0.4,2
2.627e-02,16,10,33,29,2,1.2,0.4,-1.2
2.631e-02,16,20,33,35,2,2.4,0.4,1.2
2.634e-02,14,8,33,29,2,1.2,-0.4,-2
2.638e-02,14,18,33,35,2,2.4,-0.4,0.4
2.642e-02,12,8,31,29,2,1.2,-0.4,-2
2.646e-02,10,16,31,33,1.6,2.4,-1.2,0.4
2.650e-02,10,6,31,27,2,1.2,-1.2,-2.8
2.654e-02,10,14,29,33,2,2.4,-1.2,-0.4
2.657e-02,10,4,31,27,2,1.2,-2,-3.6
2.661e-02,8,12,29,33,1.6,2.4,-2,-1.2
2.665e-02,8,-8.9407e-08,29,25,2,1.2,-2.8,-3.6
2.669e-02,6,10,29,31,1.6,2.4,-3.6,-1.2
2.673e-02,6,-8.9407e-08,29,25,2,1.2,-2.8,-4.4
2.677e-02,4,8,27,31,1.6,2.4,-3.6,-2
2.680e-02,2,-2,27,23,2,1.2,-3.6,-5.2
2.684e-02,2,6,25,29,1.6,2.4,-3.6,-2.8
2.688e-02,-8.9407e-08,-4,27,23,1.6,1.2,-4.4,-5.2
2.692e-02,-8.9407e-08,4,25,27,2,2.4,-4.4,-3.6
2.696e-02,-8.9407e-08,-6,23,21,2,1.2,-4.4,-6
2.700e-02,-8.9407e-08,2,25,27,2,2.4,-4.4,-3.6
2.704e-02,-4,-8,23,21,1.6,1.2,-5.2,-6.8
2.707e-02,-6,-8.9407e-08,23,25,2,2.4,-5.2,-4.4
2.711e-02,-4,-10,23,19,1.6,1.2,-6,-7.6
2.715e-02,-6,-2,21,25,2,2,-6,-4.4
2.719e-02,-10,-12,21,17,2,1.2,-6,-7.6
2.723e-02,-8,-4,21,23,2,2.4,-6,-5.2
2.727e-02,-10,-14,19,15,1.6,1.2,-6.8,-8.4
2.730e-02,-10,-6,19,21,1.6,2,-6.8,-6
2.734e-02,-12,-16,19,15,1.6,1.2,-7.6,-8.4
2.738e-02,-14,-8,17,21,2,2,-7.6,-6.8
2.742e-02,-14,-18,17,13,2,1.2,-8.4,-9.2
2.746e-02,-16,-10,15,19,1.6,2,-8.4,-6.8
2.750e-02,-16,-20,15,11,2,1.2,-8.4,-10
2.753e-02,-16,-12,15,17,1.6,2,-9.2,-7.6
2.757e-02,-16,-22,13,11,2,1.2,-9.2,-10
2.761e-02,-18,-14,13,15,1.6,2,-9.2,-8.4
2.765e-02,-20,-26,13,9,1.6,1.2,-10,-10.8
2.769e-02,-22,-16,11,15,1.6,2,-10,-8.4
2.773e-02,-20,-26,11,9,2,1.2,-10,-11.6
2.776e-02,-24,-18,11,13,1.6,2,-10.8,-9.2
2.780e-02,-24,-30,11,7,2,1.2,-10.8,-11.6
2.784e-02,-24,-20,9,13,1.6,2,-10,-9.2
2.788e-02,-26,-32,9,5,1.6,1.2,-10.8,-12.4
2.792e-02,-28,-22,9,11,1.6,2,-11.6,-10
2.796e-02,-30,-32,7,5,1.6,1.2,-10.8,-13.2
2.800e-02,-28,-24,5,9,1.6,2,-11.6,-10.8
2.803e-02,-30,-34,5,3,1.6,1.2,-11.6,-13.2
2.807e-02,-32,-26,5,9,1.6,2,-12.4,-10.8
2.811e-02,-32,-36,5,1,1.6,1.2,-12.4,-13.2
2.815e-02,-34,-28,3,7,1.6,2,-13.2,-11.6
2.819e-02,-34,-38,5,1,1.6,0.8,-13.2,-14
2.823e-02,-34,-30,3,5,1.6,2,-13.2,-12.4
2.826e-02,-36,-42,3,-1,1.6,1.2,-13.2,-14.8
2.830e-02,-38,-32,1,5,1.6,2,-13.2,-12.4
2.834e-02,-36,-42,1,-3,1.6,0.8,-14,-15.6
2.838e-02,-38,-34,-1,3,1.6,2,-14,-13.2
2.842e-02,-40,-44,-1,-3,1.6,0.8,-14.8,-15.6
2.846e-02,-40,-36,-1,3,1.6,2,-14.8,-13.2
2.849e-02,-40,-46,-1,-5,1.6,0.8,-14.8,-16.4
2.853e-02,-42,-36,-1,1,1.6,2,-14.8,-14
2.857e-02,-42,-46,-3,-5,1.6,0.8,-14.8,-16.4
2.861e-02,-44,-38,-3,1,1.6,2,-15.6,-14
2.865e-02,-44,-48,-3,-7,1.2,0.8,-15.6,-17.2
2.869e-02,-46,-40,-3,-1,1.2,2,-15.6,-14.8
2.873e-02,-46,-50,-5,-7,1.2,0.8,-15.6,-17.2
2.876e-02,-46,-42,-5,-3,1.2,2,-16.4,-14.8
2.880e-02,-48,-52,-5,-9,1.2,0.8,-17.2,-18
2.884e-02,-48,-44,-7,-3,1.6,1.6,-16.4,-15.6
2.888e-02,-50,-54,-7,-11,1.6,0.8,-17.2,-18
2.892e-02,-50,-44,-7,-5,1.6,1.6,-17.2,-15.6
2.896e-02,-50,-54,-9,-11,1.2,0.8,-17.2,-18.8
2.899e-02,-52,-46,-9,-5,1.2,1.6,-17.2,-16.4
2.903e-02,-52,-56,-9,-13,1.2,0.8,-17.2,-18.8
2.907e-02,-52,-48,-11,-7,1.2,1.6,-18,-16.4
2.911e-02,-54,-58,-11,-13,1.2,0.8,-18.8,-19.6
2.915e-02,-54,-50,-11,-9,1.2,1.6,-18,-17.2
2.919e-02,-56,-60,-11,-15,1.2,0.8,-18.8,-19.6
2.922e-02,-54,-52,-13,-9,1.2,1.6,-18.8,-18
2.926e-02,-56,-60,-13,-15,1.2,0.8,-18.8,-20.4
2.930e-02,-54,-52,-13,-11,1.2,1.6,-18.8,-18
2.934e-02,-56,-62,-13,-17,1.2,0.8,-19.6,-20.4
2.938e-02,-60,-54,-15,-11,1.2,1.6,-18.8,-18
2.942e-02,-60,-64,-15,-19,1.2,0.8,-19.6,-20.4
2.945e-02,-58,-54,-15,-13,1.2,1.6,-19.6,-18.8
2.949e-02,-62,-66,-15,-19,1.2,0.4,-19.6,-21.2
2.953e-02,-60,-56,-17,-13,1.2,1.6,-20.4,-18.8
2.957e-02,-62,-66,-17,-21,1.2,0.4,-20.4,-21.2
2.961e-02,-62,-58,-17,-15,1.2,1.6,-20.4,-19.6
2.965e-02,-64,-68,-19,-21,1.2,0.4,-20.4,-22
2.969e-02,-64,-58,-19,-15,1.2,1.6,-21.2,-19.6
2.972e-02,-64,-68,-19,-23,0.8,0.4,-20.4,-22
2.976e-02,-64,-60,-21,-17,0.8,1.2,-21.2,-19.6
2.980e-02,-66,-70,-21,-23,0.8,0.4,-21.2,-22
2.984e-02,-66,-62,-21,-19,0.8,1.2,-21.2,-20.4
2.988e-02,-66,-72,-21,-25,0.8,0.4,-21.2,-22.8
2.992e-02,-68,-64,-23,-19,0.8,1.2,-22,-20.4
2.995e-02,-68,-74,-23,-27,0.8,0.4,-21.2,-22.8
2.999e-02,-70,-64,-23,-21,0.8,1.2,-22,-21.2
3.003e-02,-70,-74,-25,-27,0.8,0.4,-22,-22.8
3.007e-02,-70,-66,-25,-23,0.8,1.2,-22,-21.2
3.011e-02,-70,-76,-27,-29,0.8,0.4,-22,-23.6
3.015e-02,-70,-68,-27,-23,0.8,1.2,-22,-21.2
3.018e-02,-72,-76,-27,-31,0.8,0.4,-22,-23.6
3.022e-02,-74,-68,-27,-25,0.4,1.2,-22,-21.2
3.026e-02,-74,-78,-27,-31,0.8,0.4,-22.8,-24.4
3.030e-02,-74,-70,-29,-27,0.8,1.2,-22.8,-22
3.034e-02,-74,-78,-29,-31,0.8,0.4,-22.8,-24.4
3.038e-02,-76,-70,-31,-27,0.8,1.2,-23.6,-22
3.041e-02,-76,-78,-29,-33,0.8,0,-22.8,-24.4
3.045e-02,-76,-72,-31,-29,0.8,1.2,-23.6,-22
3.049e-02,-76,-80,-31,-35,0.8,0,-23.6,-24.4
3.053e-02,-78,-72,-31,-29,0.4,1.2,-23.6,-22
3.057e-02,-76,-80,-33,-35,0.4,0,-23.6,-24.4
3.061e-02,-78,-72,-33,-31,0.4,0.8,-23.6,-22.8
3.065e-02,-78,-82,-35,-37,0.4,0,-23.6,-24.4
3.068e-02,-78,-74,-35,-31,0.4,0.8,-23.6,-22.8
3.072e-02,-78,-82,-35,-37,0.4,0,-23.6,-25.2
3.076e-02,-80,-74,-35,-33,0.4,0.8,-23.6,-22.8
3.080e-02,-78,-82,-35,-39,0.8,0,-23.6,-25.2
3.084e-02,-78,-74,-37,-33,0.4,0.8,-24.4,-22.8
3.088e-02,-80,-82,-37,-39,0.4,0,-24.4,-25.2
3.091e-02,-80,-76,-37,-35,0.4,0.8,-24.4,-22.8
3.095e-02,-80,-84,-37,-41,0.4,0,-24.4,-25.2
3.099e-02,-80,-76,-37,-35,0.4,0.8,-23.6,-22.8
3.103e-02,-80,-84,-39,-41,0.4,0,-24.4,-25.2
3.107e-02,-82,-76,-39,-37,0.4,0.8,-24.4,-22.8
3.111e-02,-82,-84,-39,-43,0.4,-0.4,-24.4,-25.2
3.114e-02,-82,-78,-41,-37,0.4,0.8,-24.4,-22.8
3.118e-02,-82,-84,-41,-43,0.4,-0.4,-24.4,-25.2
3.122e-02,-82,-78,-41,-39,0.4,0.8,-23.6,-22.8
3.126e-02,-82,-86,-43,-45,0.4,-0.4,-24.4,-25.2
3.130e-02,-82,-78,-41,-39,0.4,0.8,-24.4,-22.8
3.134e-02,-84,-86,-43,-45,0.4,-0.4,-24.4,-25.2
3.137e-02,-82,-78,-43,-41,0.4,0.8,-23.6,-22.8
3.141e-02,-82,-86,-43,-47,0,-0.4,-23.6,-25.2
3.145e-02,-82,-78,-43,-41,0,0.8,-23.6,-22.8
3.149e-02,-84,-86,-43,-47,0,-0.4,-24.4,-25.2
3.153e-02,-82,-78,-45,-41,0,0.4,-24.4,-22.8
3.157e-02,-82,-86,-45,-47,0,-0.4,-23.6,-25.2
3.161e-02,-82,-78,-45,-43,0,0.4,-23.6,-22.8
3.164e-02,-82,-86,-45,-49,0,-0.4,-23.6,-25.2
3.168e-02,-84,-78,-45,-43,0,0.4,-23.6,-22.8
3.172e-02,-82,-86,-45,-49,0,-0.4,-23.6,-25.2
3.176e-02,-84,-78,-47,-43,0,0.4,-23.6,-22.8
3.180e-02,-82,-86,-47,-49,0,-0.4,-23.6,-24.4
3.184e-02,-82,-78,-47,-45,0,0.4,-23.6,-22.8
3.187e-02,-84,-86,-47,-51,0,-0.8,-23.6,-24.4
3.191e-02,-82,-78,-47,-45,0,0.4,-23.6,-22.8
3.195e-02,-84,-86,-47,-51,0,-0.4,-23.6,-24.4
3.199e-02,-82,-78,-49,-45,0,0.4,-23.6,-22
3.203e-02,-82,-86,-49,-51,-0.4,-0.8,-22.8,-24.4
3.207e-02,-82,-78,-49,-47,-0.4,0.4,-23.6,-22
3.210e-02,-82,-86,-49,-51,-0.4,-0.8,-23.6,-24.4
3.214e-02,-82,-78,-49,-47,0,0.4,-22,-22
3.218e-02,-80,-86,-49,-53,0,-0.8,-22.8,-24.4
3.222e-02,-82,-76,-49,-47,0,0.4,-23.6,-22
3.226e-02,-84,-86,-51,-53,-0.4,-0.8,-22.8,-23.6
3.230e-02,-82,-78,-51,-47,0,0.4,-22.8,-22
3.233e-02,-82,-86,-51,-53,-0.4,-0.8,-22,-23.6
3.237e-02,-82,-78,-51,-47,-0.4,0,-22,-21.2
3.241e-02,-82,-86,-51,-53,-0.4,-0.8,-22.8,-23.6
3.245e-02,-82,-78,-51,-49,0,0,-22.8,-21.2
3.249e-02,-82,-86,-51,-53,-0.4,-0.8,-22,-22.8
3.253e-02,-82,-78,-51,-49,-0.4,0,-22,-21.2
3.257e-02,-82,-84,-51,-55,-0.4,-0.8,-22,-22.8
3.260e-02,-82,-76,-53,-49,-0.4,0,-22,-20.4
3.264e-02,-80,-84,-51,-55,-0.4,-0.8,-22,-22.8
3.268e-02,-82,-76,-51,-49,-0.4,0,-21.2,-20.4
3.272e-02,-82,-84,-53,-55,-0.4,-0.8,-22,-22.8
3.276e-02,-80,-76,-53,-51,-0.4,0,-21.2,-20.4
3.280e-02,-80,-84,-53,-55,-0.4,-0.8,-21.2,-22
3.283e-02,-80,-76,-53,-51,-0.4,0,-21.2,-19.6
3.287e-02,-80,-82,-53,-55,-0.8,-0.8,-21.2,-22
3.291e-02,-80,-76,-53,-51,-0.4,0,-21.2,-19.6
3.295e-02,-78,-82,-53,-57,-0.4,-1.2,-20.4,-21.2
3.299e-02,-80,-74,-55,-51,-0.4,0,-20.4,-19.6
3.303e-02,-80,-82,-55,-57,-0.8,-1.2,-20.4,-21.2
3.306e-02,-78,-74,-55,-51,-0.4,0,-19.6,-18.8
3.310e-02,-80,-82,-55,-57,-0.4,-1.2,-20.4,-21.2
3.314e-02,-78,-74,-55,-51,-0.8,0,-19.6,-18.8
3.318e-02,-78,-82,-55,-57,-0.8,-1.2,-20.4,-20.4
3.322e-02,-78,-74,-55,-53,-0.8,0,-19.6,-18
3.326e-02,-76,-80,-55,-57,-0.4,-1.2,-19.6,-20.4
3.329e-02,-76,-72,-55,-53,-0.8,-0.4,-18.8,-18
3.333e-02,-76,-80,-55,-57,-0.8,-1.2,-18.8,-19.6
3.337e-02,-76,-72,-57,-53,-0.8,-0.4,-18.8,-18
3.341e-02,-74,-78,-55,-57,-0.8,-1.2,-18.8,-19.6
3.345e-02,-74,-70,-57,-53,-0.4,-0.4,-18,-17.2
3.349e-02,-74,-78,-55,-59,-0.8,-1.2,-18,-19.6
3.353e-02,-74,-70,-57,-53,-0.8,-0.4,-18,-17.2
3.356e-02,-74,-78,-55,-59,-0.8,-1.2,-18,-18.8
3.360e-02,-72,-70,-55,-53,-0.8,-0.4,-17.2,-16.4
3.364e-02,-74,-76,-57,-59,-0.8,-1.2,-18,-18.8
3.368e-02,-72,-68,-57,-53,-0.8,-0.4,-17.2,-16.4
3.372e-02,-72,-74,-55,-57,-0.8,-1.2,-17.2,-18
3.376e-02,-72,-66,-57,-53,-0.8,-0.4,-17.2,-15.6
3.379e-02,-72,-74,-57,-59,-0.8,-1.6,-17.2,-17.2
3.383e-02,-70,-66,-55,-53,-0.8,-0.4,-17.2,-14.8
3.387e-02,-70,-72,-57,-59,-0.8,-1.2,-16.4,-17.2
3.391e-02,-70,-62,-55,-53,-0.8,-0.4,-16.4,-14.8
3.395e-02,-68,-70,-55,-57,-0.8,-1.6,-15.6,-16.4
3.399e-02,-66,-62,-55,-53,-1.2,-0.4,-15.6,-14
3.402e-02,-66,-70,-55,-57,-1.2,-1.6,-15.6,-16.4
3.406e-02,-66,-60,-55,-53,-1.2,-0.4,-14.8,-14
3.410e-02,-64,-68,-55,-57,-0.8,-1.6,-14.8,-15.6
3.414e-02,-62,-60,-55,-53,-0.8,-0.4,-14.8,-13.2
3.418e-02,-62,-66,-53,-57,-0.8,-1.6,-14.8,-14.8
3.422e-02,-62,-58,-55,-51,-1.2,-0.4,-14,-13.2
3.425e-02,-62,-64,-55,-57,-0.8,-1.6,-14,-14.8
3.429e-02,-62,-56,-53,-51,-0.8,-0.4,-13.2,-12.4
3.433e-02,-60,-62,-53,-55,-1.2,-1.6,-13.2,-14
3.437e-02,-60,-54,-55,-51,-1.2,-0.8,-13.2,-12.4
3.441e-02,-58,-62,-53,-55,-0.8,-1.6,-12.4,-14
3.445e-02,-56,-54,-53,-49,-1.2,-0.4,-12.4,-11.6
3.449e-02,-56,-60,-53,-55,-0.8,-1.6,-12.4,-13.2
3.452e-02,-56,-52,-53,-49,-1.2,-0.8,-12.4,-10.8
3.456e-02,-56,-58,-53,-55,-1.2,-1.6,-12.4,-13.2
3.460e-02,-54,-50,-51,-49,-1.2,-0.4,-11.6,-10.8
3.464e-02,-54,-56,-53,-53,-0.8,-1.6,-11.6,-12.4
3.468e-02,-54,-48,-51,-49,-0.8,-0.8,-11.6,-10
3.472e-02,-52,-54,-51,-53,-1.2,-1.6,-10.8,-11.6
3.475e-02,-52,-48,-51,-49,-0.8,-0.8,-10.8,-9.2
3.479e-02,-52,-54,-51,-53,-1.2,-1.6,-10,-11.6
3.483e-02,-50,-46,-51,-47,-1.2,-0.8,-10,-9.2
3.487e-02,-48,-52,-51,-53,-1.2,-1.6,-10,-10.8
3.491e-02,-48,-44,-51,-47,-0.8,-0.8,-10,-8.4
3.495e-02,-48,-50,-49,-51,-1.2,-1.6,-9.2,-10
3.498e-02,-46,-42,-49,-47,-1.2,-0.8,-9.2,-7.6
3.502e-02,-46,-50,-49,-51,-1.2,-1.6,-9.2,-10
3.506e-02,-46,-40,-49,-47,-0.8,-0.8,-8.4,-7.6
3.510e-02,-44,-48,-49,-51,-1.2,-1.6,-8.4,-9.2
3.514e-02,-44,-40,-49,-45,-1.2,-0.8,-7.6,-6.8
3.518e-02,-44,-46,-49,-51,-0.8,-1.6,-7.6,-8.4
3.522e-02,-42,-38,-47,-45,-1.2,-0.8,-7.6,-6
3.525e-02,-42,-44,-47,-49,-1.2,-1.6,-7.6,-8.4
3.529e-02,-42,-36,-47,-45,-1.2,-0.8,-6.8,-6
3.533e-02,-40,-42,-47,-49,-1.2,-1.6,-6.8,-7.6
3.537e-02,-40,-34,-47,-43,-1.2,-0.8,-6.8,-5.2
3.541e-02,-38,-42,-47,-47,-1.2,-1.6,-6,-6.8
3.545e-02,-36,-32,-45,-43,-0.8,-0.8,-6,-4.4
3.548e-02,-38,-40,-45,-47,-1.2,-1.6,-6,-6.8
3.552e-02,-36,-30,-45,-43,-1.2,-0.8,-5.2,-4.4
3.556e-02,-36,-38,-45,-47,-1.2,-1.6,-5.2,-6
3.560e-02,-34,-30,-43,-41,-1.2,-0.8,-4.4,-3.6
3.564e-02,-34,-36,-45,-45,-1.2,-1.6,-4.4,-5.2
3.568e-02,-34,-28,-43,-41,-1.2,-0.8,-4.4,-2.8
3.571e-02,-32,-34,-43,-45,-1.2,-1.6,-4.4,-4.4
3.575e-02,-32,-26,-43,-39,-1.2,-0.8,-3.6,-2.8
3.579e-02,-32,-34,-43,-45,-1.2,-1.6,-2.8,-4.4
3.583e-02,-28,-24,-41,-39,-1.2,-0.8,-3.6,-2
3.587e-02,-28,-32,-41,-45,-1.6,-1.6,-3.6,-3.6
3.591e-02,-28,-22,-41,-39,-1.2,-0.8,-2.8,-1.2
3.594e-02,-28,-30,-41,-43,-1.2,-2,-2,-3.6
3.598e-02,-26,-22,-41,-39,-1.2,-0.8,-2,-1.2
3.602e-02,-24,-28,-39,-43,-1.2,-2,-2,-2.8
3.606e-02,-24,-20,-41,-37,-1.6,-0.8,-1.2,-0.4
3.610e-02,-22,-26,-39,-41,-1.2,-1.6,-1.2,-2
3.614e-02,-22,-18,-39,-37,-1.2,-0.8,-1.2,0.4
3.618e-02,-22,-26,-39,-41,-1.2,-1.6,-1.2,-2
3.621e-02,-22,-16,-39,-37,-1.6,-0.8,-1.2,0.4
3.625e-02,-20,-22,-37,-41,-1.2,-1.6,-0.4,-1.2
3.629e-02,-18,-14,-37,-35,-1.2,-0.8,0.4,1.2
3.633e-02,-18,-22,-37,-39,-1.2,-1.6,0.4,-0.4
3.637e-02,-18,-12,-37,-35,-1.2,-0.8,0.4,2
3.641e-02,-14,-20,-35,-39,-1.2,-1.6,0.4,-0.4
3.644e-02,-16,-10,-35,-33,-1.2,-0.8,1.2,2
3.648e-02,-14,-18,-35,-37,-1.6,-1.6,1.2,0.4
3.652e-02,-14,-8,-35,-33,-1.2,-0.8,2,2.8
3.656e-02,-12,-16,-35,-37,-1.2,-1.6,2,1.2
3.660e-02,-10,-8,-33,-31,-1.2,-0.8,2,3.6
3.664e-02,-10,-14,-33,-35,-1.2,-1.6,2,1.2
3.667e-02,-8,-6,-33,-31,-1.2,-0.8,2.8,4.4
3.671e-02,-10,-12,-33,-35,-1.2,-1.6,2.8,2
3.675e-02,-10,-4,-33,-29,-1.2,-0.8,3.6,4.4
3.679e-02,-6,-10,-31,-33,-1.2,-1.6,3.6,2.8
3.683e-02,-6,-2,-31,-29,-1.2,-0.8,3.6,5.2
3.687e-02,-6,-8,-31,-33,-1.6,-2,4.4,3.6
3.690e-02,-4,-8.9407e-08,-31,-27,-1.6,-0.8,4.4,6
3.694e-02,-2,-6,-31,-31,-1.2,-1.6,5.2,3.6
3.698e-02,-2,2,-29,-27,-1.2,-0.8,4.4,6
3.702e-02,-2,-4,-29,-31,-1.2,-1.6,5.2,4.4
3.706e-02,-8.9407e-08,6,-27,-25,-1.2,-0.8,5.2,6.8
3.710e-02,2,-2,-29,-29,-1.2,-1.6,6,5.2
3.714e-02,2,6,-27,-25,-1.2,-0.8,6,7.6
3.717e-02,2,-8.9407e-08,-27,-29,-1.2,-1.6,6,5.2
3.721e-02,4,10,-25,-23,-1.2,-0.8,6,7.6
3.725e-02,6,2,-25,-27,-1.2,-1.6,6.8,6
3.729e-02,6,12,-25,-21,-1.2,-0.8,7.6,8.4
3.733e-02,8,4,-25,-25,-1.2,-1.6,7.6,6.8
3.737e-02,10,14,-23,-19,-1.2,-0.8,7.6,9.2
3.740e-02,10,6,-23,-25,-1.2,-1.6,7.6,6.8
3.744e-02,10,16,-23,-19,-1.2,-0.8,8.4,9.2
3.748e-02,12,8,-19,-23,-1.2,-1.6,8.4,7.6
3.752e-02,12,18,-19,-17,-1.2,-0.8,8.4,10
3.756e-02,14,10,-19,-21,-1.2,-1.6,9.2,8.4
3.760e-02,16,20,-17,-15,-1.2,-0.8,9.2,10.8
3.763e-02,16,12,-19,-19,-1.2,-1.6,10,8.4
3.767e-02,18,22,-17,-15,-1.2,-0.8,10,10.8
3.771e-02,18,14,-15,-19,-1.2,-1.6,10,9.2
3.775e-02,18,24,-15,-13,-1.2,-0.8,10,11.6
3.779e-02,20,16,-15,-17,-1.2,-1.6,10.8,10
3.783e-02,20,26,-15,-11,-1.2,-0.8,10.8,12.4
3.786e-02,22,20,-13,-15,-1.2,-1.6,10.8,10
3.790e-02,22,28,-13,-11,-1.2,-0.8,10.8,12.4
3.794e-02,22,20,-13,-15,-1.6,-1.6,11.6,10.8
3.798e-02,24,30,-13,-9,-0.8,-0.8,12.4,13.2
3.802e-02,24,22,-11,-13,-0.8,-1.6,12.4,10.8
3.806e-02,28,32,-11,-9,-1.2,-0.8,12.4,13.2
3.810e-02,26,24,-11,-13,-1.2,-1.6,13.2,11.6
3.813e-02,28,34,-11,-7,-1.2,-0.4,13.2,14
3.817e-02,30,26,-9,-11,-1.2,-1.6,13.2,12.4
3.821e-02,32,36,-7,-5,-0.8,-0.4,13.2,14
3.825e-02,32,28,-7,-9,-0.8,-1.6,13.2,13.2
3.829e-02,32,38,-7,-5,-1.2,-0.4,14,14.8
3.833e-02,34,30,-7,-9,-0.8,-1.6,14,13.2
3.836e-02,34,40,-5,-3,-0.8,-0.4,14.8,15.6
3.840e-02,36,32,-5,-7,-0.8,-1.2,15.6,14
3.844e-02,36,40,-5,-1,-0.8,-0.4,14.8,16.4
3.848e-02,38,34,-5,-5,-0.8,-1.6,14.8,14
3.852e-02,40,42,-3,-1,-1.2,-0.4,15.6,16.4
3.856e-02,40,36,-3,-5,-1.2,-1.6,15.6,14.8
3.859e-02,40,44,-1,1,-0.8,-0.4,16.4,17.2
3.863e-02,40,38,-3,-3,-1.2,-1.6,15.6,14.8
3.867e-02,42,46,-1,1,-0.8,-0.4,15.6,17.2
3.871e-02,42,38,-1,-3,-0.8,-1.2,16.4,15.6
3.875e-02,42,48,-1,3,-0.8,-0.4,16.4,18
3.879e-02,44,40,1,-1,-0.8,-1.2,16.4,15.6
3.882e-02,44,50,1,5,-0.8,-0.4,17.2,18
3.886e-02,46,40,3,-1,-0.8,-1.2,17.2,16.4
3.890e-02,44,50,1,5,-0.8,-0.4,17.2,18.8
3.894e-02,48,42,3,1,-0.4,-1.2,17.2,16.4
3.898e-02,46,52,5,7,-0.8,-0.4,18,18.8
3.902e-02,48,44,5,3,-0.4,-1.2,18,17.2
3.906e-02,52,64,5,7,-0.4,0,18,19.6
3.909e-02,60,58,5,3,-0.4,-0.8,18,17.2
3.913e-02,62,72,7,11,-0.4,0,18,19.6
3.917e-02,70,64,9,7,-0.4,-0.8,18,17.2
3.921e-02,72,78,11,13,-0.4,0,18,19.6
3.925e-02,70,46,11,5,-0.4,-0.8,18.8,17.2
3.929e-02,50,84,7,17,0,0.4,18.8,19.6
3.932e-02,68,44,9,1,-0.4,-0.8,18.8,17.2
3.936e-02,70,74,11,17,0,0.4,18.8,19.6
3.940e-02,54,22,9,-5,0,-0.4,18.8,18
3.944e-02,94,98,7,23,0,0.4,18.8,20.4
3.948e-02,82,70,3,3,0,-0.4,19.6,18
3.952e-02,82,86,7,7,0.4,0.4,18.8,20.4
3.955e-02,80,78,7,5,0,-0.4,18.8,18
3.959e-02,84,88,9,15,0.4,0.8,18.8,20.4
3.963e-02,84,80,13,11,0.4,-0.4,18.8,18
3.967e-02,84,88,17,23,0,0.8,18.8,20.4
3.971e-02,84,82,21,19,0.4,-0.4,18.8,18
3.975e-02,88,90,23,27,0.4,0.8,18.8,20.4
3.978e-02,88,84,23,17,0.4,-0.4,18.8,17.2
3.982e-02,88,92,23,27,0,0.8,18.8,19.6
3.986e-02,88,86,19,9,0.4,-0.4,18,18
3.990e-02,90,92,15,21,0.4,0.8,18.8,19.6
3.994e-02,90,86,11,5,0.4,-0.4,18.8,18
3.998e-02,90,94,9,13,0.4,0.8,18.8,19.6
4.002e-02,90,88,7,5,0.4,0,18.8,17.2
4.005e-02,92,96,9,11,0.4,0.8,18.8,19.6
4.009e-02,94,90,9,7,0.4,-0.4,18.8,17.2
4.013e-02,92,98,11,17,0.4,0.8,18,19.6
4.017e-02,96,90,15,13,0.4,-0.4,18,17.2
4.021e-02,96,98,15,19,0.4,0.8,18.8,19.6
4.025e-02,96,92,17,13,0.4,-0.4,18,17.2
4.028e-02,98,100,15,19,0.4,0.8,18,19.6
4.032e-02,96,92,13,5,0.4,-0.4,18,17.2
4.036e-02,98,100,11,15,0.4,0.8,18,19.6
4.040e-02,98,94,7,1,0.4,-0.4,18,17.2
4.044e-02,100,102,3,9,0.4,0.8,17.2,19.6
4.048e-02,98,96,3,1,0,0,18,16.4
4.051e-02,100,102,3,5,0.4,0.8,18,18.8
4.055e-02,102,96,3,1,0,0,18,16.4
4.059e-02,98,104,5,9,0.4,0.8,17.2,18.8
4.063e-02,102,98,7,5,0.4,0,17.2,16.4
4.067e-02,102,106,9,11,0.4,0.8,17.2,18.8
4.071e-02,102,98,9,7,0.4,-0.4,17.2,16.4
4.075e-02,102,106,9,11,0.4,0.8,17.2,18
4.078e-02,102,98,7,1,0.4,-0.4,16.4,15.6
4.082e-02,102,106,5,9,0.4,0.8,16.4,18
4.086e-02,104,100,3,-3,0.4,-0.4,17.2,15.6
4.090e-02,102,108,1,5,0.4,0.8,16.4,18
4.094e-02,104,100,-1,-3,0.4,0,16.4,15.6
4.098e-02,104,108,-1,1,0,0.8,16.4,18
4.101e-02,106,100,-1,-3,0.4,0,16.4,14.8
4.105e-02,104,108,-1,3,0.4,0.8,16.4,17.2
4.109e-02,104,102,1,-1,0,0,16.4,14.8
4.113e-02,106,108,1,5,0.4,0.8,15.6,17.2
4.117e-02,106,102,3,1,0.4,0,15.6,14.8
4.121e-02,108,110,3,5,0.4,0.8,15.6,16.4
4.124e-02,106,102,1,-3,0.4,-0.4,15.6,14
4.128e-02,106,110,1,5,0.4,0.8,15.6,16.4
4.132e-02,108,102,-1,-5,0.4,-0.4,14.8,14
4.136e-02,106,110,-3,9,0.4,0.8,14.8,16.4
4.140e-02,104,102,-3,-9,0.4,-0.4,15.6,14
4.144e-02,106,114,3,9,0.4,0.8,14.8,15.6
4.147e-02,106,104,-1,-5,0,-0.4,14.8,13.2
4.151e-02,108,112,-1,1,0,0.4,14.8,15.6
4.155e-02,108,104,-3,-3,0,-0.4,14,13.2
4.159e-02,110,112,-1,1,0.4,0.4,14,15.6
4.163e-02,110,104,-1,-5,0,-0.4,14,12.4
4.167e-02,108,112,-3,-1,0,0.4,14,14.8
4.171e-02,108,104,-5,-5,0.4,-0.4,13.2,12.4
4.174e-02,106,112,-3,-1,0.4,0.4,13.2,14.8
4.178e-02,108,106,-3,-5,0,-0.4,13.2,11.6
4.182e-02,110,114,-3,-1,0,0.8,13.2,14
4.186e-02,110,106,-3,-5,0,-0.4,12.4,11.6
4.190e-02,108,114,-1,-1,0,0.4,13.2,14
4.194e-02,108,104,-3,-5,0,-0.4,12.4,10.8
4.197e-02,108,112,-3,-1,0,0.8,12.4,13.2
4.201e-02,110,106,-3,-5,0.4,-0.4,11.6,10
4.205e-02,110,114,-3,-1,0,0.8,12.4,13.2
4.209e-02,110,106,-3,-5,0.4,-0.4,11.6,10
4.213e-02,112,114,-3,-1,0.4,0.8,11.6,12.4
4.217e-02,110,106,-3,-5,0.4,-0.4,11.6,10
4.220e-02,112,114,-3,-1,0,0.4,11.6,11.6
4.224e-02,110,106,-3,-5,0,-0.4,10,9.2
4.228e-02,110,114,-3,1,0,0.8,10,11.6
4.232e-02,112,108,-3,-5,0.4,-0.4,10,8.4
4.236e-02,110,114,-3,-1,0,0.8,9.2,10.8
4.240e-02,112,108,-3,-5,0,-0.4,10,8.4
4.243e-02,110,116,-3,-1,0.4,0.4,9.2,10.8
4.247e-02,112,108,-3,-5,0,-0.4,9.2,7.6
4.251e-02,112,116,-3,-1,0,0.4,8.4,10
4.255e-02,112,108,-3,-5,0.4,-0.4,8.4,6.8
4.259e-02,114,116,-1,1,0,0.4,8.4,9.2
4.263e-02,112,108,-3,-5,0,-0.4,7.6,6.8
4.267e-02,112,116,-3,1,0,0.8,7.6,9.2
4.270e-02,112,110,-1,-5,0,-0.4,7.6,6
4.274e-02,112,118,-3,-1,0.4,0.4,6.8,8.4
4.278e-02,114,110,-3,-5,0,-0.4,6.8,5.2
4.282e-02,114,118,-3,-1,0,0.8,6.8,7.6
4.286e-02,114,110,-3,-5,0.4,-0.4,6,4.4
4.290e-02,114,118,-3,1,0,0.4,6,6.8
4.293e-02,112,110,-1,-5,0,-0.4,5.2,4.4
4.297e-02,114,118,-3,1,0,0.8,5.2,6.8
4.301e-02,116,112,-1,-5,0,-0.4,5.2,3.6
4.305e-02,116,118,-3,1,0,0.8,5.2,6
4.309e-02,114,110,-3,-5,0.4,-0.4,4.4,2.8
4.313e-02,114,118,-3,1,0.4,0.4,4.4,5.2
4.316e-02,116,112,-3,-5,0,-0.4,3.6,2
4.320e-02,116,120,-3,1,0,0.8,3.6,5.2
4.324e-02,116,112,-3,-5,0.4,-0.4,3.6,2
4.328e-02,116,120,-1,-1,0,0.4,2.8,4.4
4.332e-02,116,114,-3,-5,0,-0.4,2.8,1.2
4.336e-02,120,122,-3,-1,0.4,0.4,2,3.6
4.339e-02,120,116,-3,-5,0,-0.4,2,0.4
4.343e-02,122,126,-3,1,0.4,0.4,1.2,2.8
4.347e-02,122,120,-3,-5,0,-0.4,1.2,-0.4
4.351e-02,130,146,-3,1,0.4,0.8,0.4,2
4.355e-02,142,58,-1,-5,0.4,-0.4,-0.4,-1.2
4.359e-02,66,148,-1,1,0,0.4,-0.4,1.2
4.363e-02,66,62,-3,-3,0,-0.4,-0.4,-1.2
4.366e-02,70,84,-1,1,0.4,0.8,-0.4,1.2
4.370e-02,68,62,-3,-5,0,-0.4,-0.4,-1.2
4.374e-02,66,72,-1,1,0,0.4,-0.4,1.2
4.378e-02,64,58,-1,-5,0.4,-0.4,-0.4,-1.2
4.382e-02,64,68,-3,1,0,0.4,0.4,1.2
4.386e-02,60,56,-3,-5,0.4,-0.4,-0.4,-1.2
4.389e-02,60,66,-1,1,0.4,0.4,-0.4,1.2
4.393e-02,58,52,-1,-5,0,-0.4,0.4,-1.2
4.397e-02,56,60,-3,1,0,0.4,-0.4,1.2
4.401e-02,56,48,-1,-5,0.4,-0.4,0.4,-1.2
4.405e-02,52,58,-3,1,0.4,0.4,-0.4,1.2
4.409e-02,50,46,-3,-5,0,-0.4,0.4,-1.2
4.412e-02,50,54,-1,1,0.4,0.8,0.4,1.2
4.416e-02,50,42,-3,-5,0.4,-0.4,-0.4,-1.2
4.420e-02,46,52,-1,1,0,0.4,-0.4,1.2
4.424e-02,46,40,-1,-3,0,-0.4,0.4,-1.2
4.428e-02,42,48,-1,1,0,0.4,-0.4,1.2
4.432e-02,42,36,-1,-3,0,-0.4,0.4,-1.2
4.435e-02,40,46,-3,1,0,0.4,-0.4,1.2
4.439e-02,40,34,-1,-3,0,-0.4,-0.4,-1.2
4.443e-02,38,44,-1,1,0,0.4,-0.4,1.2
4.447e-02,36,30,-3,-5,0,-0.4,0.4,-1.2
4.451e-02,36,40,-3,1,0,0.4,0.4,1.2
4.455e-02,34,28,-1,-3,0,-0.4,-0.4,-1.2
4.459e-02,32,38,-3,1,0,0.4,-0.4,1.2
4.462e-02,32,26,-3,-5,0,-0.4,-0.4,-1.2
4.466e-02,30,36,-3,1,0,0.8,-0.4,1.2
4.470e-02,28,22,-1,-5,0.4,-0.4,-0.4,-1.2
4.474e-02,26,32,-3,1,0.4,0.4,-0.4,1.2
4.478e-02,26,20,-1,-3,0,-0.4,-0.4,-1.2
4.482e-02,24,30,-1,1,0.4,0.4,-0.4,1.2
4.485e-02,22,18,-1,-3,0,-0.4,-0.4,-1.2
4.489e-02,22,26,-1,1,0,0.4,-0.4,1.2
4.493e-02,20,14,-1,-5,0,-0.4,-0.4,-1.2
4.497e-02,20,24,-1,1,0.4,0.4,-0.4,1.2
4.501e-02,18,12,-1,-3,0,-0.4,0.4,-1.2
4.505e-02,16,22,-1,1,0,0.4,0.4,1.2
4.508e-02,14,10,-3,-3,0,-0.4,0.4,-1.2
4.512e-02,14,20,-3,1,0.4,0.4,-0.4,1.2
4.516e-02,12,8,-3,-3,0,-0.4,0.4,-1.2
4.520e-02,12,16,-3,1,0.4,0.4,-0.4,1.2
4.524e-02,10,4,-1,-5,0,-0.4,0.4,-1.2
4.528e-02,10,14,-1,1,0.4,0.8,-0.4,1.2
4.531e-02,8,2,-1,-5,0,-0.4,-0.4,-1.2
4.535e-02,8,12,-3,1,0,0.4,-0.4,1.2
4.539e-02,6,-8.9407e-08,-1,-5,0,-0.4,0.4,-1.2
4.543e-02,4,8,-3,1,0.4,0.4,0.4,1.2
4.547e-02,4,-4,-3,-3,0,-0.4,-0.4,-1.2
4.551e-02,2,6,-1,1,0,0.8,-0.4,1.2
4.555e-02,-8.9407e-08,-6,-1,-3,0.4,-0.4,-0.4,-1.2
4.558e-02,-8.9407e-08,4,-1,1,0,0.4,-0.4,1.2
4.562e-02,-4,-8,-3,-3,0.4,-0.4,-0.4,-1.2
4.566e-02,-2,-8.9407e-08,-3,1,0.4,0.8,-0.4,1.2
4.570e-02,-4,-10,-1,-5,0.4,-0.4,-0.4,-1.2
4.574e-02,-6,-8.9407e-08,-3,1,0,0.4,0.4,1.2
4.578e-02,-6,-12,-3,-3,0,-0.4,-0.4,-1.2
4.581e-02,-10,-4,-3,1,0,0.8,0.4,1.2
4.585e-02,-10,-14,-3,-5,0.4,-0.4,-0.4,-1.2
4.589e-02,-10,-6,-1,1,0,0.4,-0.4,1.2
4.593e-02,-10,-16,-3,-5,0,-0.4,-0.4,-1.2
4.597e-02,-14,-8,-3,1,0.4,0.4,-0.4,1.2
4.601e-02,-14,-20,-1,-5,0.4,-0.4,-0.4,-1.2
4.604e-02,-14,-10,-1,1,0.4,0.4,-0.4,1.2
4.608e-02,-16,-22,-1,-3,0,-0.4,0.4,-1.2
4.612e-02,-16,-12,-1,1,0.4,0.4,-0.4,1.2
4.616e-02,-20,-24,-1,-3,0.4,-0.4,-0.4,-1.2
4.620e-02,-22,-14,-1,1,0,0.8,0.4,1.2
4.624e-02,-22,-26,-3,-5,0,-0.4,0.4,-1.2
4.627e-02,-22,-18,-3,1,0.4,0.8,0.4,1.2
4.631e-02,-24,-30,-1,-5,0,-0.4,0.4,-1.2
4.635e-02,-24,-20,-3,1,0,0.8,0.4,1.2
4.639e-02,-26,-32,-3,-5,0.4,-0.4,-0.4,-1.2
4.643e-02,-30,-22,-1,1,0.4,0.4,-0.4,1.2
4.647e-02,-26,-36,-3,-5,0,-0.4,0.4,-1.2
4.651e-02,-30,-26,-1,1,0,0.4,-0.4,1.2
4.654e-02,-32,-38,-1,-3,0,-0.4,0.4,-1.2
4.658e-02,-32,-28,-3,1,0,0.8,0.4,1.2
4.662e-02,-34,-40,-1,-3,0.4,-0.4,0.4,-1.2
4.666e-02,-36,-30,-1,1,0,0.4,-0.4,1.2
4.670e-02,-36,-42,-1,-3,0.4,-0.4,0.4,-1.2
4.674e-02,-38,-32,-3,1,0,0.8,-0.4,1.2
4.677e-02,-38,-44,-3,-3,0,-0.4,-0.4,-1.2
4.681e-02,-42,-36,-1,1,0,0.4,0.4,1.2
4.685e-02,-42,-48,-1,-3,0,-0.4,-0.4,-1.2
4.689e-02,-44,-38,-1,1,0.4,0.8,0.4,1.2
4.693e-02,-44,-50,-1,-3,0,-0.4,-0.4,-1.2
4.697e-02,-48,-40,-3,1,0,0.4,0.4,1.2
4.700e-02,-48,-54,-1,-3,0.4,-0.4,-0.4,-1.2
4.704e-02,-48,-44,-1,1,0.4,0.4,-0.4,1.2
4.708e-02,-50,-54,-1,-3,0,-0.4,0.4,-1.2
4.712e-02,-52,-46,-1,1,0,0.4,0.4,1.2
4.716e-02,-50,-56,-1,-3,0.4,-0.4,-0.4,-1.2
4.720e-02,-54,-48,-3,1,0.4,0.8,0.4,1.2
4.724e-02,-56,-60,-1,-3,0,-0.4,-0.4,-1.2
4.727e-02,-54,-50,-1,1,0,0.4,-0.4,1.2
4.731e-02,-56,-62,-3,-5,0,-0.4,0.4,-1.2
4.735e-02,-56,-52,-1,1,0.4,0.4,-0.4,1.2
4.739e-02,-60,-64,-1,-3,0.4,-0.4,0.4,-1.2
4.743e-02,-58,-54,-3,1,0,0.8,-0.4,1.2
4.747e-02,-60,-66,-3,-3,0,-0.4,-0.4,-1.2
4.750e-02,-60,-56,-1,1,0.4,0.4,-0.4,1.2
4.754e-02,-62,-68,-1,-3,0,-0.4,0.4,-1.2
4.758e-02,-64,-58,-1,1,0.4,0.4,-0.4,1.2
4.762e-02,-64,-70,-1,-3,0.4,-0.4,-0.4,-1.2
4.766e-02,-66,-62,-1,1,0,0.8,0.4,1.2
4.770e-02,-68,-72,-1,-3,0,-0.4,0.4,-1.2
4.773e-02,-68,-64,-1,1,0,0.4,0.4,1.2
4.777e-02,-68,-74,-1,-5,0,-0.4,0.4,-1.2
4.781e-02,-70,-66,-1,1,0,0.4,-0.4,1.2
4.785e-02,-70,-76,-3,-5,0,-0.4,0.4,-1.2
4.789e-02,-72,-68,-3,1,0.4,0.4,-0.4,1.2
4.793e-02,-74,-78,-1,-5,0,-0.4,0.4,-1.2
4.796e-02,-74,-70,-3,1,0,0.4,-0.4,1.2
4.800e-02,-76,-82,-1,-5,0.4,-0.4,-0.4,-1.2
4.804e-02,-76,-72,-3,1,0,0.4,0.4,1.2
4.808e-02,-78,-82,-1,-3,0,-0.4,0.4,-1.2
4.812e-02,-78,-74,-3,1,0.4,0.8,-0.4,1.2
4.816e-02,-80,-84,-1,-3,0.4,-0.4,0.4,-1.2
4.820e-02,-80,-76,-1,1,0.4,0.4,0.4,1.2
4.823e-02,-80,-86,-1,-5,0.4,-0.4,0.4,-1.2
4.827e-02,-82,-78,-3,1,0.4,0.4,0.4,1.2
4.831e-02,-82,-88,-1,-5,0.4,-0.4,0.4,-1.2
4.835e-02,-84,-80,-3,1,0,0.4,0.4,1.2
4.839e-02,-84,-88,-1,-3,0.4,-0.4,0.4,-1.2
4.843e-02,-86,-80,-1,1,0.4,0.4,0.4,1.2
4.846e-02,-86,-90,-1,-5,0,-0.4,0.4,-1.2
4.850e-02,-88,-82,-1,1,0,0.8,0.4,1.2
4.854e-02,-86,-92,-3,-3,0,-0.4,-0.4,-1.2
4.858e-02,-88,-84,-1,1,0.4,0.8,-0.4,1.2
4.862e-02,-90,-94,-3,-5,0,-0.4,-0.4,-1.2
4.866e-02,-88,-86,-1,1,0.4,0.8,-0.4,1.2
4.869e-02,-90,-96,-1,-3,0,-0.4,-0.4,-1.2
4.873e-02,-92,-86,-3,1,0.4,0.8,-0.4,1.2
4.877e-02,-92,-96,-1,-5,0,-0.4,0.4,-1.2
4.881e-02,-94,-88,-1,1,0.4,0.4,-0.4,1.2
4.885e-02,-94,-98,-1,-3,0,-0.4,-0.4,-1.2
4.889e-02,-94,-90,-1,1,0.4,0.8,0.4,1.2
4.892e-02,-96,-98,-3,-3,0.4,-0.4,-0.4,-1.2
4.896e-02,-96,-90,-1,1,0,0.4,-0.4,1.2
4.900e-02,-98,-102,-1,-3,0.4,-0.4,-0.4,-1.2
4.904e-02,-96,-92,-1,1,0,0.8,0.4,1.2
4.908e-02,-98,-102,-1,-3,0.4,-0.4,-0.4,-1.2
4.912e-02,-98,-94,-1,1,0,0.8,0.4,1.2
4.916e-02,-100,-102,-3,-3,0.4,-0.4,0.4,-1.2
4.919e-02,-98,-94,-1,1,0,0.8,0.4,1.2
4.923e-02,-98,-104,-1,-5,0,-0.4,0.4,-1.2
4.927e-02,-100,-96,-1,1,0,0.8,-0.4,1.2
4.931e-02,-100,-104,-1,-3,0,-0.4,-0.4,-1.2
4.935e-02,-102,-96,-3,1,0,0.4,-0.4,1.2
4.939e-02,-102,-106,-1,-3,0,-0.4,0.4,-1.2
4.942e-02,-102,-98,-3,1,0,0.4,0.4,1.2
4.946e-02,-102,-106,-3,-3,0.4,-0.4,-0.4,-1.2
4.950e-02,-104,-98,-1,1,0,0.8,0.4,1.2
4.954e-02,-104,-108,-1,-3,0.4,-0.4,-0.4,-1.2
4.958e-02,-106,-100,-1,1,0,0.4,0.4,1.2
4.962e-02,-106,-108,-1,-5,0.4,-0.4,0.4,-1.2
4.965e-02,-106,-100,-3,1,0.4,0.8,-0.4,1.2
4.969e-02,-106,-110,-1,-3,0.4,-0.4,0.4,-1.2
4.973e-02,-106,-102,-1,1,0.4,0.8,-0.4,1.2
4.977e-02,-106,-112,-1,-5,0,-0.4,-0.4,-1.2
4.981e-02,-106,-104,-3,1,0.4,0.4,0.4,1.2
4.985e-02,-108,-112,-1,-3,0.4,-0.4,-0.4,-1.2
4.988e-02,-106,-104,-3,1,0,0.4,-0.4,1.2
4.992e-02,-110,-112,-3,-3,0.4,-0.4,0.4,-1.2
4.996e-02,-110,-104,-1,1,0,0.4,-0.4,1.2
5.000e-02,-110,-114,-3,-5,0.4,-0.4,-0.4,-1.2
5.004e-02,-112,-106,-1,1,0,0.8,-0.4,1.2
5.008e-02,-110,-114,-1,-3,0,-0.4,-0.4,-1.2
5.012e-02,-108,-106,-1,1,0,0.8,-0.4,1.2
5.015e-02,-112,-114,-1,-3,0.4,-0.4,-0.4,-1.2
5.019e-02,-112,-106,-1,1,0.4,0.4,-0.4,1.2
5.023e-02,-112,-114,-1,-3,0,-0.4,-0.4,-1.2
5.027e-02,-108,-106,-1,1,0.4,0.4,-0.4,1.2
5.031e-02,-110,-114,-1,-3,0.4,-0.4,-0.4,-1.2
5.035e-02,-112,-106,-3,1,0.4,0.8,0.4,1.2
5.038e-02,-110,-114,-3,-3,0.4,-0.4,0.4,-1.2
5.042e-02,-110,-106,-1,1,0.4,0.4,-0.4,1.2
5.046e-02,-112,-114,-1,-3,0,-0.4,-0.4,-1.2
5.050e-02,-110,-106,-1,1,0.4,0.4,-0.4,1.2
5.054e-02,-110,-114,-1,-5,0.4,-0.4,0.4,-1.2
5.058e-02,-110,-106,-1,1,0.4,0.4,-0.4,1.2
5.061e-02,-110,-114,-1,-3,0,-0.4,-0.4,-1.2
5.065e-02,-110,-106,-1,1,0,0.4,0.4,1.2
5.069e-02,-110,-114,-1,-5,0,-0.4,0.4,-1.2
5.073e-02,-110,-106,-1,1,0.4,0.8,0.4,1.2
5.077e-02,-110,-114,-1,-5,0,-0.4,-0.4,-1.2
5.081e-02,-108,-106,-1,1,0.4,0.4,0.4,1.2
5.084e-02,-110,-112,-1,-3,0,-0.4,0.4,-1.2
5.088e-02,-108,-104,-3,1,0.4,0.8,0.4,1.2
5.092e-02,-108,-112,-1,-3,0,-0.4,-0.4,-1.2
5.096e-02,-110,-104,-1,1,0.4,0.4,0.4,1.2
5.100e-02,-108,-112,-1,-3,0.4,-0.4,0.4,-1.2
5.104e-02,-108,-104,-3,1,0,0.8,0.4,1.2
5.108e-02,-106,-112,-1,-3,0.4,-0.4,0.4,-1.2
5.111e-02,-108,-102,-1,1,0,0.4,0.4,1.2
5.115e-02,-106,-110,-1,-3,0.4,-0.4,0.4,-1.2
5.119e-02,-108,-102,-3,1,0.4,0.8,-0.4,1.2
5.123e-02,-106,-110,-1,-3,0,-0.4,0.4,-1.2
5.127e-02,-106,-102,-3,1,0,0.4,-0.4,1.2
5.131e-02,-104,-110,-1,-5,0.4,-0.4,0.4,-1.2
5.134e-02,-106,-100,-1,1,0,0.4,0.4,1.2
5.138e-02,-106,-108,-1,-3,0,-0.4,0.4,-1.2
5.142e-02,-104,-100,-1,1,0.4,0.8,0.4,1.2
5.146e-02,-104,-108,-3,-5,0.4,-0.4,0.4,-1.2
5.150e-02,-102,-100,-1,1,0.4,0.4,-0.4,1.2
5.154e-02,-104,-106,-1,-5,0.4,-0.4,-0.4,-1.2
5.157e-02,-104,-98,-1,1,0.4,0.4,0.4,1.2
5.161e-02,-102,-106,-1,-5,0,-0.4,0.4,-1.2
5.165e-02,-102,-98,-3,1,0.4,0.4,-0.4,1.2
5.169e-02,-102,-104,-1,-5,0,-0.4,0.4,-1.2
5.173e-02,-100,-96,-1,1,0.4,0.4,-0.4,1.2
5.177e-02,-102,-104,-1,-3,0,-0.4,0.4,-1.2
5.180e-02,-100,-94,-1,1,0,0.4,0.4,1.2
5.184e-02,-98,-102,-1,-3,0.4,-0.4,0.4,-1.2
5.188e-02,-100,-94,-3,1,0,0.4,0.4,1.2
5.192e-02,-98,-102,-3,-5,0,-0.4,-0.4,-1.2
5.196e-02,-98,-94,-1,1,0.4,0.8,-0.4,1.2
5.200e-02,-98,-100,-1,-5,0,-0.4,0.4,-1.2
5.204e-02,-98,-92,-1,1,0.4,0.8,0.4,1.2
5.207e-02,-98,-100,-1,-3,0,-0.4,0.4,-1.2
5.211e-02,-94,-90,-1,1,0.4,0.8,0.4,1.2
5.215e-02,-96,-98,-1,-3,0.4,-0.4,-0.4,-1.2
5.219e-02,-96,-90,-1,1,0,0.8,-0.4,1.2
5.223e-02,-96,-98,-1,-5,0.4,-0.4,-0.4,-1.2
5.227e-02,-92,-88,-1,1,0,0.4,0.4,1.2
5.230e-02,-92,-96,-3,-3,0,-0.4,-0.4,-1.2
5.234e-02,-92,-88,-1,1,0,0.4,-0.4,1.2
5.238e-02,-90,-96,-1,-3,0,-0.4,0.4,-1.2
5.242e-02,-92,-86,-3,1,0,0.4,-0.4,1.2
5.246e-02,-90,-94,-3,-3,0.4,-0.4,0.4,-1.2
5.250e-02,-90,-86,-1,1,0.4,0.4,0.4,1.2
5.253e-02,-90,-92,-3,-3,0.4,-0.4,0.4,-1.2
5.257e-02,-88,-84,-3,1,0.4,0.8,-0.4,1.2
5.261e-02,-88,-92,-1,-3,0.4,-0.4,-0.4,-1.2
5.265e-02,-88,-84,-1,1,0,0.8,0.4,1.2
5.269e-02,-88,-90,-3,-5,0,-0.4,-0.4,-1.2
5.273e-02,-88,-82,-1,1,0.4,0.8,-0.4,1.2
5.276e-02,-84,-88,-1,-3,0,-0.4,0.4,-1.2
5.280e-02,-86,-80,-3,1,0,0.4,-0.4,1.2
5.284e-02,-84,-88,-3,-3,0.4,-0.4,0.4,-1.2
5.288e-02,-84,-78,-3,1,0,0.4,-0.4,1.2
5.292e-02,-82,-86,-3,-5,0,-0.4,-0.4,-1.2
5.296e-02,-84,-78,-1,1,0.4,0.4,0.4,1.2
5.300e-02,-80,-84,-1,-3,0.4,-0.4,0.4,-1.2
5.303e-02,-82,-76,-1,1,0.4,0.8,-0.4,1.2
5.307e-02,-80,-82,-3,-5,0,-0.4,0.4,-1.2
5.311e-02,-80,-74,-3,1,0,0.4,-0.4,1.2
5.315e-02,-78,-82,-1,-5,0,-0.4,0.4,-1.2
5.319e-02,-76,-74,-3,1,0,0.8,0.4,1.2
5.323e-02,-74,-80,-1,-5,0.4,-0.4,-0.4,-1.2
5.326e-02,-76,-72,-1,1,0,0.4,0.4,1.2
5.330e-02,-76,-78,-1,-5,0,-0.4,0.4,-1.2
5.334e-02,-74,-70,-1,1,0,0.4,-0.4,1.2
5.338e-02,-72,-76,-1,-3,0.4,-0.4,0.4,-1.2
5.342e-02,-72,-68,-1,1,0.4,0.8,-0.4,1.2
5.346e-02,-72,-74,-3,-3,0.4,-0.4,-0.4,-1.2
5.349e-02,-70,-66,-1,1,0.4,0.4,-0.4,1.2
5.353e-02,-70,-72,-1,-5,0.4,-0.4,0.4,-1.2
5.357e-02,-68,-62,-1,1,0,0.4,-0.4,1.2
5.361e-02,-66,-70,-1,-3,0.4,-0.4,-0.4,-1.2
5.365e-02,-66,-60,-1,1,0,0.4,-0.4,1.2
5.369e-02,-64,-68,-1,-5,0.4,-0.4,-0.4,-1.2
5.373e-02,-62,-58,-1,1,0,0.4,0.4,1.2
5.376e-02,-62,-66,-1,-5,0,-0.4,0.4,-1.2
5.380e-02,-60,-56,-1,1,0,0.8,-0.4,1.2
5.384e-02,-60,-62,-1,-3,0,-0.4,-0.4,-1.2
5.388e-02,-58,-54,-1,1,0.4,0.8,0.4,1.2
5.392e-02,-56,-60,-1,-3,0,-0.4,-0.4,-1.2
5.396e-02,-56,-50,-1,1,0,0.4,-0.4,1.2
5.399e-02,-54,-56,-1,-3,0.4,-0.4,-0.4,-1.2
5.403e-02,-54,-48,-3,1,0.4,0.4,0.4,1.2
5.407e-02,-52,-54,-1,-5,0,-0.4,-0.4,-1.2
5.411e-02,-50,-46,-3,1,0.4,0.8,0.4,1.2
5.415e-02,-48,-52,-3,-3,0,-0.4,-0.4,-1.2
5.419e-02,-48,-42,-1,1,0.4,0.8,0.4,1.2
5.422e-02,-46,-50,-3,-3,0,-0.4,-0.4,-1.2
5.426e-02,-46,-40,-1,1,0.4,0.8,-0.4,1.2
5.430e-02,-44,-48,-3,-3,0,-0.4,-0.4,-1.2
5.434e-02,-42,-38,-1,1,0,0.4,-0.4,1.2
5.438e-02,-40,-44,-1,-5,0,-0.4,-0.4,-1.2
5.442e-02,-40,-34,-1,1,0.4,0.8,-0.4,1.2
5.445e-02,-38,-42,-3,-3,0.4,-0.4,0.4,-1.2
5.449e-02,-38,-32,-3,1,0,0.8,0.4,1.2
5.453e-02,-36,-38,-1,-3,0.4,-0.4,-0.4,-1.2
5.457e-02,-34,-28,-1,1,0.4,0.4,-0.4,1.2
5.461e-02,-34,-36,-3,-3,0.4,-0.4,-0.4,-1.2
5.465e-02,-32,-26,-1,1,0.4,0.8,-0.4,1.2
5.469e-02,-30,-34,-1,-5,0,-0.4,0.4,-1.2
5.472e-02,-30,-24,-3,1,0,0.8,-0.4,1.2
5.476e-02,-26,-32,-1,-3,0.4,-0.4,0.4,-1.2
5.480e-02,-26,-22,-1,1,0,0.4,0.4,1.2
5.484e-02,-24,-28,-1,-5,0,-0.4,0.4,-1.2
5.488e-02,-24,-20,-1,1,0,0.4,0.4,1.2
5.492e-02,-24,-26,-3,-3,0.4,-0.4,0.4,-1.2
5.495e-02,-20,-16,-3,1,0,0.8,0.4,1.2
5.499e-02,-20,-24,-3,-5,0.4,-0.4,0.4,-1.2
5.503e-02,-20,-14,-1,1,0,0.8,0.4,1.2
5.507e-02,-18,-20,-1,-5,0.4,-0.4,-0.4,-1.2
5.511e-02,-16,-12,-1,1,0.4,0.8,0.4,1.2
5.515e-02,-14,-18,-1,-5,0.4,-0.4,-0.4,-1.2
5.518e-02,-14,-10,-3,1,0.4,0.8,-0.4,1.2
5.522e-02,-12,-16,-1,-3,0.4,-0.4,-0.4,-1.2
5.526e-02,-12,-6,-3,1,0.4,0.8,-0.4,1.2
5.530e-02,-10,-14,-3,-5,0,-0.4,0.4,-1.2
5.534e-02,-10,-4,-1,1,0.4,0.4,-0.4,1.2
5.538e-02,-8,-10,-3,-5,0,-0.4,-0.4,-1.2
5.541e-02,-8,-2,-3,1,0,0.4,0.4,1.2
5.545e-02,-4,-8,-1,-3,0.4,-0.4,0.4,-1.2
5.549e-02,-4,-8.9407e-08,-1,1,0.4,0.8,0.4,1.2
5.553e-02,-4,-6,-3,-5,0.4,-0.4,0.4,-1.2
5.557e-02,-2,4,-1,1,0.4,0.8,-0.4,1.2
5.561e-02,-8.9407e-08,-4,-3,-5,0.4,-0.4,-0.4,-1.2
5.565e-02,-8.9407e-08,6,-1,1,0,0.8,0.4,1.2
5.568e-02,2,-2,-1,-5,0,-0.4,0.4,-1.2
5.572e-02,4,8,-1,1,0,0.8,0.4,1.2
5.576e-02,4,-8.9407e-08,-3,-3,0,-0.4,-0.4,-1.2
5.580e-02,4,10,-3,1,0,0.8,-0.4,1.2
5.584e-02,6,4,-1,-5,0.4,-0.4,-0.4,-1.2
5.588e-02,6,12,-1,1,0,0.8,-0.4,1.2
5.591e-02,10,6,-1,-5,0,-0.4,0.4,-1.2
5.595e-02,10,14,-1,1,0.4,0.8,-0.4,1.2
5.599e-02,10,8,-1,-3,0,-0.4,0.4,-1.2
5.603e-02,12,18,-1,1,0.4,0.8,-0.4,1.2
5.607e-02,14,10,-1,-5,0,-0.4,-0.4,-1.2
5.611e-02,14,20,-3,1,0.4,0.8,-0.4,1.2
5.614e-02,16,12,-1,-3,0.4,-0.4,-0.4,-1.2
5.618e-02,16,22,-1,1,0.4,0.8,-0.4,1.2
5.622e-02,18,14,-1,-5,0.4,-0.4,0.4,-1.2
5.626e-02,20,24,-1,1,0.4,0.4,0.4,1.2
5.630e-02,20,18,-1,-5,0.4,-0.4,0.4,-1.2
5.634e-02,22,26,-1,1,0,0.8,0.4,1.2
5.637e-02,24,20,-1,-3,0.4,-0.4,-0.4,-1.2
5.641e-02,22,30,-1,1,0,0.8,0.4,1.2
5.645e-02,26,22,-1,-3,0.4,-0.4,0.4,-1.2
5.649e-02,26,32,-1,1,0.4,0.4,0.4,1.2
5.653e-02,26,24,-1,-5,0,-0.4,-0.4,-1.2
5.657e-02,30,34,-1,1,0.4,0.8,0.4,1.2
5.661e-02,32,28,-3,-5,0,-0.4,-0.4,-1.2
5.664e-02,32,36,-3,1,0,0.4,0.4,1.2
5.668e-02,34,30,-1,-5,0,-0.4,-0.4,-1.2
5.672e-02,34,40,-1,1,0.4,0.4,-0.4,1.2
5.676e-02,36,32,-1,-3,0.4,-0.4,-0.4,-1.2
5.680e-02,36,42,-1,1,0.4,0.8,0.4,1.2
5.684e-02,38,36,-1,-3,0,-0.4,-0.4,-1.2
5.687e-02,40,44,-1,1,0.4,0.4,0.4,1.2
5.691e-02,40,38,-1,-5,0.4,-0.4,-0.4,-1.2
5.695e-02,40,48,-1,1,0.4,0.8,-0.4,1.2
5.699e-02,44,42,-1,-5,0.4,-0.4,0.4,-1.2
5.703e-02,44,50,-3,1,0,0.8,0.4,1.2
5.707e-02,46,42,-1,-3,0,-0.4,-0.4,-1.2
5.710e-02,48,52,-3,1,0,0.4,-0.4,1.2
5.714e-02,48,46,-1,-3,0,-0.4,0.4,-1.2
5.718e-02,50,54,-3,1,0.4,0.4,0.4,1.2
5.722e-02,52,48,-1,-5,0,-0.4,0.4,-1.2
5.726e-02,52,56,-1,1,0.4,0.4,0.4,1.2
5.730e-02,52,50,-1,-5,0,-0.4,0.4,-1.2
5.733e-02,54,60,-1,1,0.4,0.4,0.4,1.2
5.737e-02,54,52,-1,-5,0.4,-0.4,0.4,-1.2
5.741e-02,56,62,-3,1,0.4,0.8,0.4,1.2
5.745e-02,58,56,-1,-5,0,-0.4,-0.4,-1.2
5.749e-02,62,64,-1,1,0.4,0.8,-0.4,1.2
5.753e-02,60,58,-3,-5,0.4,-0.4,-0.4,-1.2
5.757e-02,62,66,-3,1,0.4,0.4,0.4,1.2
5.760e-02,62,60,-1,-5,0,-0.4,-0.4,-1.2
5.764e-02,64,68,-1,1,0.4,0.4,0.4,1.2
5.768e-02,64,62,-3,-5,0.4,-0.4,-0.4,-1.2
5.772e-02,64,70,-1,1,0.4,0.8,-0.4,1.2
5.776e-02,68,64,-3,-5,0.4,-0.4,-0.4,-1.2
5.780e-02,68,72,-3,1,0.4,0.4,-0.4,1.2
5.783e-02,68,66,-3,-5,0,-0.4,-0.4,-1.2
5.787e-02,72,74,-1,1,0.4,0.4,-0.4,1.2
5.791e-02,70,68,-3,-5,0,-0.4,0.4,-1.2
5.795e-02,70,76,-3,1,0.4,0.4,-0.4,1.2
5.799e-02,74,70,-3,-3,0,-0.4,-0.4,-1.2
5.803e-02,74,78,-1,1,0,0.8,0.4,1.2
5.806e-02,76,72,-1,-3,0.4,-0.4,0.4,-1.2
5.810e-02,76,80,-3,1,0.4,0.4,-0.4,1.2
5.814e-02,76,74,-1,-5,0,-0.4,0.4,-1.2
5.818e-02,78,82,-1,1,0,0.4,-0.4,1.2
5.822e-02,78,76,-1,-5,0.4,-0.4,0.4,-1.2
5.826e-02,80,84,-1,1,0.4,0.8,-0.4,1.2
5.829e-02,82,78,-1,-5,0.4,-0.4,0.4,-1.2
5.833e-02,80,86,-1,1,0.4,0.4,-0.4,1.2
5.837e-02,80,78,-1,-5,0.4,-0.4,-0.4,-1.2
5.841e-02,84,86,-1,1,0.4,0.4,-0.4,1.2
5.845e-02,82,80,-3,-3,0.4,-0.4,-0.4,-1.2
5.849e-02,82,88,-3,1,0,0.4,0.4,1.2
5.853e-02,84,82,-3,-3,0,-0.4,0.4,-1.2
5.856e-02,86,90,-1,1,0,0.4,-0.4,1.2
5.860e-02,86,84,-1,-3,0,-0.4,-0.4,-1.2
5.864e-02,88,92,-1,1,0,0.8,-0.4,1.2
5.868e-02,90,84,-3,-5,0,-0.4,-0.4,-1.2
5.872e-02,90,92,-1,1,0.4,0.4,-0.4,1.2
5.876e-02,90,86,-3,-5,0,-0.4,0.4,-1.2
5.879e-02,90,94,-1,1,0.4,0.4,-0.4,1.2
5.883e-02,90,88,-1,-5,0.4,-0.4,0.4,-1.2
5.887e-02,92,96,-3,1,0,0.4,0.4,1.2
5.891e-02,92,88,-1,-5,0,-0.4,-0.4,-1.2
5.895e-02,92,96,-1,1,0.4,0.4,0.4,1.2
5.899e-02,94,90,-1,-5,0,-0.4,-0.4,-1.2
5.902e-02,94,98,-1,1,0,0.4,-0.4,1.2
5.906e-02,94,90,-1,-3,0.4,-0.4,-0.4,-1.2
5.910e-02,96,100,-1,1,0.4,0.4,-0.4,1.2
5.914e-02,96,92,-3,-5,0,-0.4,-0.4,-1.2
5.918e-02,96,100,-1,1,0,0.4,0.4,1.2
5.922e-02,98,94,-1,-5,0.4,-0.4,0.4,-1.2
5.925e-02,98,102,-1,1,0.4,0.4,-0.4,1.2
5.929e-02,98,94,-1,-5,0,-0.4,0.4,-1.2
5.933e-02,100,102,-3,1,0.4,0.4,0.4,1.2
5.937e-02,100,96,-1,-5,0,-0.4,-0.4,-1.2
5.941e-02,100,104,-3,1,0.4,0.4,-0.4,1.2
5.945e-02,100,96,-1,-3,0,-0.4,-0.4,-1.2
5.949e-02,102,104,-1,1,0,0.4,-0.4,1.2
5.952e-02,102,98,-1,-5,0,-0.4,-0.4,-1.2
5.956e-02,100,106,-1,1,0.4,0.4,-0.4,1.2
5.960e-02,102,100,-3,-5,0,-0.4,0.4,-1.2
5.964e-02,102,106,-1,1,0.4,0.4,0.4,1.2
5.968e-02,104,100,-3,-5,0,-0.4,-0.4,-1.2
5.972e-02,104,108,-1,1,0.4,0.4,0.4,1.2
5.975e-02,102,100,-3,-5,0,-0.4,0.4,-1.2
5.979e-02,106,108,-3,1,0,0.4,-0.4,1.2
5.983e-02,104,102,-1,-5,0.4,-0.4,-0.4,-1.2
5.987e-02,104,110,-1,1,0,0.4,0.4,1.2
5.991e-02,106,102,-3,-5,0,-0.4,-0.4,-1.2
5.995e-02,106,110,-1,1,0.4,0.4,0.4,1.2
5.998e-02,108,104,-1,-5,0,-0.4,-0.4,-1.2
6.002e-02,108,112,-1,1,0,0.8,0.4,1.2
6.006e-02,108,104,-1,-3,0.4,-0.4,-0.4,-1.2
6.010e-02,108,112,-3,1,0,0.4,0.4,1.2
6.014e-02,108,104,-1,-5,0,-0.4,-0.4,-1.2
6.018e-02,108,112,-1,1,0,0.4,-0.4,1.2
6.022e-02,108,104,-3,-3,0.4,-0.4,-0.4,-1.2
6.025e-02,110,112,-1,1,0.4,0.4,-0.4,1.2
6.029e-02,108,106,-1,-5,0.4,-0.4,-0.4,-1.2
6.033e-02,108,112,-1,1,0,0.8,-0.4,1.2
6.037e-02,110,104,-3,-5,0,-0.4,-0.4,-1.2
6.041e-02,108,112,-1,1,0.4,0.4,0.4,1.2
6.045e-02,108,104,-3,-5,0,-0.4,0.4,-1.2
6.048e-02,108,112,-3,1,0.4,0.8,-0.4,1.2
6.052e-02,110,104,-3,-5,0.4,-0.4,0.4,-1.2
6.056e-02,108,112,-3,1,0,0.4,0.4,1.2
6.060e-02,110,104,-3,-5,0,-0.4,0.4,-1.2
6.064e-02,110,112,-3,1,0,0.8,-0.4,1.2
6.068e-02,108,104,-1,-5,0.4,-0.4,0.4,-1.2
6.071e-02,108,112,-3,1,0,0.8,-0.4,1.2
6.075e-02,108,104,-1,-5,0,-0.4,0.4,-1.2
6.079e-02,106,110,-3,1,0,0.4,0.4,1.2
6.083e-02,108,102,-3,-5,0.4,-0.4,-0.4,-1.2
6.087e-02,108,110,-1,1,0.4,0.4,0.4,1.2
6.091e-02,106,102,-3,-5,0,-0.4,-0.4,-1.2
6.094e-02,108,110,-3,1,0,0.4,-0.4,1.2
6.098e-02,108,102,-1,-5,0,-0.4,-0.4,-1.2
6.102e-02,106,110,-3,1,0,0.4,0.4,1.2
6.106e-02,106,102,-1,-5,0,-0.4,-0.4,-1.2
6.110e-02,106,110,-3,1,0,0.8,0.4,1.2
6.114e-02,104,102,-1,-5,0,-0.4,0.4,-1.2
6.118e-02,104,108,-3,1,0.4,0.4,0.4,1.2
6.121e-02,106,100,-3,-5,0.4,-0.4,-0.4,-1.2
6.125e-02,104,108,-3,1,0,0.4,-0.4,1.2
6.129e-02,104,100,-3,-5,0.4,-0.4,0.4,-1.2
6.133e-02,102,108,-1,1,0.4,0.4,-0.4,1.2
6.137e-02,104,98,-1,-5,0,-0.4,-0.4,-1.2
6.141e-02,102,106,-1,1,0,0.8,-0.4,1.2
6.144e-02,102,98,-3,-5,0,-0.4,-0.4,-1.2
6.148e-02,102,106,-1,1,0.4,0.4,0.4,1.2
6.152e-02,102,98,-3,-5,0,-0.4,0.4,-1.2
6.156e-02,100,104,-3,1,0,0.4,0.4,1.2
6.160e-02,102,96,-1,-5,0.4,-0.4,-0.4,-1.2
6.164e-02,100,104,-3,1,0,0.4,-0.4,1.2
6.167e-02,98,94,-3,-5,0,-0.4,0.4,-1.2
6.171e-02,100,102,-1,1,0,0.8,-0.4,1.2
6.175e-02,98,94,-1,-5,0,-0.4,-0.4,-1.2
6.179e-02,98,102,-3,1,0,0.8,0.4,1.2
6.183e-02,96,92,-3,-5,0,-0.4,0.4,-1.2
6.187e-02,98,100,-1,1,0,0.8,0.4,1.2
6.190e-02,96,92,-1,-5,0,-0.4,-0.4,-1.2
6.194e-02,96,100,-1,1,0.4,0.4,-0.4,1.2
6.198e-02,96,90,-1,-5,0,-0.4,0.4,-1.2
6.202e-02,94,98,-3,1,0.4,0.4,-0.4,1.2
6.206e-02,94,90,-3,-5,0,-0.4,0.4,-1.2
6.210e-02,96,98,-1,1,0,0.8,0.4,1.2
6.214e-02,94,88,-3,-5,0.4,-0.4,0.4,-1.2
6.217e-02,94,96,-1,1,0,0.8,-0.4,1.2
6.221e-02,94,88,-3,-5,0,-0.4,0.4,-1.2
6.225e-02,92,96,-1,1,0.4,0.4,0.4,1.2
6.229e-02,90,86,-3,-5,0,-0.4,-0.4,-1.2
6.233e-02,90,94,-3,1,0,0.4,-0.4,1.2
6.237e-02,90,86,-1,-5,0,-0.4,-0.4,-1.2
6.240e-02,88,94,-1,1,0,0.4,0.4,1.2
6.244e-02,88,84,-1,-5,0,-0.4,0.4,-1.2
6.248e-02,88,92,-3,1,0.4,0.4,0.4,1.2
6.252e-02,86,82,-3,-5,0.4,-0.4,-0.4,-1.2
6.256e-02,88,90,-1,1,0,0.4,-0.4,1.2
6.260e-02,86,82,-1,-5,0.4,-0.4,0.4,-1.2
6.263e-02,86,90,-1,1,0.4,0.4,0.4,1.2
6.267e-02,82,80,-1,-5,0,-0.4,0.4,-1.2
6.271e-02,82,88,-3,1,0,0.8,0.4,1.2
6.275e-02,84,78,-1,-5,0,-0.4,0.4,-1.2
6.279e-02,82,86,-3,1,0.4,0.4,-0.4,1.2
6.283e-02,82,78,-1,-5,0.4,-0.4,0.4,-1.2
6.286e-02,82,86,-3,1,0.4,0.8,0.4,1.2
6.290e-02,80,76,-3,-3,0.4,-0.4,-0.4,-1.2
6.294e-02,78,84,-3,1,0,0.8,0.4,1.2
6.298e-02,78,74,-3,-5,0.4,-0.4,-0.4,-1.2
6.302e-02,78,82,-1,1,0.4,0.4,0.4,1.2
6.306e-02,78,72,-1,-5,0.4,-0.4,0.4,-1.2
6.310e-02,78,80,-1,1,0,0.4,0.4,1.2
6.313e-02,76,72,-1,-5,0.4,-0.4,-0.4,-1.2
6.317e-02,74,80,-3,1,0.4,0.4,0.4,1.2
6.321e-02,74,70,-1,-5,0,-0.4,0.4,-1.2
6.325e-02,74,78,-1,1,0,0.8,-0.4,1.2
6.329e-02,74,68,-3,-5,0,-0.4,0.4,-1.2
6.333e-02,72,76,-1,1,0,0.8,-0.4,1.2
6.336e-02,70,66,-1,-5,0.4,-0.4,-0.4,-1.2
6.340e-02,72,74,-3,1,0,0.4,0.4,1.2
6.344e-02,68,64,-3,-5,0.4,-0.4,-0.4,-1.2
6.348e-02,68,72,-1,1,0,0.4,0.4,1.2
6.352e-02,66,62,-3,-3,0,-0.4,-0.4,-1.2
6.356e-02,66,70,-1,1,0.4,0.4,0.4,1.2
6.359e-02,66,60,-3,-5,0,-0.4,-0.4,-1.2
6.363e-02,64,68,-1,1,0,0.4,0.4,1.2
6.367e-02,62,58,-1,-5,0,-0.4,-0.4,-1.2
6.371e-02,60,66,-1,1,0,0.4,-0.4,1.2
6.375e-02,58,54,-1,-5,0,-0.4,-0.4,-1.2
6.379e-02,58,64,-1,1,0,0.4,0.4,1.2
6.382e-02,58,52,-3,-5,0.4,-0.4,-0.4,-1.2
6.386e-02,58,60,-3,1,0,0.4,-0.4,1.2
6.390e-02,54,50,-3,-5,0,-0.4,-0.4,-1.2
6.394e-02,54,58,-1,1,0,0.4,0.4,1.2
6.398e-02,52,46,-3,-5,0,-0.4,-0.4,-1.2
6.402e-02,52,56,-3,1,0.4,0.4,-0.4,1.2
6.406e-02,50,44,-3,-5,0.4,-0.4,-0.4,-1.2
6.409e-02,48,52,-3,1,0.4,0.4,0.4,1.2
6.413e-02,46,40,-3,-5,0.4,-0.4,0.4,-1.2
6.417e-02,46,50,-3,1,0.4,0.4,0.4,1.2
6.421e-02,42,38,-3,-5,0.4,-0.4,-0.4,-1.2
6.425e-02,42,46,-1,1,0.4,0.4,-0.4,1.2
6.429e-02,40,36,-3,-3,0.4,-0.4,-0.4,-1.2
6.432e-02,40,44,-3,1,0.4,0.4,-0.4,1.2
6.436e-02,40,32,-3,-5,0.4,-0.4,0.4,-1.2
6.440e-02,36,42,-3,1,0,0.4,0.4,1.2
6.444e-02,38,30,-3,-5,0,-0.4,0.4,-1.2
6.448e-02,34,40,-1,1,0,0.4,-0.4,1.2
6.452e-02,34,28,-3,-5,0,-0.4,-0.4,-1.2
6.455e-02,32,36,-3,1,0,0.4,0.4,1.2
6.459e-02,30,24,-3,-5,0.4,-0.4,0.4,-1.2
6.463e-02,28,34,-1,1,0,0.4,0.4,1.2
6.467e-02,28,22,-1,-5,0.4,-0.4,0.4,-1.2
6.471e-02,24,32,-3,1,0.4,0.8,0.4,1.2
6.475e-02,24,20,-1,-5,0.4,-0.4,-0.4,-1.2
6.478e-02,22,28,-1,1,0,0.4,-0.4,1.2
6.482e-02,24,16,-3,-3,0.4,-0.4,0.4,-1.2
6.486e-02,22,26,-3,1,0,0.8,-0.4,1.2
6.490e-02,18,14,-3,-5,0.4,-0.4,0.4,-1.2
6.494e-02,18,24,-1,1,0,0.4,0.4,1.2
6.498e-02,18,12,-1,-5,0.4,-0.4,0.4,-1.2
6.502e-02,16,22,-1,1,0,0.4,0.4,1.2
6.505e-02,16,10,-1,-5,0,-0.4,-0.4,-1.2
6.509e-02,14,18,-1,1,0,0.8,-0.4,1.2
6.513e-02,12,8,-1,-5,0.4,-0.4,-0.4,-1.2
6.517e-02,10,16,-1,1,0,0.8,-0.4,1.2
6.521e-02,10,4,-3,-5,0.4,-0.4,-0.4,-1.2
6.525e-02,8,14,-1,1,0.4,0.4,0.4,1.2
6.528e-02,6,2,-3,-5,0.4,-0.4,-0.4,-1.2
6.532e-02,4,12,-3,1,0,0.8,-0.4,1.2
6.536e-02,6,-8.9407e-08,-1,-5,0.4,-0.4,-0.4,-1.2
6.540e-02,2,8,-3,1,0,0.8,-0.4,1.2
6.544e-02,2,-2,-1,-5,0,-0.4,0.4,-1.2
6.548e-02,2,6,-1,1,0.4,0.4,-0.4,1.2
6.551e-02,-8.9407e-08,-6,-1,-5,0.4,-0.4,0.4,-1.2
6.555e-02,-2,4,-3,1,0,0.4,-0.4,1.2
6.559e-02,-2,-8,-1,-5,0,-0.4,0.4,-1.2
6.563e-02,-2,2,-1,1,0.4,0.4,-0.4,1.2
6.567e-02,-4,-10,-1,-5,0.4,-0.4,0.4,-1.2
6.571e-02,-6,-8.9407e-08,-3,1,0,0.8,0.4,1.2
6.575e-02,-6,-12,-1,-5,0.4,-0.4,-0.4,-1.2
6.578e-02,-8,-4,-3,1,0,0.4,-0.4,1.2
6.582e-02,-8,-14,-3,-5,0.4,-0.4,0.4,-1.2
6.586e-02,-12,-6,-1,1,0,0.4,-0.4,1.2
6.590e-02,-12,-16,-3,-5,0.4,-0.4,-0.4,-1.2
6.594e-02,-12,-8,-1,1,0,0.4,0.4,1.2
6.598e-02,-14,-18,-3,-5,0,-0.4,-0.4,-1.2
6.601e-02,-16,-10,-1,1,0,0.8,-0.4,1.2
6.605e-02,-16,-22,-1,-5,0,-0.4,-0.4,-1.2
6.609e-02,-18,-12,-3,1,0,0.4,0.4,1.2
6.613e-02,-18,-24,-1,-5,0.4,-0.4,-0.4,-1.2
6.617e-02,-20,-14,-3,1,0.4,0.4,0.4,1.2
6.621e-02,-20,-26,-1,-5,0,-0.4,0.4,-1.2
6.624e-02,-22,-16,-3,1,0,0.8,-0.4,1.2
6.628e-02,-24,-30,-1,-5,0,-0.4,0.4,-1.2
6.632e-02,-24,-20,-1,1,0,0.4,0.4,1.2
6.636e-02,-26,-32,-3,-5,0.4,-0.4,-0.4,-1.2
6.640e-02,-28,-22,-1,1,0,0.4,0.4,1.2
6.644e-02,-28,-34,-1,-5,0.4,-0.4,0.4,-1.2
6.647e-02,-28,-26,-1,1,0,0.8,0.4,1.2
6.651e-02,-32,-36,-1,-5,0.4,-0.4,-0.4,-1.2
6.655e-02,-32,-28,-3,1,0.4,0.4,0.4,1.2
6.659e-02,-34,-40,-3,-5,0,-0.4,0.4,-1.2
6.663e-02,-36,-30,-3,1,0.4,0.8,-0.4,1.2
6.667e-02,-36,-42,-1,-5,0.4,-0.4,-0.4,-1.2
6.671e-02,-38,-32,-3,1,0.4,0.8,-0.4,1.2
6.674e-02,-40,-44,-1,-5,0,-0.4,-0.4,-1.2
6.678e-02,-40,-34,-3,1,0.4,0.4,0.4,1.2
6.682e-02,-42,-46,-3,-5,0,-0.4,-0.4,-1.2
6.686e-02,-42,-38,-3,1,0,0.4,-0.4,1.2
6.690e-02,-44,-50,-3,-5,0.4,-0.4,0.4,-1.2
6.694e-02,-44,-40,-1,1,0,0.8,-0.4,1.2
6.697e-02,-46,-52,-3,-5,0.4,-0.4,0.4,-1.2
6.701e-02,-48,-42,-3,1,0.4,0.4,-0.4,1.2
6.705e-02,-50,-54,-1,-5,0.4,-0.4,0.4,-1.2
6.709e-02,-50,-46,-1,1,0,0.4,-0.4,1.2
6.713e-02,-52,-56,-1,-5,0.4,-0.4,-0.4,-1.2
6.717e-02,-52,-48,-3,1,0,0.4,-0.4,1.2
6.720e-02,-56,-58,-3,-5,0.4,-0.4,0.4,-1.2
6.724e-02,-54,-50,-1,1,0.4,0.4,-0.4,1.2
6.728e-02,-54,-60,-1,-5,0,-0.4,0.4,-1.2
6.732e-02,-56,-52,-3,1,0,0.4,0.4,1.2
6.736e-02,-58,-62,-1,-5,0,-0.4,-0.4,-1.2
6.740e-02,-60,-54,-3,1,0,0.4,0.4,1.2
6.743e-02,-60,-66,-3,-5,0,-0.4,0.4,-1.2
6.747e-02,-62,-56,-1,1,0,0.4,0.4,1.2
6.751e-02,-62,-68,-1,-5,0,-0.4,-0.4,-1.2
6.755e-02,-62,-58,-3,1,0,0.4,0.4,1.2
6.759e-02,-64,-70,-1,-5,0.4,-0.4,-0.4,-1.2
6.763e-02,-66,-60,-1,1,0,0.4,0.4,1.2
6.767e-02,-66,-72,-3,-5,0,-0.4,-0.4,-1.2
6.770e-02,-66,-62,-3,1,0.4,0.4,-0.4,1.2
6.774e-02,-68,-74,-3,-5,0,-0.4,-0.4,-1.2
6.778e-02,-70,-64,-3,1,0,0.4,0.4,1.2
6.782e-02,-72,-76,-3,-5,0,-0.4,-0.4,-1.2
6.786e-02,-72,-68,-1,1,0.4,0.4,0.4,1.2
6.790e-02,-72,-78,-1,-5,0,-0.4,-0.4,-1.2
6.793e-02,-76,-70,-1,1,0.4,0.8,-0.4,1.2
6.797e-02,-76,-80,-1,-5,0,-0.4,-0.4,-1.2
6.801e-02,-76,-72,-3,1,0.4,0.8,-0.4,1.2
6.805e-02,-78,-82,-3,-5,0,-0.4,0.4,-1.2
6.809e-02,-78,-74,-1,1,0.4,0.4,0.4,1.2
6.813e-02,-78,-84,-1,-5,0,-0.4,-0.4,-1.2
6.816e-02,-80,-74,-3,1,0,0.4,0.4,1.2
6.820e-02,-82,-86,-3,-5,0.4,-0.4,0.4,-1.2
6.824e-02,-80,-78,-1,1,0,0.4,-0.4,1.2
6.828e-02,-84,-88,-1,-5,0.4,-0.4,-0.4,-1.2
6.832e-02,-84,-78,-3,1,0,0.4,0.4,1.2
6.836e-02,-84,-88,-1,-5,0.4,-0.4,0.4,-1.2
6.839e-02,-84,-80,-1,1,0,0.8,0.4,1.2
6.843e-02,-84,-90,-1,-5,0.4,-0.4,-0.4,-1.2
6.847e-02,-86,-82,-3,1,0,0.8,0.4,1.2
6.851e-02,-88,-92,-1,-5,0,-0.4,-0.4,-1.2
6.855e-02,-88,-84,-3,1,0,0.4,-0.4,1.2
6.859e-02,-88,-94,-1,-5,0,-0.4,0.4,-1.2
6.863e-02,-92,-84,-1,1,0.4,0.4,0.4,1.2
6.866e-02,-90,-94,-3,-5,0.4,-0.4,0.4,-1.2
6.870e-02,-92,-86,-1,1,0,0.4,-0.4,1.2
6.874e-02,-92,-96,-3,-5,0,-0.4,-0.4,-1.2
6.878e-02,-92,-88,-1,1,0.4,0.4,0.4,1.2
6.882e-02,-92,-98,-1,-5,0,-0.4,-0.4,-1.2
6.886e-02,-94,-90,-3,1,0,0.4,0.4,1.2
6.889e-02,-94,-98,-1,-5,0.4,-0.4,0.4,-1.2
6.893e-02,-94,-90,-3,1,0.4,0.8,-0.4,1.2
6.897e-02,-96,-100,-3,-5,0,-0.4,-0.4,-1.2
6.901e-02,-96,-92,-1,1,0,0.8,0.4,1.2
6.905e-02,-98,-102,-3,-5,0,-0.4,0.4,-1.2
6.909e-02,-98,-92,-1,1,0,0.4,-0.4,1.2
6.912e-02,-98,-102,-3,-5,0,-0.4,-0.4,-1.2
6.916e-02,-98,-94,-1,1,0,0.4,0.4,1.2
6.920e-02,-100,-104,-1,-5,0,-0.4,0.4,-1.2
6.924e-02,-100,-96,-1,1,0,0.4,0.4,1.2
6.928e-02,-100,-104,-3,-5,0,-0.4,0.4,-1.2
6.932e-02,-102,-96,-1,1,0,0.4,0.4,1.2
6.935e-02,-102,-106,-3,-5,0,-0.4,0.4,-1.2
6.939e-02,-104,-98,-3,1,0,0.8,0.4,1.2
6.943e-02,-104,-106,-1,-5,0.4,-0.4,-0.4,-1.2
6.947e-02,-104,-98,-1,1,0,0.4,0.4,1.2
6.951e-02,-104,-108,-1,-5,0.4,-0.4,-0.4,-1.2
6.955e-02,-104,-100,-3,1,0,0.4,0.4,1.2
6.959e-02,-104,-108,-1,-5,0.4,-0.4,0.4,-1.2
6.962e-02,-104,-100,-1,1,0.4,0.4,0.4,1.2
6.966e-02,-106,-110,-3,-5,0,-0.4,-0.4,-1.2
6.970e-02,-104,-102,-3,1,0,0.4,-0.4,1.2
6.974e-02,-108,-110,-3,-5,0,-0.4,0.4,-1.2
6.978e-02,-106,-102,-1,1,0,0.4,0.4,1.2
6.982e-02,-108,-112,-3,-5,0,-0.4,-0.4,-1.2
6.985e-02,-108,-104,-3,1,0.4,0.8,0.4,1.2
6.989e-02,-108,-112,-3,-5,0,-0.4,0.4,-1.2
6.993e-02,-110,-104,-3,1,0.4,0.4,-0.4,1.2
6.997e-02,-110,-114,-3,-5,0.4,-0.4,-0.4,-1.2
7.001e-02,-110,-106,-3,1,0.4,0.4,-0.4,1.2
7.005e-02,-110,-114,-1,-5,0,-0.4,0.4,-1.2
7.008e-02,-110,-106,-1,1,0,0.8,0.4,1.2
7.012e-02,-110,-114,-3,-3,0,-0.4,-0.4,-1.2
7.016e-02,-110,-106,-3,1,0.4,0.8,-0.4,1.2
7.020e-02,-110,-114,-3,-5,0,-0.4,0.4,-1.2
7.024e-02,-112,-106,-1,1,0,0.4,0.4,1.2
7.028e-02,-112,-114,-3,-5,0.4,-0.4,-0.4,-1.2
7.031e-02,-112,-106,-1,1,0,0.4,-0.4,1.2
7.035e-02,-110,-114,-3,-5,0.4,-0.4,-0.4,-1.2
7.039e-02,-112,-108,-1,1,0,0.8,-0.4,1.2
7.043e-02,-112,-114,-1,-5,0.4,-0.4,-0.4,-1.2
7.047e-02,-112,-106,-1,1,0,0.4,0.4,1.2
7.051e-02,-110,-114,-1,-5,0,-0.4,-0.4,-1.2
7.055e-02,-110,-106,-1,1,0.4,0.4,0.4,1.2
7.058e-02,-110,-114,-1,-5,0.4,-0.4,-0.4,-1.2
7.062e-02,-110,-106,-3,1,0.4,0.4,0.4,1.2
7.066e-02,-110,-114,-1,-5,0,-0.4,0.4,-1.2
7.070e-02,-110,-106,-1,1,0.4,0.4,0.4,1.2
7.074e-02,-110,-114,-1,-5,0.4,-0.4,-0.4,-1.2
7.078e-02,-110,-106,-1,1,0,0.8,-0.4,1.2
7.081e-02,-110,-112,-1,-5,0,-0.4,0.4,-1.2
7.085e-02,-110,-106,-1,1,0,0.4,-0.4,1.2
7.089e-02,-110,-112,-3,-5,0.4,-0.4,0.4,-1.2
7.093e-02,-108,-104,-1,1,0.4,0.4,-0.4,1.2
7.097e-02,-110,-112,-1,-5,0.4,-0.4,0.4,-1.2
7.101e-02,-108,-104,-1,1,0,0.4,-0.4,1.2
7.104e-02,-108,-112,-1,-5,0,-0.4,0.4,-1.2
7.108e-02,-110,-104,-1,1,0,0.4,-0.4,1.2
7.112e-02,-108,-110,-3,-5,0,-0.4,-0.4,-1.2
7.116e-02,-106,-102,-1,1,0.4,0.8,0.4,1.2
7.120e-02,-108,-110,-3,-5,0,-0.4,0.4,-1.2
7.124e-02,-106,-102,-1,1,0.4,0.4,-0.4,1.2
7.127e-02,-106,-110,-3,-5,0,-0.4,0.4,-1.2
7.131e-02,-106,-102,-1,1,0,0.4,-0.4,1.2
7.135e-02,-104,-108,-1,-5,0.4,-0.4,-0.4,-1.2
7.139e-02,-106,-100,-3,1,0.4,0.4,0.4,1.2
7.143e-02,-104,-108,-1,-5,0,-0.4,0.4,-1.2
7.147e-02,-104,-100,-1,1,0,0.4,0.4,1.2
7.151e-02,-102,-108,-1,-5,0,-0.4,0.4,-1.2
7.154e-02,-104,-98,-1,1,0,0.4,-0.4,1.2
7.158e-02,-104,-106,-3,-5,0,-0.4,-0.4,-1.2
7.162e-02,-102,-98,-1,1,0.4,0.4,0.4,1.2
7.166e-02,-104,-106,-3,-5,0,-0.4,-0.4,-1.2
7.170e-02,-102,-96,-3,1,0,0.4,-0.4,1.2
7.174e-02,-104,-104,-1,-5,0,-0.4,-0.4,-1.2
7.177e-02,-100,-96,-1,1,0.4,0.4,-0.4,1.2
7.181e-02,-100,-104,-1,-3,0.4,-0.4,0.4,-1.2
7.185e-02,-98,-94,-3,1,0.4,0.4,-0.4,1.2
7.189e-02,-98,-102,-1,-5,0,-0.4,0.4,-1.2
7.193e-02,-100,-94,-1,1,0.4,0.8,0.4,1.2
7.197e-02,-96,-100,-3,-5,0,-0.4,0.4,-1.2
7.200e-02,-98,-92,-1,1,0.4,0.4,-0.4,1.2
7.204e-02,-98,-100,-1,-5,0.4,-0.4,-0.4,-1.2
7.208e-02,-98,-92,-1,1,0,0.4,0.4,1.2
7.212e-02,-96,-100,-1,-5,0,-0.4,0.4,-1.2
7.216e-02,-96,-90,-1,1,0.4,0.8,0.4,1.2
7.220e-02,-94,-98,-1,-5,0,-0.4,0.4,-1.2
7.224e-02,-94,-90,-1,1,0,0.8,0.4,1.2
7.227e-02,-94,-96,-3,-5,0,-0.4,0.4,-1.2
7.231e-02,-92,-88,-1,1,0,0.4,-0.4,1.2
7.235e-02,-92,-96,-3,-5,0,-0.4,-0.4,-1.2
7.239e-02,-92,-88,-1,1,0.4,0.8,-0.4,1.2
7.243e-02,-92,-94,-3,-5,0,-0.4,-0.4,-1.2
7.247e-02,-90,-86,-3,1,0.4,0.8,-0.4,1.2
7.250e-02,-90,-94,-3,-5,0,-0.4,-0.4,-1.2
7.254e-02,-90,-86,-1,1,0,0.4,-0.4,1.2
7.258e-02,-90,-92,-3,-5,0.4,-0.4,0.4,-1.2
7.262e-02,-88,-84,-3,1,0.4,0.8,-0.4,1.2
7.266e-02,-88,-90,-1,-3,0.4,-0.4,-0.4,-1.2
7.270e-02,-86,-82,-3,1,0,0.4,-0.4,1.2
7.273e-02,-86,-90,-1,-5,0,-0.4,0.4,-1.2
7.277e-02,-86,-80,-3,1,0.4,0.4,0.4,1.2
7.281e-02,-84,-88,-3,-5,0,-0.4,-0.4,-1.2
7.285e-02,-86,-80,-1,1,0,0.4,0.4,1.2
7.289e-02,-82,-86,-1,-5,0.4,-0.4,-0.4,-1.2
7.293e-02,-82,-78,-3,1,0.4,0.4,-0.4,1.2
7.296e-02,-80,-86,-3,-3,0.4,-0.4,-0.4,-1.2
7.300e-02,-82,-76,-1,1,0.4,0.8,0.4,1.2
7.304e-02,-80,-84,-3,-5,0,-0.4,-0.4,-1.2
7.308e-02,-80,-76,-3,1,0,0.4,-0.4,1.2
7.312e-02,-80,-82,-1,-5,0.4,-0.4,-0.4,-1.2
7.316e-02,-78,-74,-1,1,0,0.4,-0.4,1.2
7.320e-02,-76,-80,-1,-3,0,-0.4,0.4,-1.2
7.323e-02,-76,-72,-1,1,0,0.4,0.4,1.2
7.327e-02,-76,-78,-3,-5,0,-0.4,-0.4,-1.2
7.331e-02,-74,-70,-1,1,0,0.4,0.4,1.2
7.335e-02,-72,-76,-1,-5,0.4,-0.4,0.4,-1.2
7.339e-02,-72,-68,-3,1,0.4,0.4,-0.4,1.2
7.343e-02,-72,-74,-1,-5,0,-0.4,0.4,-1.2
7.346e-02,-72,-66,-1,1,0,0.4,-0.4,1.2
7.350e-02,-70,-72,-3,-5,0,-0.4,0.4,-1.2
7.354e-02,-70,-64,-3,1,0.4,0.4,-0.4,1.2
7.358e-02,-68,-70,-1,-5,0,-0.4,-0.4,-1.2
7.362e-02,-66,-62,-1,1,0.4,0.4,-0.4,1.2
7.366e-02,-66,-68,-3,-5,0.4,-0.4,-0.4,-1.2
7.369e-02,-64,-60,-1,1,0,0.4,-0.4,1.2
7.373e-02,-62,-66,-1,-5,0,-0.4,-0.4,-1.2
7.377e-02,-60,-56,-1,1,0.4,0.4,-0.4,1.2
7.381e-02,-60,-64,-3,-5,0,-0.4,0.4,-1.2
7.385e-02,-60,-54,-3,1,0.4,0.4,0.4,1.2
7.389e-02,-60,-62,-3,-5,0.4,-0.4,0.4,-1.2
7.392e-02,-56,-52,-1,1,0,0.4,-0.4,1.2
7.396e-02,-54,-58,-1,-5,0,-0.4,0.4,-1.2
7.400e-02,-54,-50,-1,1,0,0.4,0.4,1.2
7.404e-02,-52,-56,-1,-5,0,-0.4,0.4,-1.2
7.408e-02,-52,-46,-1,1,0,0.4,0.4,1.2
7.412e-02,-50,-54,-3,-5,0.4,-0.4,0.4,-1.2
7.416e-02,-50,-44,-1,1,0.4,0.4,-0.4,1.2
7.419e-02,-46,-50,-3,-5,0.4,-0.4,-0.4,-1.2
7.423e-02,-46,-42,-3,1,0.4,0.4,0.4,1.2
7.427e-02,-44,-48,-3,-5,0,-0.4,0.4,-1.2
7.431e-02,-44,-38,-3,1,0.4,0.4,-0.4,1.2
7.435e-02,-42,-46,-3,-5,0.4,-0.4,0.4,-1.2
7.439e-02,-40,-36,-1,1,0.4,0.8,0.4,1.2
7.442e-02,-40,-42,-3,-5,0,-0.4,-0.4,-1.2
7.446e-02,-38,-34,-3,1,0,0.4,-0.4,1.2
7.450e-02,-36,-40,-3,-5,0.4,-0.4,0.4,-1.2
7.454e-02,-36,-30,-1,1,0,0.4,-0.4,1.2
7.458e-02,-34,-38,-1,-5,0,-0.4,-0.4,-1.2
7.462e-02,-32,-28,-3,1,0,0.4,-0.4,1.2
7.465e-02,-32,-34,-1,-5,0,-0.4,-0.4,-1.2
7.469e-02,-30,-26,-1,1,0,0.4,0.4,1.2
7.473e-02,-30,-32,-3,-5,0,-0.4,-0.4,-1.2
7.477e-02,-28,-22,-1,1,0.4,0.8,0.4,1.2
7.481e-02,-26,-30,-3,-5,0.4,-0.4,-0.4,-1.2
7.485e-02,-24,-20,-3,1,0,0.4,-0.4,1.2
7.488e-02,-24,-28,-3,-5,0,-0.4,0.4,-1.2
7.492e-02,-22,-18,-3,1,0,0.4,0.4,1.2
7.496e-02,-20,-24,-3,-5,0,-0.4,-0.4,-1.2
7.500e-02,-22,-14,-3,1,0,0.8,-0.4,1.2
7.504e-02,-18,-22,-3,-5,0,-0.4,0.4,-1.2
7.508e-02,-18,-12,-1,1,0,0.8,-0.4,1.2
7.512e-02,-18,-20,-3,-3,0,-0.4,0.4,-1.2
7.515e-02,-14,-10,-3,1,0,0.8,0.4,1.2
7.519e-02,-14,-18,-1,-5,0,-0.4,-0.4,-1.2
7.523e-02,-12,-8,-3,1,0.4,0.4,0.4,1.2
7.527e-02,-12,-14,-3,-5,0,-0.4,0.4,-1.2
7.531e-02,-10,-6,-3,1,0,0.8,-0.4,1.2
7.535e-02,-8,-12,-3,-5,0.4,-0.4,0.4,-1.2
7.538e-02,-8,-4,-3,1,0.4,0.4,0.4,1.2
7.542e-02,-6,-10,-3,-5,0,-0.4,-0.4,-1.2
7.546e-02,-6,-8.9407e-08,-1,1,0,0.4,0.4,1.2
7.550e-02,-4,-8,-1,-5,0,-0.4,-0.4,-1.2
7.554e-02,-2,2,-1,1,0,0.4,0.4,1.2
7.558e-02,-2,-4,-3,-5,0.4,-0.4,-0.4,-1.2
7.561e-02,-8.9407e-08,4,-1,1,0,0.4,-0.4,1.2
7.565e-02,-8.9407e-08,-2,-3,-5,0.4,-0.4,-0.4,-1.2
7.569e-02,2,6,-3,1,0,0.4,-0.4,1.2
7.573e-02,2,-8.9407e-08,-3,-5,0,-0.4,0.4,-1.2
7.577e-02,4,10,-1,1,0.4,0.4,0.4,1.2
7.581e-02,4,2,-1,-5,0.4,-0.4,-0.4,-1.2
7.584e-02,6,12,-3,1,0,0.4,-0.4,1.2
7.588e-02,8,4,-1,-3,0.4,-0.4,-0.4,-1.2
7.592e-02,8,14,-3,1,0.4,0.8,0.4,1.2
7.596e-02,10,8,-3,-5,0.4,-0.4,-0.4,-1.2
7.600e-02,10,16,-1,1,0.4,0.4,0.4,1.2
7.604e-02,12,8,-1,-5,0,-0.4,-0.4,-1.2
7.608e-02,14,18,-3,1,0,0.4,-0.4,1.2
7.611e-02,16,12,-1,-5,0,-0.4,0.4,-1.2
7.615e-02,16,22,-1,1,0,0.4,-0.4,1.2
7.619e-02,18,14,-1,-5,0,-0.4,0.4,-1.2
7.623e-02,18,22,-3,1,0.4,0.4,0.4,1.2
7.627e-02,22,16,-3,-5,0,-0.4,-0.4,-1.2
7.631e-02,20,26,-3,1,0,0.8,0.4,1.2
7.634e-02,22,20,-1,-5,0,-0.4,-0.4,-1.2
7.638e-02,24,28,-1,1,0.4,0.4,-0.4,1.2
7.642e-02,22,22,-3,-5,0,-0.4,0.4,-1.2
7.646e-02,26,30,-1,1,0.4,0.4,0.4,1.2
7.650e-02,28,24,-3,-5,0,-0.4,-0.4,-1.2
7.654e-02,28,34,-3,1,0,0.8,0.4,1.2
7.657e-02,30,26,-1,-5,0,-0.4,0.4,-1.2
7.661e-02,30,36,-3,1,0,0.8,0.4,1.2
7.665e-02,32,30,-3,-5,0,-0.4,0.4,-1.2
7.669e-02,34,38,-3,1,0,0.4,0.4,1.2
7.673e-02,36,32,-1,-5,0.4,-0.4,0.4,-1.2
7.677e-02,36,42,-1,1,0,0.4,-0.4,1.2
7.680e-02,38,34,-1,-5,0,-0.4,-0.4,-1.2
7.684e-02,38,44,-3,1,0,0.8,0.4,1.2
7.688e-02,38,36,-3,-5,0,-0.4,0.4,-1.2
7.692e-02,42,46,-3,1,0.4,0.8,-0.4,1.2
7.696e-02,42,38,-1,-5,0,-0.4,0.4,-1.2
7.700e-02,44,50,-1,1,0,0.4,0.4,1.2
7.704e-02,46,42,-1,-5,0.4,-0.4,0.4,-1.2
7.707e-02,46,50,-3,1,0,0.4,0.4,1.2
7.711e-02,46,44,-3,-5,0,-0.4,-0.4,-1.2
7.715e-02,48,54,-1,1,0,0.8,0.4,1.2
7.719e-02,50,48,-3,-5,0,-0.4,0.4,-1.2
7.723e-02,50,56,-1,1,0.4,0.4,-0.4,1.2
7.727e-02,54,50,-1,-5,0.4,-0.4,-0.4,-1.2
7.730e-02,52,58,-3,1,0,0.4,0.4,1.2
7.734e-02,58,52,-1,-5,0,-0.4,0.4,-1.2
7.738e-02,58,60,-1,1,0.4,0.4,-0.4,1.2
7.742e-02,58,54,-3,-5,0,-0.4,-0.4,-1.2
7.746e-02,58,64,-3,1,0.4,0.8,-0.4,1.2
7.750e-02,58,56,-1,-3,0,-0.4,0.4,-1.2
7.753e-02,62,64,-3,1,0,0.4,-0.4,1.2
7.757e-02,60,58,-1,-5,0.4,-0.4,-0.4,-1.2
7.761e-02,62,66,-3,1,0,0.8,-0.4,1.2
7.765e-02,62,60,-1,-5,0,-0.4,0.4,-1.2
7.769e-02,62,70,-3,1,0.4,0.8,0.4,1.2
7.773e-02,64,62,-3,-5,0,-0.4,-0.4,-1.2
7.776e-02,66,70,-3,1,0.4,0.4,0.4,1.2
7.780e-02,68,66,-3,-5,0,-0.4,-0.4,-1.2
7.784e-02,70,74,-1,1,0.4,0.4,0.4,1.2
7.788e-02,70,68,-3,-5,0,-0.4,0.4,-1.2
7.792e-02,72,76,-3,1,0.4,0.4,-0.4,1.2
7.796e-02,72,70,-1,-5,0,-0.4,-0.4,-1.2
7.800e-02,74,78,-1,1,0.4,0.4,0.4,1.2
7.803e-02,76,72,-1,-5,0.4,-0.4,0.4,-1.2
7.807e-02,76,80,-3,1,0,0.8,-0.4,1.2
7.811e-02,76,74,-3,-5,0.4,-0.4,-0.4,-1.2
7.815e-02,78,82,-1,1,0,0.4,0.4,1.2
7.819e-02,78,74,-1,-5,0,-0.4,-0.4,-1.2
7.823e-02,78,84,-1,1,0.4,0.8,-0.4,1.2
7.826e-02,80,76,-1,-5,0.4,-0.4,-0.4,-1.2
7.830e-02,82,84,-3,1,0,0.4,0.4,1.2
7.834e-02,82,78,-3,-5,0,-0.4,-0.4,-1.2
7.838e-02,82,86,-3,1,0,0.4,0.4,1.2
7.842e-02,82,80,-1,-5,0.4,-0.4,0.4,-1.2
7.846e-02,82,88,-3,1,0.4,0.8,-0.4,1.2
7.849e-02,84,82,-3,-5,0,-0.4,0.4,-1.2
7.853e-02,86,90,-3,1,0.4,0.8,-0.4,1.2
7.857e-02,84,82,-1,-5,0,-0.4,-0.4,-1.2
7.861e-02,88,90,-1,1,0.4,0.4,-0.4,1.2
7.865e-02,88,84,-3,-5,0,-0.4,-0.4,-1.2
7.869e-02,88,92,-1,1,0.4,0.4,0.4,1.2
7.873e-02,88,86,-3,-5,0,-0.4,0.4,-1.2
7.876e-02,90,94,-1,1,0,0.8,-0.4,1.2
7.880e-02,92,88,-1,-5,0.4,-0.4,0.4,-1.2
7.884e-02,90,96,-3,1,0.4,0.4,-0.4,1.2
7.888e-02,92,88,-1,-5,0.4,-0.4,0.4,-1.2
7.892e-02,92,96,-3,1,0.4,0.4,-0.4,1.2
7.896e-02,94,90,-1,-5,0.4,-0.4,0.4,-1.2
7.899e-02,96,98,-3,1,0.4,0.4,-0.4,1.2
7.903e-02,94,90,-3,-5,0.4,-0.4,0.4,-1.2
7.907e-02,96,98,-3,1,0.4,0.4,-0.4,1.2
7.911e-02,94,92,-3,-5,0,-0.4,-0.4,-1.2
7.915e-02,96,100,-3,1,0.4,0.4,0.4,1.2
7.919e-02,96,94,-3,-5,0,-0.4,-0.4,-1.2
7.922e-02,96,102,-1,1,0.4,0.8,-0.4,1.2
7.926e-02,96,94,-3,-5,0,-0.4,0.4,-1.2
7.930e-02,100,102,-3,1,0.4,0.8,-0.4,1.2
7.934e-02,100,96,-1,-5,0.4,-0.4,0.4,-1.2
7.938e-02,100,102,-3,1,0,0.8,-0.4,1.2
7.942e-02,100,96,-1,-5,0,-0.4,-0.4,-1.2
7.945e-02,100,104,-3,1,0,0.4,-0.4,1.2
7.949e-02,102,98,-1,-5,0.4,-0.4,0.4,-1.2
7.953e-02,102,106,-1,1,0.4,0.4,-0.4,1.2
7.957e-02,102,98,-3,-5,0.4,-0.4,-0.4,-1.2
7.961e-02,100,106,-1,1,0.4,0.8,-0.4,1.2
7.965e-02,104,100,-1,-5,0,-0.4,-0.4,-1.2
7.969e-02,104,106,-3,1,0,0.4,-0.4,1.2
7.972e-02,104,100,-3,-5,0,-0.4,-0.4,-1.2
7.976e-02,104,108,-1,1,0,0.4,-0.4,1.2
7.980e-02,104,102,-3,-5,0.4,-0.4,-0.4,-1.2
7.984e-02,104,108,-1,1,0.4,0.4,0.4,1.2
7.988e-02,106,102,-3,-5,0,-0.4,-0.4,-1.2
7.992e-02,106,110,-1,1,0.4,0.4,0.4,1.2
7.995e-02,108,104,-1,-5,0,-0.4,-0.4,-1.2
7.999e-02,108,110,-1,1,0,0.4,0.4,1.2
8.003e-02,108,104,-1,-5,0,-0.4,0.4,-1.2
8.007e-02,108,112,-1,1,0,0.4,0.4,1.2
8.011e-02,106,104,-1,-5,0,-0.4,0.4,-1.2
8.015e-02,108,112,-1,1,0,0.4,0.4,1.2
8.018e-02,110,104,-3,-5,0,-0.4,-0.4,-1.2
8.022e-02,108,112,-1,1,0.4,0.8,0.4,1.2
8.026e-02,110,106,-1,-5,0.4,-0.4,-0.4,-1.2
8.030e-02,108,112,-1,1,0.4,0.8,-0.4,1.2
8.034e-02,110,104,-1,-5,0,-0.4,0.4,-1.2
8.038e-02,110,112,-1,1,0,0.4,-0.4,1.2
8.041e-02,110,104,-1,-5,0,-0.4,-0.4,-1.2
8.045e-02,110,112,-3,1,0.4,0.8,0.4,1.2
8.049e-02,108,104,-1,-5,0,-0.4,0.4,-1.2
8.053e-02,110,112,-3,1,0,0.4,-0.4,1.2
8.057e-02,108,104,-3,-5,0,-0.4,0.4,-1.2
8.061e-02,108,112,-3,1,0.4,0.4,0.4,1.2
8.065e-02,108,104,-1,-5,0.4,-0.4,-0.4,-1.2
8.068e-02,110,112,-3,1,0,0.8,-0.4,1.2
8.072e-02,108,104,-1,-5,0,-0.4,0.4,-1.2
8.076e-02,106,112,-3,1,0,0.4,0.4,1.2
8.080e-02,108,104,-1,-5,0.4,-0.4,-0.4,-1.2
8.084e-02,106,110,-3,1,0,0.8,0.4,1.2
8.088e-02,106,102,-1,-5,0,-0.4,0.4,-1.2
8.091e-02,106,110,-1,1,0,0.4,-0.4,1.2
8.095e-02,106,102,-1,-5,0,-0.4,-0.4,-1.2
8.099e-02,106,110,-1,1,0.4,0.4,-0.4,1.2
8.103e-02,106,102,-3,-5,0,-0.4,-0.4,-1.2
8.107e-02,106,110,-1,1,0.4,0.4,0.4,1.2
8.111e-02,104,100,-3,-5,0.4,-0.4,-0.4,-1.2
8.114e-02,106,108,-3,1,0,0.4,-0.4,1.2
8.118e-02,106,100,-1,-5,0.4,-0.4,0.4,-1.2
8.122e-02,104,108,-3,1,0,0.8,0.4,1.2
8.126e-02,104,100,-1,-5,0,-0.4,-0.4,-1.2
8.130e-02,102,108,-3,1,0.4,0.8,0.4,1.2
8.134e-02,102,98,-1,-5,0,-0.4,-0.4,-1.2
8.137e-02,102,106,-1,1,0,0.4,0.4,1.2
8.141e-02,102,98,-1,-5,0,-0.4,-0.4,-1.2
8.145e-02,102,106,-1,1,0.4,0.4,0.4,1.2
8.149e-02,102,98,-1,-5,0.4,-0.4,0.4,-1.2
8.153e-02,102,104,-3,1,0.4,0.4,0.4,1.2
8.157e-02,100,96,-1,-5,0.4,-0.4,-0.4,-1.2
8.161e-02,100,104,-3,1,0.4,0.4,-0.4,1.2
8.164e-02,100,96,-3,-5,0,-0.4,-0.4,-1.2
8.168e-02,98,102,-1,1,0.4,0.8,0.4,1.2
8.172e-02,98,94,-3,-5,0,-0.4,0.4,-1.2
8.176e-02,98,102,-3,1,0,0.4,0.4,1.2
8.180e-02,98,92,-1,-5,0,-0.4,0.4,-1.2
8.184e-02,98,100,-3,1,0.4,0.4,-0.4,1.2
8.187e-02,96,92,-3,-5,0.4,-0.4,0.4,-1.2
8.191e-02,96,100,-3,1,0,0.4,0.4,1.2
8.195e-02,96,92,-3,-5,0,-0.4,-0.4,-1.2
8.199e-02,94,98,-3,1,0,0.4,0.4,1.2
8.203e-02,96,90,-1,-5,0,-0.4,-0.4,-1.2
8.207e-02,94,98,-3,1,0.4,0.4,-0.4,1.2
8.210e-02,94,88,-3,-5,0,-0.4,-0.4,-1.2
8.214e-02,92,96,-1,1,0.4,0.8,-0.4,1.2
8.218e-02,92,88,-3,-5,0.4,-0.4,-0.4,-1.2
8.222e-02,92,96,-3,1,0,0.4,0.4,1.2
8.226e-02,90,86,-1,-5,0,-0.4,-0.4,-1.2
8.230e-02,90,94,-3,1,0,0.8,-0.4,1.2
8.233e-02,90,86,-3,-5,0,-0.4,-0.4,-1.2
8.237e-02,90,94,-1,1,0,0.4,-0.4,1.2
8.241e-02,90,84,-3,-5,0.4,-0.4,0.4,-1.2
8.245e-02,88,92,-3,1,0.4,0.4,-0.4,1.2
8.249e-02,88,84,-3,-5,0,-0.4,-0.4,-1.2
8.253e-02,86,92,-1,1,0,0.4,0.4,1.2
8.257e-02,86,82,-1,-5,0,-0.4,0.4,-1.2
8.260e-02,86,90,-3,1,0,0.4,0.4,1.2
8.264e-02,84,80,-1,-5,0.4,-0.4,0.4,-1.2
8.268e-02,86,88,-1,1,0,0.8,-0.4,1.2
8.272e-02,84,78,-3,-5,0,-0.4,-0.4,-1.2
8.276e-02,82,88,-1,1,0,0.4,0.4,1.2
8.280e-02,82,78,-3,-5,0,-0.4,0.4,-1.2
8.283e-02,82,86,-1,1,0.4,0.4,0.4,1.2
8.287e-02,84,76,-3,-5,0.4,-0.4,0.4,-1.2
8.291e-02,80,84,-3,1,0.4,0.8,0.4,1.2
8.295e-02,80,74,-3,-5,0,-0.4,-0.4,-1.2
8.299e-02,78,84,-3,1,0.4,0.4,-0.4,1.2
8.303e-02,78,74,-3,-5,0,-0.4,0.4,-1.2
8.306e-02,78,82,-1,1,0,0.4,0.4,1.2
8.310e-02,78,72,-3,-5,0,-0.4,-0.4,-1.2
8.314e-02,76,80,-1,1,0,0.4,0.4,1.2
8.318e-02,74,70,-1,-5,0.4,-0.4,0.4,-1.2
8.322e-02,74,78,-3,1,0.4,0.4,-0.4,1.2
8.326e-02,74,68,-1,-5,0,-0.4,0.4,-1.2
8.329e-02,72,76,-3,1,0,0.4,0.4,1.2
8.333e-02,70,66,-1,-5,0,-0.4,0.4,-1.2
8.337e-02,70,76,-1,1,0.4,0.4,-0.4,1.2
8.341e-02,68,64,-3,-5,0,-0.4,0.4,-1.2
8.345e-02,70,72,-1,1,0.4,0.8,0.4,1.2
8.349e-02,66,62,-3,-5,0.4,-0.4,0.4,-1.2
8.353e-02,66,70,-3,1,0.4,0.4,-0.4,1.2
8.356e-02,66,60,-3,-5,0,-0.4,0.4,-1.2
8.360e-02,64,68,-3,1,0,0.8,-0.4,1.2
8.364e-02,64,58,-3,-5,0,-0.4,-0.4,-1.2
8.368e-02,62,66,-3,1,0,0.4,-0.4,1.2
8.372e-02,62,56,-3,-5,0.4,-0.4,-0.4,-1.2
8.376e-02,60,64,-3,1,0,0.4,-0.4,1.2
8.379e-02,58,54,-1,-5,0,-0.4,0.4,-1.2
8.383e-02,56,62,-3,1,0,0.8,0.4,1.2
8.387e-02,56,50,-1,-5,0.4,-0.4,0.4,-1.2
8.391e-02,54,60,-3,1,0,0.4,-0.4,1.2
8.395e-02,54,48,-3,-5,0,-0.4,-0.4,-1.2
8.399e-02,52,56,-3,1,0,0.4,-0.4,1.2
8.402e-02,50,44,-3,-5,0,-0.4,-0.4,-1.2
8.406e-02,48,54,-1,1,0.4,0.4,0.4,1.2
8.410e-02,46,42,-1,-5,0,-0.4,-0.4,-1.2
8.414e-02,48,50,-1,1,0,0.4,0.4,1.2
8.418e-02,46,38,-3,-5,0.4,-0.4,-0.4,-1.2
8.422e-02,42,48,-3,1,0,0.8,0.4,1.2
8.425e-02,42,36,-1,-5,0,-0.4,-0.4,-1.2
8.429e-02,42,46,-1,1,0,0.4,-0.4,1.2
8.433e-02,40,34,-1,-5,0.4,-0.4,-0.4,-1.2
8.437e-02,40,44,-1,1,0.4,0.4,-0.4,1.2
8.441e-02,38,32,-3,-5,0.4,-0.4,0.4,-1.2
8.445e-02,36,40,-1,1,0,0.4,0.4,1.2
8.449e-02,34,28,-3,-5,0.4,-0.4,-0.4,-1.2
8.452e-02,34,38,-3,1,0,0.4,-0.4,1.2
8.456e-02,32,26,-3,-5,0,-0.4,-0.4,-1.2
8.460e-02,30,34,-1,1,0,0.4,0.4,1.2
8.464e-02,28,22,-3,-5,0,-0.4,0.4,-1.2
8.468e-02,26,32,-3,1,0.4,0.4,-0.4,1.2
8.472e-02,26,20,-3,-5,0.4,-0.4,0.4,-1.2
8.475e-02,24,30,-3,1,0,0.4,0.4,1.2
8.479e-02,24,18,-1,-5,0,-0.4,0.4,-1.2
8.483e-02,24,26,-3,1,0.4,0.8,-0.4,1.2
8.487e-02,22,16,-1,-5,0.4,-0.4,-0.4,-1.2
8.491e-02,20,24,-1,1,0,0.4,-0.4,1.2
8.495e-02,18,12,-3,-5,0,-0.4,0.4,-1.2
8.498e-02,18,22,-3,1,0,0.4,-0.4,1.2
8.502e-02,16,10,-3,-5,0,-0.4,-0.4,-1.2
8.506e-02,14,20,-1,1,0.4,0.4,0.4,1.2
8.510e-02,14,8,-1,-5,0.4,-0.4,0.4,-1.2
8.514e-02,12,18,-3,1,0.4,0.4,-0.4,1.2
8.518e-02,10,6,-3,-5,0,-0.4,0.4,-1.2
8.522e-02,10,14,-3,1,0.4,0.8,-0.4,1.2
8.525e-02,8,2,-3,-5,0,-0.4,0.4,-1.2
8.529e-02,8,12,-1,1,0.4,0.8,-0.4,1.2
8.533e-02,6,-8.9407e-08,-1,-5,0.4,-0.4,0.4,-1.2
8.537e-02,6,10,-3,1,0,0.4,0.4,1.2
8.541e-02,2,-2,-1,-5,0,-0.4,0.4,-1.2
8.545e-02,2,8,-3,1,0.4,0.8,0.4,1.2
8.548e-02,-8.9407e-08,-4,-3,-5,0,-0.4,0.4,-1.2
8.552e-02,-2,4,-3,1,0.4,0.4,0.4,1.2
8.556e-02,-2,-8,-3,-5,0,-0.4,0.4,-1.2
8.560e-02,-4,2,-3,1,0,0.4,-0.4,1.2
8.564e-02,-4,-10,-1,-5,0,-0.4,-0.4,-1.2
8.568e-02,-4,-8.9407e-08,-1,1,0.4,0.8,-0.4,1.2
8.571e-02,-6,-12,-3,-5,0,-0.4,0.4,-1.2
8.575e-02,-8,-2,-1,1,0.4,0.8,0.4,1.2
8.579e-02,-10,-14,-3,-5,0,-0.4,-0.4,-1.2
8.583e-02,-10,-4,-3,1,0.4,0.4,-0.4,1.2
8.587e-02,-10,-16,-1,-5,0.4,-0.4,-0.4,-1.2
8.591e-02,-12,-8,-3,1,0,0.4,-0.4,1.2
8.594e-02,-14,-18,-1,-5,0,-0.4,-0.4,-1.2
8.598e-02,-14,-10,-1,1,0,0.4,-0.4,1.2
8.602e-02,-14,-20,-3,-5,0,-0.4,0.4,-1.2
8.606e-02,-18,-12,-3,1,0,0.4,0.4,1.2
8.610e-02,-18,-22,-1,-5,0.4,-0.4,-0.4,-1.2
8.614e-02,-18,-14,-3,1,0,0.8,-0.4,1.2
8.618e-02,-20,-26,-3,-5,0,-0.4,0.4,-1.2
8.621e-02,-24,-16,-3,1,0,0.4,-0.4,1.2
8.625e-02,-22,-28,-3,-5,0,-0.4,-0.4,-1.2
8.629e-02,-24,-18,-1,1,0,0.4,0.4,1.2
8.633e-02,-26,-30,-3,-5,0.4,-0.4,-0.4,-1.2
8.637e-02,-28,-22,-1,1,0.4,0.4,-0.4,1.2
8.641e-02,-28,-34,-1,-5,0,-0.4,0.4,-1.2
8.644e-02,-30,-24,-3,1,0.4,0.4,-0.4,1.2
8.648e-02,-30,-36,-3,-5,0,-0.4,-0.4,-1.2
8.652e-02,-32,-26,-3,1,0,0.4,0.4,1.2
8.656e-02,-34,-38,-3,-5,0,-0.4,-0.4,-1.2
8.660e-02,-34,-30,-3,1,0.4,0.4,0.4,1.2
8.664e-02,-34,-40,-3,-5,0.4,-0.4,0.4,-1.2
8.667e-02,-36,-32,-3,1,0,0.8,0.4,1.2
8.671e-02,-38,-44,-3,-5,0,-0.4,-0.4,-1.2
8.675e-02,-40,-34,-3,1,0.4,0.4,0.4,1.2
8.679e-02,-40,-46,-3,-5,0,-0.4,0.4,-1.2
8.683e-02,-42,-36,-3,1,0,0.4,-0.4,1.2
8.687e-02,-44,-48,-1,-5,0,-0.4,-0.4,-1.2
8.690e-02,-44,-40,-1,1,0,0.8,-0.4,1.2
8.694e-02,-44,-50,-3,-5,0,-0.4,0.4,-1.2
8.698e-02,-46,-42,-1,1,0,0.4,-0.4,1.2
8.702e-02,-48,-52,-3,-5,0.4,-0.4,0.4,-1.2
8.706e-02,-48,-44,-3,1,0,0.4,-0.4,1.2
8.710e-02,-50,-56,-1,-5,0,-0.4,-0.4,-1.2
8.714e-02,-50,-46,-1,1,0.4,0.8,-0.4,1.2
8.717e-02,-52,-58,-1,-5,0.4,-0.4,-0.4,-1.2
8.721e-02,-54,-48,-1,1,0.4,0.4,-0.4,1.2
8.725e-02,-54,-60,-3,-5,0.4,-0.4,-0.4,-1.2
8.729e-02,-56,-52,-3,1,0,0.8,-0.4,1.2
8.733e-02,-58,-62,-1,-5,0.4,-0.4,-0.4,-1.2
8.737e-02,-58,-54,-1,1,0,0.8,0.4,1.2
8.740e-02,-60,-64,-3,-5,0,-0.4,-0.4,-1.2
8.744e-02,-60,-56,-3,1,0,0.4,-0.4,1.2
8.748e-02,-62,-66,-3,-5,0,-0.4,-0.4,-1.2
8.752e-02,-62,-58,-3,1,0,0.4,0.4,1.2
8.756e-02,-62,-68,-3,-5,0.4,-0.4,0.4,-1.2
8.760e-02,-64,-60,-3,1,0,0.4,0.4,1.2
8.763e-02,-68,-72,-3,-5,0,-0.4,-0.4,-1.2
8.767e-02,-66,-62,-1,1,0.4,0.4,-0.4,1.2
8.771e-02,-68,-74,-3,-5,0,-0.4,-0.4,-1.2
8.775e-02,-68,-64,-3,1,0,0.8,-0.4,1.2
8.779e-02,-70,-76,-1,-5,0.4,-0.4,-0.4,-1.2
8.783e-02,-72,-66,-3,1,0,0.8,0.4,1.2
8.786e-02,-72,-78,-3,-5,0,-0.4,-0.4,-1.2
8.790e-02,-72,-68,-3,1,0,0.4,0.4,1.2
8.794e-02,-74,-80,-1,-5,0,-0.4,-0.4,-1.2
8.798e-02,-76,-70,-3,1,0.4,0.4,0.4,1.2
8.802e-02,-76,-82,-1,-5,0.4,-0.4,0.4,-1.2
8.806e-02,-78,-72,-3,1,0,0.8,-0.4,1.2
8.810e-02,-78,-84,-1,-5,0,-0.4,0.4,-1.2
8.813e-02,-78,-76,-3,1,0,0.4,-0.4,1.2
8.817e-02,-80,-86,-3,-5,0.4,-0.4,-0.4,-1.2
8.821e-02,-82,-76,-1,1,0,0.8,0.4,1.2
8.825e-02,-82,-86,-1,-5,0,-0.4,-0.4,-1.2
8.829e-02,-84,-78,-1,1,0,0.4,-0.4,1.2
8.833e-02,-84,-88,-3,-5,0,-0.4,0.4,-1.2
8.836e-02,-84,-80,-1,1,0.4,0.8,0.4,1.2
8.840e-02,-84,-90,-3,-5,0,-0.4,-0.4,-1.2
8.844e-02,-86,-82,-1,1,0.4,0.4,-0.4,1.2
8.848e-02,-86,-92,-3,-5,0,-0.4,0.4,-1.2
8.852e-02,-86,-84,-3,1,0.4,0.4,-0.4,1.2
8.856e-02,-86,-92,-3,-5,0,-0.4,-0.4,-1.2
8.859e-02,-88,-84,-1,1,0.4,0.4,-0.4,1.2
8.863e-02,-90,-94,-1,-5,0,-0.4,-0.4,-1.2
8.867e-02,-92,-86,-1,1,0,0.4,-0.4,1.2
8.871e-02,-92,-96,-3,-5,0,-0.4,0.4,-1.2
8.875e-02,-90,-88,-3,1,0,0.8,0.4,1.2
8.879e-02,-92,-98,-3,-5,0.4,-0.4,0.4,-1.2
8.882e-02,-94,-90,-3,1,0,0.4,-0.4,1.2
8.886e-02,-94,-98,-3,-5,0,-0.4,-0.4,-1.2
8.890e-02,-96,-90,-1,1,0.4,0.4,-0.4,1.2
8.894e-02,-96,-100,-3,-5,0,-0.4,-0.4,-1.2
8.898e-02,-96,-92,-3,1,0,0.4,0.4,1.2
8.902e-02,-94,-100,-1,-5,0,-0.4,0.4,-1.2
8.906e-02,-96,-92,-3,1,0,0.4,0.4,1.2
8.909e-02,-98,-104,-1,-5,0,-0.4,-0.4,-1.2
8.913e-02,-100,-94,-1,1,0,0.4,0.4,1.2
8.917e-02,-100,-104,-1,-5,0,-0.4,0.4,-1.2
8.921e-02,-100,-94,-1,1,0.4,0.4,-0.4,1.2
8.925e-02,-100,-104,-3,-5,0,-0.4,-0.4,-1.2
8.929e-02,-102,-96,-3,1,0.4,0.4,0.4,1.2
8.932e-02,-102,-106,-3,-5,0.4,-0.4,-0.4,-1.2
8.936e-02,-102,-96,-3,1,0.4,0.4,0.4,1.2
8.940e-02,-102,-106,-1,-5,0,-0.4,0.4,-1.2
8.944e-02,-104,-98,-3,1,0,0.4,-0.4,1.2
8.948e-02,-102,-108,-3,-5,0.4,-0.4,0.4,-1.2
8.952e-02,-104,-100,-1,1,0,0.4,0.4,1.2
8.955e-02,-104,-108,-1,-5,0,-0.4,0.4,-1.2
8.959e-02,-106,-100,-3,1,0,0.8,0.4,1.2
8.963e-02,-104,-110,-3,-5,0,-0.4,0.4,-1.2
8.967e-02,-104,-102,-3,1,0.4,0.4,-0.4,1.2
8.971e-02,-106,-110,-3,-5,0,-0.4,0.4,-1.2
8.975e-02,-108,-102,-3,1,0,0.8,0.4,1.2
8.978e-02,-108,-112,-1,-5,0,-0.4,0.4,-1.2
8.982e-02,-108,-104,-3,1,0,0.8,-0.4,1.2
8.986e-02,-110,-112,-1,-5,0,-0.4,0.4,-1.2
8.990e-02,-108,-104,-3,1,0,0.4,-0.4,1.2
8.994e-02,-110,-112,-3,-5,0.4,-0.4,0.4,-1.2
8.998e-02,-110,-104,-3,1,0,0.4,0.4,1.2
9.002e-02,-110,-114,-1,-5,0.4,-0.4,0.4,-1.2
9.005e-02,-108,-106,-1,1,0,0.8,-0.4,1.2
9.009e-02,-110,-114,-3,-5,0,-0.4,-0.4,-1.2
9.013e-02,-112,-106,-1,1,0,0.4,0.4,1.2
9.017e-02,-110,-114,-3,-3,0,-0.4,0.4,-1.2
9.021e-02,-110,-106,-1,1,0,0.4,-0.4,1.2
9.025e-02,-112,-114,-3,-5,0,-0.4,0.4,-1.2
9.028e-02,-112,-108,-3,1,0.4,0.4,0.4,1.2
9.032e-02,-112,-114,-1,-3,0,-0.4,0.4,-1.2
9.036e-02,-112,-106,-1,1,0.4,0.4,-0.4,1.2
9.040e-02,-112,-114,-3,-5,0.4,-0.4,-0.4,-1.2
9.044e-02,-112,-106,-3,1,0.4,0.8,-0.4,1.2
9.048e-02,-112,-114,-1,-5,0,-0.4,0.4,-1.2
9.051e-02,-112,-106,-3,1,0,0.4,0.4,1.2
9.055e-02,-112,-114,-1,-5,0,-0.4,-0.4,-1.2
9.059e-02,-108,-106,-3,1,0.4,0.4,-0.4,1.2
9.063e-02,-110,-114,-1,-5,0,-0.4,0.4,-1.2
9.067e-02,-110,-106,-3,1,0,0.4,0.4,1.2
9.071e-02,-108,-114,-1,-5,0,-0.4,-0.4,-1.2
9.075e-02,-108,-106,-1,1,0.4,0.8,-0.4,1.2
9.078e-02,-110,-112,-3,-3,0,-0.4,-0.4,-1.2
9.082e-02,-110,-106,-3,1,0.4,0.4,0.4,1.2
9.086e-02,-108,-112,-3,-5,0,-0.4,0.4,-1.2
9.090e-02,-110,-104,-3,1,0,0.4,0.4,1.2
9.094e-02,-110,-112,-3,-5,0,-0.4,-0.4,-1.2
9.098e-02,-108,-104,-3,1,0,0.4,0.4,1.2
9.101e-02,-110,-112,-1,-5,0,-0.4,0.4,-1.2
9.105e-02,-108,-104,-3,1,0,0.4,-0.4,1.2
9.109e-02,-106,-112,-1,-5,0,-0.4,-0.4,-1.2
9.113e-02,-108,-104,-1,1,0,0.4,-0.4,1.2
9.117e-02,-106,-110,-3,-5,0,-0.4,0.4,-1.2
9.121e-02,-108,-102,-3,1,0,0.4,-0.4,1.2
9.124e-02,-106,-110,-3,-5,0.4,-0.4,-0.4,-1.2
9.128e-02,-106,-102,-1,1,0.4,0.8,-0.4,1.2
9.132e-02,-106,-108,-1,-5,0,-0.4,0.4,-1.2
9.136e-02,-106,-102,-3,1,0,0.8,-0.4,1.2
9.140e-02,-104,-108,-3,-5,0.4,-0.4,-0.4,-1.2
9.144e-02,-104,-100,-3,1,0,0.4,0.4,1.2
9.147e-02,-104,-108,-1,-5,0.4,-0.4,0.4,-1.2
9.151e-02,-104,-100,-1,1,0,0.4,0.4,1.2
9.155e-02,-104,-106,-3,-5,0,-0.4,-0.4,-1.2
9.159e-02,-102,-98,-1,1,0.4,0.8,-0.4,1.2
9.163e-02,-102,-106,-1,-5,0,-0.4,0.4,-1.2
9.167e-02,-100,-98,-3,1,0,0.8,-0.4,1.2
9.171e-02,-100,-104,-1,-5,0,-0.4,-0.4,-1.2
9.174e-02,-100,-96,-1,-1,0.4,0.8,0.4,1.2
9.178e-02,-102,-104,-3,-5,0,-0.4,-0.4,-1.2
9.182e-02,-100,-96,-3,1,0.4,0.4,0.4,1.2
9.186e-02,-100,-102,-3,-5,0,-0.4,-0.4,-1.2
9.190e-02,-98,-94,-1,1,0.4,0.4,0.4,1.2
9.194e-02,-98,-102,-3,-5,0.4,-0.4,0.4,-1.2
9.197e-02,-100,-94,-1,1,0.4,0.4,0.4,1.2
9.201e-02,-96,-100,-3,-5,0,-0.4,-0.4,-1.2
9.205e-02,-96,-92,-3,1,0,0.4,0.4,1.2
9.209e-02,-96,-100,-1,-5,0,-0.4,-0.4,-1.2
9.213e-02,-94,-92,-3,1,0.4,0.8,-0.4,1.2
9.217e-02,-94,-98,-3,-5,0.4,-0.4,0.4,-1.2
9.220e-02,-96,-90,-3,1,0,0.4,-0.4,1.2
9.224e-02,-94,-98,-3,-5,0.4,-0.4,0.4,-1.2
9.228e-02,-92,-90,-1,1,0.4,0.8,0.4,1.2
9.232e-02,-94,-96,-3,-5,0,-0.4,-0.4,-1.2
9.236e-02,-92,-88,-3,1,0,0.4,0.4,1.2
9.240e-02,-92,-96,-3,-5,0,-0.4,-0.4,-1.2
9.243e-02,-92,-86,-3,1,0,0.8,0.4,1.2
9.247e-02,-90,-94,-3,-5,0,-0.4,0.4,-1.2
9.251e-02,-88,-86,-1,1,0,0.4,-0.4,1.2
9.255e-02,-90,-92,-1,-5,0,-0.4,0.4,-1.2
9.259e-02,-88,-84,-1,1,0,0.8,-0.4,1.2
9.263e-02,-88,-90,-3,-5,0,-0.4,-0.4,-1.2
9.267e-02,-88,-84,-1,1,0,0.8,-0.4,1.2
9.270e-02,-86,-90,-1,-5,0,-0.4,-0.4,-1.2
9.274e-02,-86,-82,-3,1,0,0.8,-0.4,1.2
9.278e-02,-84,-88,-3,-5,0.4,-0.4,0.4,-1.2
9.282e-02,-86,-80,-3,1,0.4,0.4,-0.4,1.2
9.286e-02,-84,-86,-3,-5,0.4,-0.4,0.4,-1.2
9.290e-02,-84,-80,-3,1,0,0.4,-0.4,1.2
9.293e-02,-82,-86,-3,-5,0,-0.4,0.4,-1.2
9.297e-02,-82,-78,-3,1,0,0.4,0.4,1.2
9.301e-02,-80,-84,-3,-5,0,-0.4,0.4,-1.2
9.305e-02,-80,-76,-3,1,0,0.4,-0.4,1.2
9.309e-02,-80,-82,-3,-5,0.4,-0.4,0.4,-1.2
9.313e-02,-78,-74,-1,1,0.4,0.8,0.4,1.2
9.316e-02,-78,-80,-3,-5,0.4,-0.4,0.4,-1.2
9.320e-02,-76,-74,-1,1,0.4,0.8,-0.4,1.2
9.324e-02,-76,-80,-1,-3,0,-0.4,0.4,-1.2
9.328e-02,-76,-72,-1,1,0,0.4,0.4,1.2
9.332e-02,-74,-78,-3,-5,0,-0.4,-0.4,-1.2
9.336e-02,-74,-70,-3,1,0,0.8,-0.4,1.2
9.339e-02,-72,-76,-3,-5,0,-0.4,0.4,-1.2
9.343e-02,-72,-68,-3,1,0,0.8,0.4,1.2
9.347e-02,-70,-74,-3,-5,0,-0.4,0.4,-1.2
9.351e-02,-70,-66,-3,1,0.4,0.4,-0.4,1.2
9.355e-02,-68,-72,-1,-5,0.4,-0.4,-0.4,-1.2
9.359e-02,-68,-62,-1,1,0,0.8,-0.4,1.2
9.363e-02,-66,-70,-3,-5,0,-0.4,-0.4,-1.2
9.366e-02,-64,-60,-3,1,0.4,0.4,-0.4,1.2
9.370e-02,-64,-66,-3,-5,0,-0.4,0.4,-1.2
9.374e-02,-62,-58,-1,1,0,0.4,0.4,1.2
9.378e-02,-60,-66,-1,-5,0,-0.4,-0.4,-1.2
9.382e-02,-60,-56,-1,1,0.4,0.4,0.4,1.2
9.386e-02,-58,-62,-3,-5,0,-0.4,0.4,-1.2
9.389e-02,-58,-54,-1,1,0.4,0.8,0.4,1.2
9.393e-02,-58,-60,-3,-5,0.4,-0.4,-0.4,-1.2
9.397e-02,-56,-50,-3,1,0,0.8,-0.4,1.2
9.401e-02,-54,-56,-3,-5,0.4,-0.4,0.4,-1.2
9.405e-02,-54,-48,-3,1,0,0.4,0.4,1.2
9.409e-02,-50,-54,-1,-5,0,-0.4,-0.4,-1.2
9.412e-02,-48,-46,-3,1,0.4,0.4,-0.4,1.2
9.416e-02,-50,-52,-1,-5,0,-0.4,-0.4,-1.2
9.420e-02,-48,-42,-3,1,0,0.4,0.4,1.2
9.424e-02,-46,-48,-3,-5,0,-0.4,-0.4,-1.2
9.428e-02,-44,-40,-3,1,0,0.4,-0.4,1.2
9.432e-02,-44,-46,-3,-5,0.4,-0.4,0.4,-1.2
9.435e-02,-42,-38,-1,1,0,0.4,-0.4,1.2
9.439e-02,-40,-44,-3,-5,0.4,-0.4,0.4,-1.2
9.443e-02,-38,-34,-3,1,0,0.4,0.4,1.2
9.447e-02,-38,-42,-3,-5,0,-0.4,-0.4,-1.2
9.451e-02,-36,-32,-3,1,0.4,0.4,0.4,1.2
9.455e-02,-34,-38,-1,-5,0.4,-0.4,-0.4,-1.2
9.459e-02,-34,-30,-3,1,0,0.4,-0.4,1.2
9.462e-02,-32,-36,-3,-5,0,-0.4,0.4,-1.2
9.466e-02,-30,-26,-1,1,0.4,0.4,0.4,1.2
9.470e-02,-30,-34,-3,-5,0,-0.4,-0.4,-1.2
9.474e-02,-28,-24,-1,1,0.4,0.4,-0.4,1.2
9.478e-02,-28,-30,-1,-5,0.4,-0.4,-0.4,-1.2
9.482e-02,-26,-20,-3,1,0,0.4,0.4,1.2
9.485e-02,-24,-28,-3,-5,0,-0.4,-0.4,-1.2
9.489e-02,-24,-18,-3,1,0,0.8,-0.4,1.2
9.493e-02,-22,-26,-1,-5,0.4,-0.4,-0.4,-1.2
9.497e-02,-22,-16,-3,1,0,0.4,0.4,1.2
9.501e-02,-18,-24,-1,-5,0,-0.4,0.4,-1.2
9.505e-02,-20,-14,-3,1,0,0.4,0.4,1.2
9.508e-02,-18,-20,-1,-5,0,-0.4,0.4,-1.2
9.512e-02,-16,-12,-3,1,0.4,0.4,-0.4,1.2
9.516e-02,-16,-18,-3,-5,0,-0.4,0.4,-1.2
9.520e-02,-12,-10,-3,1,0.4,0.4,0.4,1.2
9.524e-02,-14,-14,-1,-5,0.4,-0.4,-0.4,-1.2
9.528e-02,-10,-8,-3,1,0,0.4,-0.4,1.2
9.531e-02,-10,-12,-3,-5,0.4,-0.4,-0.4,-1.2
9.535e-02,-10,-4,-3,1,0.4,0.4,0.4,1.2
9.539e-02,-8,-10,-1,-5,0.4,-0.4,0.4,-1.2
9.543e-02,-6,-2,-3,1,0,0.4,-0.4,1.2
9.547e-02,-4,-8,-3,-5,0,-0.4,0.4,-1.2
9.551e-02,-4,-8.9407e-08,-3,1,0.4,0.4,-0.4,1.2
9.555e-02,-4,-6,-1,-5,0.4,-0.4,-0.4,-1.2
9.558e-02,-2,4,-1,1,0.4,0.4,0.4,1.2
9.562e-02,-2,-4,-1,-5,0,-0.4,-0.4,-1.2
9.566e-02,2,6,-3,-1,0,0.4,0.4,1.2
9.570e-02,2,-2,-3,-5,0,-0.4,-0.4,-1.2
9.574e-02,4,8,-3,1,0.4,0.4,-0.4,1.2
9.578e-02,6,-8.9407e-08,-3,-5,-0.4,-0.4,-0.4,-1.2
9.581e-02,6,10,-1,1,0,0.4,0.4,1.2
9.585e-02,8,4,-1,-5,0.4,-0.4,-0.4,-1.2
9.589e-02,8,12,-1,1,0,0.4,0.4,1.2
9.593e-02,8,6,-3,-5,0.4,-0.4,-0.4,-1.2
9.597e-02,10,14,-1,1,0.4,0.8,-0.4,1.2
9.601e-02,10,8,-3,-5,0.4,-0.4,0.4,-1.2
9.604e-02,12,16,-3,1,0,0.8,-0.4,1.2
9.608e-02,14,10,-1,-5,0,-0.4,-0.4,-1.2
9.612e-02,16,20,-3,1,0.4,0.4,-0.4,1.2
9.616e-02,16,14,-3,-5,0,-0.4,-0.4,-1.2
9.620e-02,16,22,-1,1,0,0.8,-0.4,1.2
9.624e-02,20,16,-1,-5,0,-0.4,-0.4,-1.2
9.627e-02,20,24,-1,1,0.4,0.4,-0.4,1.2
9.631e-02,22,18,-1,-5,0.4,-0.4,-0.4,-1.2
9.635e-02,22,28,-1,1,0,0.4,0.4,1.2
9.639e-02,24,20,-3,-5,0.4,-0.4,0.4,-1.2
9.643e-02,22,30,-3,1,0.4,0.4,-0.4,1.2
9.647e-02,26,24,-1,-5,0.4,-0.4,0.4,-1.2
9.651e-02,26,32,-1,1,0,0.8,0.4,1.2
9.654e-02,30,26,-1,-5,0,-0.4,0.4,-1.2
9.658e-02,32,34,-3,1,0.4,0.8,-0.4,1.2
9.662e-02,30,28,-3,-5,0,-0.4,-0.4,-1.2
9.666e-02,32,38,-3,1,0,0.8,0.4,1.2
9.670e-02,34,30,-1,-5,0.4,-0.4,-0.4,-1.2
9.674e-02,36,40,-3,1,0.4,0.8,0.4,1.2
9.677e-02,36,34,-3,-5,0,-0.4,0.4,-1.2
9.681e-02,38,42,-1,1,0,0.8,0.4,1.2
9.685e-02,40,36,-1,-5,0.4,-0.4,0.4,-1.2
9.689e-02,42,44,-3,-1,0,0.4,0.4,1.2
9.693e-02,40,38,-1,-5,0,-0.4,-0.4,-1.2
9.697e-02,42,48,-3,1,0,0.4,0.4,1.2
9.700e-02,46,40,-3,-5,0.4,-0.4,-0.4,-1.2
9.704e-02,46,50,-1,-1,0,0.4,-0.4,1.2
9.708e-02,46,44,-1,-5,0,-0.4,-0.4,-1.2
9.712e-02,46,52,-3,-1,0,0.4,0.4,1.2
9.716e-02,48,46,-3,-5,0.4,-0.4,-0.4,-1.2
9.720e-02,50,54,-3,1,0,0.4,-0.4,1.2
9.724e-02,52,48,-3,-5,0,-0.4,-0.4,-1.2
9.727e-02,52,56,-3,1,0,0.8,0.4,1.2
9.731e-02,54,50,-3,-5,0,-0.4,-0.4,-1.2
9.735e-02,56,60,-1,1,0,0.8,0.4,1.2
9.739e-02,56,52,-3,-5,0,-0.4,-0.4,-1.2
9.743e-02,56,62,-1,1,0,0.4,-0.4,1.2
9.747e-02,60,56,-1,-5,0,-0.4,0.4,-1.2
9.750e-02,60,64,-1,1,0,0.4,0.4,1.2
9.754e-02,60,58,-1,-5,0,-0.4,-0.4,-1.2
9.758e-02,62,66,-3,1,0.4,0.4,0.4,1.2
9.762e-02,62,60,-1,-5,0.4,-0.4,0.4,-1.2
9.766e-02,64,68,-1,1,0,0.8,0.4,1.2
9.770e-02,66,62,-1,-5,0,-0.4,-0.4,-1.2
9.773e-02,66,70,-1,1,0,0.8,0.4,1.2
9.777e-02,68,64,-3,-5,0,-0.4,-0.4,-1.2
9.781e-02,68,72,-1,-1,0.4,0.8,-0.4,1.2
9.785e-02,68,66,-1,-5,0,-0.4,-0.4,-1.2
9.789e-02,70,74,-1,1,0,0.8,0.4,1.2
9.793e-02,72,68,-3,-5,0.4,-0.4,-0.4,-1.2
9.796e-02,70,78,-1,1,0.4,0.8,-0.4,1.2
9.800e-02,74,70,-3,-5,0.4,-0.4,0.4,-1.2
9.804e-02,74,78,-1,1,0.4,0.4,0.4,1.2
9.808e-02,76,72,-3,-5,0.4,-0.4,-0.4,-1.2
9.812e-02,76,80,-3,1,0,0.8,0.4,1.2
9.816e-02,78,74,-1,-5,0.4,-0.4,0.4,-1.2
9.820e-02,78,82,-1,1,0.4,0.8,0.4,1.2
9.823e-02,78,76,-3,-5,0,-0.4,-0.4,-1.2
9.827e-02,80,84,-1,1,0.4,0.4,0.4,1.2
9.831e-02,82,76,-3,-5,0,-0.4,0.4,-1.2
9.835e-02,82,86,-1,1,0,0.4,0.4,1.2
9.839e-02,82,78,-3,-5,0,-0.4,-0.4,-1.2
9.843e-02,84,86,-3,1,0,0.4,-0.4,1.2
9.846e-02,84,80,-3,-5,0,-0.4,0.4,-1.2
9.850e-02,86,90,-3,1,0.4,0.4,-0.4,1.2
9.854e-02,86,82,-1,-5,0,-0.4,0.4,-1.2
9.858e-02,86,90,-1,1,0.4,0.4,0.4,1.2
9.862e-02,86,84,-3,-5,0,-0.4,-0.4,-1.2
9.866e-02,88,90,-1,1,0.4,0.8,0.4,1.2
9.869e-02,88,84,-1,-5,0,-0.4,-0.4,-1.2
9.873e-02,88,92,-1,1,0,0.4,-0.4,1.2
9.877e-02,90,86,-3,-5,0,-0.4,-0.4,-1.2
9.881e-02,90,94,-3,-1,0,0.8,-0.4,1.2
9.885e-02,90,88,-1,-5,0,-0.4,0.4,-1.2
9.889e-02,90,96,-3,1,0,0.4,-0.4,1.2
9.892e-02,92,90,-3,-5,0,-0.4,-0.4,-1.2
9.896e-02,92,98,-1,1,0,0.4,0.4,1.2
9.900e-02,92,90,-3,-5,0.4,-0.4,0.4,-1.2
9.904e-02,94,98,-1,-1,0,0.4,0.4,1.2
9.908e-02,96,92,-1,-5,0,-0.4,-0.4,-1.2
9.912e-02,96,100,-3,1,0,0.4,0.4,1.2
9.916e-02,96,92,-3,-5,0,-0.4,0.4,-1.2
9.919e-02,98,100,-1,1,0,0.8,-0.4,1.2
9.923e-02,96,94,-3,-5,0.4,-0.4,0.4,-1.2
9.927e-02,98,102,-3,-1,0,0.4,0.4,1.2
9.931e-02,98,94,-1,-5,0.4,-0.4,-0.4,-1.2
9.935e-02,98,102,-3,1,0.4,0.8,-0.4,1.2
9.939e-02,100,96,-1,-5,0,-0.4,-0.4,-1.2
9.942e-02,100,104,-1,1,0.4,0.4,0.4,1.2
9.946e-02,100,96,-1,-5,0,-0.4,-0.4,-1.2
9.950e-02,102,104,-3,-1,0,0.4,-0.4,1.2
9.954e-02,102,98,-1,-5,0.4,-0.4,0.4,-1.2
9.958e-02,102,106,-3,1,0,0.8,0.4,1.2
9.962e-02,102,100,-1,-5,0,-0.4,-0.4,-1.2
9.965e-02,102,106,-1,1,0.4,0.4,-0.4,1.2
9.969e-02,104,100,-1,-5,0,-0.4,-0.4,-1.2
9.973e-02,104,108,-3,1,0,0.4,-0.4,1.2
9.977e-02,104,102,-3,-5,0.4,-0.4,0.4,-1.2
9.981e-02,106,108,-3,1,0,0.4,-0.4,1.2
9.985e-02,104,102,-3,-5,0,-0.4,0.4,-1.2
9.988e-02,106,110,-3,1,0.4,0.8,-0.4,1.2
9.992e-02,106,102,-3,-5,0.4,-0.4,0.4,-1.2
9.996e-02,106,110,-3,1,0,0.4,-0.4,1.2

